87,121,136,137,131,133,138,135,134,142,156,179,188,198,191,189,206,198,209,219,188,169,166,158,144,158,163,167,159,155,147,159,182,184,193,184,167,187,215,253,248,249,249,248,248,248,247,247,247,247,245,253,248,251,252,185,154,214,199,202,159,154,152,224,200,232,182,226,181,147,151,223,255,236,251,243,248,253,248,248,248,248,248,248,248,248,248,248,248,248,248,248,248,248,248,248,248,248,248,248,248,248,248,248,248,248,248,248,248,248,248,248,248,248,248,248,248,248,248,248,248,248,248,248,248,248,251,238,156,142,150,157,180,188,190,194,213,232,237,234
84,109,125,136,138,133,133,133,134,126,139,169,184,178,171,179,181,186,211,217,253,222,168,157,150,166,171,175,170,166,158,157,180,188,185,180,162,185,210,248,249,249,249,248,248,248,248,248,248,248,255,243,255,249,155,111,235,189,117,182,233,138,129,135,148,133,92,182,216,135,98,136,165,238,242,249,248,250,248,248,248,248,248,248,248,248,248,248,248,248,248,248,248,248,248,248,248,248,248,248,248,248,248,248,248,248,248,248,248,248,248,248,248,248,248,248,248,248,248,248,248,248,248,248,248,248,248,251,190,159,167,171,174,186,188,202,226,240,242,243
89,104,116,138,135,140,155,171,183,180,203,218,217,199,172,145,143,170,218,236,242,255,232,187,157,162,172,175,173,170,169,162,182,188,180,177,161,175,204,245,250,249,249,248,248,248,248,248,248,248,254,251,214,143,128,185,147,173,193,130,117,162,73,106,138,166,127,89,111,105,114,148,176,135,164,236,248,249,249,249,249,249,248,248,248,248,248,248,248,248,248,248,248,248,248,248,248,248,248,248,248,248,248,248,248,248,248,248,248,248,248,248,248,248,248,248,248,248,248,248,248,248,248,248,248,248,249,252,203,170,177,180,179,184,191,210,235,246,246,246
95,99,119,132,152,194,209,235,243,239,248,255,255,254,243,238,230,225,232,246,247,248,252,244,190,155,163,169,175,175,172,165,185,184,177,170,160,168,197,241,251,249,249,248,248,248,248,249,249,249,255,154,105,96,99,148,169,119,160,122,100,160,141,96,89,144,191,77,177,210,93,116,192,201,155,217,244,246,249,249,249,249,248,248,248,248,248,248,248,248,248,248,248,248,248,248,248,248,248,248,248,248,248,248,248,248,248,248,248,248,248,248,248,248,248,248,248,248,248,248,248,248,248,248,248,248,251,253,213,185,182,185,180,185,200,217,236,249,251,252
95,101,110,129,150,191,211,238,248,245,248,246,252,251,253,252,255,248,255,255,240,241,253,248,221,174,157,149,164,175,177,168,186,180,174,170,159,171,194,233,250,249,248,248,246,250,245,247,255,216,184,121,102,128,108,92,62,57,75,95,82,35,122,80,67,144,124,110,134,147,96,82,148,168,173,189,186,240,225,254,248,248,251,251,246,248,247,247,247,247,248,248,248,248,248,248,248,248,248,248,248,248,247,247,247,247,247,247,247,247,250,246,245,244,242,243,251,250,250,250,246,246,253,250,254,253,250,228,213,214,217,193,180,190,209,226,237,249,251,250
92,85,99,144,171,193,185,211,227,227,241,238,235,245,238,246,226,248,249,248,194,246,227,244,240,228,211,199,175,167,175,175,186,185,175,167,157,171,194,232,251,249,248,248,244,255,250,242,233,234,145,174,248,187,168,116,63,58,59,69,59,129,48,56,69,63,94,81,147,112,177,105,162,113,143,233,191,128,211,224,251,249,251,251,249,245,248,248,248,248,248,248,248,248,248,248,248,248,248,248,248,248,247,247,247,247,247,247,247,247,248,246,244,246,251,248,244,248,255,247,242,226,217,227,166,165,167,156,171,197,188,219,194,196,217,233,242,251,251,250
90,95,129,154,168,181,199,194,177,189,224,223,242,238,234,249,232,215,213,145,136,146,154,238,245,244,241,247,246,236,188,169,188,181,173,167,156,170,192,231,251,249,250,249,255,179,141,248,218,172,70,233,117,113,85,67,66,68,96,90,82,74,75,108,76,129,58,197,136,141,202,194,166,180,201,140,161,152,168,209,201,227,242,252,253,249,248,248,248,248,248,248,248,248,248,248,248,248,248,248,248,248,247,247,247,247,247,247,247,247,246,247,247,245,246,246,251,206,155,107,90,130,136,160,95,62,63,95,65,68,166,179,219,224,222,240,249,251,250,250
81,90,129,141,149,164,163,169,186,196,228,247,234,196,185,145,124,101,74,40,64,113,149,190,151,196,243,250,255,254,254,246,227,183,169,160,154,167,188,228,250,250,250,212,140,147,175,174,196,139,158,110,68,62,75,76,57,103,130,121,159,67,99,75,63,65,143,159,217,142,128,193,203,198,223,226,242,210,138,142,182,205,225,243,237,252,249,249,249,249,248,248,248,248,248,248,248,248,248,248,248,248,247,247,247,247,247,247,247,247,249,246,253,254,254,147,129,138,102,124,74,81,51,60,54,59,44,32,66,30,133,175,189,216,241,241,250,250,249,250
77,90,123,134,135,144,138,138,153,195,208,174,122,96,77,52,91,90,52,42,40,179,135,126,151,198,196,196,246,248,248,247,216,191,167,154,149,175,191,221,253,255,158,135,108,124,141,163,132,70,87,54,73,93,119,150,193,176,203,213,221,211,137,120,171,148,120,158,178,190,135,170,195,164,179,220,249,228,154,177,83,114,134,218,255,240,253,245,252,246,249,246,247,248,246,251,248,248,251,246,245,247,253,247,246,245,248,247,247,246,255,252,209,133,109,87,80,71,160,117,64,58,46,40,50,50,46,49,49,44,54,81,189,228,201,204,242,249,254,251
82,73,130,125,127,152,141,171,190,232,222,72,40,39,63,55,50,34,44,68,54,53,120,71,66,138,123,162,180,196,207,227,238,215,196,167,154,176,219,217,245,255,144,113,88,99,94,91,118,74,124,93,123,193,134,100,130,175,162,148,139,235,191,208,148,201,132,152,124,146,117,170,195,255,245,203,242,228,225,227,174,104,216,178,231,229,217,255,244,254,247,248,246,249,251,245,251,246,250,248,246,246,247,250,243,245,246,255,254,214,179,113,112,84,107,94,64,63,58,47,59,61,60,59,56,42,39,47,46,48,48,59,104,101,98,161,217,255,253,250
73,85,112,146,162,135,186,233,215,213,202,55,48,42,28,36,30,57,68,60,38,49,37,53,78,61,89,140,139,160,184,220,222,238,224,206,215,231,210,255,252,209,102,83,72,86,97,90,93,145,90,199,131,101,134,180,189,109,181,190,189,168,228,179,124,119,220,183,186,188,189,184,200,205,170,237,185,202,233,193,213,215,87,199,245,245,227,199,255,252,248,251,250,248,251,249,246,252,245,248,249,245,248,244,255,238,209,129,135,153,136,92,75,80,47,51,53,55,58,58,66,50,37,54,62,67,56,49,43,42,37,46,44,69,88,61,166,177,245,251
92,120,130,140,151,132,193,197,179,96,67,37,38,34,41,37,49,57,71,64,53,38,46,50,55,60,54,76,145,158,172,202,202,196,232,254,222,186,203,180,145,133,130,88,81,72,78,64,81,140,156,107,96,169,104,173,194,170,113,211,167,197,158,185,132,170,91,127,159,114,164,178,158,196,255,232,197,232,183,232,169,167,118,132,170,231,242,214,181,253,250,246,248,245,252,255,255,250,254,249,254,253,255,214,165,131,146,131,138,125,66,73,71,46,53,51,49,65,54,63,51,62,70,56,60,59,46,48,46,48,52,51,42,42,47,78,118,200,179,238
117,130,108,112,118,130,169,152,94,43,56,49,41,35,44,42,36,39,39,40,57,64,50,47,51,47,39,47,132,148,127,152,175,171,177,198,240,221,179,124,92,94,101,88,64,70,64,67,132,153,85,106,82,91,123,131,109,108,174,165,225,171,75,203,189,98,82,140,161,207,130,181,188,188,175,229,249,202,197,190,191,197,234,136,95,169,159,192,183,199,248,251,255,231,217,171,122,154,170,191,155,130,144,137,131,111,94,113,132,59,45,53,54,52,55,58,54,59,61,59,46,45,40,40,40,38,42,49,50,42,43,42,48,43,44,46,44,43,173,244
134,122,119,116,115,115,154,143,85,64,50,47,42,45,48,45,53,42,35,33,33,41,40,37,38,42,43,64,167,150,124,128,118,159,139,161,189,217,234,206,133,88,82,75,67,58,69,134,111,123,110,119,59,66,75,63,80,116,78,154,180,72,69,82,159,163,158,174,189,181,225,171,206,164,174,223,200,244,207,215,219,158,177,189,126,124,175,193,219,192,197,174,207,215,255,248,189,149,140,147,133,139,119,101,56,71,85,111,65,51,51,50,54,62,51,48,44,43,44,45,44,42,44,47,43,38,41,47,48,46,47,43,41,50,45,54,52,58,171,217
122,114,106,108,108,113,126,175,138,60,57,46,51,46,50,48,44,33,40,35,30,24,22,28,31,43,58,102,184,122,138,117,74,134,132,148,173,164,216,195,151,98,69,64,51,48,104,139,110,94,91,86,52,87,81,53,76,158,65,122,159,144,76,55,50,153,121,66,170,56,255,188,137,235,213,139,245,166,218,233,167,208,100,87,207,108,67,171,163,155,203,230,170,192,168,159,155,129,125,130,94,95,62,52,62,59,92,80,57,56,50,48,51,49,56,51,47,41,33,31,36,37,34,40,49,51,49,47,43,47,50,50,42,39,47,60,62,55,124,245
118,105,99,112,131,141,159,150,136,60,49,56,48,44,47,42,40,41,29,27,29,25,27,27,37,43,37,46,76,171,137,117,110,124,90,82,127,138,179,174,85,79,77,62,55,44,109,97,140,75,92,74,93,85,86,95,104,41,172,208,195,106,60,152,84,84,81,81,62,128,112,182,185,215,189,232,109,203,143,153,216,187,216,32,100,158,133,125,195,177,149,160,221,156,144,183,161,113,75,79,87,66,64,54,48,63,92,54,47,44,47,47,49,56,50,49,48,42,36,33,33,32,33,43,45,50,55,52,48,47,47,47,55,57,51,63,60,46,110,221
110,97,106,130,142,161,195,152,141,78,46,45,44,42,47,27,33,33,33,29,33,34,31,34,31,33,44,8,193,25,94,124,137,77,94,104,107,125,125,123,138,235,76,61,51,68,92,120,38,111,89,142,109,87,81,88,108,162,96,159,65,134,86,110,100,183,35,115,90,52,135,104,150,68,176,217,174,231,197,126,162,179,177,207,56,38,125,146,172,140,173,171,141,179,225,217,107,49,60,60,63,57,34,76,80,42,41,60,47,37,42,48,53,47,49,46,47,41,38,38,39,39,34,46,40,44,45,41,53,43,53,51,35,41,53,53,82,60,73,216
96,96,118,142,151,151,152,171,142,92,54,62,57,44,24,28,27,28,30,31,34,35,25,25,33,40,35,90,119,88,107,129,107,55,112,125,69,99,219,195,118,249,109,82,80,125,143,110,89,117,75,62,43,58,49,103,124,60,91,86,156,57,72,31,124,85,109,68,58,57,54,85,106,113,148,126,149,198,186,179,200,168,114,204,191,66,120,52,148,180,148,203,192,194,198,183,124,40,63,48,25,40,56,61,70,137,59,61,42,39,45,41,47,48,48,42,38,34,33,34,37,47,47,34,36,34,40,42,33,40,33,42,43,42,46,45,54,39,126,197
63,82,116,115,127,128,119,169,164,65,53,45,46,37,28,28,30,28,33,36,38,24,25,27,29,39,25,28,98,130,100,179,64,117,140,121,74,92,116,151,210,235,60,57,82,107,94,74,46,96,73,67,59,54,59,96,64,53,64,72,61,97,65,70,52,52,62,50,62,65,210,50,96,114,142,129,163,104,158,179,146,198,127,135,157,163,142,185,65,151,158,141,178,169,183,194,86,75,52,33,40,85,75,36,49,45,52,39,45,40,47,41,43,45,52,51,45,38,33,33,37,43,45,36,31,35,33,33,37,39,49,48,46,45,42,38,53,59,100,194
46,79,90,91,112,118,109,174,220,146,87,54,46,61,37,31,29,29,28,30,30,26,25,32,39,41,70,46,55,111,33,108,179,74,155,87,86,137,176,107,200,131,41,51,62,86,88,98,84,49,69,51,60,57,85,73,59,63,56,49,86,65,79,68,50,61,68,54,65,73,30,214,151,36,160,128,104,155,94,144,130,146,202,68,136,150,150,127,157,72,115,180,97,56,237,108,170,35,61,62,105,50,46,59,29,43,44,35,46,42,43,49,45,53,47,48,39,32,31,35,36,37,35,35,45,46,41,40,40,43,48,41,48,39,45,54,51,65,131,156
47,74,87,97,130,130,109,135,218,211,142,73,66,41,33,35,40,30,33,29,22,27,27,29,35,34,28,33,34,119,106,61,140,187,178,116,211,152,70,178,126,22,70,28,72,82,66,107,51,56,56,62,68,71,54,66,64,68,52,69,53,86,60,51,56,50,50,77,72,57,72,131,120,197,139,116,136,132,93,165,147,126,164,201,91,85,69,40,143,192,115,146,95,41,24,179,11,59,20,25,17,96,33,36,52,37,41,38,51,41,45,45,47,40,33,38,36,29,33,30,39,42,34,32,36,39,43,47,39,36,31,29,45,45,41,52,62,121,164,216
51,64,93,110,133,114,113,189,251,223,159,105,53,50,47,42,34,27,30,26,32,36,41,30,29,30,36,29,79,166,30,96,171,97,109,218,66,223,90,12,157,32,29,56,71,78,98,60,47,56,61,65,51,58,65,61,56,60,60,66,50,85,71,59,54,58,60,54,76,114,126,72,71,111,95,122,204,69,163,126,147,160,148,168,196,128,82,68,53,89,167,108,197,49,66,7,78,29,44,74,72,49,65,31,46,37,35,47,38,47,42,47,48,49,47,36,35,30,31,42,42,40,37,34,34,35,33,33,38,35,41,43,42,48,51,47,83,162,220,194
48,73,91,109,91,114,187,218,222,230,199,125,77,52,43,44,38,41,38,50,36,33,31,33,25,36,36,36,34,89,59,60,131,147,134,194,131,116,123,55,64,28,25,44,57,61,65,66,52,63,64,56,59,67,59,56,55,67,48,61,65,51,60,67,59,53,53,62,57,50,30,117,185,143,45,70,118,192,104,87,149,172,180,133,131,191,170,126,36,72,112,116,158,177,50,38,46,29,31,25,31,62,19,32,41,35,30,39,45,41,42,49,49,49,45,48,42,29,34,39,41,35,39,38,38,41,48,41,38,43,39,39,45,45,56,118,160,195,211,190
49,79,89,82,97,153,207,208,171,105,215,241,164,106,54,55,45,42,47,47,34,32,27,25,28,39,34,36,26,35,80,27,55,68,109,211,149,119,119,12,28,91,21,37,57,61,62,64,70,52,56,44,59,59,62,51,56,56,63,55,64,56,52,67,61,55,55,66,47,46,38,66,105,88,58,50,71,186,203,152,83,160,176,177,143,150,170,104,162,87,77,167,114,209,67,25,34,30,21,39,43,27,51,27,51,31,34,37,39,46,45,38,45,47,47,44,48,37,36,36,35,41,31,31,35,39,42,47,43,49,47,47,49,54,99,133,203,238,190,195
54,58,68,86,169,183,216,161,70,126,225,238,196,138,78,48,55,38,47,36,29,28,21,25,20,27,37,25,30,34,34,49,30,33,67,160,47,142,26,38,21,31,34,42,44,59,42,53,53,51,52,55,45,56,55,57,52,54,59,60,67,44,54,63,63,58,54,57,67,55,57,65,41,127,218,140,117,50,192,183,205,153,191,142,192,151,169,149,79,46,111,70,145,28,41,30,33,30,29,36,42,41,44,33,44,32,39,36,41,44,45,43,42,38,43,37,34,31,28,33,31,26,30,32,30,32,35,41,50,46,52,51,50,94,162,201,224,196,195,194
50,66,68,137,228,221,156,94,116,225,225,228,196,202,134,72,50,44,39,40,25,28,31,25,32,32,30,35,41,31,22,52,76,115,33,84,45,128,49,29,32,29,41,55,47,62,61,55,45,54,54,50,61,65,56,60,47,47,59,69,55,54,50,45,58,58,58,64,62,58,62,53,67,58,166,171,173,105,169,121,186,206,175,171,194,187,155,150,64,58,71,113,97,128,34,32,35,31,28,32,42,42,41,37,36,35,40,41,43,43,50,44,42,44,39,30,32,38,30,30,30,30,34,35,34,38,41,41,42,43,51,54,88,213,207,209,189,194,195,197
56,57,82,171,223,198,72,91,181,217,153,156,202,222,170,107,63,53,47,37,29,31,21,27,34,32,29,42,40,32,37,32,40,30,128,19,137,31,67,16,28,29,39,55,54,60,65,55,64,62,48,44,46,49,62,50,51,64,60,61,53,60,62,51,54,52,55,57,52,53,53,60,61,60,75,129,161,141,121,174,174,192,189,234,184,185,199,166,146,62,47,84,117,58,34,31,32,33,28,30,44,50,32,41,34,40,39,42,46,46,41,37,38,41,44,32,37,39,38,38,34,35,34,39,38,40,41,39,43,58,58,69,131,150,221,188,190,187,189,192
59,54,153,223,193,81,102,157,131,106,55,128,141,185,208,137,87,44,40,46,41,32,34,30,29,28,27,28,35,32,38,44,21,42,37,24,87,98,13,32,30,32,47,52,61,57,66,64,60,66,61,60,64,58,51,72,59,55,57,56,55,50,59,62,46,47,56,53,50,58,55,53,66,103,106,161,209,180,161,149,196,218,224,195,232,181,174,165,108,99,68,69,82,58,36,30,34,32,31,29,42,48,37,41,35,41,45,38,44,44,50,43,38,33,33,34,29,31,34,40,41,35,38,34,36,43,45,41,52,51,76,136,185,203,184,182,176,175,175,181
55,101,204,222,153,97,175,133,52,85,100,117,92,90,206,201,115,69,53,38,46,40,36,34,31,25,27,39,37,33,31,29,41,39,31,20,110,28,32,26,37,36,47,63,52,63,69,68,63,54,44,48,64,67,60,57,61,51,48,53,49,55,45,66,53,49,52,54,54,52,47,58,47,46,55,94,102,172,113,133,197,175,224,232,204,168,177,156,156,185,128,75,98,50,32,34,36,35,31,34,32,50,46,40,31,40,40,40,35,43,48,42,50,34,35,43,39,34,32,30,39,37,39,38,45,37,39,51,41,70,119,173,212,171,168,166,165,164,164,169
49,162,209,148,76,122,131,58,67,85,98,118,104,94,58,147,170,110,85,49,39,42,39,36,34,36,34,37,34,29,30,29,26,25,28,26,33,28,30,29,37,38,52,57,57,69,68,62,67,61,58,59,58,73,69,62,65,62,60,57,51,48,54,53,49,58,49,56,53,60,54,58,52,54,48,85,100,131,174,82,115,198,241,240,217,111,152,170,108,134,186,77,83,46,35,32,39,32,31,33,37,42,38,39,37,39,27,41,45,43,43,39,36,35,39,52,43,42,32,41,34,42,46,40,39,50,54,43,100,108,183,223,174,163,159,159,157,156,157,158
69,152,142,62,87,125,79,64,82,91,106,110,78,87,137,181,237,194,99,83,53,39,41,39,44,42,38,40,38,33,34,29,24,30,30,14,93,34,29,29,27,38,56,53,61,71,66,57,58,61,58,51,52,39,52,65,64,55,51,61,34,49,56,53,51,40,51,58,55,53,59,57,53,55,60,59,75,125,176,168,177,179,165,242,193,204,182,179,168,96,112,130,40,65,37,32,39,30,30,32,41,35,38,36,36,39,34,30,41,40,33,35,29,33,37,43,50,51,41,51,47,43,49,57,49,47,57,68,129,153,184,175,169,168,165,163,161,161,161,162
59,76,37,72,124,85,56,89,100,107,100,92,140,146,162,161,75,226,201,137,87,52,43,39,46,40,44,27,33,35,39,29,28,19,28,26,27,35,25,25,29,41,63,58,64,67,64,58,57,62,56,49,42,63,51,49,58,64,56,50,49,49,54,52,64,50,52,61,58,58,56,61,58,59,55,47,67,66,65,92,101,158,171,189,177,157,173,184,155,77,72,108,62,46,35,35,37,32,29,28,42,35,38,38,40,37,49,38,29,25,29,27,29,34,42,40,39,43,56,39,48,52,54,45,61,51,90,153,217,216,180,182,178,177,174,173,172,171,172,172
57,69,109,121,87,55,93,109,101,81,68,135,158,150,145,85,97,172,234,160,115,87,59,46,43,46,44,26,31,37,38,34,30,24,30,30,31,29,22,30,31,50,60,61,60,68,67,50,59,65,59,69,65,53,68,49,48,65,62,45,55,45,49,61,67,61,61,52,50,49,64,46,56,57,60,64,71,85,111,79,128,140,155,205,215,244,221,200,186,190,68,58,63,57,37,36,38,33,34,33,31,42,37,37,30,28,44,34,28,23,24,32,35,38,40,39,37,37,53,55,58,59,55,58,45,102,205,201,201,176,182,189,192,191,186,188,187,186,184,185
61,67,112,84,48,77,106,120,78,88,120,114,104,167,99,86,203,214,191,213,146,114,101,69,39,54,40,37,35,32,32,30,30,26,25,30,33,32,24,28,34,44,67,60,50,64,57,61,59,53,58,57,58,62,55,55,59,56,60,43,53,46,51,57,42,45,57,64,47,51,47,59,55,60,57,48,70,72,71,75,85,55,110,136,215,210,173,169,140,108,62,53,58,58,39,33,39,38,28,47,46,32,40,34,33,32,33,26,28,33,32,34,33,40,37,40,34,45,35,55,49,58,51,51,119,163,222,221,180,159,176,187,195,198,200,199,198,198,199,201
61,48,61,46,67,93,93,94,55,84,121,120,145,119,88,202,224,198,97,154,194,181,136,95,82,54,44,43,42,31,32,34,34,31,28,35,35,51,44,38,35,45,68,57,57,73,69,61,58,50,52,48,60,53,54,55,55,58,57,56,46,51,108,38,48,65,57,46,54,66,64,54,66,60,53,72,81,80,71,77,71,62,105,175,189,200,179,169,184,161,37,56,54,56,43,37,41,34,37,53,75,42,40,37,33,39,29,27,30,28,28,35,33,34,36,39,38,42,58,57,51,49,70,98,159,208,202,193,151,151,163,176,188,194,201,206,205,205,206,209
61,67,78,56,84,101,74,44,64,94,121,201,147,96,195,226,200,92,106,141,206,194,167,142,108,94,63,55,48,34,34,37,34,23,37,40,50,80,69,45,37,40,80,60,51,74,65,60,50,50,49,59,67,52,59,51,53,54,60,43,52,49,55,49,70,41,50,45,54,52,50,52,55,64,69,77,76,81,73,71,64,69,83,129,133,151,180,190,179,104,43,59,62,52,43,42,47,44,49,112,132,50,73,45,37,38,26,26,29,27,24,30,33,36,45,46,44,48,51,43,54,71,142,205,202,224,213,177,146,134,147,162,176,184,196,205,210,215,215,212
56,78,55,41,83,78,51,70,95,120,149,121,93,188,239,162,190,71,130,109,87,151,189,169,154,108,111,37,38,36,36,22,27,24,47,59,66,99,84,80,40,40,74,66,55,77,65,70,54,69,54,45,71,62,55,66,54,44,75,46,64,49,60,56,55,51,58,43,59,65,56,51,63,51,59,92,77,89,80,79,56,70,83,102,129,129,175,210,183,110,60,57,49,49,47,52,48,76,133,137,157,104,141,68,59,75,38,31,29,31,34,31,31,37,48,43,51,52,51,77,116,140,180,206,221,205,188,177,157,133,125,142,155,170,185,197,209,212,215,208
55,50,55,48,73,62,64,104,124,97,151,59,176,235,172,66,91,104,102,98,88,132,190,180,125,131,58,48,46,33,27,33,21,30,18,55,60,69,78,70,42,43,79,63,49,56,63,54,60,59,54,59,54,56,69,58,62,52,70,49,68,62,52,49,47,44,35,52,50,47,56,56,58,76,79,79,68,77,70,80,84,78,66,118,76,123,123,187,169,103,57,45,60,55,49,58,122,192,201,216,204,160,128,113,93,86,65,66,45,45,39,36,35,44,47,46,52,66,94,106,133,175,206,218,213,201,189,182,167,145,118,111,131,150,170,184,195,199,202,198
54,52,46,55,75,86,102,118,60,58,55,105,217,167,48,33,147,125,83,77,121,110,129,134,127,86,99,72,61,48,48,37,36,40,45,33,43,56,41,73,60,47,72,67,72,68,64,51,52,49,54,59,60,43,57,62,62,52,68,66,53,61,63,63,40,51,64,57,50,61,61,48,50,62,78,72,71,55,68,59,58,70,74,108,157,128,176,210,133,126,37,61,48,56,51,142,201,209,216,206,202,180,168,158,109,122,107,70,85,77,46,46,49,55,71,92,111,134,137,186,179,182,237,195,189,194,193,183,171,157,130,111,99,115,144,165,178,183,186,178
54,49,51,72,103,91,72,47,36,66,55,201,195,69,43,103,152,91,66,61,113,106,132,83,145,103,115,88,87,69,76,75,59,58,59,49,61,74,126,69,77,63,78,73,57,50,58,58,57,71,54,40,56,64,52,61,61,49,59,50,72,57,67,48,55,50,56,48,53,40,53,58,67,66,80,96,93,89,91,64,64,64,74,84,63,128,150,210,128,83,49,57,57,52,175,209,203,199,200,202,198,194,185,185,162,138,186,77,129,112,88,83,92,105,103,114,181,126,195,169,230,213,178,188,188,192,191,187,177,163,141,116,105,94,102,132,150,157,156,143
52,46,59,75,94,73,55,38,54,33,158,200,96,39,91,177,100,56,86,132,94,123,118,153,101,166,136,98,113,73,125,101,71,78,71,88,72,82,37,83,89,87,76,67,64,60,67,76,64,54,63,67,68,52,63,60,61,64,57,54,59,66,72,55,51,54,47,67,76,70,65,61,54,75,73,71,77,73,83,64,88,83,83,96,80,79,145,227,159,131,72,65,62,51,185,203,199,194,197,196,196,195,188,200,195,162,185,139,139,157,160,114,133,104,177,165,186,227,209,207,193,180,184,184,185,186,189,185,177,167,148,126,107,98,84,89,95,104,102,87
49,36,50,70,76,51,39,35,41,91,191,89,32,31,153,121,60,37,118,120,63,146,97,45,93,146,154,115,132,120,125,117,99,97,96,119,95,90,91,48,112,97,80,76,76,60,52,52,61,57,73,61,63,61,52,68,51,68,55,60,55,50,54,50,60,70,78,61,67,57,57,72,61,67,72,79,79,95,73,82,69,68,66,100,109,99,158,197,109,59,41,54,63,69,210,206,197,194,197,196,194,192,195,195,191,193,191,165,165,154,156,171,136,179,149,199,202,209,188,188,178,178,180,179,180,182,185,189,182,173,156,134,113,103,89,85,80,80,83,81
39,38,46,62,61,33,28,36,34,83,93,35,35,53,122,87,67,102,125,47,103,133,71,63,140,76,122,158,141,145,138,146,125,107,119,129,98,109,67,56,109,68,82,75,60,51,55,57,61,61,56,55,63,59,88,51,52,68,66,79,43,54,60,60,53,69,47,68,77,74,77,61,70,57,74,72,85,69,55,77,79,69,67,65,69,93,204,239,248,147,69,88,60,111,206,194,193,190,194,193,190,188,188,192,187,187,185,175,190,183,189,184,188,212,219,199,179,174,180,172,178,175,175,175,176,179,183,184,179,175,161,143,117,106,93,88,82,82,84,84
35,35,47,64,71,29,34,44,52,58,40,50,24,68,91,55,70,111,74,56,113,93,78,95,111,103,169,114,131,171,177,98,73,114,87,65,47,64,35,60,70,64,82,79,61,52,60,63,83,75,71,64,44,54,45,40,62,59,89,72,34,63,59,40,58,48,83,70,58,71,56,59,55,52,77,89,89,48,72,70,64,66,74,90,100,74,166,148,198,150,50,59,62,137,205,188,187,185,190,189,188,187,186,185,184,185,184,191,181,185,186,185,186,185,172,178,183,179,178,181,180,182,182,187,188,191,196,199,192,184,168,153,122,110,99,88,85,84,83,83
35,32,38,62,67,41,37,45,66,41,38,45,22,113,76,24,71,65,48,58,105,78,77,91,92,126,135,117,95,95,149,56,119,96,35,25,24,22,58,82,57,47,77,68,87,66,63,55,68,54,61,70,79,64,44,107,54,57,54,55,49,73,55,49,54,40,61,43,85,54,51,60,60,66,81,73,47,74,65,91,64,79,87,92,81,69,181,152,104,182,143,83,75,138,201,191,183,186,190,191,191,192,192,192,192,193,195,198,202,203,204,203,198,199,201,202,202,202,202,201,202,204,205,207,210,212,213,215,211,199,180,158,130,113,104,94,88,86,85,85
36,34,44,60,57,33,44,46,45,29,41,20,56,70,40,77,96,59,47,85,104,70,94,80,94,100,95,145,182,171,72,124,138,41,34,20,32,57,76,49,43,59,72,73,64,78,50,57,54,62,71,63,59,59,69,51,51,89,70,69,54,66,55,51,40,63,32,78,54,58,46,62,49,81,64,76,74,73,97,59,65,85,84,77,78,77,136,118,177,121,72,78,84,137,204,199,201,205,207,207,208,208,209,209,209,210,212,214,217,218,219,219,219,220,221,222,222,222,222,219,221,223,225,227,229,231,232,231,224,210,192,167,135,114,107,98,91,87,84,82
33,36,51,61,63,34,32,52,52,32,38,24,58,49,43,83,68,49,62,116,85,69,63,87,128,107,75,121,133,87,130,141,35,35,31,28,59,109,75,60,45,54,76,74,72,66,67,62,59,72,65,62,84,85,80,107,86,29,71,53,60,71,41,50,57,42,52,46,62,79,84,62,72,66,91,76,66,79,67,78,74,69,92,88,66,120,71,111,110,79,64,72,95,124,221,217,219,222,226,226,227,227,226,226,226,228,230,232,231,234,237,236,234,235,235,235,235,235,235,235,236,239,241,241,243,244,244,242,235,220,200,179,141,116,109,102,94,88,84,79
32,44,60,61,68,63,37,50,57,35,33,39,65,46,61,80,51,46,83,110,69,68,84,102,177,172,125,158,132,131,141,55,33,23,29,60,50,71,70,33,66,54,68,67,83,79,75,59,58,60,64,62,40,72,73,31,86,79,31,41,57,85,44,51,54,63,77,80,76,68,65,84,73,66,71,85,73,80,87,75,64,94,67,85,80,79,66,71,106,70,60,64,78,133,224,235,239,239,239,239,240,240,242,242,242,239,241,243,243,247,247,248,248,248,248,248,248,248,248,249,249,250,250,249,250,251,250,248,245,231,209,186,147,118,109,102,94,88,84,80
34,55,57,64,77,70,29,51,40,32,30,40,49,44,61,52,46,52,118,92,86,74,87,130,115,103,170,133,86,131,94,30,44,41,86,43,102,79,47,40,70,67,75,65,70,57,75,58,55,76,70,79,45,83,58,76,72,61,66,45,46,76,54,58,39,91,57,78,68,62,54,73,65,81,86,65,71,76,54,50,95,59,74,85,82,60,56,83,51,34,46,54,71,84,228,224,250,255,249,249,249,249,249,249,249,249,249,249,249,249,249,249,249,249,249,249,249,249,249,249,249,249,249,249,249,249,249,250,249,240,218,190,152,118,108,101,95,90,85,80
46,59,62,73,68,78,38,47,30,38,33,56,38,61,65,36,39,99,110,64,79,137,145,133,90,136,127,87,37,76,34,37,39,50,53,74,99,56,33,91,36,58,73,69,69,64,66,59,50,50,75,75,70,74,71,35,86,58,41,47,60,48,63,53,65,62,76,59,66,65,62,54,80,89,76,76,67,72,76,72,67,92,81,73,78,65,77,58,88,102,45,49,60,74,63,241,250,243,249,249,249,249,249,249,249,249,249,249,249,249,249,249,249,249,249,249,249,249,249,249,249,249,249,249,249,249,249,250,249,241,220,192,155,121,109,103,96,91,86,80
56,62,67,77,83,69,48,39,33,44,39,39,46,82,37,23,55,95,85,72,48,141,165,108,41,106,93,51,108,46,38,30,69,109,50,61,71,45,81,104,74,63,57,70,70,73,75,60,71,85,61,50,61,75,70,80,37,103,41,65,59,66,61,52,72,24,52,78,62,91,82,83,71,76,83,70,64,78,59,89,93,55,82,91,56,55,35,38,42,84,59,62,49,121,166,110,248,254,249,249,249,249,249,249,249,249,249,249,249,249,249,249,249,249,249,249,249,249,249,249,249,249,249,249,249,249,249,249,249,242,221,192,157,124,107,106,99,93,87,80
61,67,72,73,75,54,41,48,38,42,47,47,72,56,34,42,64,85,70,60,125,102,99,67,140,107,38,50,33,32,26,32,58,36,52,87,56,81,69,135,62,57,68,80,69,74,58,61,73,65,60,60,80,78,69,65,64,57,63,62,42,54,32,57,47,59,31,34,46,63,56,76,92,67,87,67,67,60,77,83,68,93,83,81,99,109,119,113,131,142,71,73,100,62,232,203,204,249,249,249,249,249,249,249,249,249,249,249,249,249,249,249,249,249,249,249,249,249,249,249,249,249,249,249,249,249,249,250,249,241,219,195,161,129,108,109,101,94,88,79
62,71,74,79,59,42,43,43,46,35,32,35,48,47,31,52,67,76,63,63,66,88,36,127,95,55,60,48,39,30,22,41,39,42,66,82,88,69,80,94,85,88,92,90,69,56,59,53,61,60,54,65,44,47,63,59,39,69,81,50,26,31,58,56,64,70,76,89,49,49,86,85,69,92,53,77,79,69,56,84,71,90,77,84,86,38,57,80,118,93,56,86,101,113,197,255,232,239,249,249,249,250,250,250,250,250,249,249,250,250,249,249,248,249,249,249,249,249,249,249,249,249,249,249,249,249,249,250,251,239,218,195,167,134,111,111,104,96,87,78
71,72,73,70,52,37,40,44,33,33,51,37,50,44,34,55,64,70,65,80,72,57,50,64,35,36,40,35,29,21,24,40,45,54,96,75,84,68,44,160,111,98,77,78,73,63,67,54,67,62,43,38,59,66,42,54,49,60,47,65,46,27,65,53,56,45,49,43,66,73,70,68,63,65,84,74,68,56,72,73,65,79,98,60,63,57,35,36,105,89,85,56,103,114,233,223,255,251,248,248,248,248,248,248,248,248,248,249,249,249,248,248,250,250,250,250,250,250,250,250,250,250,250,249,249,249,249,248,248,236,217,197,171,141,115,111,107,100,88,79
72,69,72,60,47,33,38,35,32,32,51,28,46,35,40,57,73,73,76,76,101,44,54,56,36,41,51,35,29,40,44,39,49,43,92,78,80,103,60,116,115,35,35,10,104,68,61,71,54,59,42,50,59,68,57,59,63,53,57,69,60,62,50,37,45,76,78,77,66,60,62,71,73,62,78,72,58,74,84,62,72,89,75,92,79,72,33,39,63,69,93,67,94,114,243,237,243,247,249,249,249,248,248,248,248,249,249,250,249,249,248,248,249,248,247,248,248,248,248,248,248,248,248,246,246,246,246,244,243,232,217,198,176,150,120,111,109,104,91,78
65,60,63,63,41,38,46,40,40,42,42,27,47,47,51,57,77,79,79,88,58,34,47,47,32,42,36,25,34,43,38,35,45,25,99,73,66,102,54,112,1,54,27,51,85,84,68,63,58,65,76,67,59,59,54,59,30,50,44,75,52,54,30,64,77,68,54,53,69,67,56,78,79,63,64,54,79,71,71,65,69,79,90,26,9,27,38,83,40,74,118,58,133,101,249,247,241,245,245,245,245,243,243,243,244,245,246,246,246,245,244,244,244,243,242,242,242,242,242,242,242,242,242,240,240,240,240,238,237,228,219,203,181,159,132,112,109,105,93,82
58,55,67,71,56,46,49,53,43,49,25,39,58,47,55,58,79,71,70,56,36,32,39,40,49,50,33,26,35,20,48,50,25,32,94,69,80,97,59,43,117,32,54,49,61,92,64,73,63,68,68,66,71,55,69,61,68,52,51,56,47,51,53,33,58,51,51,79,59,68,83,82,67,64,59,71,65,82,64,63,72,62,72,73,44,40,103,52,40,61,126,75,111,112,236,244,241,241,241,240,240,240,240,241,240,240,240,240,240,242,241,240,239,239,238,240,240,240,240,240,239,239,238,238,238,237,236,235,233,229,219,207,190,168,145,115,109,103,98,86
52,55,77,82,61,45,45,43,40,34,27,44,47,57,48,65,75,69,70,50,42,36,37,38,43,41,26,28,20,29,48,42,21,37,90,74,67,96,58,37,27,99,102,37,31,81,84,74,73,58,71,44,52,64,40,57,39,62,60,48,66,23,48,64,66,71,63,43,67,67,75,63,62,71,60,55,80,77,65,65,69,65,108,31,102,79,49,32,49,61,108,70,110,110,238,243,242,241,241,240,240,239,239,240,240,239,239,239,239,241,241,240,240,240,240,239,238,238,238,238,238,238,237,235,234,234,233,235,232,229,221,212,200,177,157,126,106,106,99,88
51,63,83,69,60,53,53,41,41,33,35,47,47,57,44,73,72,72,68,38,30,28,40,41,41,34,34,31,27,21,36,39,23,37,85,73,77,81,52,33,40,41,49,92,51,132,67,81,68,53,52,59,60,31,54,54,47,21,37,44,65,53,61,48,44,56,49,59,71,48,46,55,71,60,55,56,75,79,68,75,63,78,69,75,42,33,34,52,44,66,108,67,113,119,244,241,241,241,241,240,240,238,239,239,240,239,239,239,239,240,240,240,239,239,239,238,239,239,239,239,238,238,237,235,235,235,235,234,232,230,225,217,208,187,170,143,107,105,99,91
49,72,79,58,47,54,42,43,33,37,35,49,54,48,51,75,70,73,41,35,36,41,44,44,39,28,38,24,29,29,29,38,25,41,93,73,88,81,69,32,55,57,59,48,93,161,43,76,62,71,61,63,42,76,63,53,56,80,70,57,56,50,57,54,62,74,72,60,52,63,61,65,59,69,62,51,73,75,60,63,70,115,76,81,63,64,72,53,60,68,112,90,114,109,249,241,242,241,241,240,240,239,240,240,240,240,240,240,240,240,241,242,242,241,241,240,241,241,241,241,241,241,240,238,238,239,240,240,238,238,235,231,219,203,186,162,122,104,103,94
57,80,67,48,45,44,39,40,31,33,46,53,60,55,57,74,82,61,53,29,30,40,40,45,37,35,37,22,17,35,35,30,32,61,85,75,68,74,65,52,41,91,96,94,108,148,113,57,85,69,62,77,73,71,71,42,50,51,51,62,51,52,49,56,48,56,63,59,53,77,80,78,63,67,57,62,68,79,65,73,65,139,103,94,103,76,81,64,53,82,111,57,100,141,249,246,245,243,243,244,244,243,243,243,243,243,243,243,243,244,245,246,247,247,247,247,247,247,247,247,247,247,247,249,249,249,249,248,248,247,245,241,233,218,199,175,141,106,103,97
77,79,56,43,39,44,42,34,35,31,28,55,56,53,62,75,78,62,47,36,38,38,42,42,22,40,30,25,18,37,37,30,27,76,83,73,84,84,64,52,49,74,80,104,111,126,120,72,73,71,69,52,49,40,54,45,41,42,68,55,69,53,45,48,67,60,57,51,58,62,66,61,61,63,62,72,77,65,67,78,89,108,89,129,97,81,84,73,69,78,107,80,104,144,250,247,245,247,248,249,250,249,250,250,250,250,250,250,250,249,249,250,251,251,251,251,250,250,250,250,250,250,250,249,249,249,249,250,250,248,246,244,238,224,206,184,156,118,108,104
81,68,46,38,40,40,36,28,38,37,35,48,51,45,68,76,77,55,43,27,36,36,39,27,28,47,27,24,20,36,41,25,25,69,79,73,74,100,63,53,56,81,75,86,127,85,135,85,66,82,73,62,68,66,68,72,49,49,60,63,68,66,49,62,44,67,60,58,76,66,62,62,67,64,51,67,67,72,72,93,119,96,127,101,106,79,74,66,84,64,116,71,110,178,246,244,244,245,246,247,249,247,248,249,249,249,249,249,249,248,248,248,249,249,249,249,249,249,249,249,248,248,248,250,250,250,250,249,249,247,245,243,238,227,212,193,171,136,116,110
81,59,42,38,52,46,27,32,36,41,23,40,51,52,77,83,61,50,40,37,37,33,29,26,32,42,25,23,21,31,39,21,35,65,86,74,76,101,70,57,54,69,83,79,84,120,112,83,93,132,58,57,67,52,59,60,77,51,38,55,68,81,50,51,48,62,54,46,49,63,74,71,65,56,68,57,76,63,93,94,81,112,128,138,64,78,77,72,80,75,111,91,82,202,238,236,238,242,243,245,247,249,249,251,251,251,249,249,249,250,249,248,249,249,249,249,247,247,247,247,247,247,247,246,246,246,246,244,244,243,241,241,237,229,215,198,179,153,127,117
74,55,46,46,52,39,40,36,43,36,17,47,44,63,78,77,54,44,35,25,34,37,19,22,37,30,24,19,28,32,36,20,33,51,88,69,70,107,77,63,77,75,91,93,70,69,95,116,108,94,81,80,70,38,60,53,67,64,76,66,75,85,55,39,42,43,28,65,70,59,69,74,62,74,47,74,55,82,87,72,69,96,116,79,89,70,73,69,82,90,115,95,84,227,232,232,231,233,237,238,240,244,246,246,247,247,246,245,246,245,245,244,244,243,242,241,241,240,240,239,240,240,240,239,240,240,240,238,238,238,238,237,234,228,215,203,183,164,137,122
66,49,44,49,49,39,34,39,43,29,28,47,51,69,71,68,57,45,32,37,41,28,24,26,43,28,28,12,27,38,34,27,38,51,92,72,72,106,77,74,72,69,92,84,81,82,85,122,100,105,94,73,61,63,50,49,65,71,80,48,53,76,71,45,54,68,80,46,61,79,67,70,75,54,63,68,93,75,75,102,114,113,93,125,93,85,66,69,85,88,117,90,86,234,222,219,221,220,224,226,229,235,237,238,238,238,237,237,236,235,235,234,235,234,233,232,233,233,232,232,231,231,231,231,231,231,230,229,229,228,227,228,226,223,214,201,186,171,143,123
60,46,43,48,53,41,39,29,42,25,38,48,52,75,74,64,57,43,36,34,35,30,27,28,39,24,17,13,24,39,34,30,36,53,91,74,88,89,94,74,71,81,80,73,64,89,100,97,108,104,77,59,73,68,68,71,66,64,34,50,56,72,80,45,54,43,63,56,59,60,77,75,71,89,88,68,85,86,121,101,145,106,102,161,92,69,76,74,78,100,92,83,118,220,216,213,211,212,216,218,222,227,229,230,230,229,228,228,227,227,224,224,222,221,220,219,219,218,218,217,217,217,217,217,217,214,213,213,213,212,211,210,210,212,208,198,190,177,150,122
54,45,46,48,51,39,41,43,35,21,42,45,53,75,69,53,40,38,41,36,39,26,20,35,35,18,19,13,21,46,38,35,39,37,90,77,76,77,98,84,83,80,81,74,63,93,67,70,99,110,70,76,59,71,65,63,61,36,56,43,66,57,78,63,49,63,47,63,60,66,64,77,94,69,53,82,65,118,101,96,75,115,89,141,74,65,70,69,66,131,94,85,140,215,202,199,194,192,196,199,203,207,209,210,208,207,207,206,206,205,204,202,200,199,198,197,198,198,197,197,197,197,197,197,198,198,197,196,197,198,199,201,201,204,203,197,192,177,153,117
52,41,40,44,45,39,50,39,27,22,46,48,51,77,66,54,44,34,33,28,30,21,18,43,25,23,19,17,20,44,42,36,42,39,95,83,84,64,94,80,73,80,68,63,52,71,72,57,76,111,69,67,93,79,70,71,69,41,50,66,86,45,71,71,67,43,72,66,62,92,69,87,87,84,66,66,102,103,88,95,84,89,88,67,56,70,73,60,76,134,143,100,172,200,198,194,190,184,183,183,184,187,192,192,191,191,190,190,190,190,190,192,191,190,190,189,191,191,192,192,193,193,194,194,195,196,196,197,197,198,198,199,200,202,203,199,190,176,153,114
46,37,37,47,40,39,32,38,21,25,37,49,47,64,73,59,40,41,28,17,35,24,23,39,30,27,14,15,23,26,41,40,47,40,86,89,80,68,91,96,72,67,63,57,57,110,60,62,88,81,72,88,73,69,85,68,62,60,73,73,57,57,78,55,46,101,60,70,62,96,109,94,55,70,85,79,115,72,67,92,96,70,73,53,58,66,68,69,70,124,101,99,182,206,199,195,191,186,184,183,185,185,190,190,189,188,188,188,188,188,189,189,189,189,189,188,187,188,188,189,189,190,190,191,191,192,192,193,193,194,194,195,196,198,199,198,189,175,153,112
47,42,41,58,43,42,30,35,20,30,44,45,51,70,67,59,47,38,8,34,31,28,20,41,25,24,11,16,28,19,41,41,47,39,75,81,77,74,78,96,82,61,64,62,55,75,72,57,69,127,65,66,59,57,59,49,58,53,53,73,73,77,61,58,54,63,67,75,87,58,51,107,58,67,89,71,106,73,73,87,116,72,86,65,68,58,62,72,75,133,104,115,202,198,196,193,190,185,182,181,183,184,189,189,188,187,186,186,186,187,188,187,186,186,185,185,185,185,186,186,187,187,187,188,188,189,189,189,190,190,191,192,193,194,196,195,187,173,152,111
44,41,51,56,40,28,31,27,19,38,36,44,53,73,67,59,39,26,12,48,37,23,20,34,24,20,10,11,36,24,40,42,43,43,76,65,75,80,69,84,81,60,68,65,57,57,75,84,76,106,77,69,62,73,70,59,59,63,52,82,75,45,79,65,45,95,59,75,99,99,89,97,59,84,71,84,99,76,65,62,101,69,82,62,59,67,58,65,79,124,111,125,204,196,190,187,185,181,178,177,179,181,185,184,183,182,180,180,181,182,183,183,182,182,181,181,180,181,181,182,181,182,182,182,182,183,183,184,184,184,185,186,187,188,190,191,183,170,149,112
40,41,58,51,41,26,33,17,26,41,42,41,53,75,65,51,43,51,23,47,35,28,14,26,24,22,7,10,41,24,30,44,38,49,73,77,68,87,72,75,77,71,66,57,57,88,73,61,67,92,80,66,47,96,68,65,57,61,69,70,71,80,95,54,54,105,83,62,66,70,84,68,64,59,67,79,82,59,74,69,79,79,71,61,78,55,63,69,102,119,119,150,197,190,188,183,179,175,174,173,174,176,179,178,177,176,176,176,175,176,178,178,177,177,177,177,177,176,176,177,177,177,177,177,177,177,178,179,179,179,180,181,181,182,183,184,178,169,147,113
35,43,53,40,51,38,26,19,30,33,50,44,58,65,66,46,31,34,39,36,31,23,5,32,23,21,4,17,41,25,23,45,40,53,80,87,77,88,69,69,72,69,75,62,75,77,71,82,92,58,55,69,45,92,80,54,69,69,72,61,82,89,65,57,54,85,61,43,67,74,101,55,61,77,63,88,67,70,77,56,100,72,73,60,70,65,50,67,117,102,125,160,192,181,181,176,173,169,166,166,167,169,174,172,171,171,169,169,169,170,172,171,172,171,171,170,170,169,168,169,169,169,168,168,168,169,170,170,170,170,170,171,171,173,175,177,174,166,149,116
34,38,43,39,42,43,18,22,33,39,46,45,63,66,61,53,37,23,41,33,31,16,9,39,24,17,3,25,39,26,23,45,39,75,86,85,77,88,69,62,68,69,60,61,68,89,81,86,41,62,81,49,47,69,77,50,48,56,63,62,75,49,66,92,48,67,70,76,74,59,83,68,69,58,56,84,82,66,85,78,74,70,67,66,61,67,60,47,118,139,96,181,177,171,169,166,163,158,157,157,159,162,163,165,164,164,161,161,160,162,163,163,164,163,162,161,158,157,157,158,158,159,159,160,158,158,158,158,158,157,157,156,156,158,163,164,164,159,148,120
32,37,43,49,31,41,26,24,33,38,45,39,73,73,55,51,41,32,36,36,24,15,17,39,24,8,9,25,38,28,25,42,52,56,91,87,83,93,66,62,67,66,52,61,60,65,67,59,51,79,54,62,55,73,71,72,65,47,58,69,64,64,88,56,71,61,81,82,81,52,56,67,72,61,66,74,92,57,72,70,72,76,72,60,71,62,66,44,99,144,108,176,165,161,157,155,153,146,144,145,147,151,153,154,154,153,151,151,149,151,152,152,151,150,148,147,143,142,142,143,143,145,148,150,151,148,147,147,146,145,144,142,141,144,151,159,162,157,149,128
33,38,48,40,31,31,27,26,38,39,43,32,53,68,63,49,40,32,33,31,25,13,14,21,27,10,14,24,38,31,33,38,50,51,90,78,83,82,61,60,70,68,61,52,81,76,91,62,72,83,56,62,65,71,55,87,54,69,56,72,57,81,61,66,76,78,82,78,83,74,63,60,78,65,89,62,76,67,64,80,77,74,68,66,67,54,68,50,74,150,137,177,173,169,165,159,159,155,154,154,154,154,158,157,156,156,155,154,155,155,155,155,155,154,150,146,145,143,142,144,150,153,157,159,160,159,156,153,154,155,153,153,151,154,160,168,169,164,155,137
36,38,47,56,40,37,28,25,40,45,42,36,56,61,44,54,43,39,29,30,19,15,17,25,21,14,16,27,19,25,34,32,49,51,77,86,74,91,54,64,60,53,46,62,78,69,59,79,67,54,102,50,57,91,65,74,76,55,45,67,40,79,30,75,68,57,71,74,59,64,78,46,53,61,65,57,76,76,95,73,75,52,72,64,67,58,59,65,60,140,152,189,188,183,178,173,173,171,167,167,168,169,171,170,167,169,170,170,168,168,168,168,167,167,166,164,162,161,162,165,167,170,173,175,178,178,175,173,174,175,174,170,168,169,173,180,182,176,167,150
44,36,48,53,39,41,30,29,42,48,44,41,59,62,67,48,40,39,33,25,23,10,27,30,21,25,18,33,18,19,33,27,55,52,82,87,62,92,50,70,73,54,68,69,60,63,70,78,54,71,50,69,39,88,67,87,70,64,53,58,57,65,38,85,83,66,92,55,74,61,74,71,68,69,53,60,67,70,66,80,66,62,58,63,63,56,57,86,59,138,173,198,200,197,196,193,190,186,185,185,187,188,189,189,188,189,189,187,186,186,186,186,185,184,182,179,177,177,179,183,188,190,193,194,194,195,192,190,190,190,190,192,190,189,191,194,197,193,182,165
44,43,50,46,40,43,29,35,44,50,47,42,55,62,60,47,40,44,22,29,20,11,38,27,21,19,31,33,12,20,28,24,59,48,93,84,72,95,64,70,65,62,74,64,93,71,71,57,73,54,58,51,74,60,77,101,50,54,47,73,58,90,61,70,83,80,71,81,84,73,65,65,55,76,74,56,66,81,81,85,56,55,62,53,70,64,65,59,79,125,200,205,209,209,207,206,204,203,202,202,203,202,203,204,204,205,205,204,202,202,202,202,201,201,200,198,195,194,196,199,202,204,206,207,208,210,208,208,207,206,208,207,206,206,206,207,211,207,195,177
40,45,50,49,46,38,27,34,45,45,46,41,63,55,61,45,40,35,24,29,16,16,36,26,24,19,33,36,9,36,31,22,49,38,96,83,82,96,64,67,51,52,71,119,51,67,69,75,57,37,78,63,24,46,87,55,73,62,48,66,81,84,76,31,84,89,77,88,82,63,66,89,61,57,43,53,81,61,62,60,56,56,43,61,52,69,69,45,79,131,221,216,216,220,219,218,215,212,213,213,212,212,212,213,215,218,219,217,214,212,211,211,208,209,210,207,207,206,206,207,210,211,214,216,217,219,219,218,218,218,218,217,218,219,218,217,217,215,204,186
39,51,49,40,41,34,27,40,40,57,46,43,69,68,57,44,53,36,36,24,12,22,38,25,11,17,34,33,20,23,24,21,44,35,83,76,91,96,63,64,68,67,93,67,70,65,77,46,66,72,54,47,35,40,57,69,61,41,57,51,59,61,61,20,88,50,69,68,82,75,75,70,84,62,56,57,72,85,83,65,54,55,63,52,62,64,78,81,80,127,233,225,226,228,230,229,226,224,225,224,224,225,225,226,228,230,231,230,228,226,224,224,222,222,222,221,217,216,215,216,217,219,221,224,226,227,228,227,227,227,228,228,230,231,230,229,227,223,212,197
46,57,48,35,37,30,28,40,48,60,47,40,72,68,58,48,44,34,34,20,13,28,37,24,27,19,38,23,25,51,21,20,38,43,78,82,84,92,57,60,53,62,64,67,62,96,59,85,39,36,36,46,49,51,68,65,44,47,55,56,59,50,62,71,47,45,65,55,63,68,60,80,47,75,61,60,62,75,79,65,63,62,59,57,60,60,54,72,89,124,242,230,235,235,238,237,235,233,233,233,233,233,234,235,238,237,237,236,235,233,230,229,228,227,227,226,224,222,220,219,219,221,223,226,229,230,230,230,230,231,233,232,233,234,233,236,233,229,219,209
51,63,47,45,34,25,27,45,42,59,49,40,72,64,62,51,39,42,30,19,13,32,33,24,24,23,36,15,16,52,28,20,37,42,64,93,89,86,65,62,55,71,93,42,56,65,77,50,43,48,59,31,36,48,48,59,37,41,50,62,54,55,74,69,74,66,47,45,77,50,98,60,68,43,58,57,65,77,48,69,45,47,52,64,51,75,57,92,109,116,245,230,240,239,240,240,238,237,236,236,236,236,236,238,240,241,239,238,235,233,230,228,229,228,226,227,224,221,218,216,216,218,220,223,225,227,227,226,227,229,231,231,232,233,232,234,232,231,225,217
60,62,48,45,36,30,31,40,38,63,48,39,75,62,54,51,35,39,37,17,15,40,30,20,17,29,25,12,18,52,32,19,41,40,61,97,80,89,68,58,56,58,42,46,64,78,77,70,63,40,40,38,33,46,51,67,45,56,47,66,75,84,41,59,59,93,45,82,41,85,38,69,58,64,72,73,60,64,127,60,59,63,60,55,57,114,135,80,125,149,245,231,238,245,239,239,239,239,239,238,238,238,239,240,242,242,240,239,235,231,229,230,228,228,228,227,224,221,217,215,217,215,215,220,223,226,228,227,228,229,231,232,232,232,232,232,233,232,230,224
58,60,47,43,40,32,33,42,44,57,54,37,70,58,58,50,29,41,40,24,19,39,30,18,14,34,20,20,23,44,32,22,40,39,58,87,72,70,71,68,55,54,60,89,68,80,55,63,70,58,46,24,40,38,68,53,62,54,53,57,105,70,65,49,60,30,55,72,72,57,95,64,62,69,65,76,73,55,76,62,50,63,61,58,63,82,161,120,141,196,244,229,239,239,239,239,240,240,239,238,238,240,240,242,241,241,240,239,235,232,229,230,231,231,230,230,227,224,221,219,218,215,214,217,221,224,225,225,229,230,231,232,232,232,232,233,233,233,232,231
62,63,48,44,38,28,33,44,48,57,55,47,75,60,58,47,41,39,41,22,23,40,28,18,11,39,14,27,32,33,28,27,41,41,58,79,86,78,82,65,29,77,82,50,81,40,103,54,66,47,39,40,53,50,43,45,47,52,65,61,92,68,71,58,33,56,57,77,54,93,84,53,71,45,72,68,65,91,71,77,71,79,59,55,58,91,90,115,128,231,239,228,237,233,237,237,239,240,239,239,239,240,242,243,244,241,240,239,235,234,232,231,231,231,230,230,228,225,222,221,221,219,217,218,222,223,224,225,227,228,228,232,232,232,232,233,233,234,235,235
63,62,44,37,30,29,28,47,44,65,49,52,74,54,64,47,46,43,48,38,25,26,30,14,10,25,15,30,22,28,22,31,43,46,54,91,86,80,72,63,100,55,109,104,61,60,59,93,54,63,33,40,51,51,50,52,51,60,66,63,65,57,64,53,57,71,52,55,61,79,100,79,40,60,72,59,65,110,83,39,83,78,82,73,68,74,137,131,118,241,232,230,232,231,232,233,235,237,237,237,238,239,240,243,243,241,240,239,237,237,236,234,233,233,232,232,231,229,227,226,225,224,223,224,226,227,227,229,231,230,230,233,233,233,233,234,234,235,238,237
63,58,45,39,33,23,39,44,45,62,44,56,75,51,63,43,43,33,30,33,22,21,18,16,42,24,11,32,28,19,19,30,33,46,59,95,80,82,66,68,58,87,85,95,47,57,77,60,72,50,44,33,16,45,45,36,47,58,86,50,45,70,48,50,69,27,92,55,71,51,59,71,83,53,70,88,93,75,115,122,48,68,67,78,54,93,128,119,156,233,230,230,229,229,230,230,231,234,237,238,239,240,241,243,242,243,242,241,239,239,238,237,237,237,236,235,235,234,231,229,230,228,227,228,229,231,232,232,233,234,235,234,235,236,237,236,235,235,237,240
61,55,40,35,29,20,41,43,43,56,49,72,73,64,56,44,42,39,37,35,43,15,21,10,46,21,13,32,39,22,22,32,31,44,51,84,81,78,69,68,76,78,80,84,67,75,53,61,61,46,50,48,36,48,57,64,50,55,71,66,71,63,47,54,46,58,47,63,65,57,63,58,49,73,69,42,73,70,80,86,86,54,82,67,81,87,87,113,206,241,232,231,229,228,229,229,230,233,236,237,239,241,242,244,243,243,242,241,243,243,242,242,242,241,239,238,236,235,234,233,236,234,232,232,233,235,236,236,238,238,239,239,239,240,240,241,240,240,242,241
62,61,44,34,31,20,42,38,44,54,53,81,72,60,59,47,46,33,42,46,37,27,12,13,49,16,16,35,38,21,20,28,25,50,52,85,81,86,71,62,68,81,76,68,57,66,84,65,45,47,54,55,42,52,65,58,44,42,56,67,77,76,50,49,59,65,62,60,71,76,70,63,63,56,90,67,74,60,81,106,68,73,60,72,89,80,110,121,251,237,238,236,233,230,231,231,232,235,238,239,241,244,245,246,246,245,243,243,244,244,244,245,245,243,241,239,239,239,239,238,239,238,237,235,236,237,239,239,239,240,240,242,241,241,241,242,242,243,243,242
69,66,46,38,36,32,41,43,45,53,58,82,69,46,59,38,40,27,51,46,44,16,11,12,48,16,18,39,21,21,20,26,38,55,57,87,77,67,63,76,92,77,68,66,78,41,79,57,47,50,39,48,55,43,35,43,47,51,53,59,69,89,55,49,59,69,69,100,84,81,96,52,74,85,85,48,77,79,128,55,102,38,87,64,89,99,77,183,245,244,245,243,241,238,237,237,238,240,244,244,246,247,247,248,248,248,245,246,246,246,247,247,246,245,244,243,241,241,242,243,242,243,242,241,240,241,243,243,241,241,242,244,244,243,242,242,243,245,244,244
70,58,41,41,41,33,39,46,55,49,58,81,67,64,47,50,31,36,48,50,32,27,13,16,49,18,18,40,35,26,28,30,30,57,56,88,86,62,56,65,63,55,65,87,77,88,39,86,75,48,44,43,39,49,50,39,45,45,53,49,47,60,44,64,60,51,90,73,80,119,52,53,69,107,86,56,87,72,57,70,49,112,66,78,88,86,62,231,240,243,248,248,246,243,244,244,244,244,247,247,247,247,247,248,248,247,248,249,248,248,248,248,248,248,247,247,245,245,245,245,246,246,246,246,247,246,246,245,245,245,245,247,247,247,246,243,244,244,243,244
69,48,48,49,36,36,40,45,56,49,59,79,69,65,54,51,30,34,40,48,27,28,12,15,50,15,20,37,35,19,29,33,25,53,55,85,82,71,93,52,67,63,70,74,92,80,52,38,53,35,59,55,47,43,55,61,49,53,57,59,56,49,54,52,46,71,54,73,73,81,87,66,81,134,83,57,44,75,83,85,44,106,61,82,88,74,161,253,246,246,247,248,248,246,247,247,247,247,247,247,248,248,248,248,248,247,248,249,248,248,248,248,249,249,248,248,249,249,249,249,248,248,248,248,247,247,246,246,246,246,246,248,249,248,247,244,243,242,242,243
66,56,53,45,37,40,42,43,57,47,62,89,58,66,51,45,30,38,44,49,25,28,12,14,50,14,19,31,37,29,27,34,23,53,56,77,73,82,56,82,45,85,103,83,78,77,59,58,48,82,57,46,41,54,62,52,54,46,55,56,61,65,62,63,73,59,68,70,63,73,73,59,64,87,125,82,45,82,55,54,91,55,81,86,105,86,253,244,247,252,247,248,249,248,247,247,247,247,247,247,248,248,248,248,248,247,248,248,249,249,249,249,250,250,249,249,248,248,248,248,249,249,249,249,248,248,247,247,247,247,247,249,249,249,248,246,243,242,242,242
68,55,47,46,37,43,34,41,56,44,68,86,57,65,56,56,41,36,50,43,27,27,14,14,48,19,14,31,41,31,49,32,45,54,53,76,75,78,71,51,78,82,74,94,96,44,55,58,60,39,48,59,56,61,51,51,37,42,51,48,53,53,74,85,80,72,92,81,88,71,58,61,80,96,75,70,72,76,69,74,67,94,78,92,84,167,250,249,246,247,247,248,248,247,247,247,247,247,247,247,247,247,247,248,248,247,248,248,249,249,249,249,250,249,249,248,249,249,249,249,249,249,249,249,249,249,248,248,248,248,248,248,249,249,247,246,246,244,242,242
69,47,38,47,41,33,41,39,52,49,76,83,60,70,56,66,36,52,50,35,28,28,16,12,41,27,13,35,37,22,50,30,37,60,69,68,71,67,63,78,65,95,103,103,86,58,57,54,47,60,51,75,53,55,65,47,46,40,39,41,55,59,51,68,68,74,85,85,63,76,79,53,116,84,78,83,51,78,90,66,56,84,75,93,78,254,248,246,246,246,248,247,247,247,247,247,246,246,246,247,245,246,247,248,248,248,248,248,249,250,250,249,249,250,250,249,249,248,247,248,250,250,250,249,249,249,249,249,248,248,248,247,248,248,246,248,246,244,243,243
66,49,48,39,42,35,36,39,50,49,70,86,58,70,61,66,38,37,42,36,30,28,20,12,36,32,11,34,34,23,26,31,38,64,81,77,78,78,67,105,69,65,58,83,88,60,48,77,76,64,45,42,49,41,38,43,37,56,43,56,43,56,56,55,76,52,68,92,84,59,67,90,116,125,76,57,76,74,69,75,58,76,79,79,158,255,247,246,245,246,247,247,247,247,247,246,246,245,246,247,246,246,246,243,244,244,245,247,248,249,249,249,248,249,249,248,248,247,247,248,248,248,248,248,249,249,249,249,249,248,248,247,247,247,246,247,246,245,243,241
64,55,46,44,37,42,32,46,48,53,65,82,62,66,67,60,35,46,41,33,35,28,24,12,29,39,11,30,21,48,31,33,51,64,87,91,79,73,93,68,63,81,86,109,66,73,67,36,55,47,50,49,38,44,42,43,43,52,47,54,67,59,55,51,51,73,74,53,77,108,75,50,95,89,87,76,34,58,75,52,65,80,90,93,209,246,244,243,242,243,243,244,245,245,246,245,245,244,243,244,244,243,242,239,237,237,239,242,245,249,249,250,249,250,250,249,248,247,247,248,247,246,246,248,249,249,249,249,249,247,246,248,247,246,246,245,244,244,243,242
59,50,47,46,44,42,29,46,47,59,64,80,80,66,62,52,51,52,38,39,28,24,28,11,22,44,14,25,27,46,36,45,40,81,89,85,79,80,86,70,92,53,73,72,89,56,68,57,49,63,51,53,56,50,42,38,34,45,40,52,28,34,50,55,58,59,84,76,72,25,91,92,86,67,47,70,113,74,56,61,68,76,81,126,164,250,239,238,237,238,236,237,238,239,238,238,237,237,237,238,238,239,236,234,234,233,234,237,239,244,245,246,247,246,247,246,243,242,242,242,242,240,241,244,249,249,249,249,248,245,244,243,241,240,241,242,242,241,241,241
56,51,44,44,46,35,30,48,46,55,72,71,72,71,65,44,39,31,31,41,34,34,28,13,20,45,23,25,26,42,35,45,57,80,86,80,72,87,86,94,48,72,75,67,58,72,57,62,67,57,57,56,63,48,32,35,38,43,53,58,48,56,56,59,54,76,50,87,63,80,75,73,92,98,85,57,63,67,100,50,77,80,89,137,123,240,237,234,235,235,232,233,232,230,232,231,231,230,234,234,234,234,230,230,230,232,232,233,235,235,238,242,244,244,241,240,237,237,236,235,234,233,234,239,243,247,247,247,249,244,242,239,236,235,237,238,238,239,241,241
54,50,49,42,44,36,40,45,43,54,76,70,74,74,71,41,45,34,29,29,35,32,24,15,14,40,26,25,25,44,41,55,56,71,87,76,83,81,75,88,62,66,67,62,80,67,63,48,52,55,46,47,49,37,37,34,36,42,39,48,53,55,53,57,71,64,71,59,89,88,88,87,61,75,79,92,126,60,114,84,79,79,119,136,123,221,235,231,231,231,228,229,229,227,226,226,225,225,227,228,229,231,230,229,228,230,231,233,233,231,233,235,236,238,238,238,236,235,234,233,232,230,231,235,236,241,242,244,245,240,239,237,234,231,232,231,232,234,237,237
51,50,53,38,35,39,38,34,44,49,80,66,75,79,69,47,42,33,30,25,37,30,25,20,13,39,32,21,23,38,47,53,56,59,85,91,68,63,87,73,71,79,74,79,69,63,55,59,51,51,48,47,34,43,31,44,63,30,52,47,47,52,54,63,53,58,71,63,51,65,75,91,88,88,83,63,90,119,105,88,79,92,117,128,129,220,234,229,228,227,223,224,225,224,222,222,221,221,221,222,225,227,228,228,227,230,231,232,231,231,232,233,233,233,234,235,235,235,233,233,232,229,228,231,231,234,236,239,238,234,235,236,235,232,231,225,226,229,232,233
51,50,51,33,33,43,34,36,47,46,53,61,74,69,68,50,47,42,29,23,40,31,29,22,17,38,32,15,47,29,31,43,50,84,96,90,85,68,76,65,96,92,84,53,53,91,70,58,46,49,47,46,43,48,33,52,36,47,41,42,51,49,60,53,53,67,53,71,68,72,84,63,89,83,89,103,73,141,73,68,82,96,91,126,126,213,235,230,228,225,222,223,224,224,224,223,223,222,221,222,224,226,227,229,232,229,231,232,229,231,233,234,234,234,234,235,236,235,234,233,235,232,230,232,233,233,231,233,234,231,233,235,234,233,232,226,226,227,230,230
50,50,53,32,36,30,32,47,49,39,53,80,82,73,70,47,48,35,27,23,39,31,32,18,16,35,29,23,45,42,33,33,49,71,90,93,82,56,73,72,101,100,59,86,69,70,67,49,46,43,48,37,39,29,29,28,27,35,43,35,43,46,46,47,49,56,60,63,77,73,63,81,70,72,106,61,79,128,89,77,87,105,77,103,132,201,238,232,229,227,224,226,228,227,227,227,226,225,225,225,226,228,230,231,228,231,230,234,232,230,231,232,235,235,237,234,235,233,231,232,235,234,232,234,237,236,234,233,231,232,233,235,235,234,231,229,227,229,229,231
47,43,51,37,46,35,36,49,44,39,54,82,59,64,64,48,35,34,29,24,43,33,31,19,14,26,21,25,31,32,18,39,48,52,81,90,97,55,73,72,80,82,91,74,83,51,56,51,43,37,38,34,31,36,24,29,41,31,32,41,34,28,35,44,40,50,50,63,80,68,81,85,103,95,84,77,92,87,101,79,102,93,66,99,114,186,241,235,232,231,227,226,226,226,228,227,227,226,226,226,227,228,230,230,230,233,233,235,235,232,232,233,236,238,238,234,232,230,229,230,236,239,239,239,240,239,236,235,232,231,232,237,238,238,235,233,229,229,230,229
44,46,47,38,45,42,39,51,42,43,62,81,67,63,63,45,43,33,26,16,39,36,33,17,24,22,25,30,19,15,20,31,54,44,68,88,93,67,74,96,55,105,73,75,54,63,59,55,55,55,51,47,55,40,50,44,46,38,48,53,58,55,55,48,58,57,55,53,61,67,69,60,87,85,114,98,70,143,75,91,118,62,70,95,108,164,242,236,233,231,231,229,227,228,230,230,230,231,230,229,229,230,231,232,232,235,235,235,235,234,234,234,236,239,236,232,228,226,226,228,232,239,242,242,243,242,239,236,233,231,232,237,236,238,236,234,229,227,228,228
44,51,46,39,45,47,35,52,42,46,67,82,66,68,65,41,44,34,23,16,36,39,32,23,23,11,7,35,39,11,12,26,44,50,44,77,94,89,83,63,102,99,93,76,62,65,55,58,53,54,53,53,40,44,46,58,43,45,42,49,39,50,50,62,52,55,63,74,72,72,65,91,86,99,102,104,85,112,98,91,168,57,86,76,107,141,244,238,235,233,232,233,234,234,233,234,235,235,233,232,232,232,233,233,234,237,236,231,231,234,234,233,235,237,236,231,226,225,225,227,231,237,241,244,245,243,239,237,235,234,234,235,236,238,238,236,232,231,228,229
43,51,47,40,44,49,30,51,43,44,47,77,83,69,64,39,45,29,25,12,35,36,29,25,21,5,10,23,29,12,9,27,39,44,43,58,87,88,85,103,102,75,89,80,72,59,74,56,62,64,51,48,57,47,50,46,41,44,50,53,46,52,46,56,57,61,56,62,65,87,80,83,106,94,102,104,92,169,106,112,154,85,92,63,86,121,241,242,238,236,234,234,235,236,237,237,234,234,237,236,234,235,237,235,234,235,235,234,232,229,231,232,230,236,236,230,226,225,226,226,231,236,242,244,246,243,243,239,237,236,236,238,238,239,241,238,236,233,230,230
50,51,48,46,43,45,31,54,47,42,50,72,72,73,61,49,36,31,23,20,37,35,32,16,20,26,27,28,25,9,12,24,39,53,43,36,90,82,117,87,73,86,76,76,68,56,72,61,57,58,48,49,44,50,48,41,44,43,47,59,45,46,52,49,53,54,60,67,68,68,73,94,91,109,122,93,95,139,165,132,107,61,92,64,80,113,233,242,239,236,235,236,237,239,239,239,236,236,237,236,234,236,235,234,232,236,236,235,233,232,231,232,235,236,236,232,228,226,225,227,232,236,241,242,245,243,243,240,238,237,237,238,238,238,239,241,240,238,235,232
52,48,40,43,42,37,33,53,50,38,47,79,77,71,68,51,42,37,22,24,37,30,28,26,19,18,37,35,26,9,12,21,37,38,41,33,82,80,94,85,82,89,90,70,87,74,61,84,66,60,70,64,84,77,77,56,65,81,60,59,65,83,55,64,61,69,75,68,75,80,83,97,88,100,128,92,125,128,166,114,86,58,88,55,70,111,215,244,239,235,237,239,242,243,242,242,239,239,241,235,236,237,238,236,234,236,236,236,234,231,228,229,234,236,238,236,234,231,229,231,234,237,240,241,243,244,242,240,239,239,239,238,237,237,238,239,241,240,236,234
51,50,45,42,41,38,33,45,51,42,46,83,68,65,63,58,38,41,22,24,41,31,33,18,18,13,32,22,29,13,8,20,33,29,44,44,82,69,96,72,73,92,84,80,67,87,57,51,48,78,68,80,76,80,87,60,74,65,98,75,74,90,67,71,62,55,75,76,70,92,102,93,94,113,106,98,115,129,179,87,83,57,91,56,71,107,197,248,238,233,238,242,246,246,244,245,242,242,238,238,238,240,239,237,234,235,235,235,233,232,230,230,233,237,238,241,241,239,238,238,238,239,240,242,241,244,242,241,240,241,240,238,236,236,237,238,242,242,238,237
49,50,50,42,33,35,35,33,33,38,42,87,66,75,56,63,35,34,29,21,41,35,31,20,17,10,29,21,21,10,12,12,31,48,47,37,67,108,85,85,88,100,107,93,74,76,70,71,69,32,78,89,101,74,111,85,46,81,77,81,72,99,77,74,78,71,72,84,102,105,93,79,88,97,120,78,102,134,184,107,79,67,91,58,62,100,195,244,238,234,237,244,247,248,245,245,244,244,240,243,241,240,238,237,235,235,239,240,239,240,236,234,235,238,242,242,244,244,244,245,243,241,240,241,244,244,244,243,244,243,240,235,234,233,234,237,240,244,242,241
51,48,49,42,32,34,35,31,40,39,49,82,64,70,57,61,38,34,33,29,32,35,33,33,25,32,23,14,9,17,12,19,36,63,44,47,45,82,109,84,85,110,131,103,101,76,91,85,88,79,90,97,94,105,83,69,89,97,100,95,102,92,94,84,76,68,65,113,122,123,111,89,88,85,110,90,73,164,196,86,86,81,93,45,79,96,202,244,234,232,238,244,247,248,246,246,244,243,242,243,244,241,239,237,235,235,241,243,244,244,241,238,238,240,244,244,246,246,246,246,246,244,241,241,241,242,244,244,245,244,240,234,231,228,229,235,241,246,244,242
55,47,47,44,31,34,35,44,45,43,46,84,69,65,60,54,44,39,41,30,45,42,33,32,38,27,21,13,13,19,20,28,29,63,56,40,38,75,88,75,83,79,97,112,99,99,88,81,80,58,91,118,100,111,103,100,85,88,108,105,100,100,96,92,96,93,114,137,131,97,98,105,84,82,115,105,72,142,190,95,78,58,96,66,62,104,199,240,234,233,239,245,247,247,247,246,244,244,240,240,243,239,240,235,235,241,245,246,246,245,244,244,244,243,243,244,247,247,246,245,246,245,242,239,238,240,244,246,246,244,240,233,229,224,224,233,241,246,247,245
59,49,43,47,32,35,34,42,43,43,50,85,69,67,65,43,49,45,32,30,44,48,34,29,21,20,17,19,16,22,20,18,32,61,49,43,42,103,84,74,104,79,23,122,102,89,81,92,95,101,94,84,104,95,91,99,106,109,85,72,102,76,88,90,95,93,89,118,123,79,116,95,94,68,109,97,82,163,188,161,114,58,70,52,82,97,199,237,232,234,240,245,247,246,246,244,242,237,234,236,235,236,238,233,236,242,247,248,248,247,247,245,244,243,241,242,246,245,244,242,242,242,240,236,237,240,244,246,244,244,240,234,229,225,224,231,239,245,248,247
64,53,44,49,35,30,35,43,47,44,58,81,66,70,64,42,45,48,37,36,33,51,48,24,31,17,24,19,17,20,29,29,24,39,46,47,34,97,68,59,78,79,20,136,79,111,97,92,93,104,109,102,105,99,109,89,74,92,91,89,79,110,90,98,83,107,113,118,110,22,95,108,81,67,102,93,100,156,150,160,73,65,59,59,84,92,211,232,229,237,239,240,243,247,247,245,239,234,231,233,230,234,230,234,231,245,246,249,249,248,247,246,244,239,239,240,243,242,241,240,239,239,237,235,231,238,244,243,244,242,242,236,228,226,224,232,240,244,249,249
76,62,49,47,38,32,31,42,48,46,63,79,67,65,59,44,39,50,36,20,24,37,48,31,32,19,28,25,14,22,24,23,22,58,52,44,55,104,82,99,78,71,41,20,110,97,110,113,91,103,112,107,98,102,100,113,86,110,98,110,106,111,99,90,142,113,97,121,25,64,98,90,77,61,86,86,111,171,194,188,64,75,58,60,82,89,212,234,231,236,238,239,241,245,244,241,237,234,230,230,225,226,227,232,231,239,244,248,249,248,249,248,244,240,240,237,237,238,238,237,235,234,233,232,230,232,237,242,244,242,241,236,231,230,228,235,243,244,246,249
80,66,51,45,47,40,33,38,38,42,45,78,66,61,51,51,51,53,39,23,31,21,39,38,36,21,24,21,10,21,26,26,19,57,57,47,48,97,83,68,63,78,63,22,1,109,85,105,95,104,100,107,105,113,111,112,113,104,117,101,111,115,105,99,135,104,94,25,48,85,80,86,67,70,95,86,113,177,180,152,37,76,65,82,77,82,216,233,233,234,235,237,237,241,242,237,236,233,229,228,222,220,223,228,230,240,247,249,249,248,250,248,243,240,236,233,232,234,234,232,230,230,230,232,235,238,241,241,243,242,239,236,236,235,231,232,239,241,248,250
82,68,53,46,50,44,35,38,40,39,51,71,66,64,56,57,47,46,43,29,31,18,32,29,28,32,28,26,12,10,25,23,20,44,60,48,47,93,73,82,77,67,67,55,20,0,126,100,106,124,96,121,109,103,97,120,115,122,95,103,123,95,106,88,109,93,1,36,65,80,94,70,54,70,88,83,124,153,165,122,47,68,57,62,64,99,223,227,232,233,232,237,236,237,239,238,238,231,227,227,225,223,223,222,227,235,245,247,247,248,247,244,240,237,231,231,232,234,233,228,228,228,232,238,239,243,245,244,243,243,237,236,237,238,235,235,235,239,244,250
80,73,52,49,51,45,36,40,45,46,50,68,70,60,58,55,49,47,48,37,30,26,46,28,28,19,33,8,13,9,22,17,19,28,60,53,45,93,83,82,75,69,57,48,27,18,9,118,106,114,113,114,123,102,104,113,104,103,95,101,101,91,92,112,94,4,12,49,81,69,61,48,58,65,83,86,117,169,139,149,102,90,53,69,63,87,230,229,229,232,233,234,236,240,243,240,238,232,227,229,228,228,221,219,228,233,237,242,246,245,243,240,237,232,230,232,235,235,232,229,226,230,235,237,240,246,245,243,241,240,237,235,234,235,234,238,237,236,236,247
82,83,63,56,42,50,40,41,44,42,50,70,70,54,62,56,52,47,45,39,33,27,40,47,24,29,27,12,11,5,20,21,23,14,49,55,44,85,82,84,67,54,44,59,35,62,17,3,126,98,106,93,103,101,105,98,105,102,105,110,103,87,101,89,13,10,26,47,82,38,62,65,51,71,90,79,111,160,155,139,43,61,92,89,46,104,236,234,233,233,233,235,236,237,240,237,236,232,228,229,229,229,227,228,233,236,238,240,240,243,241,239,237,231,229,232,232,230,230,230,229,234,240,242,244,244,244,241,236,235,233,231,230,232,233,237,240,237,233,235
76,84,70,59,42,48,45,37,40,46,51,74,72,65,61,61,53,44,53,34,28,17,33,36,38,31,21,22,18,5,14,21,19,20,38,55,49,79,77,73,67,60,63,56,64,38,40,31,72,94,101,98,90,105,107,103,98,103,100,106,124,111,95,43,11,33,28,54,90,57,80,70,58,63,73,80,101,185,152,111,90,49,69,43,87,104,234,235,236,235,233,236,239,238,237,233,232,229,228,230,232,231,229,229,234,239,239,238,236,234,233,232,231,230,230,231,231,231,233,234,233,238,243,246,246,247,248,240,237,234,230,227,225,230,233,236,238,239,236,234
68,76,71,61,47,53,48,35,40,47,48,71,68,62,55,55,58,50,54,41,29,23,16,35,35,27,26,27,22,5,11,21,21,21,55,57,83,72,68,68,57,59,63,79,66,56,43,37,24,92,94,98,92,92,101,109,106,99,95,97,93,101,71,21,32,56,82,72,54,74,52,78,55,59,72,87,114,223,188,150,60,59,73,44,61,117,237,239,238,237,233,234,235,236,237,231,228,226,220,224,229,232,233,233,234,234,234,233,231,228,228,228,228,229,230,230,230,234,236,234,235,239,242,243,246,246,241,235,232,231,229,226,225,230,233,235,239,239,239,236
72,72,73,63,49,57,41,30,39,50,48,73,66,60,53,57,56,51,57,43,42,21,27,31,30,32,25,29,27,8,6,16,27,27,36,56,86,73,72,55,58,70,73,68,69,66,60,33,51,130,46,116,96,107,116,117,121,113,103,101,102,104,66,55,56,35,71,75,84,86,70,54,55,55,71,83,134,170,186,123,126,147,65,52,51,141,242,240,241,237,233,231,232,233,233,232,225,224,221,223,225,231,235,232,227,229,229,226,228,231,228,229,229,229,229,229,231,234,237,235,234,239,242,241,239,238,232,231,227,227,227,227,225,230,235,235,238,239,239,238
81,73,72,67,56,52,36,34,40,45,48,72,65,62,60,61,58,47,52,43,48,29,29,50,32,36,33,26,12,12,7,21,22,32,41,54,69,64,61,55,61,57,87,73,84,81,76,79,77,119,113,107,95,122,115,109,116,104,107,105,108,99,104,116,94,93,82,92,64,77,64,52,55,56,68,105,154,158,182,80,68,93,79,79,96,161,240,240,237,233,231,230,231,233,235,236,232,227,226,230,230,232,234,233,231,231,228,228,230,231,229,231,225,226,227,228,228,231,234,234,235,236,237,238,236,232,230,228,224,226,228,229,229,228,228,232,238,238,237,238
87,74,70,71,67,45,33,38,41,42,43,73,60,69,60,60,58,50,46,45,40,38,41,40,49,25,36,24,24,20,24,25,21,37,35,55,62,59,48,48,52,42,56,82,87,99,121,107,107,125,86,124,112,117,118,119,115,112,126,119,117,95,123,129,89,113,73,93,102,63,79,38,49,62,59,118,192,171,132,73,143,123,128,98,62,178,231,234,235,233,230,231,233,235,235,238,235,230,231,236,236,234,234,231,228,229,225,227,229,230,232,233,224,225,226,227,229,231,233,234,233,232,233,236,233,228,227,225,223,225,228,231,232,232,232,233,237,237,237,235
88,82,76,75,63,43,35,38,42,48,50,68,71,68,57,53,51,60,46,38,38,35,20,43,42,46,24,29,23,16,16,26,29,36,48,53,58,53,57,54,29,50,99,76,97,116,115,109,135,72,103,119,114,118,121,126,95,111,120,125,134,122,85,104,117,102,71,68,92,57,62,76,54,53,52,80,164,119,111,54,60,54,72,62,80,203,232,235,238,242,239,236,236,237,238,241,238,234,233,237,237,236,234,234,230,230,230,229,233,232,235,235,229,229,229,229,230,229,229,229,229,230,233,236,235,232,226,223,224,225,228,230,232,234,235,235,236,238,239,237
82,92,77,77,69,41,39,42,46,44,44,62,69,60,56,59,55,50,49,46,36,38,4,32,47,46,32,26,27,19,7,20,27,39,34,39,48,70,52,54,74,54,83,85,90,102,77,111,82,88,112,127,132,142,124,141,90,107,117,117,121,122,141,82,104,81,96,112,69,67,41,56,56,52,53,136,99,106,102,139,60,57,64,63,58,220,242,238,241,246,247,238,238,239,238,238,238,238,236,237,233,239,238,236,234,236,234,235,239,239,240,237,233,231,229,228,227,226,223,225,229,232,235,238,238,234,233,226,227,227,229,232,234,235,236,238,237,237,240,241
74,87,82,75,77,59,44,47,47,40,30,59,74,62,60,61,44,53,52,43,40,40,24,18,33,41,39,27,30,24,15,14,20,27,40,36,54,69,77,63,52,59,62,94,77,89,97,74,96,121,110,123,138,126,157,164,86,100,118,138,137,139,116,119,113,91,79,70,55,65,48,43,57,54,68,59,99,139,121,25,134,67,60,61,98,233,245,242,242,244,244,240,239,238,236,235,234,235,235,240,237,241,241,238,236,235,237,237,239,240,240,237,236,234,231,227,227,229,229,231,230,231,235,239,243,241,238,232,231,229,227,230,233,234,237,241,239,238,239,240
70,76,75,65,66,70,52,47,46,36,28,70,72,64,64,59,44,51,53,44,45,34,38,16,22,38,45,35,30,25,18,5,17,28,27,38,61,54,70,70,65,32,79,68,91,90,104,119,123,138,148,140,130,130,139,126,126,114,103,115,139,148,122,121,119,97,83,82,62,44,50,64,56,59,63,84,73,63,67,110,65,67,65,60,144,234,239,240,241,241,239,236,235,233,232,230,229,231,233,240,238,241,238,237,236,237,235,236,233,235,238,240,238,236,231,227,231,235,234,234,234,233,234,241,241,242,239,235,235,233,233,236,233,231,233,241,239,237,238,241
66,71,69,57,74,81,59,48,54,36,37,68,74,66,65,57,42,49,57,47,50,40,37,34,8,35,40,43,29,26,24,17,17,22,33,39,58,59,47,63,56,90,55,62,65,123,119,137,124,126,118,127,125,119,117,116,104,121,141,134,119,128,136,129,127,77,73,94,59,62,64,55,70,77,111,63,63,91,41,94,90,78,80,49,199,240,238,235,238,237,236,235,227,226,229,225,224,227,232,246,248,244,238,236,234,233,232,234,233,235,239,243,239,234,229,228,229,236,237,236,235,230,228,234,238,242,241,239,237,238,238,235,234,232,231,236,234,234,236,236
60,69,63,62,76,77,69,59,55,46,42,51,79,68,63,59,54,54,58,42,44,44,38,45,18,13,37,43,34,23,29,19,25,30,30,37,48,66,56,50,54,61,66,52,45,55,35,38,47,74,72,70,55,42,79,68,67,65,58,56,67,85,78,102,88,90,46,46,56,48,72,104,75,37,63,94,61,35,91,44,63,66,67,59,223,244,239,235,234,232,232,234,227,225,223,221,222,229,236,246,247,250,245,236,228,228,231,236,235,242,243,248,244,233,225,229,235,239,243,239,236,223,222,226,230,235,236,239,233,237,234,235,237,233,231,231,230,229,232,233
54,59,55,66,73,70,66,57,56,48,39,42,76,68,66,60,52,57,53,56,41,41,42,29,45,8,15,39,42,34,24,11,24,32,36,38,43,51,63,44,47,54,55,71,71,50,44,43,48,61,66,47,58,72,59,56,39,43,53,74,86,78,75,72,60,54,64,69,112,193,188,77,70,71,46,82,102,66,40,89,46,63,74,91,220,243,235,234,226,229,230,235,229,225,220,216,217,229,234,245,247,248,246,234,223,222,230,234,238,245,245,248,246,240,229,230,233,239,245,240,231,219,217,215,225,233,235,230,231,233,234,237,236,232,229,231,226,223,226,227
56,59,58,68,63,53,57,59,61,54,42,38,77,72,67,66,57,61,45,62,43,44,40,37,28,24,4,17,37,40,27,28,22,32,33,29,39,40,66,38,48,54,60,62,67,78,75,47,51,54,59,57,53,48,44,49,40,45,61,59,61,75,57,61,52,62,75,88,107,186,182,82,79,109,93,34,65,48,80,42,62,62,55,144,233,241,234,236,233,234,237,235,228,222,218,213,214,226,234,242,242,245,237,226,218,223,229,233,239,247,247,249,247,245,234,232,236,240,243,236,226,217,215,211,223,227,231,229,225,228,235,233,232,230,235,237,227,222,223,222
47,55,60,62,60,50,51,58,58,55,39,40,80,74,66,66,54,46,47,65,49,43,43,40,28,26,15,4,26,39,35,26,24,33,28,36,41,42,48,36,38,47,55,49,60,52,74,85,76,70,61,62,58,60,61,59,66,48,48,47,62,59,63,65,80,79,81,98,142,164,119,43,26,83,45,105,38,52,50,63,50,76,51,143,225,239,241,239,234,232,237,233,222,216,213,210,210,214,223,235,236,234,226,220,219,225,230,235,236,247,248,250,249,243,235,234,236,236,237,232,226,219,221,223,229,228,232,231,229,222,230,231,235,235,236,234,222,217,213,209
49,45,42,46,55,59,53,53,63,49,39,40,82,71,63,62,54,47,48,56,57,42,46,41,35,28,23,5,12,30,32,32,30,26,34,39,39,41,44,44,40,44,51,61,45,46,59,68,59,75,87,80,73,79,73,70,72,79,76,95,85,74,74,75,69,76,72,85,139,145,91,49,54,45,66,47,61,52,50,51,62,67,66,178,224,241,241,239,234,233,231,233,223,210,206,202,205,213,215,224,228,229,225,223,221,230,235,233,234,242,250,251,245,236,235,234,234,230,236,234,227,223,225,230,231,229,233,232,230,223,225,229,232,236,232,226,214,211,204,193
48,43,39,30,29,37,55,62,56,47,41,41,77,70,61,63,54,48,48,51,59,51,44,44,37,30,27,11,5,12,31,30,21,26,30,38,41,48,44,45,38,35,64,49,47,62,59,52,45,58,62,51,53,58,56,66,50,59,58,63,61,62,69,74,61,74,75,100,114,141,86,17,68,84,43,57,64,56,46,56,61,55,113,217,234,238,239,239,234,231,228,228,219,209,207,213,214,217,220,229,230,233,232,230,227,231,236,231,237,237,238,241,238,233,232,229,227,225,224,224,223,222,222,224,227,230,224,228,221,223,223,227,228,227,224,211,209,202,183,168
51,46,42,36,27,27,37,56,46,45,40,45,71,69,59,62,52,51,52,48,47,59,43,45,39,32,27,15,10,7,14,33,31,30,33,38,40,48,44,44,39,38,59,49,41,50,63,54,48,53,57,53,37,52,59,44,48,44,51,52,51,60,82,61,63,61,79,110,141,48,64,57,27,40,59,46,75,57,44,63,62,54,156,225,224,237,239,238,233,230,237,239,233,219,216,226,227,226,226,233,235,244,244,245,241,239,236,236,238,237,235,231,226,220,218,218,215,215,207,206,209,212,210,209,209,218,209,212,209,218,213,216,216,213,213,207,192,173,159,146
53,45,37,28,25,21,25,35,55,47,36,50,70,71,60,61,49,54,57,47,43,58,51,43,38,34,21,19,19,5,13,20,22,34,33,34,38,40,48,30,41,54,43,44,55,59,41,44,50,51,57,54,33,48,57,42,49,44,44,45,66,64,78,66,59,59,102,99,65,55,55,36,22,41,35,53,102,81,42,63,60,69,191,231,235,233,236,236,231,233,245,245,245,238,227,233,236,237,238,236,240,250,248,251,248,243,243,241,233,233,225,212,206,206,205,202,202,201,194,188,194,202,199,197,195,193,194,198,197,207,202,210,209,197,188,170,153,140,128,125
51,48,42,35,28,23,23,33,46,46,35,51,71,75,58,60,52,51,55,45,47,47,57,41,34,38,20,30,18,10,1,27,23,29,32,38,32,44,48,39,41,49,48,45,51,54,39,40,52,43,60,43,56,40,60,37,50,57,54,54,54,76,64,69,56,59,90,77,73,25,26,34,39,38,45,63,140,75,44,63,69,91,212,238,233,231,230,229,228,234,247,245,247,246,241,239,235,235,245,239,243,250,252,249,252,242,246,242,235,224,210,203,190,204,198,192,194,185,174,174,163,170,172,168,156,152,159,174,172,178,183,186,190,173,161,135,120,118,112,107
59,56,49,42,37,27,23,33,43,37,33,46,71,69,56,64,52,57,53,50,45,42,57,41,47,37,22,7,27,11,9,18,22,30,34,29,42,47,47,42,35,47,51,52,36,58,35,48,42,38,57,41,47,51,28,56,40,55,62,60,63,66,70,58,60,53,111,66,53,17,13,21,30,89,45,162,104,183,120,60,63,144,236,244,238,233,229,226,225,237,249,246,246,244,239,239,236,238,239,246,250,248,247,248,240,230,243,243,239,216,197,182,191,187,185,184,176,165,154,149,134,135,134,133,130,123,133,144,142,160,158,169,170,166,140,117,115,106,101,103
65,61,51,41,37,26,26,30,39,41,29,46,75,65,59,61,59,60,51,52,47,54,48,56,47,32,23,17,15,16,6,10,13,18,26,34,41,43,42,37,42,42,38,31,43,45,37,39,43,37,56,48,46,43,43,50,53,48,46,58,68,61,70,59,52,50,68,59,40,33,23,19,27,51,50,109,99,226,219,84,52,186,242,244,241,237,237,233,223,235,246,248,249,243,230,233,235,240,250,250,248,250,248,241,240,225,228,233,224,207,202,190,184,179,184,184,178,165,151,142,136,133,127,124,119,102,108,128,137,143,165,171,167,154,139,123,117,116,101,98
