160,154,123,156,150,143,135,147,150,136,131,171,169,178,164,158,172,152,186,141,171,169,141,200,161,191,158,173,152,139,151,156,126,131,165,160,132,194,150,147,147,115,121,144,160,145,133,161,160,163,156,161,139,124,125,126,156,137,136,118,143,148,143,150,148,155,135,140,141,159,150,166,154,149,154,150,157,118,165,163,170,172,146,139,162,177,172,157,159,180,175,175,144,137,186,167,159,168,160,152,175,144,152,148,183,175,174,182,168,172,148,185,174,169,165,146,139,169,150,156,157,83,134,157,149,143,159,150,181,154,152,135,156,151,121,117,169,182,168,169
141,172,187,143,207,152,178,160,175,152,120,137,172,147,154,149,158,144,183,140,140,176,158,178,161,165,154,161,160,149,126,180,152,157,162,119,170,156,154,140,184,165,153,172,167,164,145,143,167,142,146,149,114,110,140,153,161,135,136,149,131,134,162,161,162,175,148,170,165,162,159,124,152,132,162,159,178,151,161,163,131,144,153,136,148,189,150,163,181,159,190,144,168,164,142,163,158,173,181,152,168,145,144,163,151,168,176,159,148,138,152,188,119,121,153,172,155,136,165,158,172,147,156,185,143,163,164,170,171,144,170,191,157,153,118,152,149,151,153,111
165,158,172,134,156,155,114,150,119,130,134,127,208,155,146,148,157,164,162,141,166,164,147,115,173,117,180,160,174,153,145,151,155,167,189,136,174,160,155,135,163,122,178,164,155,171,160,171,169,154,142,139,114,137,145,164,165,170,171,150,164,153,140,180,151,155,174,186,159,164,161,139,173,156,164,152,154,167,147,171,168,143,153,145,162,153,154,142,125,151,146,168,162,157,147,131,132,163,174,146,140,172,164,191,105,159,146,141,191,170,148,152,123,130,111,182,136,121,168,169,164,143,140,139,163,156,139,131,158,134,173,154,163,136,164,162,158,171,141,155
167,165,168,167,151,146,200,142,141,160,125,159,135,162,124,151,150,136,117,152,149,135,189,142,144,176,137,135,144,137,169,164,142,181,143,170,153,166,184,136,171,130,121,154,152,164,169,160,153,143,141,134,129,143,144,178,151,175,144,177,163,159,162,175,141,166,170,157,167,164,160,169,167,167,155,174,173,132,171,177,157,181,159,168,175,170,179,168,161,194,170,142,144,162,179,171,174,180,159,165,111,129,158,169,99,193,154,138,173,159,172,162,148,134,172,134,134,125,138,125,149,158,129,141,137,136,141,149,175,195,175,183,154,176,186,155,194,160,177,168
163,133,135,121,162,144,145,147,151,157,198,155,162,162,172,163,161,156,144,174,142,148,162,155,175,168,164,139,161,149,143,150,145,150,175,168,147,157,156,156,186,127,178,156,149,147,182,171,161,167,152,127,138,135,158,154,143,149,157,163,154,164,176,144,170,131,141,155,151,145,160,157,165,194,155,170,179,170,122,134,170,148,125,165,149,142,133,172,162,172,162,159,139,183,155,158,145,171,167,169,136,153,157,140,173,137,172,153,160,166,144,150,162,106,131,128,137,151,138,136,153,121,160,175,135,174,171,152,148,138,148,143,158,194,181,151,111,148,150,141
164,179,146,173,155,163,133,116,161,160,148,179,161,156,147,151,172,152,186,192,150,172,154,162,127,158,110,178,149,177,139,138,148,136,172,143,186,112,172,177,123,178,79,114,150,152,151,138,152,153,161,168,125,151,164,143,138,142,143,133,161,163,162,161,186,154,151,166,156,146,129,134,165,187,172,166,164,196,154,149,152,141,157,120,133,154,144,144,152,174,157,162,147,149,144,116,176,156,167,147,150,195,182,147,170,169,145,109,151,129,143,137,158,97,123,144,138,157,148,165,138,142,163,151,161,185,153,135,151,145,125,143,151,166,174,145,151,153,151,154
175,155,182,185,170,126,122,192,161,146,166,154,133,148,151,156,167,138,140,150,142,170,165,176,148,172,175,132,157,178,145,152,121,166,142,150,153,154,149,140,155,193,156,161,166,116,159,160,167,163,153,139,162,166,163,164,152,173,153,147,174,162,166,162,184,134,129,148,152,177,145,161,172,158,165,127,171,131,163,135,152,187,167,178,170,143,136,145,181,142,118,145,95,204,141,149,160,170,134,162,149,153,150,153,165,159,165,147,199,138,154,141,133,121,141,154,164,165,186,158,163,169,171,182,177,176,166,169,167,191,176,162,164,160,165,132,158,148,189,174
162,162,154,154,146,184,148,125,129,147,150,155,164,148,148,157,148,151,145,149,168,137,184,155,171,145,154,152,151,177,135,146,158,149,176,147,148,156,135,162,162,177,179,181,150,151,158,162,158,167,150,154,138,161,181,161,177,167,158,160,172,165,150,160,136,166,162,157,191,163,180,154,176,166,145,137,170,129,143,170,166,177,168,171,156,160,167,140,172,156,176,155,135,164,156,127,125,153,149,160,165,154,159,149,157,151,166,158,182,131,151,147,125,151,138,149,149,153,150,165,163,167,159,148,146,153,171,170,159,142,160,181,134,149,181,155,134,177,165,165
156,167,170,115,150,183,158,155,173,137,200,173,144,151,172,146,159,144,135,196,165,147,126,174,163,154,173,110,114,143,147,153,153,164,123,141,124,139,154,110,152,140,141,124,130,174,146,166,143,162,163,139,171,138,141,149,141,136,166,168,162,182,138,136,149,144,165,168,175,158,159,161,167,149,167,150,156,153,171,201,117,151,152,137,168,155,154,194,174,156,128,159,166,186,173,130,161,183,167,164,123,169,177,144,161,121,154,215,124,162,118,138,154,123,161,159,147,150,116,157,138,156,163,167,155,141,139,143,160,151,177,193,155,160,175,139,193,138,129,158
150,150,132,130,140,141,179,193,138,140,145,145,158,148,175,148,140,144,159,140,153,180,143,133,146,178,194,138,136,195,113,159,142,145,141,178,148,168,144,174,158,153,149,175,125,138,136,165,136,150,158,173,174,147,143,171,158,141,142,134,158,189,166,167,147,161,186,140,152,159,137,157,149,157,161,158,152,144,138,160,120,145,171,137,135,155,166,136,155,175,135,162,136,160,171,143,170,153,176,126,150,139,147,157,160,138,156,157,156,193,147,170,162,155,166,168,156,139,152,157,138,171,163,177,154,164,136,134,133,179,188,181,141,125,133,146,144,104,141,148
158,155,172,132,122,142,191,151,137,149,173,139,125,138,177,110,194,144,174,167,156,149,176,142,180,110,172,147,149,106,140,130,133,148,164,136,166,141,160,118,135,154,176,154,164,136,163,170,159,163,155,163,176,138,141,150,140,164,137,142,163,162,135,125,165,143,149,123,143,159,144,181,165,170,159,147,172,160,165,149,165,153,169,168,140,143,140,170,153,160,170,150,148,160,160,139,141,129,178,178,168,122,170,154,150,161,161,140,152,176,157,177,172,131,173,175,183,169,174,159,152,165,153,138,180,181,172,146,179,158,150,155,170,132,145,167,146,144,162,163
155,168,135,182,186,164,168,165,124,106,101,162,142,127,132,167,129,156,160,156,134,169,128,126,103,121,197,141,94,77,148,176,153,144,144,157,200,156,155,132,124,108,187,144,180,150,190,152,159,155,160,155,156,149,144,165,182,172,169,168,178,155,160,121,145,165,152,152,154,160,165,113,133,149,151,150,165,189,171,151,186,176,141,113,145,158,171,151,139,170,168,178,161,164,159,153,139,135,135,172,115,160,158,155,131,148,120,143,172,138,139,143,163,173,150,158,141,159,152,169,170,163,176,147,173,160,160,171,182,143,162,133,156,166,182,183,144,155,147,110
178,128,169,141,170,154,130,145,138,139,154,125,176,163,151,156,163,166,116,138,121,140,179,135,81,155,119,176,97,201,255,249,133,103,186,159,149,183,158,154,115,192,128,147,161,174,168,149,159,136,168,124,143,157,160,165,181,160,163,142,158,156,164,127,165,154,145,163,148,167,166,147,143,160,161,139,155,138,161,148,176,156,178,166,134,171,157,144,137,156,144,171,188,162,154,182,92,99,146,199,155,145,140,141,142,147,158,152,131,177,150,158,129,128,143,138,188,165,132,151,143,173,162,172,176,150,158,148,133,180,158,147,160,156,131,162,127,186,165,158
162,154,148,118,214,149,156,138,148,172,161,162,169,156,132,114,113,151,139,137,186,175,148,104,42,240,233,247,225,255,255,210,176,69,143,146,168,136,156,143,99,54,20,18,15,57,156,159,156,170,168,162,162,151,185,147,158,163,148,141,161,147,157,156,182,166,147,174,167,124,144,141,161,165,182,176,166,176,146,160,185,156,169,185,135,131,163,109,184,164,147,113,183,156,165,140,162,106,115,126,125,132,152,168,154,178,176,176,166,147,164,138,154,148,154,146,149,148,161,123,141,166,140,157,145,177,172,146,167,104,117,150,153,146,153,147,168,172,173,158
171,181,114,148,134,152,130,109,150,158,137,120,188,180,136,192,193,128,160,155,159,182,158,130,248,233,239,244,232,253,226,243,193,46,41,117,138,173,148,201,26,38,43,38,69,65,75,171,142,135,133,165,130,144,165,116,159,155,113,182,155,176,153,141,136,169,146,176,156,157,183,139,169,161,149,162,157,185,181,138,153,147,136,147,133,133,142,182,158,128,117,146,137,129,163,181,137,162,177,177,111,174,160,147,197,185,156,162,108,125,184,189,162,149,172,154,141,172,175,166,169,148,115,153,147,128,141,149,154,171,170,165,165,128,150,184,160,116,173,173
148,157,162,135,181,174,99,136,142,165,199,153,63,24,19,30,51,103,157,153,245,159,249,63,214,255,252,235,250,239,247,232,167,54,51,18,140,152,173,27,41,65,57,37,64,35,57,144,166,180,130,176,151,166,152,137,145,147,148,138,164,158,149,157,164,166,156,152,164,154,133,146,142,167,161,169,153,143,155,156,160,135,158,158,144,106,171,153,155,150,140,139,141,159,229,224,222,208,167,137,165,140,175,187,141,164,172,112,122,170,157,173,159,176,175,166,168,183,163,167,146,156,135,164,148,132,132,140,143,160,172,178,129,131,144,140,188,139,143,148
136,164,173,170,163,157,164,125,91,159,152,46,41,35,42,33,40,16,142,159,176,171,108,72,100,255,252,250,234,251,255,255,83,59,86,66,55,128,47,36,65,38,50,63,59,59,67,150,153,146,151,112,141,143,163,160,152,144,134,163,168,164,165,155,165,168,125,147,148,168,169,138,135,158,164,159,161,137,136,178,150,158,164,127,169,165,105,132,145,139,159,159,131,254,254,192,211,193,167,255,202,161,167,162,167,137,140,193,105,120,155,133,155,142,149,146,160,171,153,148,163,164,157,157,128,152,162,164,175,123,127,194,138,153,172,173,137,182,154,165
142,145,135,136,148,125,133,137,164,161,154,54,5,23,25,46,26,32,56,63,136,49,87,79,100,255,243,255,252,241,250,251,46,50,66,36,73,24,49,48,52,37,43,81,54,39,209,255,250,250,238,248,248,247,237,236,234,240,236,243,242,241,250,248,255,255,245,255,255,244,213,165,150,157,145,146,166,136,139,149,104,150,100,148,143,145,114,156,172,227,227,255,249,250,243,255,181,79,64,33,104,57,130,146,135,165,137,169,136,165,201,168,162,135,150,169,127,133,156,118,170,146,157,163,133,125,167,178,150,159,147,139,139,136,157,145,148,152,135,137
142,166,151,168,171,159,104,157,141,140,125,66,33,14,25,45,10,39,34,31,15,95,81,80,102,166,255,243,242,243,255,71,69,48,44,49,65,61,41,72,56,43,76,75,53,138,255,242,244,246,231,225,224,223,223,241,246,244,243,243,242,243,250,246,254,252,250,255,246,220,86,124,150,165,187,192,185,192,231,255,254,250,255,255,251,244,255,255,246,251,243,243,251,251,251,250,174,96,70,75,59,77,75,135,139,159,161,160,157,141,132,163,146,155,165,137,131,135,130,137,145,177,164,152,159,151,160,157,166,78,82,178,147,178,134,110,130,152,152,147
175,121,152,166,152,151,225,131,155,99,132,111,30,26,23,38,43,36,29,36,33,40,60,67,109,119,255,245,236,252,203,77,88,59,43,36,16,55,74,57,55,55,102,82,81,228,234,240,243,253,249,230,233,227,228,231,234,240,240,245,242,231,247,249,252,250,251,248,244,89,80,75,75,64,57,66,54,67,62,55,43,39,122,255,250,247,236,245,250,245,248,246,250,252,255,250,253,212,106,98,85,88,81,75,110,164,164,128,167,120,156,164,153,148,151,143,149,138,161,146,158,172,166,157,177,143,156,172,167,184,171,144,124,145,153,193,184,165,182,183
156,141,112,185,140,155,167,166,140,164,126,144,89,19,34,26,52,64,19,72,22,47,59,84,94,77,255,246,250,253,80,95,76,55,68,29,10,26,64,63,64,80,57,40,217,250,240,247,252,250,254,232,236,239,238,231,239,247,254,250,251,253,250,247,246,249,250,246,246,149,57,91,75,79,76,72,64,71,64,70,73,86,89,110,250,243,250,254,252,252,252,249,250,252,253,255,253,255,134,78,71,91,112,102,53,191,132,162,145,204,137,129,148,133,120,151,145,138,174,154,177,172,170,180,153,128,137,149,158,179,169,145,184,190,182,124,188,169,189,125
150,151,187,126,126,173,135,170,122,110,90,174,173,79,8,41,65,52,57,58,27,46,76,113,87,73,209,248,254,205,71,82,71,59,56,47,0,21,40,72,41,71,224,215,255,240,228,251,254,252,253,249,248,246,245,244,243,245,248,249,250,253,253,251,247,250,250,247,253,255,158,54,89,79,90,79,74,71,74,72,71,75,71,58,216,248,251,253,253,252,250,247,249,252,253,254,249,246,255,160,78,98,115,84,39,131,120,172,209,103,152,180,170,167,182,151,159,143,158,169,182,155,155,154,159,161,173,161,136,203,128,166,143,161,165,147,143,150,147,113
151,159,132,160,138,167,128,123,125,144,176,123,137,139,90,32,27,55,54,42,27,59,110,106,113,65,98,252,201,62,88,83,99,92,57,49,41,21,37,54,79,17,103,252,243,242,245,252,251,251,248,248,245,243,246,248,247,246,242,246,248,244,248,251,251,249,250,248,239,251,250,210,58,90,63,77,85,76,83,81,77,80,87,76,160,255,249,250,251,252,249,245,246,251,253,253,252,253,243,253,94,106,108,55,51,48,132,151,138,161,164,168,141,205,121,163,172,197,174,150,151,157,139,99,130,160,154,177,215,108,143,83,126,185,140,145,118,135,160,173
161,180,175,160,187,183,159,159,140,159,164,149,165,159,145,178,173,110,117,88,156,91,96,99,86,70,23,249,213,75,86,86,87,87,57,81,41,4,8,25,73,75,21,184,246,243,245,252,250,252,247,248,247,246,249,249,250,246,240,243,245,246,248,250,252,250,250,249,251,245,253,255,228,62,79,76,87,82,74,80,79,89,88,83,155,250,255,255,252,251,248,243,243,251,251,251,253,243,242,255,98,98,87,62,51,14,172,144,153,174,143,179,166,147,157,168,174,163,164,138,145,144,147,174,147,141,163,150,173,157,210,165,182,132,148,145,172,191,144,171
161,172,150,174,168,166,150,125,133,122,128,79,89,229,141,100,54,157,168,172,136,57,69,58,81,73,68,58,111,72,75,70,69,29,29,18,57,18,13,9,29,37,51,18,252,255,242,253,248,253,246,252,249,247,250,250,250,249,247,246,246,248,249,251,251,250,249,251,247,253,251,252,247,255,153,101,85,98,88,80,95,93,101,66,240,254,251,255,255,252,245,245,248,250,254,254,255,255,255,252,97,76,70,55,44,16,88,172,130,148,147,169,167,166,139,141,118,161,148,150,149,151,129,160,191,160,160,182,157,172,173,167,101,190,152,128,153,156,159,167
170,124,144,162,125,177,184,183,121,90,144,122,163,75,243,143,194,254,254,144,100,20,64,86,84,55,83,82,50,97,109,81,38,48,50,59,32,33,1,6,19,11,25,68,131,249,253,251,248,253,248,249,251,253,250,254,251,249,250,249,251,250,251,251,251,249,248,250,249,253,252,252,251,251,249,250,172,63,81,91,93,88,75,129,252,254,255,255,255,246,244,245,244,250,249,253,255,255,255,251,147,73,79,57,41,34,73,152,184,144,110,179,150,127,127,110,136,140,115,151,72,107,127,162,173,141,169,191,136,134,124,116,100,146,152,186,141,165,172,142
123,89,189,191,141,143,184,138,127,160,113,32,222,247,243,235,248,255,219,184,68,85,66,67,82,74,90,74,63,29,12,39,40,90,20,26,30,32,7,8,6,14,23,18,22,241,217,250,250,253,249,251,251,251,252,254,252,250,248,249,251,252,253,253,251,253,252,254,253,252,253,251,255,255,250,255,251,255,212,197,189,233,230,255,255,254,255,254,252,249,245,243,248,237,255,252,254,253,253,250,163,56,66,50,57,35,94,140,158,165,135,158,160,190,160,138,156,147,180,138,145,136,163,169,152,191,179,142,157,173,131,151,168,176,173,148,149,180,152,131
131,106,153,159,169,141,167,114,220,122,150,246,242,249,238,237,249,222,251,229,78,31,61,53,63,90,88,144,108,158,19,87,55,77,2,36,43,32,12,7,4,19,24,35,57,72,255,247,249,248,244,247,249,252,251,247,250,250,247,249,251,251,253,254,254,254,253,255,254,254,251,251,255,251,255,253,255,251,252,253,255,246,253,255,253,254,254,248,255,250,251,250,248,245,251,252,253,252,252,254,153,66,72,49,41,16,34,156,123,115,146,156,194,146,141,203,139,150,96,146,151,164,137,165,170,168,120,154,157,139,149,163,134,174,163,144,112,177,136,158
165,166,46,5,22,56,143,140,251,184,85,152,251,236,247,250,241,251,238,220,52,53,24,99,54,62,77,89,239,120,101,101,215,235,4,33,23,23,13,10,8,10,19,26,44,10,193,255,255,248,255,248,254,255,253,255,247,247,251,248,250,250,255,252,254,254,254,254,255,255,250,255,255,250,255,255,249,255,255,248,251,252,255,253,255,251,239,165,223,243,247,240,206,111,188,255,242,230,238,248,172,49,79,38,52,36,37,142,145,183,116,142,146,140,179,148,147,137,128,156,127,126,167,161,163,172,149,129,145,170,114,124,169,101,153,147,140,161,116,142
167,90,33,40,28,29,77,175,140,180,86,82,255,249,241,252,247,242,255,121,29,90,49,59,92,110,99,182,97,238,135,245,237,221,61,49,27,10,20,13,15,0,3,15,28,114,29,184,174,171,147,170,184,181,178,189,231,253,253,252,254,255,248,252,255,255,255,251,255,253,252,255,255,255,255,251,253,253,255,254,253,255,233,178,202,234,251,255,252,192,167,173,108,195,242,168,252,247,255,231,225,50,57,46,46,25,21,149,170,143,156,129,147,119,170,182,143,169,128,183,174,173,138,83,154,119,176,175,121,121,130,170,138,119,168,151,155,146,158,142
147,88,10,22,24,29,39,22,115,43,108,85,241,243,250,240,237,255,255,64,53,59,31,72,29,47,100,248,255,239,233,236,246,212,166,37,193,238,252,253,251,255,167,21,29,33,38,45,136,252,250,254,255,239,242,255,249,246,255,211,186,255,252,244,249,255,253,248,251,252,254,255,255,253,252,184,166,185,206,233,247,255,254,249,249,249,243,251,244,255,221,86,91,64,51,44,185,248,255,212,157,44,62,43,54,25,11,166,153,132,147,186,129,124,181,143,144,152,139,129,145,166,119,166,121,158,179,157,160,176,87,123,147,156,162,139,162,141,180,170
165,98,23,23,19,21,25,43,25,93,72,108,97,255,228,231,232,216,92,74,74,6,229,53,161,103,255,248,235,236,233,245,239,255,161,68,59,57,230,221,218,177,9,56,40,44,53,59,76,242,227,246,247,243,247,246,255,214,68,61,106,120,142,155,145,140,175,227,222,223,255,249,245,248,246,246,251,252,248,243,246,245,247,251,251,248,255,251,251,244,223,144,58,83,105,78,114,87,229,190,236,87,65,33,34,17,4,160,159,152,190,160,150,173,126,143,146,132,129,137,140,130,159,127,159,169,165,165,154,149,152,141,189,164,155,174,143,161,148,146
194,108,35,21,25,25,9,50,28,50,47,73,78,179,5,7,26,18,24,67,40,73,249,43,169,64,157,253,235,238,241,245,247,253,163,45,38,27,182,254,128,18,61,48,54,71,55,50,64,247,246,241,247,245,254,247,242,112,86,88,84,73,68,72,71,62,54,43,44,48,55,200,243,249,252,251,250,253,248,248,248,250,243,255,252,255,252,249,253,251,233,189,251,253,254,252,253,255,254,255,211,154,80,26,47,20,6,186,127,134,154,173,163,204,148,161,157,149,140,142,157,167,133,169,164,154,173,159,154,168,130,136,121,133,165,156,154,136,192,173
129,155,124,21,57,68,35,76,47,27,61,81,94,10,40,42,38,39,48,12,134,68,101,111,94,80,125,252,242,255,249,253,255,241,39,69,70,59,43,60,18,58,57,40,48,60,60,32,118,243,236,239,234,234,235,223,214,165,102,121,118,115,113,110,115,218,219,225,225,118,166,127,246,253,255,255,252,253,254,249,247,251,253,255,253,250,251,247,255,237,208,252,254,253,251,251,253,182,163,94,78,151,255,184,95,13,14,163,178,175,165,157,160,140,135,160,140,106,169,142,107,172,161,186,135,172,182,173,169,105,130,134,171,139,167,166,148,150,161,165
134,140,156,123,17,74,55,54,23,37,66,105,76,60,13,18,23,63,12,42,32,27,45,67,68,75,94,239,247,254,243,246,252,210,63,35,68,53,74,51,46,46,44,36,54,88,51,91,253,250,252,252,245,250,255,250,255,246,255,249,255,255,255,255,255,244,240,253,254,255,241,251,250,228,218,255,240,238,248,254,232,241,255,247,251,249,246,193,198,217,246,249,254,252,250,251,249,251,124,76,80,66,27,51,117,61,11,144,166,148,123,162,163,148,157,164,157,140,136,167,110,173,148,142,170,133,148,156,159,134,155,187,135,184,135,155,197,105,159,106
183,178,184,124,54,35,62,41,45,63,99,108,62,60,23,19,12,34,24,45,33,31,50,87,74,76,112,175,245,239,237,252,251,10,83,49,43,27,61,76,59,66,50,47,95,77,55,206,243,242,233,248,225,223,218,227,230,235,227,240,243,242,238,240,247,255,245,255,251,255,255,124,47,53,67,77,94,98,96,90,119,146,153,185,244,255,250,252,250,243,253,247,249,250,252,254,253,248,242,132,81,97,82,91,74,91,111,150,148,118,162,148,156,168,206,114,150,174,176,156,120,133,164,170,209,148,157,144,134,155,192,157,193,170,183,182,175,163,152,166
140,167,124,121,178,147,143,119,125,85,81,87,81,78,15,30,35,34,36,35,24,45,19,38,57,71,107,129,244,231,248,246,142,103,80,59,56,19,15,38,76,45,58,71,101,36,145,255,233,244,249,253,237,240,231,232,227,233,244,245,248,249,247,244,242,242,247,251,249,253,253,49,83,91,72,82,67,69,72,75,65,58,70,51,49,217,250,249,251,251,249,247,253,253,253,253,253,255,252,221,87,110,77,93,90,84,97,166,142,189,144,161,146,136,153,106,163,128,183,150,172,167,179,165,141,135,161,193,125,178,104,193,132,158,207,110,148,146,174,168
163,159,158,112,102,158,159,134,131,78,63,39,68,88,109,22,39,49,54,70,58,73,19,58,61,83,103,53,248,255,246,255,41,85,70,63,61,44,0,29,68,72,47,39,63,131,241,255,240,250,254,253,241,241,243,242,235,238,241,246,250,249,250,251,252,246,247,249,250,250,248,194,70,85,70,80,76,74,66,69,65,76,62,72,89,85,248,251,254,254,253,252,251,252,253,254,253,250,251,255,179,70,72,104,110,82,32,192,167,138,138,125,164,157,159,140,155,171,136,187,178,175,132,148,139,162,163,167,176,122,115,152,155,168,159,143,136,131,165,147
164,173,148,142,153,147,148,134,180,74,35,112,89,50,82,88,28,37,58,53,41,54,16,48,90,115,92,75,213,239,255,122,100,89,79,70,51,37,11,15,30,68,70,92,255,226,244,245,236,252,252,251,250,249,244,246,244,245,245,245,246,250,250,250,251,250,248,247,250,246,255,255,187,66,105,58,78,83,79,74,79,64,61,77,80,53,238,238,253,253,253,253,253,255,253,253,252,253,252,247,253,203,90,97,119,77,38,121,107,159,149,164,180,166,141,142,131,130,126,147,122,189,157,128,164,201,114,164,155,160,163,163,176,147,175,172,158,136,150,160
169,150,155,186,122,157,151,157,180,88,46,76,58,78,88,71,90,59,53,59,65,47,87,66,115,115,91,73,81,255,149,64,83,87,93,89,48,66,45,28,24,92,188,165,130,73,89,164,249,241,252,247,249,242,245,247,250,249,251,247,241,245,246,246,246,251,250,249,249,246,246,251,243,220,58,74,74,74,81,76,64,81,78,82,94,79,165,255,253,253,253,253,254,255,254,253,249,251,250,255,250,255,100,101,92,61,47,42,175,176,141,172,134,170,139,163,174,150,166,162,136,162,142,144,149,162,114,155,161,167,168,152,165,170,161,152,142,144,188,178
163,154,141,143,177,113,145,179,149,185,21,50,65,81,82,70,70,67,75,28,76,4,31,112,71,86,71,68,39,230,211,79,76,67,79,63,44,79,45,16,118,89,76,226,163,84,248,238,231,255,246,250,255,240,243,243,254,241,250,238,255,245,251,246,243,252,250,248,248,251,247,247,252,254,247,143,56,86,88,88,75,82,84,92,83,65,204,254,254,254,254,254,254,255,253,249,248,249,249,244,249,251,88,85,81,53,55,10,135,171,127,137,159,175,158,176,158,149,159,169,143,173,146,163,160,158,154,144,111,160,154,163,162,157,199,150,144,157,179,165
153,143,141,130,124,142,177,133,146,121,43,30,50,92,84,69,65,70,63,35,37,15,44,26,60,45,86,70,68,28,56,101,75,73,54,33,4,34,55,21,27,200,233,203,235,253,243,173,152,112,255,240,241,255,240,250,211,34,14,17,1,141,237,251,248,253,251,250,250,251,249,248,251,253,253,255,242,139,58,92,97,79,87,91,100,104,255,255,254,254,254,254,254,253,253,249,248,246,251,255,255,251,93,62,73,47,42,21,155,149,139,122,146,155,140,140,151,172,131,168,163,183,145,167,157,175,161,163,174,151,164,118,129,170,182,145,170,172,133,156
153,141,161,173,133,171,167,198,160,173,23,50,82,97,76,65,84,68,67,33,31,28,16,64,82,98,99,46,84,72,65,72,95,57,46,58,14,59,31,172,192,240,237,245,244,233,238,233,115,21,83,235,254,249,249,232,10,55,38,53,65,52,190,252,254,251,250,249,250,253,251,250,252,249,249,255,236,255,229,148,64,71,74,90,109,203,247,253,253,253,253,253,253,253,254,248,246,247,243,252,255,255,124,49,57,53,43,22,102,137,102,152,157,172,125,151,152,144,104,160,138,159,126,133,157,147,152,140,167,127,139,180,151,186,165,166,124,154,140,151
110,144,152,98,171,142,208,107,133,160,39,30,63,86,78,63,71,78,50,65,40,0,12,50,53,51,66,82,83,66,51,43,49,69,36,39,235,255,11,171,134,252,236,242,251,250,250,238,70,42,62,41,255,251,201,8,42,70,41,66,37,41,180,252,254,253,252,252,253,254,253,252,252,253,251,247,245,255,255,255,247,251,249,255,251,255,253,253,253,253,253,253,253,253,252,244,244,242,244,244,245,181,217,242,225,214,214,217,214,221,163,149,156,145,162,159,157,161,138,125,167,189,152,157,168,156,169,146,173,131,136,159,149,167,139,144,168,159,170,180
170,162,147,113,153,161,152,137,139,82,50,61,61,104,62,72,76,60,67,41,20,9,36,44,36,54,64,91,6,39,41,37,36,45,20,74,89,214,140,116,78,201,245,244,247,249,248,253,28,73,73,42,98,185,20,52,51,45,54,77,62,57,180,247,255,255,255,254,255,254,255,255,255,253,254,255,255,253,247,204,198,207,216,252,255,241,250,253,253,249,249,252,255,252,255,243,245,246,249,236,251,204,250,251,252,255,255,252,252,255,187,222,252,174,164,115,109,169,153,146,116,150,136,139,174,146,125,154,137,145,122,146,168,148,137,140,175,146,168,166
151,129,139,176,105,133,146,166,143,182,59,32,35,117,62,65,62,86,62,24,34,30,36,58,27,54,61,97,44,25,24,41,47,41,19,35,152,87,75,71,78,160,255,250,247,247,251,170,59,43,70,54,56,45,38,48,44,40,50,76,35,73,254,255,231,238,238,237,231,227,218,211,215,217,227,233,229,225,233,246,245,254,250,255,225,235,202,218,246,255,244,255,255,252,254,253,239,223,171,182,203,238,250,251,251,248,250,253,255,99,72,35,39,110,87,171,108,173,147,144,168,145,136,163,136,171,123,159,163,148,119,176,162,157,177,147,177,179,157,116
162,163,167,108,152,175,148,145,129,145,56,45,77,98,47,74,74,93,57,49,35,31,36,30,21,48,101,77,18,29,21,12,49,12,49,32,15,51,83,69,105,83,246,246,251,250,253,55,86,51,79,47,77,49,61,67,42,59,81,71,24,221,242,255,242,228,223,227,229,233,241,246,242,247,245,243,243,240,247,242,241,248,249,255,160,122,147,165,184,187,192,194,206,247,255,255,253,247,252,255,255,244,253,247,252,249,252,243,236,108,61,85,86,72,85,72,131,142,149,152,116,170,151,144,146,135,160,160,146,178,156,100,139,178,138,196,131,159,147,142
175,155,135,139,130,178,176,169,173,194,102,44,89,86,45,46,47,81,78,52,32,38,37,6,29,36,91,68,59,27,27,19,31,39,32,51,32,41,63,70,77,91,227,245,247,249,118,93,61,51,24,30,28,79,58,45,55,76,88,48,141,255,244,247,242,247,234,233,226,231,230,232,238,236,242,247,245,240,236,246,251,251,249,216,56,78,71,63,57,59,58,55,54,56,46,45,60,184,248,246,249,247,249,255,250,253,251,255,254,255,135,106,96,83,78,86,69,154,154,84,156,152,160,154,170,169,164,109,171,158,146,131,129,182,167,169,148,125,144,163
171,183,177,162,171,147,151,113,150,147,155,44,80,49,90,155,58,62,62,58,26,12,29,2,48,50,82,89,130,45,35,41,31,50,52,50,72,10,61,73,93,93,144,252,227,254,76,93,57,74,49,23,7,46,75,46,71,88,53,110,163,168,130,82,79,167,253,240,241,239,230,237,243,249,255,253,246,249,250,253,247,247,245,247,68,85,75,72,76,70,70,66,68,64,74,64,84,71,201,246,254,255,251,249,251,249,253,253,253,255,247,66,103,77,90,113,85,88,120,131,108,160,193,132,205,192,140,166,151,182,118,119,133,164,180,148,123,168,142,124
135,150,161,169,123,152,151,137,162,150,167,41,81,176,255,236,208,81,84,49,28,48,24,0,42,67,63,98,46,73,49,24,58,54,61,57,64,14,57,88,111,87,59,241,250,255,86,76,80,50,52,32,0,35,32,70,26,123,105,77,88,248,154,78,236,241,232,244,238,250,245,239,243,254,236,249,255,248,255,246,244,248,249,255,250,80,67,79,92,72,79,75,71,74,72,71,73,76,49,251,255,253,251,251,253,253,254,255,255,249,255,238,100,81,96,108,75,34,143,145,138,149,186,183,133,134,154,185,179,175,178,114,132,181,142,129,134,115,149,170
109,147,173,127,132,167,186,172,163,166,178,63,104,155,210,178,184,142,119,102,48,26,0,6,54,58,104,73,55,65,61,64,38,53,55,42,22,30,76,103,116,91,65,216,252,149,65,90,92,83,35,46,28,22,58,41,65,31,45,208,203,205,241,244,243,190,156,99,248,239,243,250,249,244,231,30,21,18,21,151,248,247,246,246,247,248,105,81,74,83,80,81,75,82,80,80,72,88,84,240,249,254,253,253,255,254,253,253,253,249,249,251,180,102,103,91,60,32,134,135,123,150,155,211,123,151,171,143,154,156,195,131,144,134,129,180,169,128,152,142
108,142,132,151,184,87,101,138,142,149,127,78,93,56,163,161,151,130,0,59,19,60,5,0,82,67,92,67,44,65,76,89,82,52,80,67,86,116,88,116,84,83,69,64,246,132,78,86,83,75,65,78,17,7,1,33,59,153,174,236,243,248,236,242,227,246,121,26,83,233,255,243,251,239,14,34,29,64,76,45,188,250,250,245,249,255,255,169,62,73,80,86,82,79,81,84,95,88,54,247,249,255,255,255,254,255,253,252,254,251,244,251,219,107,100,77,50,26,32,118,115,118,145,112,120,150,167,170,131,169,168,121,129,148,171,161,126,173,126,171
161,128,174,177,192,169,167,126,156,150,148,68,93,123,102,100,103,32,77,88,46,5,1,0,12,77,71,119,146,172,32,59,85,41,34,16,34,42,57,62,72,87,59,47,128,82,93,73,54,45,56,80,41,17,223,255,0,170,128,251,242,249,243,239,246,240,86,59,49,32,245,253,209,1,54,72,45,52,42,29,201,251,250,248,250,251,247,255,218,111,81,89,95,78,83,101,92,96,98,248,250,255,255,255,255,254,254,252,247,255,255,248,239,67,105,114,212,227,231,218,171,148,151,141,164,157,117,135,135,105,134,141,133,150,154,140,146,148,123,118
166,151,147,174,180,169,138,157,136,157,174,42,58,126,86,53,82,59,88,23,20,7,3,0,96,44,108,186,248,255,199,59,72,49,39,21,57,0,24,73,77,79,64,66,53,84,13,22,48,40,24,35,54,44,107,217,135,108,79,203,253,238,245,248,248,255,21,75,70,32,116,201,3,60,48,55,45,82,68,48,168,255,250,252,253,251,253,255,252,255,226,122,70,68,82,75,127,115,189,255,254,255,255,252,248,255,251,249,242,239,160,183,232,245,253,251,248,249,252,243,203,223,250,159,138,171,179,137,111,169,203,151,172,136,143,115,162,154,129,186
158,141,133,98,166,131,169,165,174,165,140,169,75,41,55,50,42,32,15,45,124,17,0,0,34,96,103,180,203,183,166,165,49,105,45,36,61,0,50,87,58,90,81,88,67,81,38,15,9,35,52,34,27,37,150,94,66,68,71,167,242,250,249,245,250,167,64,31,65,38,49,51,55,45,47,38,53,74,34,76,250,244,234,234,232,220,215,197,216,211,220,231,245,238,246,242,255,250,229,238,201,238,253,246,250,255,249,244,240,244,241,247,251,250,255,255,255,253,251,100,58,45,25,127,107,134,143,152,155,144,149,157,153,150,158,148,149,169,137,136
161,136,124,137,150,152,167,180,161,185,160,129,157,135,119,157,35,20,47,121,26,0,5,7,41,65,100,68,158,135,141,49,14,64,24,29,26,4,43,44,60,70,82,90,62,64,16,26,22,12,49,22,38,39,2,56,61,70,98,71,247,247,247,245,248,67,80,49,43,30,77,55,64,69,37,53,82,77,36,221,247,245,240,231,223,228,232,252,237,251,238,253,245,244,248,244,239,255,182,133,164,174,188,192,198,211,210,243,255,253,253,245,246,240,250,255,252,245,237,85,86,72,76,76,92,82,124,114,117,152,169,146,134,135,157,151,182,136,145,148
144,156,158,123,151,147,140,156,141,148,157,144,122,150,171,157,120,26,8,8,1,2,3,0,3,86,133,116,91,94,101,26,121,47,39,33,3,2,63,34,54,76,94,85,65,68,51,38,18,23,37,32,30,52,21,54,55,68,78,89,217,243,251,255,110,91,69,52,33,30,25,76,54,46,51,95,87,47,118,255,229,240,251,245,234,233,229,234,238,237,242,243,246,238,235,243,249,216,58,70,71,62,63,54,60,57,51,47,45,42,50,202,249,250,249,249,251,254,253,252,114,120,85,95,78,67,68,168,146,151,174,170,173,173,171,159,128,175,137,148
157,134,142,155,160,151,152,156,125,151,152,139,153,170,156,162,171,47,14,9,3,2,1,9,2,63,67,96,40,38,36,57,27,30,28,11,0,5,76,35,59,96,79,75,77,54,136,46,23,52,30,48,46,52,72,17,52,71,87,104,146,255,237,251,59,99,67,63,57,15,6,38,69,48,85,92,65,62,255,239,243,248,249,249,237,239,239,236,242,247,249,248,250,250,250,247,250,253,61,74,78,81,74,71,71,67,71,63,68,64,71,49,215,248,248,248,250,253,253,252,234,79,97,70,90,124,96,90,138,168,180,175,174,159,184,160,142,170,162,168
169,169,138,151,138,120,166,154,147,184,163,134,143,149,153,188,161,178,26,11,1,2,3,0,13,0,53,51,83,58,19,17,11,103,122,5,7,6,0,41,41,104,66,76,82,59,70,60,53,28,52,58,61,63,69,16,52,85,112,68,65,255,251,248,89,72,70,57,55,38,0,39,46,65,31,115,201,227,251,241,234,255,254,252,247,249,249,245,241,246,252,251,249,250,254,251,249,244,254,77,71,79,74,82,82,73,72,77,74,71,63,78,57,253,247,246,253,253,253,249,250,222,96,92,99,94,70,28,151,161,155,161,157,152,160,165,177,186,170,158
150,169,168,133,123,123,180,164,147,168,129,129,175,147,114,153,153,143,113,13,5,5,3,2,2,0,1,11,0,16,58,22,48,76,0,0,1,1,7,33,39,107,66,73,64,62,56,37,40,68,41,47,61,31,24,30,71,105,111,96,48,210,255,181,59,84,94,89,34,47,27,23,54,45,65,39,207,238,243,243,243,252,249,245,246,244,244,246,247,248,243,249,249,247,248,248,248,250,242,255,104,89,76,71,72,83,79,82,79,82,72,78,68,246,246,248,252,252,254,250,255,248,163,104,105,97,59,36,169,148,140,145,148,165,121,150,140,147,151,158
116,155,163,177,177,118,142,148,161,124,190,153,152,170,147,152,164,144,190,51,17,0,0,19,0,0,1,0,0,15,63,43,3,16,0,0,3,3,0,32,61,94,83,63,61,72,50,32,34,19,26,42,83,80,92,115,87,116,92,81,68,62,255,121,90,86,81,85,65,80,14,5,12,46,65,69,39,255,230,237,244,251,249,248,247,245,245,249,250,249,245,243,246,247,246,248,247,243,255,248,247,164,63,75,82,85,82,84,78,77,89,83,58,247,247,242,249,252,253,253,245,255,208,111,99,73,57,44,44,173,159,149,144,145,171,140,153,170,150,157
168,165,153,200,122,151,175,142,93,127,129,106,134,141,170,122,156,176,162,153,14,16,8,9,0,3,0,8,0,11,33,38,20,12,2,7,3,0,0,46,47,112,63,64,68,83,70,23,29,16,16,43,1,6,5,34,69,69,63,92,53,60,139,98,84,91,65,21,21,62,42,13,12,3,33,59,66,88,255,254,249,251,251,248,250,248,248,250,252,250,247,246,247,249,249,249,248,250,248,250,253,255,225,104,73,90,99,69,88,102,99,86,99,251,245,241,249,251,253,253,253,252,227,70,65,66,46,50,17,133,176,159,157,193,167,181,157,170,150,185
159,170,180,162,165,190,132,154,154,97,128,163,115,153,131,165,156,179,173,138,109,45,6,5,0,4,6,0,15,15,18,130,17,5,3,0,0,8,1,19,68,104,63,42,60,54,54,50,39,25,26,34,0,12,0,0,11,69,60,76,56,58,56,88,92,68,59,69,14,67,24,19,2,3,15,25,39,41,235,248,247,251,252,248,252,251,250,251,254,251,251,250,248,251,250,248,251,255,252,255,252,255,246,255,207,96,63,85,88,88,77,74,214,251,249,246,250,251,253,253,249,253,255,78,75,72,47,50,11,173,135,150,158,170,159,151,148,155,149,187
142,140,165,172,179,115,131,179,61,134,163,166,148,120,146,212,134,161,143,167,159,26,18,17,5,9,10,16,2,17,13,41,94,12,0,10,1,0,3,80,93,52,26,84,75,73,63,46,29,13,51,11,0,1,0,13,76,88,108,191,120,124,73,67,80,83,55,41,27,36,36,23,3,0,13,16,16,45,57,255,248,250,250,249,249,250,251,251,253,249,249,250,251,252,253,251,250,248,253,250,250,251,249,248,255,245,250,173,166,179,214,232,250,253,243,246,250,251,254,253,252,255,252,70,57,62,50,69,13,215,150,140,160,122,165,121,161,174,154,159
181,157,130,143,142,144,129,122,106,186,155,102,138,142,156,155,98,164,165,180,182,60,50,22,2,16,26,5,0,50,203,159,208,14,19,0,0,15,6,76,63,127,255,241,238,106,68,72,40,17,55,0,0,0,0,3,29,76,106,136,181,147,94,249,253,139,42,25,34,51,30,26,8,10,5,8,26,40,19,242,253,253,241,250,254,250,251,251,250,244,255,250,250,252,253,254,254,252,252,253,253,252,253,253,252,255,249,251,254,252,253,253,251,253,247,247,248,254,244,250,255,255,247,68,68,63,51,45,6,115,159,156,166,173,151,183,107,152,130,116
172,172,156,164,164,174,158,123,179,148,167,167,149,137,175,162,140,144,174,171,139,180,63,36,15,28,15,111,146,188,154,156,158,135,12,11,10,4,0,111,110,162,162,186,225,130,145,61,66,37,27,0,0,6,0,18,88,48,205,178,243,187,246,248,244,128,95,50,42,22,24,25,10,74,25,63,26,54,46,249,246,254,255,249,250,255,255,255,244,250,255,248,249,251,253,254,254,252,252,253,253,254,252,252,253,255,254,250,252,250,252,254,252,250,246,241,254,253,255,239,227,251,255,70,59,59,45,70,9,124,143,155,178,151,174,165,174,152,154,151
154,134,179,166,184,154,149,126,141,113,110,167,99,186,147,140,186,179,140,134,153,190,103,25,44,19,81,152,140,164,162,164,162,170,59,33,14,5,0,55,61,60,170,168,172,154,43,5,15,57,43,13,0,0,0,14,91,156,230,245,247,236,244,238,204,225,46,32,32,21,35,8,27,17,30,46,51,86,16,99,179,162,165,175,196,193,187,200,228,255,255,249,250,250,253,254,254,252,252,253,253,255,253,252,254,254,255,251,252,253,254,251,252,250,247,245,251,254,251,246,255,238,255,115,57,48,40,41,5,108,164,122,142,178,160,150,165,161,144,193
146,153,173,171,156,140,141,138,80,130,133,85,153,96,126,139,183,150,177,167,139,177,250,12,41,0,188,146,147,150,165,161,170,165,136,34,18,12,10,21,86,138,63,106,111,89,89,72,64,80,7,18,4,255,58,195,85,242,255,233,235,255,241,230,248,195,70,53,48,39,16,43,23,51,63,31,27,73,31,18,172,183,175,181,175,180,185,187,190,180,199,247,249,251,254,254,254,252,252,253,253,254,254,254,254,255,253,254,254,253,251,250,249,249,247,239,159,166,167,214,173,226,217,65,65,50,39,53,26,80,142,155,162,174,179,143,174,161,133,153
148,158,119,139,150,90,169,159,178,106,134,116,144,125,135,165,165,165,172,153,169,153,156,192,15,142,211,143,176,159,174,173,164,163,189,26,35,30,9,18,71,128,137,64,81,84,19,18,39,29,16,63,14,240,190,108,63,84,253,246,242,240,244,255,241,187,34,68,50,40,62,20,76,37,62,69,64,61,10,31,48,175,166,176,181,175,187,187,189,193,179,215,248,254,254,255,248,255,253,255,253,255,252,253,255,253,253,252,252,254,246,250,251,244,148,253,254,255,248,246,243,150,209,171,49,62,34,32,31,81,160,161,155,180,156,152,153,154,152,142
139,174,162,166,151,117,141,138,136,167,161,127,147,177,111,148,152,133,147,150,104,168,127,184,220,237,254,142,165,168,161,152,183,176,187,124,69,29,18,15,73,44,49,44,44,56,32,29,31,29,34,59,0,232,37,80,83,85,255,248,252,255,238,253,246,79,56,47,74,18,53,45,46,35,69,64,21,139,255,244,248,236,217,217,215,201,196,190,184,188,189,206,202,201,250,248,243,249,246,237,255,253,253,255,251,255,253,252,253,248,234,170,227,255,241,251,244,209,55,66,14,151,130,146,56,51,24,69,19,70,185,141,132,134,150,183,154,103,135,132
136,163,128,165,161,168,149,161,159,143,123,137,153,126,165,140,183,127,160,172,159,181,148,180,235,250,240,225,193,165,173,161,176,169,184,226,84,25,16,26,159,147,88,111,80,57,7,28,32,37,34,62,13,4,72,65,58,101,151,253,254,238,246,246,206,61,48,62,70,68,36,49,55,59,75,72,71,234,244,216,243,240,229,232,230,232,240,246,255,248,255,248,251,251,255,254,236,255,232,225,226,215,213,220,230,229,244,255,250,249,242,250,246,251,255,250,229,190,48,74,93,49,93,63,104,52,47,135,11,50,157,154,163,151,146,179,184,162,149,166
132,173,132,120,152,163,155,141,140,154,155,141,125,141,145,160,140,177,158,169,159,160,139,152,247,251,251,221,255,166,173,173,171,174,193,200,224,26,46,28,182,155,143,164,187,71,25,20,19,31,37,25,55,25,73,66,56,114,85,255,249,237,252,255,58,87,65,38,18,60,75,56,46,89,97,53,161,144,89,229,124,82,75,134,231,224,235,229,232,238,238,241,234,240,240,251,255,144,73,57,48,47,49,49,38,32,57,42,67,202,255,250,251,250,255,252,247,253,248,97,104,84,85,82,65,73,16,201,8,21,160,149,162,157,176,114,176,151,154,170
155,178,136,174,150,157,161,111,137,180,168,180,99,143,136,147,144,160,113,178,169,151,164,123,254,249,231,242,254,163,179,176,167,173,173,171,183,154,45,255,202,159,165,179,163,77,90,5,30,38,50,7,74,44,25,58,75,96,70,255,250,237,244,185,81,101,68,33,10,16,61,64,81,93,26,119,231,152,160,75,202,108,204,255,248,170,199,227,234,226,250,246,253,255,190,255,255,151,76,89,68,69,70,68,74,61,62,71,76,55,68,255,243,250,252,253,252,250,255,134,92,78,91,101,96,55,28,181,114,101,140,128,158,130,148,175,144,151,166,163
179,138,175,71,88,199,189,139,140,127,134,138,178,167,107,132,146,117,154,151,149,158,196,108,241,250,224,239,245,177,169,171,170,181,178,174,142,209,238,249,250,149,174,159,161,155,99,62,52,74,45,68,78,42,35,68,89,96,87,168,255,250,255,54,93,62,59,52,15,20,55,40,28,124,163,255,125,45,238,237,240,230,255,247,199,168,62,232,247,247,235,255,20,5,37,7,21,196,145,56,75,75,83,71,69,67,76,71,72,65,52,184,255,253,253,253,252,253,244,252,119,75,93,97,88,65,64,158,168,129,153,147,141,171,151,169,149,178,166,127
147,161,212,155,185,134,144,127,151,184,199,155,155,131,144,194,154,189,173,170,168,142,175,150,213,252,209,245,232,226,162,165,166,178,170,167,176,181,247,253,227,255,181,184,167,170,178,18,41,49,56,60,34,15,45,87,108,111,65,93,255,251,132,86,99,87,66,22,31,13,32,60,40,237,250,211,179,240,255,228,246,235,248,235,237,208,56,27,132,242,255,13,58,39,52,58,68,48,250,183,63,87,73,80,75,83,77,72,72,90,82,144,255,255,254,253,252,253,251,238,255,69,102,119,65,39,57,162,140,132,146,162,177,138,197,145,155,130,147,149
158,158,168,181,137,160,139,91,179,153,138,136,154,113,166,143,154,211,132,118,136,183,156,168,162,250,193,241,232,246,157,164,157,170,180,176,177,172,248,250,218,248,232,174,169,165,153,14,44,24,46,100,56,145,76,96,116,85,87,40,209,215,55,88,88,101,62,21,30,37,53,72,26,255,181,220,62,205,255,239,237,249,238,249,237,191,43,66,201,210,37,51,44,65,54,62,40,42,252,255,158,62,78,84,80,74,79,85,88,92,98,94,252,254,253,253,253,253,250,245,254,119,88,89,49,150,167,179,136,147,138,126,187,173,184,140,163,126,139,164
110,151,141,142,98,141,148,170,155,165,110,104,143,178,162,169,163,156,164,160,129,127,149,167,125,201,176,230,211,230,178,152,148,186,169,165,166,195,255,247,210,255,240,175,179,167,169,47,28,0,7,3,10,12,88,71,73,67,72,57,92,221,70,71,70,58,44,39,42,30,24,134,52,74,172,108,61,102,241,250,249,232,253,255,255,88,57,66,51,40,38,62,38,57,59,56,60,45,254,249,255,231,60,92,86,67,74,88,86,88,62,140,255,249,255,253,250,248,247,240,242,204,234,250,255,255,178,136,236,230,164,151,156,155,147,164,124,148,145,122
179,156,154,148,173,170,131,134,156,180,188,146,132,137,152,176,159,153,156,173,197,157,156,132,157,139,169,176,179,210,233,163,174,158,211,214,225,230,243,255,195,255,241,155,168,168,167,146,25,22,14,1,0,2,32,39,72,66,70,76,53,59,84,72,50,62,22,20,17,22,29,67,22,127,42,89,80,85,254,238,255,251,240,251,255,49,67,47,70,22,46,53,32,48,79,53,36,221,244,243,240,251,247,247,247,255,255,252,253,242,249,189,174,255,255,250,241,249,243,243,250,241,252,247,249,199,67,70,50,79,54,153,127,128,156,132,136,126,140,174
120,132,156,178,166,169,152,156,120,151,155,98,163,159,102,169,159,153,129,176,130,106,160,175,165,92,187,198,115,175,196,181,138,245,247,237,239,228,246,248,192,251,245,199,162,160,166,188,55,19,4,10,3,10,70,79,87,95,71,83,74,63,71,68,53,79,27,20,13,18,38,25,22,31,89,75,74,108,144,255,245,242,246,255,67,75,50,47,56,64,41,56,42,83,77,63,141,249,247,240,230,229,238,236,240,237,245,243,242,244,76,87,132,144,168,168,165,158,199,244,252,242,255,254,253,197,99,80,79,65,83,78,94,194,122,169,172,131,159,138
131,126,106,187,124,114,172,141,140,186,149,145,132,142,129,190,141,186,182,152,111,104,132,178,162,147,145,148,226,172,77,117,85,255,250,234,227,216,191,248,170,251,237,221,157,160,167,160,153,45,28,15,10,15,15,32,60,55,84,87,72,63,75,65,41,59,31,22,37,39,37,12,45,35,51,46,70,102,107,255,246,233,249,204,86,84,61,48,22,51,67,53,52,106,82,67,235,248,247,246,250,236,229,237,236,241,242,245,240,94,89,89,80,77,65,62,72,72,58,60,62,43,79,233,253,249,230,103,101,77,96,89,86,100,179,162,120,169,169,176
153,116,196,105,126,162,122,133,115,146,153,118,137,129,120,142,153,181,155,160,169,122,144,121,111,129,120,146,107,143,164,122,71,255,241,237,230,236,222,221,148,239,211,241,173,150,158,186,187,25,72,12,28,31,9,40,40,51,93,83,71,73,60,74,39,51,125,12,28,51,67,32,75,31,44,67,82,99,71,255,242,250,255,74,92,82,50,73,41,27,66,71,73,59,48,209,250,229,246,252,251,238,239,236,244,253,251,250,245,167,64,84,77,79,72,74,64,68,66,72,79,79,96,95,251,252,247,147,75,75,91,104,101,68,170,128,138,165,144,110
144,86,130,144,153,165,139,132,138,106,143,192,162,134,137,135,154,167,151,135,170,134,150,168,126,178,112,149,98,138,170,155,127,254,248,212,214,244,209,182,143,201,166,204,167,182,174,171,236,149,39,35,17,30,88,41,31,73,103,76,74,68,64,71,32,46,7,23,36,68,65,39,61,32,41,63,106,90,74,187,254,255,200,78,89,72,70,55,43,4,38,77,72,250,221,251,234,239,251,254,253,252,249,244,247,249,249,246,241,255,183,60,101,74,96,82,77,71,74,71,68,76,74,59,203,250,255,255,181,80,93,105,84,52,111,126,179,148,142,172
182,173,137,135,158,144,176,154,150,160,157,187,134,174,160,153,167,157,99,164,180,138,130,150,160,175,120,126,114,155,162,208,184,235,255,231,227,246,223,244,179,220,124,207,173,147,177,246,222,255,69,47,41,55,192,33,52,70,90,74,78,76,62,78,38,31,16,71,72,50,46,69,45,40,61,110,119,105,72,69,252,198,61,81,80,98,89,62,48,41,32,51,32,63,255,245,247,239,251,251,251,247,250,243,245,239,244,249,244,254,239,232,40,90,58,75,83,76,83,82,80,88,80,75,147,255,252,255,255,83,100,108,64,46,52,123,182,174,145,151
169,170,160,128,153,196,137,148,136,135,136,160,150,151,149,152,154,122,125,182,138,156,144,148,156,127,134,147,135,166,166,135,160,255,229,250,244,235,232,207,189,131,198,95,80,83,140,255,255,229,229,6,9,242,153,42,25,63,87,73,68,69,53,53,36,17,15,44,2,1,40,57,49,84,93,94,86,95,66,28,234,227,75,90,84,80,86,49,88,44,1,9,80,36,165,251,246,239,253,251,254,248,247,249,250,249,244,245,247,242,255,249,249,82,71,77,87,85,73,79,73,88,91,86,143,252,254,251,251,105,107,88,62,42,20,153,167,145,160,168
144,147,169,125,149,157,157,160,138,163,139,172,167,165,179,154,145,178,161,155,127,183,156,160,172,157,167,136,142,124,131,123,145,255,243,255,238,222,199,228,186,132,163,169,140,133,200,253,229,238,168,190,226,255,192,55,34,41,111,55,75,59,52,33,38,25,35,17,3,5,4,5,2,4,52,72,51,79,81,68,47,97,74,73,69,68,27,28,7,59,17,11,28,49,21,240,250,231,252,247,253,247,248,249,250,251,248,247,248,252,250,253,252,255,179,120,69,96,93,78,95,101,99,67,246,252,255,255,255,108,76,69,55,43,38,98,146,151,140,151
127,160,165,159,177,138,158,181,156,112,132,162,144,154,154,194,178,176,133,135,152,194,164,141,149,112,161,127,149,152,153,159,132,250,255,243,244,222,212,205,151,141,158,149,145,109,255,255,242,214,180,219,233,254,198,62,46,45,108,63,64,64,54,34,22,25,30,21,0,3,4,6,0,2,45,64,86,90,53,88,76,59,92,75,76,45,58,48,65,29,35,4,13,26,67,89,241,247,250,247,251,246,249,251,251,251,250,250,248,251,251,253,253,254,242,255,205,79,69,86,86,83,86,140,251,252,254,254,250,163,70,78,59,44,32,61,147,139,150,133
159,154,161,160,111,147,171,149,140,134,175,155,124,147,170,162,179,133,135,113,125,162,137,143,169,158,133,117,126,154,144,152,161,255,247,243,254,250,234,222,106,176,145,158,169,195,255,244,255,216,246,187,255,255,187,106,64,84,95,53,58,41,64,52,45,38,14,18,4,4,2,1,1,8,69,67,70,74,71,91,63,66,73,88,60,41,28,14,18,35,34,5,13,22,13,38,213,225,252,252,254,249,250,251,252,252,254,250,247,253,253,252,252,254,255,255,255,255,226,223,205,245,239,255,248,252,253,251,249,176,56,69,49,53,34,52,185,128,127,124
149,120,139,144,156,148,133,170,138,145,189,169,100,152,182,166,172,156,128,191,169,171,175,150,152,129,157,176,154,145,169,168,194,244,255,248,252,247,215,178,176,166,195,177,177,222,159,253,234,249,228,230,253,247,194,176,38,101,48,21,63,67,75,53,24,37,11,36,5,4,1,0,1,6,12,37,56,63,87,81,62,63,59,74,58,20,56,10,39,37,32,13,17,20,32,42,50,255,246,248,248,244,248,250,251,250,247,250,250,250,253,251,255,253,255,252,255,254,246,255,255,250,251,249,247,253,252,249,254,167,60,73,50,45,26,32,169,186,132,140
134,179,154,180,179,198,165,146,149,109,176,148,153,131,187,156,182,158,141,171,139,159,150,143,188,112,165,194,114,137,122,150,175,194,238,248,251,254,214,194,165,178,174,149,168,255,250,247,250,247,234,218,242,255,189,247,52,86,155,238,255,139,63,50,29,36,24,37,0,1,1,1,7,5,23,22,41,57,101,82,71,65,68,66,65,41,31,23,39,30,22,9,13,15,32,30,21,162,255,254,240,254,249,255,254,253,251,252,247,247,252,252,255,254,252,252,255,255,253,253,253,254,251,245,249,251,235,255,242,189,47,72,46,46,34,33,168,174,140,146
193,162,200,197,148,167,119,127,196,149,116,150,147,169,128,131,137,143,169,163,192,185,170,170,131,166,144,149,140,169,165,147,177,217,195,211,247,239,228,190,143,143,177,151,202,234,232,255,246,246,239,210,254,249,190,247,57,86,116,221,228,240,83,86,39,16,53,6,5,1,1,1,0,7,23,32,47,80,96,70,62,80,62,67,67,41,41,27,28,26,25,11,10,12,14,42,44,24,183,161,172,160,177,181,179,181,201,234,255,255,251,253,255,254,253,253,255,255,253,253,253,252,247,242,248,248,243,248,238,226,47,62,42,52,18,18,164,132,136,143
154,170,180,152,169,121,109,163,165,129,127,126,169,153,135,163,160,182,133,152,143,131,125,146,164,143,167,194,174,141,161,130,150,184,201,207,252,218,227,121,212,130,152,114,216,237,224,255,241,252,246,195,249,241,208,255,61,120,75,254,175,189,198,13,27,28,61,10,3,1,1,1,4,4,3,14,37,77,77,88,62,69,72,55,68,40,33,13,28,21,22,7,9,11,23,27,31,24,85,183,171,190,181,182,185,191,193,183,181,205,250,253,253,254,254,255,255,254,253,254,250,248,238,241,248,251,240,240,202,176,46,58,43,51,20,15,185,147,166,165
142,163,177,160,151,172,132,114,134,130,130,134,123,152,150,145,147,163,157,157,168,198,168,200,165,184,159,159,157,158,160,164,180,201,186,201,237,221,157,208,163,141,122,159,213,204,228,244,250,248,249,233,190,247,180,229,73,74,78,122,109,121,58,94,47,17,34,0,2,1,1,1,0,3,7,44,36,73,97,68,68,70,56,64,40,24,9,12,37,15,11,6,6,8,21,31,14,32,16,142,172,168,184,179,181,188,183,198,200,179,251,252,255,254,254,255,254,254,253,252,246,242,242,245,253,228,197,220,219,254,50,68,44,31,10,10,196,168,173,156
157,118,160,143,165,149,123,170,206,141,175,168,174,157,153,156,175,168,147,152,187,168,160,146,139,153,113,179,158,178,178,176,170,177,165,204,242,246,183,242,206,121,168,160,238,244,226,195,232,253,251,236,254,187,140,224,76,73,172,116,63,115,115,43,23,27,9,2,2,0,0,0,4,1,1,48,42,43,117,46,68,60,78,49,27,38,29,12,35,20,5,0,2,8,18,23,27,20,33,52,186,171,186,177,179,182,190,182,179,194,253,247,253,254,254,254,254,254,252,248,242,247,243,243,245,222,212,174,181,250,56,56,35,46,14,1,167,140,162,165
150,142,174,141,160,159,176,133,121,169,146,150,165,155,161,189,177,162,159,138,155,151,147,173,148,149,166,140,163,149,139,167,138,170,239,254,239,215,225,245,226,170,158,220,226,203,160,218,188,227,251,224,233,149,159,157,110,39,62,38,23,49,18,17,63,9,0,0,1,0,0,0,1,6,13,49,51,84,99,50,68,85,90,55,28,35,27,6,41,13,5,5,2,8,12,22,24,28,52,24,153,171,175,172,169,173,181,177,211,243,252,253,253,252,254,254,254,251,247,242,238,243,248,245,239,234,223,223,219,208,40,56,60,88,26,12,145,162,150,160
108,192,136,123,170,159,149,120,156,107,115,135,143,157,170,164,168,159,148,145,141,103,157,146,152,170,156,186,163,175,142,141,107,148,249,247,234,184,250,242,244,179,202,202,187,210,195,187,200,217,248,212,220,152,155,177,174,101,59,67,31,20,43,132,93,4,3,3,1,0,0,0,2,0,10,95,60,100,85,47,62,48,88,70,55,32,40,17,44,6,6,3,2,9,22,22,16,38,75,74,175,230,240,230,208,201,193,222,253,250,250,254,254,253,254,254,249,246,243,243,237,241,244,246,239,239,236,196,213,238,61,51,49,125,69,21,127,148,162,192
130,134,124,164,190,130,157,155,153,143,184,166,165,115,112,160,156,154,162,145,119,145,123,156,150,172,126,166,149,179,144,122,153,102,248,252,225,156,244,244,212,140,205,216,201,170,145,198,186,206,231,232,130,254,159,138,126,161,173,84,115,16,16,11,0,1,2,0,0,0,0,0,0,5,0,75,58,75,40,70,108,53,72,71,57,22,32,22,33,0,2,1,1,10,12,19,22,36,79,71,56,252,249,252,255,252,239,248,247,247,253,254,254,254,254,250,247,240,236,243,239,245,248,242,232,230,222,237,216,233,102,62,45,151,174,116,153,148,158,172
181,199,169,157,143,154,156,126,144,174,174,154,166,154,153,147,138,168,149,158,158,119,169,150,165,148,136,153,128,135,178,146,125,158,201,249,241,144,247,253,190,164,136,142,154,143,149,198,188,228,248,216,225,235,184,126,175,142,84,173,226,19,13,9,0,0,3,0,2,0,0,0,0,5,10,41,44,90,199,253,255,187,70,82,47,30,13,50,5,0,0,0,0,5,20,14,27,15,80,83,78,255,248,253,246,244,239,250,251,250,252,255,255,255,253,245,246,241,226,236,250,248,246,244,226,234,222,190,206,234,146,57,33,153,128,117,156,153,156,135
158,141,155,86,145,132,151,138,153,161,137,140,160,174,167,173,174,168,146,132,138,181,170,167,178,174,182,174,154,147,168,149,169,160,249,254,234,146,250,254,187,152,149,159,171,153,180,201,238,251,220,172,247,235,172,121,151,166,133,170,212,142,25,25,1,2,2,0,2,0,0,0,1,10,25,41,62,132,154,195,205,166,140,107,111,40,21,60,2,0,1,1,3,10,10,17,12,17,84,96,94,247,246,249,245,244,242,247,250,251,252,253,253,252,245,243,238,203,213,238,245,248,245,245,238,225,234,205,220,214,174,45,22,159,108,111,147,141,158,154
127,166,165,134,161,166,140,141,143,171,146,145,181,149,186,180,155,175,152,164,165,164,136,152,168,138,147,165,162,174,175,164,160,123,255,250,235,166,253,255,183,132,147,144,165,174,181,157,248,252,243,138,255,239,174,146,156,159,174,157,187,253,44,0,9,7,1,2,1,0,0,0,3,17,15,29,71,101,71,165,156,150,110,0,67,18,19,67,0,0,2,1,0,6,18,9,2,32,20,96,70,251,246,246,245,244,242,250,252,252,252,253,252,249,245,235,234,222,217,235,246,249,248,243,237,231,219,220,222,223,140,52,24,154,163,95,175,161,147,137
145,156,125,178,180,105,156,155,132,165,167,182,114,137,153,153,120,146,142,163,157,168,177,137,130,187,165,142,150,142,137,155,165,184,255,251,240,180,241,240,198,136,180,178,132,156,128,155,255,246,218,133,250,252,146,145,171,178,166,163,186,246,172,39,0,8,1,8,0,0,0,0,3,19,11,15,90,103,107,119,95,105,19,69,80,58,32,0,4,0,0,0,1,7,6,9,11,29,97,81,71,221,250,247,247,242,245,246,251,251,252,252,248,247,241,235,223,221,212,242,243,248,245,243,235,224,221,196,220,221,121,54,64,129,190,105,167,136,129,136
161,110,165,122,172,154,155,146,147,153,134,107,138,163,171,151,152,171,156,170,168,148,191,132,129,152,157,155,149,142,168,168,152,227,245,244,255,210,227,237,238,93,140,159,106,203,152,136,249,245,252,139,255,254,155,163,183,132,145,174,211,248,211,97,18,5,0,16,0,0,1,0,5,19,22,18,77,68,139,77,62,82,58,84,24,18,7,10,2,1,0,1,2,7,4,11,0,113,76,81,65,250,246,247,241,244,242,248,252,252,253,250,247,241,238,245,212,226,201,237,241,249,249,240,230,213,196,208,222,187,135,42,112,151,169,106,162,143,181,172
169,145,167,177,113,120,149,155,166,160,147,180,171,180,160,170,168,167,174,167,149,170,128,158,154,167,189,164,178,159,133,173,166,255,255,247,230,180,232,238,252,84,168,137,153,155,152,157,248,250,224,152,253,254,145,148,169,173,165,139,227,252,255,165,59,37,10,4,6,6,1,4,17,19,17,17,25,61,28,51,32,39,42,8,44,111,15,0,2,1,0,0,2,6,8,15,31,132,88,62,57,244,249,246,240,240,236,248,250,252,251,245,244,237,234,234,222,212,204,231,243,245,241,237,226,216,203,200,206,150,188,31,157,183,123,114,152,139,203,118
182,176,139,136,168,170,167,154,134,148,165,121,182,134,158,150,155,162,146,182,187,162,134,161,173,158,166,165,162,139,146,149,167,230,252,253,234,211,242,229,206,192,77,181,170,168,154,142,253,249,236,172,255,253,142,124,145,168,181,107,249,255,255,200,146,28,18,8,5,6,12,4,0,16,26,7,23,222,193,144,174,24,3,66,134,15,0,2,2,1,0,0,3,4,0,20,63,78,86,58,82,255,244,233,237,234,230,250,250,249,250,242,237,239,236,228,224,211,214,227,238,242,235,234,205,201,205,206,180,224,194,9,144,178,139,145,127,172,140,167
153,146,159,171,162,179,173,133,151,152,186,140,147,138,155,141,161,150,142,158,165,134,173,149,190,87,155,162,117,155,154,169,202,230,235,252,231,183,242,209,242,103,108,156,171,162,174,234,243,255,245,168,253,249,132,170,167,145,150,147,243,219,233,255,171,44,28,20,9,11,11,17,0,2,100,138,154,153,232,221,237,117,40,0,0,10,0,8,2,1,0,0,4,3,0,17,77,86,65,62,164,237,248,235,227,230,230,250,247,247,244,240,238,233,236,220,224,216,214,230,237,230,223,211,208,212,186,181,198,253,222,45,150,123,172,188,151,178,173,153
169,183,161,186,119,123,209,124,146,152,163,173,154,149,186,164,180,185,163,176,143,170,148,166,165,124,183,164,154,109,141,162,209,204,195,251,231,193,226,123,208,62,85,148,161,174,152,250,255,248,251,202,249,230,181,91,112,166,165,143,204,214,211,239,181,113,53,38,27,16,10,8,55,176,176,140,151,174,189,249,246,249,31,17,5,2,1,3,2,1,0,0,2,4,17,13,73,77,74,58,226,250,239,234,213,230,238,244,245,236,241,235,231,226,230,217,222,210,217,211,214,217,198,180,180,183,169,184,215,222,189,83,157,192,155,204,85,186,151,115
165,159,178,160,140,153,125,139,163,160,149,150,134,119,185,136,164,129,165,164,146,127,151,133,172,174,160,140,168,209,148,142,239,229,235,177,243,169,150,161,132,158,153,193,172,99,189,254,252,252,208,182,252,231,233,83,171,131,121,133,191,202,188,247,247,218,40,25,33,29,0,143,165,158,150,170,155,154,164,254,247,222,154,24,9,2,1,3,1,1,1,0,3,15,25,21,69,55,47,91,255,232,239,235,221,221,242,239,244,236,241,230,221,224,231,216,208,207,205,180,163,167,175,153,183,131,149,221,234,219,183,153,150,148,131,220,180,153,180,177
149,161,166,170,101,64,169,153,132,132,115,131,152,138,122,156,167,181,156,130,164,139,147,132,130,176,195,154,144,145,152,220,216,197,183,171,184,160,174,133,152,132,149,153,171,130,220,235,255,247,233,182,250,232,185,155,140,141,151,176,183,182,189,223,232,141,223,22,57,5,182,144,149,177,159,158,168,153,170,225,244,232,226,77,15,7,7,0,3,0,2,2,4,15,12,10,46,78,34,255,232,242,238,232,189,211,236,238,239,226,217,223,223,224,226,209,212,196,188,168,156,115,151,200,170,184,212,236,234,234,206,190,124,138,125,237,144,152,191,151
149,146,163,171,177,160,159,113,141,144,172,175,156,193,157,162,129,150,135,188,161,181,156,127,139,184,153,139,156,119,203,194,190,199,209,139,178,146,196,138,162,156,174,162,151,159,222,219,230,249,239,150,245,193,229,60,139,156,148,170,176,187,185,224,238,208,232,94,37,51,192,166,145,165,167,155,167,163,186,188,255,245,255,194,33,12,7,2,10,0,1,2,2,16,10,21,24,35,160,245,247,242,227,221,195,223,242,232,239,232,227,217,219,220,219,211,192,185,163,156,170,226,225,197,206,200,234,232,222,220,217,173,180,162,138,166,134,140,158,137
140,145,128,165,183,166,139,187,191,164,111,191,195,122,121,166,169,197,190,180,176,125,161,179,161,163,150,156,125,94,215,201,193,171,170,141,134,143,120,152,148,181,152,151,139,127,221,211,225,240,245,183,205,144,220,57,134,131,179,149,159,226,221,255,212,154,241,212,123,225,255,124,177,166,159,166,170,166,195,175,248,248,241,228,133,18,17,0,7,4,3,0,4,19,26,24,32,91,250,228,225,234,220,215,215,239,238,231,231,227,234,223,221,202,208,203,198,206,173,169,218,216,239,209,214,215,235,239,215,216,202,189,197,154,167,169,163,128,139,106
149,134,131,145,158,81,135,189,150,158,160,161,154,129,122,116,195,147,151,163,158,119,141,155,149,142,125,109,148,155,143,78,193,124,132,189,159,168,177,139,178,140,138,120,131,205,250,221,198,200,212,156,158,136,154,147,127,175,138,175,159,200,255,248,221,143,235,174,207,255,248,183,168,164,159,153,180,171,195,167,234,245,224,246,146,77,38,17,0,5,5,10,12,17,14,30,16,219,216,234,241,226,224,231,202,240,235,230,228,228,231,221,217,197,205,188,214,245,161,170,217,191,230,231,212,220,237,230,210,208,194,165,165,167,178,168,160,173,129,118
164,172,180,171,143,169,160,158,128,158,153,167,158,166,116,161,97,136,139,157,157,163,142,180,162,158,126,117,153,114,158,168,167,138,175,165,163,140,127,126,147,144,128,177,185,232,192,206,171,185,156,133,174,156,158,171,158,122,173,125,131,217,244,250,225,164,239,162,252,249,254,221,242,169,179,175,171,175,179,185,188,243,210,239,229,132,30,11,4,9,11,5,8,11,14,8,82,180,226,235,243,229,227,241,247,235,234,231,230,231,217,212,211,204,197,191,238,153,116,105,91,193,213,215,209,210,216,226,204,213,192,161,154,144,217,191,164,142,178,164
144,203,109,149,148,186,151,147,139,135,109,155,140,168,154,151,162,173,176,132,139,134,141,123,105,159,201,156,162,140,151,176,166,115,152,120,206,146,147,165,189,177,158,136,230,204,201,202,215,125,173,175,111,128,182,129,153,137,138,182,163,182,251,236,218,168,255,247,234,247,245,221,249,161,177,176,172,172,182,183,169,215,234,233,210,205,48,22,12,15,17,5,9,46,203,189,164,148,234,240,237,226,247,255,237,233,228,222,215,206,206,204,202,194,224,242,211,143,162,172,175,127,227,215,199,215,229,217,201,193,178,141,162,158,227,213,92,175,168,144
156,153,149,145,190,141,144,109,133,188,180,152,167,174,132,145,152,142,179,125,145,161,143,132,130,158,143,167,181,128,155,139,139,149,155,138,140,116,141,186,147,129,168,163,167,224,166,116,114,161,154,143,121,158,130,151,141,147,137,176,150,233,255,237,218,192,255,243,249,255,237,237,244,170,172,173,161,176,181,179,177,195,236,225,230,127,83,33,14,19,11,2,150,178,146,160,147,164,205,251,252,233,245,240,242,230,222,206,218,228,195,170,201,227,236,170,123,156,148,176,206,247,200,229,205,219,204,210,188,198,157,184,153,160,236,218,163,146,137,126
175,145,168,160,116,126,111,141,143,90,100,145,153,159,140,150,129,146,98,106,135,149,180,215,121,129,145,167,148,166,139,164,165,178,134,157,111,190,164,141,137,177,158,160,150,145,146,171,107,129,116,120,153,164,137,141,129,117,132,155,170,189,247,252,215,216,251,240,212,248,226,240,237,202,155,159,164,182,168,166,161,169,235,217,208,209,61,13,27,6,73,151,159,162,160,169,156,154,164,255,241,247,195,250,245,242,222,209,214,156,154,217,225,213,178,119,150,154,167,167,212,222,221,215,235,234,237,221,206,188,183,144,149,168,238,215,193,138,135,185
145,159,114,124,139,196,138,150,129,155,122,179,150,131,173,174,164,123,155,157,145,146,213,116,162,175,171,177,163,104,136,168,103,148,133,148,121,152,149,142,186,132,145,131,137,163,137,184,161,160,183,163,144,157,147,160,155,154,148,175,99,243,246,244,240,210,253,250,168,254,202,246,236,247,153,167,164,179,175,178,179,152,232,219,208,209,244,3,52,0,194,148,156,155,156,155,170,166,178,225,247,251,167,251,239,235,237,214,186,137,203,202,204,190,122,135,153,155,147,206,255,252,206,204,232,244,234,230,198,194,173,121,150,172,218,211,155,136,103,187
155,157,202,150,155,147,151,203,130,149,150,141,157,151,162,135,210,135,157,160,142,162,147,149,177,174,143,140,154,149,113,124,176,136,122,155,113,149,138,118,163,185,123,162,143,150,161,164,140,133,149,133,149,146,170,151,145,152,175,148,137,253,252,249,231,205,242,247,133,233,185,241,223,240,168,146,147,173,169,167,166,172,228,216,208,174,132,137,19,172,177,154,162,173,167,166,169,169,186,255,251,253,145,253,252,228,227,214,203,214,191,182,164,131,132,137,130,152,210,227,203,212,196,213,215,246,233,227,225,219,181,128,138,164,216,192,150,118,140,146
153,194,140,147,126,124,141,124,158,151,132,129,108,145,173,165,120,157,170,128,113,151,148,163,97,209,152,148,145,84,140,171,157,159,144,125,157,109,128,135,134,103,184,98,141,167,167,131,147,141,163,137,156,152,151,175,171,156,126,165,199,255,246,248,191,188,251,235,157,150,159,223,215,216,221,167,154,170,173,158,168,224,236,217,215,153,151,194,221,251,248,142,167,166,164,163,181,180,179,248,244,248,113,240,251,227,214,186,201,180,157,166,208,120,133,155,164,161,233,212,203,194,200,229,208,247,246,224,227,205,174,161,177,178,219,219,201,150,181,158
141,154,132,165,145,142,155,161,134,143,152,154,158,129,142,161,168,142,145,157,169,145,155,139,139,153,155,125,117,107,160,165,118,136,156,154,160,112,160,165,141,146,155,117,177,177,143,134,160,175,154,157,182,128,169,175,100,165,182,149,244,237,255,255,214,202,240,206,193,57,201,171,136,202,226,157,150,203,254,242,251,231,237,229,174,161,166,184,223,248,252,223,178,171,167,159,172,175,169,229,238,227,120,218,232,199,200,191,159,138,126,163,155,151,142,154,147,212,225,205,194,210,193,240,224,248,236,229,212,216,169,177,147,151,240,189,164,173,162,197
200,144,172,152,134,130,168,140,135,155,147,170,145,156,134,162,148,122,162,155,141,165,170,180,130,174,163,114,131,156,137,146,164,148,150,166,165,137,126,110,135,153,203,163,170,162,136,169,130,153,155,192,137,179,161,189,166,155,142,169,242,248,255,232,247,175,238,238,181,60,174,186,208,100,190,155,131,255,240,235,236,220,222,235,166,145,159,154,255,247,234,246,235,168,172,170,176,184,179,234,224,201,129,170,244,224,187,158,130,105,130,131,139,110,105,134,171,204,209,204,191,179,207,240,185,246,226,222,217,172,173,183,119,151,230,220,215,171,142,117
129,130,125,142,144,142,171,202,149,157,143,167,155,163,174,179,195,156,152,137,169,183,188,144,172,169,149,155,122,164,120,126,161,91,180,148,118,138,173,122,178,166,159,149,105,150,129,121,132,145,180,136,140,161,131,145,164,164,143,184,218,187,219,240,245,179,186,183,169,25,174,184,162,222,173,73,62,255,243,238,218,232,234,222,180,139,141,143,253,251,229,246,253,167,172,177,177,184,222,237,204,90,133,139,183,178,132,81,89,106,117,124,88,108,119,121,155,207,197,188,187,160,189,182,170,216,243,215,193,184,153,196,180,145,167,196,225,174,167,187
153,137,156,164,179,157,133,148,127,138,151,176,168,160,146,120,144,147,135,177,176,160,158,139,136,163,120,138,110,122,136,132,77,153,114,119,138,142,142,152,135,165,169,166,161,136,145,161,153,169,145,146,129,144,172,149,177,170,166,202,241,245,208,225,216,150,152,135,214,148,165,169,198,160,198,172,112,253,240,220,224,215,241,223,184,141,163,84,243,252,200,254,244,156,184,172,179,191,255,161,74,85,120,125,142,183,174,134,119,103,162,63,70,139,108,185,195,177,209,147,151,124,189,249,199,179,246,238,193,184,158,212,200,172,168,200,198,175,150,184
147,141,161,142,169,189,169,176,190,179,164,147,175,179,189,183,162,192,173,145,172,152,132,116,161,193,162,95,184,135,107,136,128,134,130,153,158,157,175,154,168,138,156,157,150,152,137,161,142,175,178,154,160,160,163,170,151,183,179,229,219,204,154,231,155,176,164,174,141,181,112,165,158,151,143,177,163,243,253,220,217,206,245,215,255,159,148,140,230,245,202,251,230,211,159,160,172,225,251,81,98,140,120,126,105,135,157,135,104,142,255,255,255,224,156,134,187,162,125,126,92,175,209,219,199,211,245,233,211,161,176,235,177,158,133,201,193,182,166,164
160,152,161,164,169,131,151,165,163,167,103,153,151,160,144,152,168,157,182,159,138,94,112,135,114,140,149,149,130,129,197,132,136,146,169,130,171,184,157,166,152,164,131,156,169,175,177,157,164,189,146,167,158,177,174,152,172,156,215,185,187,210,204,155,173,166,155,160,160,148,138,143,181,183,165,183,145,255,248,240,244,232,229,204,246,99,117,156,186,255,182,242,237,233,161,157,180,232,241,70,104,140,152,150,123,51,81,125,172,167,236,234,230,225,111,123,79,107,90,100,93,182,218,195,216,198,247,220,201,182,176,236,227,141,172,160,211,161,149,158
182,199,156,154,163,126,161,137,163,160,155,158,156,154,127,156,137,171,156,156,141,149,173,144,142,146,181,157,179,152,177,147,148,155,147,167,160,161,129,152,122,147,144,142,156,174,175,154,142,161,167,136,147,137,113,139,150,197,191,243,193,167,152,150,147,94,148,141,111,166,166,173,170,164,174,157,136,245,244,235,225,225,215,185,255,100,159,129,145,218,161,239,219,231,170,165,162,188,152,120,143,162,166,151,175,194,160,172,149,197,215,235,208,214,183,178,90,71,69,74,135,167,199,186,197,192,239,212,197,221,171,238,242,180,148,124,149,172,154,173
173,173,163,162,143,133,133,130,138,147,143,179,173,184,133,123,138,144,149,181,167,142,169,146,159,143,126,164,132,170,141,154,117,117,154,144,131,174,145,186,183,174,190,187,154,135,174,179,163,168,126,144,142,130,152,157,138,174,132,192,156,181,164,137,135,154,126,153,185,161,139,179,171,166,162,155,161,255,246,250,211,191,228,172,250,116,130,148,132,169,153,206,178,220,141,217,204,227,234,173,175,147,128,168,192,107,165,158,99,233,216,229,229,202,203,180,41,204,114,191,148,106,135,188,171,84,217,217,194,195,231,250,189,179,140,104,125,145,142,167
138,175,162,145,153,134,131,150,129,152,157,163,161,162,131,131,150,142,137,170,157,146,154,152,145,131,138,162,148,156,125,142,169,118,145,168,183,161,183,138,156,165,154,172,111,155,144,166,198,171,170,170,155,151,130,151,173,149,161,163,119,144,146,171,146,132,154,163,154,135,161,156,136,133,163,154,168,255,251,241,241,230,230,174,234,143,127,182,119,173,159,204,123,158,255,254,242,242,224,168,159,126,143,156,178,170,174,164,150,193,226,255,231,210,196,181,60,220,140,173,158,139,80,62,135,168,255,225,216,139,238,252,172,93,160,110,106,71,90,139
151,140,169,173,166,177,132,146,161,151,130,107,153,130,164,135,148,168,169,133,109,156,171,143,159,150,156,164,198,121,151,154,161,140,151,161,187,155,157,132,144,129,119,158,158,156,157,160,135,148,160,179,140,135,159,165,152,174,161,145,145,162,153,179,141,166,159,156,164,164,149,156,173,171,138,166,174,255,251,255,249,223,188,237,210,200,69,152,116,162,137,128,95,134,246,249,239,234,221,159,140,158,169,117,142,162,118,156,207,206,178,245,221,195,149,176,182,198,157,144,154,145,185,87,187,132,219,217,183,174,237,221,157,132,149,112,78,87,186,149
161,168,175,159,150,132,180,160,163,171,160,171,168,150,162,176,170,177,200,167,162,154,163,139,138,149,157,159,144,153,168,150,168,149,163,157,138,144,142,126,133,131,179,177,134,187,166,171,159,174,156,168,148,164,153,133,120,164,184,148,145,165,165,140,170,131,147,141,190,178,177,177,178,167,167,166,171,226,244,246,240,216,205,159,243,177,82,165,147,154,157,161,147,80,255,241,235,248,209,153,145,156,165,139,144,149,137,143,186,192,215,248,212,204,202,94,123,62,157,145,185,171,203,145,155,142,254,212,172,179,196,231,188,149,166,107,87,150,140,160
153,170,154,187,168,180,162,155,149,161,172,166,169,173,170,149,156,143,144,154,167,177,149,172,184,128,152,122,144,142,147,156,168,161,137,187,172,172,142,135,139,148,137,178,136,158,143,164,164,153,163,162,165,178,120,146,115,183,148,160,151,163,135,121,163,140,160,117,146,162,141,131,165,96,148,146,186,201,210,245,245,243,185,198,187,144,48,187,178,179,179,152,133,157,249,240,243,237,203,158,154,131,171,167,156,177,207,154,141,187,177,242,224,216,236,135,137,142,171,163,168,165,142,159,166,159,253,238,212,175,170,179,149,160,171,154,155,152,165,180
139,142,151,133,143,157,162,168,145,142,169,136,148,134,172,131,130,166,162,168,132,155,153,191,138,144,150,140,117,172,154,182,173,145,137,152,168,148,155,145,144,160,163,156,150,137,119,161,130,166,169,155,161,164,174,179,113,136,152,148,164,116,215,152,151,153,136,151,149,163,143,156,149,160,165,174,154,201,197,255,233,213,177,168,164,195,108,128,134,152,170,160,164,146,251,255,223,248,177,155,116,178,192,170,169,159,173,126,169,177,198,241,219,229,189,167,151,157,179,129,134,157,119,153,167,131,249,242,215,128,148,29,176,170,160,182,158,167,185,171
147,176,162,138,172,168,161,159,133,143,138,173,140,169,164,130,141,151,139,149,178,159,143,121,144,160,155,179,170,150,136,143,141,169,124,180,178,164,146,181,157,158,180,173,212,179,171,168,150,166,170,161,159,155,198,132,147,159,158,166,92,151,122,120,125,134,119,156,126,157,176,166,173,170,168,163,180,187,200,236,215,211,128,197,157,148,161,171,137,130,134,158,150,129,247,243,241,217,185,136,188,173,146,130,164,161,192,147,151,137,223,245,214,243,188,102,163,112,155,165,142,159,161,136,150,166,239,236,180,138,196,32,189,153,159,149,139,157,150,185
170,164,154,162,176,170,164,191,147,172,183,156,173,159,142,151,160,181,155,195,166,157,151,132,173,158,151,152,122,166,157,145,121,169,185,143,152,165,197,150,158,140,151,145,140,158,158,172,170,172,161,137,173,119,154,156,178,141,162,148,151,113,121,182,112,156,106,136,147,173,179,169,160,161,149,168,208,177,198,234,250,151,248,193,124,115,162,155,147,149,146,161,161,125,243,236,222,231,176,151,121,160,175,146,129,172,148,146,128,166,255,253,230,228,183,99,136,135,164,169,152,181,165,154,156,145,244,220,208,197,153,118,156,175,154,137,163,124,144,152
161,122,158,145,152,158,158,154,129,151,168,171,153,156,153,137,152,162,151,177,151,139,157,162,178,169,106,150,157,141,121,158,124,134,125,140,165,158,164,152,160,144,156,156,163,167,139,126,136,185,192,163,153,178,161,168,114,152,131,167,79,125,163,174,136,110,123,149,198,128,170,145,155,169,127,198,175,208,230,250,225,202,238,219,180,155,144,143,176,137,182,182,151,146,255,240,222,228,143,181,159,158,155,129,132,151,142,147,171,182,245,247,237,214,190,88,166,175,191,180,179,131,164,150,183,128,223,232,211,207,178,83,169,80,76,166,164,181,162,173
145,158,126,141,158,144,131,135,160,151,120,131,158,170,133,170,166,107,191,137,151,132,165,144,156,170,123,126,175,138,159,146,136,161,147,165,160,164,152,169,178,131,143,158,128,160,182,158,163,176,173,137,147,155,150,108,152,130,147,118,114,186,154,112,128,145,134,154,169,93,171,170,169,177,168,150,148,250,250,236,204,237,248,245,134,154,155,159,167,123,149,145,148,170,254,245,254,226,228,157,142,179,162,159,119,184,177,141,134,219,237,240,240,198,161,80,148,174,140,151,172,182,125,160,186,146,202,217,201,188,187,152,144,171,164,161,174,160,158,163
195,170,177,171,164,143,159,143,119,156,147,142,160,154,133,130,163,115,195,149,152,158,165,152,173,135,160,153,150,156,146,169,171,157,181,170,156,168,154,139,183,148,154,173,177,174,159,171,142,179,161,175,138,171,162,190,152,159,119,129,170,142,158,143,166,146,144,172,155,145,147,180,171,152,161,141,135,240,255,235,174,240,244,243,164,178,175,162,180,142,141,151,159,207,252,248,243,218,155,182,120,124,146,133,149,180,166,156,165,232,191,222,217,222,166,83,164,145,151,155,163,171,152,132,176,123,196,215,199,152,79,168,167,163,169,111,164,151,172,155
164,162,163,153,152,161,169,153,154,162,169,152,154,160,150,163,172,158,148,157,143,139,183,148,94,170,159,156,127,104,164,116,169,158,138,158,164,161,160,158,164,150,166,156,160,178,158,138,171,162,152,145,166,162,193,141,148,146,135,117,153,117,116,114,165,108,164,155,139,186,178,137,121,158,124,149,157,255,244,229,154,245,250,205,155,177,124,150,143,131,122,149,146,205,213,244,247,235,195,143,141,149,148,158,149,105,138,164,105,255,241,218,223,183,178,56,156,143,132,188,160,147,117,111,131,168,212,215,207,219,84,141,152,137,123,100,174,169,133,149
141,161,122,137,164,155,154,142,191,195,151,160,167,126,167,191,185,170,164,151,135,149,152,163,132,156,124,162,159,146,139,161,170,154,150,161,151,135,160,129,145,146,151,89,199,135,144,157,167,174,167,140,155,141,159,156,126,127,130,82,129,163,114,126,95,139,94,122,145,186,151,167,168,142,141,155,92,248,255,242,138,246,254,200,153,125,111,186,172,108,184,170,168,133,203,224,228,232,173,160,159,102,118,138,119,132,145,145,178,255,235,220,235,160,134,73,145,140,168,153,181,175,159,146,180,125,204,214,222,218,110,178,171,151,172,156,137,180,162,144
141,169,147,155,136,161,167,129,162,148,183,181,154,163,122,168,146,164,163,169,143,148,167,132,195,148,125,127,148,135,163,143,140,158,155,141,136,149,162,132,131,160,156,130,181,149,152,155,112,113,141,169,145,163,145,94,178,163,88,176,110,116,171,120,107,146,130,127,152,156,170,174,152,179,164,143,168,247,253,229,154,251,253,198,125,211,151,146,155,136,150,138,179,192,187,255,213,239,131,197,188,155,169,163,170,152,131,168,190,231,241,201,208,150,118,151,117,204,152,166,112,189,162,158,84,147,240,247,229,190,159,177,108,155,170,167,175,143,160,148
149,182,159,141,147,147,162,150,142,160,132,154,157,132,167,162,149,155,167,159,172,150,164,158,127,126,182,161,152,182,152,147,154,167,186,155,147,136,178,153,165,165,132,162,168,161,130,175,168,165,177,146,174,112,142,124,141,128,135,140,97,169,156,171,122,137,182,107,159,159,134,151,153,96,158,161,157,255,243,235,177,247,251,195,116,118,129,113,138,130,163,158,144,202,201,231,228,140,215,144,181,156,132,180,163,147,154,104,255,223,197,232,210,167,61,156,179,117,150,125,157,139,151,127,125,155,250,252,250,180,149,158,122,91,197,126,146,162,139,168
168,121,138,133,150,174,151,140,137,180,169,179,159,166,81,144,184,138,184,181,165,162,178,135,134,133,150,141,160,142,160,174,146,152,155,110,127,148,151,150,166,185,143,175,166,159,143,175,130,173,157,174,126,157,163,168,131,148,161,155,150,185,142,148,151,156,126,162,147,180,131,157,164,168,170,160,178,253,253,243,189,237,240,206,131,107,177,94,156,97,131,177,147,174,211,241,240,183,241,186,129,146,118,149,169,149,158,184,201,207,236,213,196,168,89,152,174,158,128,140,144,166,188,128,183,159,243,236,221,161,90,191,167,176,113,136,158,186,128,130
157,158,166,131,155,178,156,119,176,154,151,146,184,182,173,148,121,140,164,158,139,180,170,148,125,179,143,157,175,154,165,150,157,133,161,145,152,166,167,148,176,135,159,149,156,191,135,147,155,130,134,173,191,138,174,145,146,140,163,157,150,153,141,144,221,128,136,147,163,141,156,161,169,172,167,125,254,245,245,249,194,232,239,241,79,195,125,175,149,172,154,154,205,223,247,229,206,237,234,195,191,141,150,145,101,134,130,199,243,233,192,231,182,139,142,137,115,152,178,182,149,163,138,167,145,216,224,244,203,180,115,133,145,103,145,126,156,138,156,132
163,168,173,141,141,167,117,145,176,160,138,165,139,178,160,162,194,138,160,165,143,139,139,172,174,132,148,180,122,150,174,132,144,146,143,169,152,149,145,145,159,168,162,136,154,166,166,174,138,178,147,153,125,147,160,161,108,151,158,162,182,125,151,175,109,165,155,137,162,128,162,117,170,163,144,194,251,254,253,236,196,246,243,237,131,94,171,89,107,143,133,149,124,255,252,224,176,253,251,221,141,163,127,111,141,122,148,161,215,197,226,168,93,147,187,137,182,176,126,165,184,131,156,166,129,235,235,229,219,166,95,167,186,153,137,125,156,152,178,123
160,137,149,124,110,139,164,139,118,127,145,109,169,131,149,170,130,127,124,138,152,115,136,159,157,170,139,153,127,206,154,156,116,181,168,143,160,175,135,150,125,174,148,181,113,172,169,136,188,74,90,200,146,180,145,166,138,137,126,170,130,139,164,114,196,132,155,123,127,151,123,162,164,171,190,180,235,255,253,230,204,244,245,227,187,65,204,156,152,137,141,162,144,251,255,228,143,255,242,198,132,131,172,176,171,162,135,207,192,165,170,137,72,94,100,139,173,135,146,145,154,134,174,141,126,255,206,198,204,158,97,144,166,135,139,164,153,156,176,158
138,169,170,147,126,188,138,165,157,181,142,161,144,161,170,171,128,168,138,172,144,165,144,136,173,167,146,153,141,133,153,167,158,153,155,177,148,183,145,127,169,141,147,164,161,150,151,176,180,167,181,129,126,155,133,142,133,154,185,169,199,161,136,158,128,140,140,147,198,151,201,169,125,177,154,201,207,187,238,235,179,218,146,211,55,116,173,176,128,88,178,138,138,240,244,238,144,253,255,162,184,160,121,130,159,174,151,167,180,145,148,159,163,123,179,121,163,187,171,161,141,129,100,147,142,252,244,224,156,153,77,161,166,156,155,125,147,179,154,149
145,169,124,156,172,87,142,111,156,174,195,137,146,152,163,115,149,148,164,138,192,135,136,164,178,117,123,106,131,112,139,143,164,127,131,180,160,180,128,148,143,180,130,166,146,142,156,163,175,166,149,156,173,168,86,180,176,167,178,154,151,122,152,173,135,94,186,164,132,154,198,149,178,182,156,209,227,242,217,241,216,161,156,162,164,142,145,144,145,177,179,166,147,252,255,241,148,248,255,169,154,169,205,152,129,134,129,165,160,131,154,146,146,131,142,147,132,150,155,144,160,129,160,163,225,249,236,232,147,131,106,138,138,132,135,165,142,135,172,123
150,109,164,145,140,139,168,189,141,158,158,127,135,117,174,177,161,143,188,162,165,126,179,162,157,145,150,88,174,129,137,131,139,152,138,158,148,144,145,156,170,129,121,119,143,142,128,149,150,146,98,143,164,140,179,163,178,163,151,167,116,95,140,179,153,180,157,153,182,162,149,139,136,175,185,235,202,210,163,223,166,142,182,141,165,137,158,172,179,161,108,113,163,254,253,232,158,244,255,153,178,148,155,151,107,146,124,116,132,153,128,121,133,142,110,148,114,112,124,124,177,180,157,120,252,225,224,190,150,46,154,182,159,166,182,169,179,180,142,142
142,150,147,139,189,156,181,115,146,160,171,153,125,179,135,128,124,170,150,172,161,145,113,162,146,132,76,178,155,117,125,104,178,149,197,181,177,183,138,158,148,139,164,152,176,146,175,157,154,157,161,159,138,160,170,137,176,156,165,149,181,137,139,117,163,166,138,167,168,149,156,186,183,164,205,183,208,189,184,170,135,150,148,158,128,143,128,178,170,152,136,158,180,250,250,232,167,255,245,166,140,128,131,114,134,155,131,209,137,163,103,133,116,160,109,115,135,133,107,145,145,137,143,152,212,210,199,178,161,61,150,153,161,172,191,154,148,141,132,191
189,180,168,189,123,136,164,141,157,161,156,137,112,116,139,143,164,148,164,144,153,157,158,148,137,140,146,145,153,116,185,171,182,180,141,145,140,90,142,130,129,164,137,168,133,184,122,130,152,166,165,173,159,166,153,167,114,162,143,133,165,100,181,207,170,162,158,109,170,148,127,115,182,202,191,226,191,191,150,136,147,197,147,160,131,104,124,130,156,146,151,163,232,254,250,249,193,252,230,208,88,171,161,173,149,134,159,161,162,141,155,135,153,163,120,154,165,149,151,159,151,137,188,189,214,242,228,212,103,186,135,134,180,161,154,174,111,106,159,167
202,147,160,150,181,124,110,182,151,152,139,184,170,135,168,187,152,156,130,174,153,189,154,160,145,162,146,149,167,141,114,164,163,182,125,170,142,135,156,169,159,141,168,188,153,158,131,130,103,197,136,118,105,175,142,149,122,142,173,168,170,154,147,136,153,149,153,122,136,168,166,122,127,161,172,155,129,169,107,180,172,148,176,158,158,124,180,158,125,135,130,121,255,246,251,219,173,237,232,242,80,139,137,184,123,123,179,134,144,116,116,92,181,179,110,121,108,120,182,175,176,150,139,185,183,211,202,134,147,158,161,166,168,177,162,145,193,138,127,136
155,164,130,184,151,131,117,164,159,143,141,162,126,159,138,156,156,144,146,144,149,174,144,150,124,97,154,107,100,144,138,63,197,143,162,132,157,157,178,119,118,169,154,154,191,157,154,132,179,125,133,132,149,135,142,113,137,146,168,165,149,189,114,144,125,117,120,130,151,180,151,175,155,154,183,167,166,159,169,127,167,167,129,147,159,85,131,140,149,115,168,183,229,255,247,233,208,242,223,209,162,116,148,149,148,138,158,115,143,117,143,138,125,136,135,174,152,184,151,128,95,148,191,188,197,213,126,58,91,171,159,152,165,153,146,154,152,122,173,210
150,134,165,94,136,143,128,141,114,82,129,155,152,152,174,130,182,86,135,162,167,117,136,150,118,135,144,120,155,112,118,109,108,158,149,94,158,147,165,142,154,131,147,174,133,164,157,83,124,154,163,162,170,145,117,149,162,166,188,150,142,143,205,165,147,141,145,116,149,169,149,137,132,177,142,131,168,184,142,141,152,126,180,154,180,159,162,136,151,182,136,208,232,244,255,239,156,250,225,234,104,140,124,129,154,176,198,168,166,163,167,153,150,167,153,117,170,159,166,138,144,152,149,201,203,144,161,86,116,197,138,121,161,140,129,158,175,151,138,141
144,150,117,170,197,135,178,153,122,153,169,151,176,167,186,154,142,147,165,158,134,146,160,134,141,146,136,114,160,132,143,149,130,157,146,136,149,127,102,200,130,156,146,138,182,147,189,182,153,153,149,158,151,190,159,173,170,134,152,106,180,206,162,142,175,159,163,167,138,154,95,172,171,120,164,152,177,140,159,164,137,157,152,163,169,130,111,150,127,148,104,219,202,197,236,233,171,232,127,207,63,102,113,126,161,162,156,147,146,136,118,145,93,104,148,144,66,186,154,166,174,158,151,155,156,161,172,131,181,104,123,125,103,126,139,180,142,147,118,144
168,168,175,151,123,175,171,169,143,139,137,158,205,135,115,181,135,147,149,180,135,137,145,141,135,107,169,148,156,170,166,160,129,146,148,139,155,129,132,154,161,143,136,157,132,176,172,141,164,136,127,129,152,136,139,151,161,147,128,108,157,157,132,165,136,136,155,160,144,116,127,182,141,146,139,144,157,178,111,181,94,131,181,165,112,159,179,168,166,145,138,240,237,231,185,244,179,143,152,153,174,173,143,82,134,145,160,206,175,136,134,143,121,160,87,119,111,119,149,146,174,148,158,148,137,154,157,90,158,170,151,131,131,135,168,187,140,150,211,149
170,139,132,130,156,137,148,154,171,155,145,150,167,160,172,140,160,154,140,148,134,164,114,176,138,141,159,189,163,144,136,131,156,113,92,158,82,153,133,140,127,191,91,155,173,165,116,164,141,170,138,174,167,179,187,146,133,145,175,152,149,148,169,154,176,185,148,130,151,184,160,143,129,184,81,145,122,157,175,174,122,135,194,137,134,166,166,165,117,124,234,226,202,175,177,180,130,142,131,174,149,151,121,163,135,170,141,91,148,129,137,140,132,141,133,152,143,123,144,153,135,96,122,138,185,157,188,164,135,156,157,152,169,164,163,153,109,165,147,139
163,132,128,216,152,153,178,165,139,128,161,157,148,157,157,174,149,123,140,160,158,164,150,156,161,162,169,150,178,158,167,147,138,106,129,177,140,144,99,147,172,173,129,153,201,155,179,147,153,120,139,139,136,170,146,128,128,170,181,128,159,134,152,150,159,151,125,184,169,186,117,142,157,187,163,155,169,138,158,193,180,188,129,147,122,169,198,180,118,210,208,183,208,213,154,140,117,142,107,172,182,157,173,153,180,149,136,165,174,166,143,167,168,156,159,152,125,145,160,146,120,135,131,137,165,176,162,151,154,149,117,142,147,152,156,119,122,153,151,161
133,138,141,132,182,142,167,145,157,162,161,140,152,136,169,140,173,166,163,167,169,151,160,135,164,135,181,152,168,123,134,156,101,132,156,171,141,113,151,165,139,189,190,178,123,112,148,124,136,155,183,147,185,169,188,160,165,117,174,131,175,177,149,141,182,181,174,125,120,161,134,146,142,166,169,156,143,166,147,153,193,119,182,136,177,162,199,146,159,215,214,195,136,137,124,157,106,131,135,131,119,147,179,145,146,148,143,150,163,180,136,174,154,162,146,128,128,126,92,147,153,131,99,145,169,155,122,170,156,178,183,173,181,164,131,156,161,159,167,161
