220,220,228,229,230,230,237,244,245,248,252,253,252,251,252,250,251,249,248,247,247,247,247,247,247,247,247,248,248,248,248,249,249,249,249,249,249,249,249,249,248,247,248,241,249,239,253,247,239,229,218,185,206,195,135,67,50,75,91,57,84,79,119,54,61,84,53,65,71,114,157,203,241,244,248,248,248,249,247,246,246,246,244,244,244,244,244,244,244,244,244,244,244,244,244,244,244,243,243,242,242,242,242,242,242,242,243,243,242,242,243,243,243,243,243,243,243,243,243,243,243,243,243,243,243,243,243,243,243,243,243,243,243,243,242,242,242,242,243,243,243,243,243,243,246,246,248,248,249,249,249,249,248,248,248,247,247,247,247,247,248,249,250,250,249,247,245,245
220,222,227,227,227,229,231,237,237,241,246,247,248,249,249,248,248,247,245,245,245,246,245,247,247,247,247,248,248,248,248,249,249,249,249,249,249,249,249,249,248,247,235,218,202,200,210,210,211,203,180,192,137,90,76,70,36,21,40,54,75,85,78,67,44,48,55,43,55,44,49,134,173,243,249,247,247,248,247,245,245,245,244,244,244,244,244,244,244,244,244,244,244,244,244,244,244,243,243,242,242,242,242,242,242,242,243,243,242,242,243,243,243,243,243,243,243,243,243,243,243,243,243,243,243,243,243,243,243,243,243,243,243,243,242,242,242,242,243,243,245,243,243,243,246,247,248,248,249,249,249,249,248,248,247,247,247,247,247,247,247,246,246,246,246,245,245,245
220,223,224,225,229,229,231,232,235,237,241,244,246,250,249,249,249,248,248,248,248,248,247,247,247,247,247,247,247,247,247,248,250,250,250,249,248,247,247,246,242,220,227,218,206,201,200,199,194,187,168,141,119,74,69,43,36,51,87,64,56,70,61,67,72,62,48,49,61,35,46,52,105,136,179,209,227,234,234,243,250,243,244,243,243,244,244,244,243,243,243,243,243,243,243,243,243,242,241,240,240,241,241,241,242,242,242,242,243,243,243,243,243,243,243,243,243,243,243,243,243,243,243,243,243,243,243,243,243,243,243,243,243,243,242,241,242,242,245,245,245,243,243,245,247,248,249,249,249,248,248,248,247,247,246,246,246,246,246,246,246,245,243,243,243,245,243,243
220,212,219,226,231,231,231,233,234,235,235,241,244,246,249,249,249,248,248,248,248,248,247,247,247,247,247,247,247,247,247,248,248,246,246,246,246,246,246,245,246,250,249,229,204,167,209,181,163,144,143,159,91,65,49,35,98,95,68,89,63,95,99,77,86,49,77,59,46,37,33,40,49,48,71,96,166,201,220,231,241,241,241,240,240,241,242,242,241,240,240,240,240,240,240,240,240,240,239,239,239,240,240,241,242,242,242,242,243,243,243,243,243,243,243,243,243,243,243,243,243,243,243,243,243,243,243,243,243,243,243,243,243,243,242,241,242,242,245,245,245,245,243,246,248,248,249,249,249,248,247,248,247,247,246,246,245,245,245,245,245,245,245,245,245,245,243,242
221,218,219,231,233,233,234,231,233,234,235,238,240,242,244,247,247,247,247,247,248,248,247,246,246,247,247,247,247,247,247,247,247,247,246,243,244,246,244,244,242,229,230,227,222,180,138,129,135,142,183,125,92,63,80,97,108,95,87,124,129,156,174,125,113,79,40,34,32,40,44,42,44,35,79,96,150,189,212,240,239,243,237,239,239,239,239,239,237,236,236,236,236,236,236,236,236,236,237,237,237,239,239,241,241,242,242,242,243,243,243,243,243,243,243,243,243,243,243,243,243,243,243,243,243,243,243,243,243,242,242,241,241,241,242,242,241,241,243,243,243,243,243,246,248,248,249,251,249,245,245,245,243,243,242,242,242,242,242,242,242,242,242,242,242,243,242,242
221,218,231,239,239,239,240,237,237,238,236,238,239,242,243,244,244,246,247,247,248,248,246,246,247,247,247,247,247,247,247,246,246,246,246,244,244,243,242,241,239,236,222,206,154,160,112,149,191,197,147,142,92,67,97,117,122,133,132,124,169,157,164,185,115,136,130,86,36,20,15,42,35,45,36,58,94,115,136,206,222,235,237,237,239,239,239,239,237,236,236,236,236,236,236,236,236,236,236,236,237,237,237,237,239,240,241,241,242,242,242,242,242,242,242,242,242,242,242,242,242,242,242,242,242,242,242,242,242,241,241,240,240,240,241,241,241,241,243,243,243,243,247,247,248,248,249,249,245,242,243,243,243,241,241,241,241,241,241,241,241,241,241,241,241,242,242,242
218,212,230,238,244,240,240,237,237,233,234,237,238,242,245,238,225,222,238,245,247,247,248,249,248,247,247,247,247,246,246,244,245,245,245,245,244,243,242,241,234,233,223,156,173,140,171,190,188,192,156,155,89,79,110,148,157,166,151,168,156,165,162,150,144,133,136,119,66,60,42,43,42,40,44,58,65,129,172,213,234,240,240,240,237,237,236,236,235,234,234,234,234,234,234,234,234,234,234,234,235,236,236,236,236,236,237,237,236,236,237,237,237,237,237,237,237,237,237,239,240,239,239,237,237,237,237,237,237,237,237,237,237,237,237,237,240,240,242,242,242,242,245,247,247,248,248,245,241,241,242,242,242,241,240,240,240,240,240,240,240,240,240,241,241,241,241,242
218,215,227,234,239,234,231,226,222,226,228,231,235,238,242,239,212,171,190,224,239,247,252,252,248,247,247,247,247,247,246,244,245,245,245,245,245,243,243,241,241,231,176,198,175,192,204,172,188,167,132,143,79,129,169,162,158,150,163,164,119,156,153,143,143,141,173,137,114,113,79,56,49,44,53,55,93,173,166,212,229,235,236,236,236,236,235,235,234,233,233,233,233,233,233,233,233,233,233,233,232,233,234,235,236,236,237,237,236,236,237,237,237,237,237,237,237,237,237,237,236,236,237,237,237,237,237,237,237,237,237,237,237,237,237,237,240,240,241,241,241,242,243,246,247,248,248,241,243,242,241,242,242,241,240,240,239,239,239,239,239,239,240,241,241,242,242,242
219,221,223,222,227,226,220,186,197,214,224,225,223,237,243,244,227,197,128,111,157,182,202,233,232,249,245,247,244,246,246,244,244,244,244,244,244,243,240,240,235,231,223,195,190,212,195,174,168,169,171,92,123,187,179,179,150,153,132,153,157,135,112,145,157,141,179,128,118,153,126,81,55,59,46,52,59,47,125,203,221,235,233,233,233,234,233,233,232,231,231,231,231,231,231,231,231,231,229,229,228,228,232,232,233,233,234,234,234,234,235,235,235,235,235,235,235,235,235,235,235,235,236,236,235,235,235,235,237,235,234,234,235,235,236,236,236,237,241,240,240,241,242,243,245,243,243,242,242,241,241,240,240,240,238,238,239,239,239,239,239,239,241,241,242,241,241,241
220,220,220,219,223,216,201,185,178,208,220,220,228,238,243,236,224,178,124,116,114,107,110,124,169,182,220,237,241,239,242,244,244,244,243,242,241,241,241,239,240,235,224,193,221,194,181,196,197,188,156,122,201,193,190,167,152,139,154,139,150,162,99,148,161,162,192,178,141,167,168,114,95,78,84,63,48,69,108,133,200,232,231,231,231,231,229,229,228,227,228,228,228,228,228,228,228,228,229,229,228,228,229,229,231,231,232,232,232,232,233,233,233,233,233,233,233,233,233,233,233,233,234,234,233,233,233,233,233,234,234,234,233,233,235,235,235,236,236,237,239,241,242,242,245,246,242,242,240,239,239,240,240,240,241,241,240,239,239,241,241,241,241,241,242,243,245,245
218,219,224,221,211,206,207,155,202,179,211,208,231,232,246,236,150,166,102,113,100,101,107,117,121,121,121,128,145,176,232,242,240,243,242,242,241,241,241,240,240,238,213,215,198,190,171,195,203,162,164,175,187,187,187,159,148,123,140,107,157,185,136,144,137,183,184,132,135,138,195,147,94,70,72,58,57,61,70,111,189,207,228,228,227,228,228,228,227,226,227,227,227,227,227,227,227,227,227,227,227,227,227,227,227,227,228,228,229,231,231,229,231,231,231,231,231,231,231,231,231,231,234,234,232,232,231,231,229,233,233,233,234,234,234,235,235,235,235,236,239,242,242,242,245,245,243,241,240,238,238,239,241,242,243,243,243,242,241,242,243,243,242,242,246,246,246,245
216,221,219,218,228,205,191,202,178,186,201,208,223,224,235,215,227,136,100,101,99,111,105,113,121,121,122,119,121,110,131,182,226,237,240,241,241,241,241,240,239,237,231,216,210,185,196,192,171,169,157,167,170,189,172,188,130,150,96,118,163,164,175,144,162,200,189,177,179,166,150,194,160,111,107,138,93,69,68,84,136,218,228,228,227,227,226,225,226,226,225,225,225,225,225,225,225,225,225,225,225,225,227,227,227,227,227,227,227,228,228,227,228,228,228,228,228,228,228,228,228,228,229,229,229,229,228,228,227,231,231,232,233,234,234,233,233,235,235,239,241,240,240,242,245,245,245,242,240,240,240,240,241,242,243,243,243,243,243,243,246,246,245,245,245,246,246,245
218,217,219,226,212,217,149,131,134,123,108,95,99,93,81,80,80,86,120,109,111,91,116,119,120,113,115,114,129,126,115,124,107,118,183,220,237,242,244,242,241,240,230,211,192,199,178,163,169,154,163,180,190,190,180,181,177,151,143,109,123,172,182,154,159,192,178,180,160,205,194,177,200,153,173,120,100,58,51,104,137,194,226,226,225,225,224,224,222,224,221,221,221,221,221,221,221,221,222,222,222,222,224,226,225,225,225,225,225,225,225,227,227,227,227,227,227,227,227,227,227,227,228,228,227,227,228,228,227,229,231,233,233,235,235,234,234,235,236,236,239,239,239,241,242,242,242,241,241,241,241,241,242,242,243,243,245,245,243,242,245,245,245,245,245,245,245,245
218,214,226,220,177,106,86,56,51,49,48,52,61,57,58,66,67,75,85,114,116,106,120,114,110,111,105,118,107,115,117,114,117,108,99,97,104,162,225,250,248,245,244,188,172,172,184,195,177,166,201,203,192,191,200,170,177,159,168,150,115,172,183,175,176,190,189,178,196,186,196,200,201,205,118,129,97,50,26,58,184,207,226,226,225,225,224,224,222,222,221,221,221,221,221,221,221,221,221,221,221,221,221,222,224,224,224,224,224,224,224,226,227,227,227,227,227,227,227,227,227,227,228,228,227,227,228,228,227,229,231,233,234,235,235,235,234,236,236,236,236,236,239,239,241,241,241,240,242,241,241,241,242,242,243,243,245,245,245,243,242,242,245,245,245,245,245,245
214,218,222,90,73,61,42,37,41,39,40,36,30,39,42,42,57,51,62,71,86,106,122,107,111,105,106,110,122,111,114,116,118,120,111,118,122,115,111,107,128,128,105,163,182,207,212,200,222,217,220,211,212,201,194,186,183,198,157,176,115,165,171,197,206,207,165,177,196,183,190,190,182,138,170,117,151,72,64,58,148,236,227,227,226,225,224,222,222,222,221,221,221,221,221,221,221,221,221,221,221,221,221,221,221,224,222,222,224,224,225,226,227,227,227,227,227,227,227,227,227,227,227,227,227,227,227,227,228,231,231,235,236,236,234,234,234,234,234,235,235,235,235,237,239,240,240,240,241,241,241,241,241,242,242,242,242,242,242,242,242,242,242,242,242,242,243,243
220,214,215,70,40,33,29,29,34,33,27,25,30,35,35,36,35,38,42,52,56,67,91,128,104,95,107,112,111,100,113,109,113,114,112,100,109,102,114,135,114,89,101,182,216,214,203,220,192,201,214,222,215,196,183,212,200,196,182,144,149,174,178,183,197,212,175,165,196,192,181,199,190,159,170,167,79,113,69,84,141,227,229,229,228,227,225,224,222,222,221,221,221,221,221,221,221,221,221,221,221,221,221,221,221,221,222,222,224,225,227,227,227,227,227,227,227,227,227,228,227,227,227,227,227,227,227,227,228,231,231,233,234,233,232,232,232,232,232,233,233,233,234,236,239,239,240,241,240,240,240,241,241,242,242,242,242,242,242,242,242,242,242,242,242,242,242,242
219,218,223,84,36,37,38,33,26,26,23,22,30,30,40,34,36,40,42,42,37,47,52,73,118,119,114,105,100,111,111,98,110,106,107,95,111,138,111,88,88,94,128,209,205,188,205,207,227,210,222,206,210,211,198,213,221,194,200,156,153,213,198,180,189,180,179,158,170,188,203,188,207,210,187,173,140,65,57,77,198,222,231,231,229,228,226,225,220,220,220,220,221,221,221,221,221,221,221,221,221,221,221,221,221,221,222,222,224,226,227,227,227,227,227,227,227,228,228,228,228,228,228,228,228,228,228,228,228,232,232,232,232,231,231,229,232,232,232,232,232,233,236,236,236,237,236,236,236,236,237,237,240,240,241,242,242,242,242,242,242,241,241,242,242,242,242,242
208,214,149,62,37,36,36,29,26,26,25,25,27,27,29,31,33,37,34,34,34,38,37,43,55,101,104,100,103,106,106,105,129,145,126,146,133,114,97,93,93,99,92,133,213,227,221,230,213,215,209,229,224,206,210,216,210,213,203,172,186,206,212,192,189,186,179,178,193,207,209,219,200,198,217,211,170,43,44,67,182,226,232,232,232,229,227,226,225,224,224,224,222,221,221,221,221,221,221,221,221,221,221,221,221,221,222,222,224,226,227,227,227,227,227,227,227,228,228,231,229,229,228,228,228,228,228,228,228,229,229,229,229,228,228,229,229,229,229,229,229,233,234,234,235,235,235,236,236,236,237,237,239,237,239,240,240,240,240,240,241,241,241,240,240,240,240,240
212,226,78,41,44,37,37,34,29,21,22,21,20,20,23,28,28,36,40,25,31,28,37,42,91,115,124,114,135,127,128,144,125,113,110,98,97,96,95,100,104,86,147,212,205,218,219,209,220,235,233,217,219,218,220,207,213,227,197,193,142,157,209,206,198,199,202,212,214,212,207,206,194,205,223,220,219,160,92,90,125,212,245,239,233,233,231,228,228,228,227,226,227,226,225,225,225,222,222,222,222,222,222,222,224,224,225,225,226,228,229,229,229,229,229,231,231,232,231,231,231,231,228,228,231,231,229,228,228,231,231,227,227,227,227,228,228,228,228,228,228,231,232,232,233,235,235,235,235,235,236,237,239,239,236,236,236,238,239,240,240,239,239,239,241,241,236,236
210,206,89,37,31,34,34,30,28,27,24,23,21,20,20,31,26,23,25,25,22,27,31,51,82,75,117,138,148,147,134,105,101,110,102,88,97,107,105,89,84,114,223,220,207,211,208,201,222,230,200,223,215,204,214,215,226,212,208,210,211,197,199,214,204,207,207,208,216,220,221,220,226,209,217,220,231,208,178,130,56,145,213,229,235,235,234,234,233,233,232,229,229,228,227,227,228,227,226,226,226,226,226,226,227,228,228,228,229,232,233,233,233,233,233,234,234,235,233,232,233,234,232,232,231,231,229,228,228,227,227,227,227,227,227,228,228,228,228,228,228,231,231,229,231,233,234,234,234,234,235,236,237,237,236,236,236,236,239,239,239,236,236,237,239,239,236,236
212,208,55,38,35,34,36,33,30,30,30,29,26,22,20,19,17,20,22,17,22,21,27,57,74,63,68,78,100,113,112,105,95,103,118,131,128,106,95,94,169,222,219,219,222,224,207,220,213,212,214,227,220,219,219,222,222,208,217,217,197,216,197,218,226,213,210,216,218,220,214,207,228,228,217,214,224,229,149,93,92,84,155,228,238,239,240,239,237,236,234,234,234,234,232,231,231,229,229,229,229,229,229,229,231,232,232,232,232,234,234,235,236,241,241,241,240,239,236,233,234,234,232,232,233,233,233,232,231,228,228,228,228,228,228,228,228,228,228,228,228,228,228,228,229,229,232,233,233,233,235,235,234,234,236,236,236,236,236,236,236,236,236,236,237,237,236,235
210,216,51,39,34,33,36,36,33,33,30,24,22,19,20,13,13,16,16,17,14,24,41,48,74,68,54,54,64,90,100,118,127,127,124,114,101,88,113,153,142,130,190,199,180,210,218,216,213,206,216,213,214,217,218,212,224,219,216,208,215,207,211,213,220,228,219,216,219,216,219,214,221,222,224,221,217,218,225,168,66,91,160,241,241,245,242,240,241,241,237,237,237,237,236,238,237,235,234,234,234,234,234,234,235,236,236,236,236,236,243,243,244,245,245,245,245,245,243,237,235,235,235,235,235,235,235,234,233,228,228,228,228,228,228,228,228,228,228,228,228,228,228,228,228,229,229,229,231,231,233,234,234,235,235,235,235,235,235,235,235,235,235,235,236,236,235,235
219,221,65,40,34,34,37,37,34,33,31,20,20,19,14,22,14,21,17,22,17,26,37,33,48,67,54,47,49,91,115,110,85,102,70,108,86,146,109,108,179,136,123,95,188,193,229,219,226,207,192,191,199,218,207,204,211,222,218,218,215,192,194,208,216,219,221,235,228,226,212,223,231,221,224,221,218,227,222,196,158,92,101,172,252,246,241,238,244,245,242,242,240,240,242,242,241,241,240,240,240,240,240,240,241,239,239,235,237,239,241,243,246,248,248,247,246,246,243,240,237,237,237,237,237,237,237,237,234,231,232,232,231,229,229,229,228,228,228,228,228,228,228,228,228,229,229,229,229,229,231,231,233,233,233,233,233,233,233,233,233,233,233,233,233,233,236,235
213,223,164,42,36,34,34,30,34,34,31,28,23,22,22,17,29,26,22,20,27,28,35,34,49,66,72,41,47,48,56,66,87,79,72,92,90,74,151,120,123,98,81,107,131,211,201,215,207,207,196,199,202,202,221,222,217,220,201,204,210,204,213,222,225,227,231,230,223,220,231,230,214,220,231,224,222,226,231,192,183,137,93,91,173,253,248,244,245,245,244,244,246,246,245,245,246,247,246,246,246,246,246,246,247,250,246,253,239,205,178,149,157,187,214,241,251,245,242,245,242,242,242,242,242,242,242,241,243,240,237,237,235,233,233,232,231,228,228,228,228,228,228,228,228,229,229,229,229,229,231,231,232,232,232,232,232,232,232,232,232,232,232,232,233,233,233,233
216,221,216,77,38,49,34,40,43,45,40,38,26,22,14,34,43,36,37,27,27,29,20,38,38,49,52,70,43,51,33,61,77,79,63,61,98,88,100,95,92,92,103,100,107,231,224,224,228,227,206,205,216,212,222,216,228,210,182,196,183,203,210,217,211,203,166,204,200,205,225,232,225,221,213,220,225,234,232,176,110,116,93,98,95,69,93,220,244,241,248,248,248,249,249,251,249,249,250,250,248,255,255,226,161,49,69,179,117,65,71,65,71,71,79,86,114,165,206,236,242,243,245,247,247,247,246,247,244,251,242,241,240,235,234,234,232,231,229,229,229,229,229,229,229,229,229,231,231,231,231,228,228,228,227,227,228,228,228,228,228,228,229,229,232,232,233,233
211,218,224,205,60,38,31,34,40,41,36,33,34,29,22,45,55,58,76,66,20,26,28,34,34,30,42,72,45,28,41,44,67,57,57,54,78,72,75,92,92,71,97,122,107,169,207,201,204,202,207,194,197,209,167,195,211,164,131,130,149,168,191,198,182,156,186,167,195,228,232,230,236,232,232,234,232,233,218,151,95,82,78,82,87,93,68,83,186,235,251,253,250,250,250,250,253,253,237,220,187,111,90,97,77,58,61,42,36,42,59,62,56,56,58,57,59,69,76,88,140,215,244,248,248,248,249,250,249,249,254,253,244,240,240,235,235,234,233,229,229,229,229,229,229,228,229,231,231,231,231,228,228,231,231,227,228,228,228,228,228,228,229,228,228,231,232,232
205,217,221,227,134,38,31,37,35,41,35,35,34,28,26,17,92,31,48,31,24,23,22,29,34,40,44,49,49,28,36,42,44,44,42,57,84,76,84,75,76,61,81,108,121,185,217,206,189,192,208,210,194,144,184,185,188,139,150,112,127,155,190,184,161,184,183,192,184,207,213,222,229,232,235,230,232,233,213,90,115,82,94,78,80,86,118,102,101,103,142,176,220,219,193,155,124,104,87,91,85,90,77,69,49,54,55,36,27,27,43,48,45,41,30,35,38,40,44,56,61,71,115,228,250,246,253,251,250,254,255,255,249,247,241,241,240,239,236,233,234,232,229,229,229,228,228,229,231,231,231,231,228,227,227,226,225,225,225,225,225,225,227,227,227,228,229,229
211,216,221,232,227,66,36,26,31,36,38,31,30,24,23,24,40,37,46,35,28,21,22,24,29,35,40,44,44,23,31,32,35,33,39,55,73,78,66,94,90,79,108,99,135,205,203,217,238,234,197,204,216,175,195,177,183,163,169,154,158,152,179,174,171,159,189,206,225,220,210,223,213,214,223,234,231,232,234,100,92,105,94,83,64,82,90,99,106,94,112,121,124,101,90,87,83,76,80,73,90,81,64,51,50,45,52,43,27,27,30,33,41,36,36,34,34,35,37,40,42,45,52,70,112,209,249,252,252,253,255,255,255,250,249,249,248,247,244,241,237,234,232,229,229,228,228,228,229,231,231,231,228,228,227,226,226,225,225,225,225,225,225,225,227,227,228,228
214,220,222,226,226,186,92,25,33,29,31,24,24,23,21,21,19,69,41,52,37,37,24,27,21,26,37,38,38,22,23,24,26,28,36,60,62,64,71,88,80,69,119,116,123,126,198,212,216,200,199,206,206,212,209,191,195,222,190,161,167,165,178,180,178,193,209,200,203,214,207,215,224,228,229,225,232,232,232,101,98,89,104,85,62,75,77,77,96,110,110,85,59,60,64,68,75,66,74,80,66,61,54,57,44,37,49,44,34,27,29,32,38,37,35,38,36,36,37,37,37,37,39,46,47,57,76,188,254,254,254,255,255,255,255,255,255,254,251,248,247,240,236,233,231,233,233,233,231,231,231,231,228,227,227,225,225,225,224,224,224,224,225,225,228,228,227,227
210,215,219,222,227,225,178,74,30,28,27,21,21,24,21,21,30,67,77,58,55,41,35,30,21,26,29,34,34,23,23,22,20,30,37,50,81,65,84,83,75,79,114,109,98,91,85,195,221,208,224,221,210,217,221,222,207,165,176,189,167,163,184,187,199,203,196,196,187,186,201,207,210,225,226,234,234,232,213,109,103,84,129,48,73,67,78,69,81,87,97,105,64,40,50,56,60,64,62,62,57,47,52,33,38,38,37,44,44,34,29,29,37,41,38,36,36,36,37,37,37,37,37,35,42,43,36,54,103,241,254,254,255,255,255,255,255,255,254,254,250,248,244,241,237,236,235,239,237,235,231,229,228,228,227,225,225,225,225,227,227,227,227,225,225,225,227,227
208,211,218,219,221,211,210,156,80,33,25,20,24,27,27,19,15,86,102,53,65,35,39,27,30,21,31,29,28,22,22,16,27,30,50,35,62,65,79,76,81,109,121,110,105,84,108,150,197,200,218,205,212,223,219,213,142,158,171,167,163,184,190,196,199,205,186,209,179,191,194,213,216,214,220,215,224,243,154,105,100,77,87,79,66,58,64,64,62,73,80,63,59,47,44,49,69,77,64,55,54,38,43,38,34,33,34,31,44,42,36,36,37,43,41,40,34,35,36,36,36,38,37,38,38,40,41,42,48,102,251,254,255,255,255,255,255,255,255,255,254,254,250,248,244,241,242,242,236,233,231,231,229,228,227,228,228,227,227,227,227,227,227,224,224,224,227,227
212,211,212,210,215,210,150,172,120,84,36,26,31,36,35,27,23,69,126,73,61,65,55,37,26,19,22,21,28,26,24,19,22,34,40,43,58,79,87,65,86,118,113,106,120,104,149,191,221,237,202,203,187,176,160,124,137,146,169,170,177,178,186,198,196,197,181,197,192,184,202,211,205,211,215,219,226,219,150,88,96,81,74,95,46,56,55,54,64,65,72,45,37,44,50,64,55,77,44,62,47,43,43,40,34,30,30,31,35,40,40,40,41,47,43,42,40,39,40,40,38,38,38,40,38,38,37,38,38,44,113,254,254,255,255,255,255,254,255,255,254,254,253,250,249,244,244,240,235,234,234,233,232,231,228,228,229,228,228,227,227,227,227,226,226,227,227,227
210,208,203,194,210,184,104,110,111,94,59,39,34,36,36,24,24,94,147,112,104,96,81,27,25,28,25,23,28,26,14,17,20,36,37,44,53,78,68,63,120,120,123,112,103,108,98,185,228,218,200,196,188,183,166,161,150,159,173,170,178,157,184,191,190,187,184,169,183,194,201,206,204,194,215,234,225,126,114,121,91,97,77,76,60,56,47,47,48,52,51,29,27,37,48,73,61,57,54,57,42,42,42,41,33,31,28,27,31,35,37,38,37,47,50,50,54,47,47,47,42,37,37,38,40,40,37,35,37,42,42,180,254,255,255,255,255,255,255,255,255,255,253,250,249,247,240,239,237,237,235,235,235,235,235,235,234,233,231,233,231,231,231,227,227,227,227,227
205,204,208,200,176,112,84,80,91,85,84,33,30,35,34,29,29,124,160,138,127,96,65,58,43,40,27,26,24,20,14,17,22,30,38,47,50,70,68,86,132,112,135,124,114,88,85,74,143,188,226,193,186,163,131,151,178,170,179,175,186,157,176,194,187,179,178,191,183,208,194,206,214,215,220,220,225,166,108,80,95,90,65,65,66,55,42,42,40,43,29,34,31,42,50,55,54,48,57,45,41,38,36,37,37,34,33,31,29,30,34,35,37,40,43,43,47,50,51,51,50,42,40,42,41,40,40,35,34,37,38,43,254,254,255,255,255,255,255,255,253,253,253,250,249,246,242,241,240,240,240,240,240,240,239,237,236,235,234,233,231,231,231,227,227,227,227,227
215,210,204,200,199,113,88,86,87,81,51,26,26,27,30,27,2,183,166,148,129,85,101,61,48,35,21,24,22,20,21,17,27,27,29,45,51,56,78,105,116,123,131,122,121,95,100,84,86,98,207,211,203,183,188,156,161,176,164,184,179,176,193,184,183,169,179,183,191,187,195,208,218,215,227,235,234,178,92,77,79,99,79,75,53,44,37,37,34,34,27,34,37,44,43,49,47,51,47,42,43,36,35,34,36,34,34,34,33,33,37,37,35,35,37,42,47,49,52,55,55,54,48,43,41,38,37,35,30,29,47,109,254,255,255,254,253,253,254,253,251,250,250,249,248,247,244,244,243,243,242,242,241,240,237,236,236,235,233,231,231,229,229,228,228,228,228,228
215,210,204,191,198,169,77,89,80,88,88,67,31,27,29,27,2,197,188,103,104,138,91,90,65,21,22,21,23,20,20,17,27,23,40,37,43,56,67,128,121,123,116,121,116,97,78,71,76,92,127,184,205,168,164,188,173,183,166,200,182,176,182,178,187,184,189,200,203,204,206,213,223,228,231,230,239,155,104,86,87,96,100,78,53,46,37,35,29,29,31,40,44,42,45,41,42,47,42,37,36,38,35,35,35,35,37,37,36,36,34,34,34,36,37,42,47,49,50,50,54,52,48,44,38,34,33,30,29,29,33,150,254,254,253,251,250,250,251,250,250,250,250,249,248,247,244,244,243,243,242,242,241,240,237,236,236,235,234,231,231,229,228,228,226,226,226,226
216,209,201,191,191,178,90,92,80,84,83,89,84,34,28,31,99,186,189,150,162,103,119,10,25,16,17,28,21,21,17,19,20,19,26,37,37,63,85,131,128,121,103,109,107,105,93,74,75,66,147,207,191,183,187,178,178,172,184,197,180,176,176,181,183,185,192,187,216,208,216,226,230,228,225,218,213,140,104,99,97,96,102,76,59,41,37,34,29,22,36,31,40,41,44,42,41,45,48,38,24,41,36,35,35,34,36,36,36,40,38,38,35,35,37,43,49,61,59,54,52,54,49,44,37,33,28,28,29,26,24,177,254,253,250,250,251,251,251,251,249,248,248,248,244,244,244,246,244,242,244,242,241,242,240,239,235,233,231,229,228,228,228,227,226,224,224,225
215,209,197,187,198,176,89,82,85,82,77,63,93,85,30,31,0,186,195,189,124,122,5,20,27,27,30,37,34,34,35,28,26,24,30,43,42,66,109,128,114,110,110,101,91,91,79,92,86,74,79,115,176,189,168,178,169,179,192,199,179,192,183,184,180,192,196,205,204,220,218,215,220,218,222,235,204,100,104,99,96,105,101,103,64,45,36,31,26,27,36,31,36,36,43,43,37,42,40,38,30,37,31,33,33,34,36,36,34,36,44,44,44,44,43,48,47,48,56,64,61,55,50,45,38,34,28,28,30,26,101,251,254,250,250,248,248,248,248,248,247,247,246,246,244,244,244,243,242,242,244,242,241,241,237,235,235,234,232,229,227,227,227,225,225,222,221,222
218,217,198,188,186,180,79,93,84,78,78,56,82,71,26,36,48,94,193,194,80,29,23,23,22,38,51,55,57,50,59,52,45,26,33,44,40,58,105,110,112,115,114,90,110,79,82,70,69,71,56,72,78,183,179,192,198,185,195,191,186,192,192,184,191,202,204,193,218,215,216,218,219,227,224,231,126,101,83,91,93,99,110,112,62,48,36,26,20,28,28,30,33,37,41,41,37,34,35,36,33,36,29,30,30,33,31,35,35,34,36,43,49,44,44,52,51,51,54,56,59,52,51,47,40,35,30,28,22,79,221,253,253,250,249,249,249,249,247,247,247,247,244,244,247,244,243,242,241,241,242,239,240,237,236,235,233,229,228,227,231,225,222,222,222,222,225,222
213,206,197,188,186,199,112,93,80,82,77,59,70,80,53,48,35,8,151,4,41,34,43,43,47,45,83,85,69,63,65,56,51,43,27,32,53,88,108,100,84,94,83,102,81,81,77,83,74,71,62,67,79,169,200,198,202,191,198,197,199,188,199,183,199,201,192,209,208,209,219,219,219,224,231,227,134,108,112,95,99,96,100,115,79,37,37,26,24,30,29,29,29,34,36,36,37,34,35,35,27,33,29,30,30,31,31,35,38,37,40,42,44,47,47,51,51,51,51,51,49,50,48,43,36,31,30,29,1,191,254,255,253,250,249,249,249,249,248,247,247,244,244,244,244,242,241,240,239,239,240,236,237,235,234,234,229,229,227,225,228,225,222,222,220,220,222,220
216,214,198,184,191,176,118,97,78,78,85,67,71,71,67,61,50,47,51,50,50,51,55,59,52,58,160,175,88,70,64,50,49,44,23,63,50,82,67,76,83,85,89,89,82,81,92,85,67,70,76,78,110,184,205,200,207,204,203,192,192,188,196,197,192,208,209,170,196,212,221,220,223,222,225,234,147,93,91,91,91,93,99,101,116,29,32,22,26,33,31,28,26,30,33,34,36,33,33,34,34,30,30,31,33,34,34,33,34,42,44,43,45,48,48,50,50,54,58,51,50,45,43,38,43,33,30,76,204,246,253,253,250,250,249,249,248,248,247,247,246,246,243,243,242,241,240,239,237,236,235,235,236,234,233,233,228,227,227,226,226,225,224,222,224,220,219,219
194,214,206,202,191,174,114,92,70,70,77,67,73,57,49,35,57,55,68,56,63,60,60,65,63,63,205,208,122,72,62,50,34,38,33,34,75,89,100,104,92,84,83,82,79,79,85,80,76,75,76,76,79,169,209,202,208,206,202,200,197,199,192,192,198,195,195,187,212,218,217,223,227,227,232,239,188,96,91,91,91,83,89,100,111,47,43,35,26,33,35,33,28,30,28,30,30,34,34,33,34,36,34,33,40,40,43,43,40,43,43,47,50,51,51,50,50,55,55,49,45,42,38,34,40,50,136,224,250,253,249,248,248,247,247,248,246,246,244,244,243,243,243,241,240,239,236,236,235,234,233,233,235,233,232,233,228,225,225,222,222,222,221,221,220,218,217,217
116,220,214,194,171,157,115,93,71,79,73,71,71,57,43,37,49,70,74,54,75,55,61,73,55,75,193,218,134,62,59,43,32,36,34,50,72,107,114,92,106,84,82,77,75,74,77,72,76,64,64,64,78,107,188,192,198,216,203,194,208,204,190,190,199,199,192,195,204,218,221,225,229,227,226,226,192,84,104,101,98,99,85,100,93,115,31,56,26,35,55,54,37,35,28,27,27,33,36,33,33,41,35,41,43,49,54,49,49,50,48,51,54,54,52,49,48,49,49,45,43,37,33,33,41,190,240,251,255,251,247,247,246,244,244,244,242,242,246,243,241,241,240,237,237,236,235,235,233,232,232,231,232,233,232,229,225,222,222,221,221,220,219,218,217,217,215,215
79,211,204,193,183,157,128,107,69,77,75,70,69,57,43,39,38,72,52,49,65,52,59,73,45,116,155,134,66,57,51,44,31,34,42,63,74,80,87,88,82,82,77,75,73,73,77,82,71,57,52,60,55,80,135,199,197,206,208,198,201,204,203,202,191,198,198,204,206,215,221,227,227,229,235,214,157,98,97,104,94,92,95,105,104,105,14,133,161,137,164,140,105,66,30,24,22,27,33,35,35,36,38,42,43,49,52,56,59,59,51,52,54,56,54,49,44,44,45,42,40,33,33,67,170,249,250,248,247,247,242,243,242,241,242,244,241,241,240,236,235,235,235,235,233,232,232,232,229,228,231,231,232,232,232,229,225,222,222,219,219,218,217,217,217,217,215,215
86,147,222,183,163,122,90,83,77,59,61,72,77,60,44,43,34,81,63,57,64,44,52,72,43,104,76,58,61,62,51,44,27,29,53,72,90,98,92,90,85,80,76,65,70,61,65,69,69,76,76,51,62,50,103,174,203,203,203,205,205,205,206,196,197,192,205,217,220,219,220,226,230,231,234,217,91,95,95,98,92,99,96,91,98,87,94,250,221,222,204,186,164,113,64,28,21,22,27,34,34,37,41,42,43,45,51,52,55,60,60,55,51,52,48,43,41,44,47,41,51,119,218,250,246,246,244,243,242,241,242,242,241,237,237,237,234,234,235,232,231,231,231,231,228,228,228,228,228,228,228,231,232,232,231,228,224,222,220,221,219,219,219,217,218,218,217,217
96,125,222,185,154,94,79,72,69,64,42,74,78,66,49,46,36,76,65,40,51,54,56,74,45,98,67,64,51,55,43,30,36,35,55,98,97,104,101,95,90,85,77,76,61,56,61,64,63,55,56,58,50,41,60,55,163,204,203,204,203,206,199,200,201,210,205,208,214,213,215,220,230,230,232,211,102,87,92,86,87,84,98,93,101,76,62,254,238,240,222,225,218,177,152,84,28,28,24,28,33,37,42,43,43,45,47,48,47,49,56,52,44,44,47,41,29,45,33,74,175,242,244,246,242,241,240,239,239,237,236,236,235,234,235,235,232,232,233,229,228,228,227,227,226,226,226,226,226,226,228,228,228,228,228,228,228,227,226,225,221,222,222,225,225,225,224,224
84,92,232,189,126,91,86,73,69,58,51,67,84,61,51,49,40,74,67,38,56,66,49,73,44,71,46,52,48,48,50,26,42,41,76,99,98,102,94,92,80,78,80,71,73,66,59,58,61,69,72,54,55,51,45,37,87,172,212,203,210,206,198,203,204,211,198,203,220,216,218,221,222,227,240,232,113,113,103,87,84,73,86,86,93,81,74,254,253,246,246,233,229,229,218,172,77,40,22,24,33,37,40,40,42,44,43,43,44,45,45,47,40,43,37,24,133,123,180,232,243,240,239,239,239,234,232,231,231,229,231,231,232,229,229,229,228,228,227,227,227,227,226,224,224,224,224,224,224,225,226,227,227,227,227,227,226,226,231,231,232,232,235,235,235,235,237,234
69,66,222,198,149,83,77,63,72,72,54,58,73,73,55,49,40,75,67,38,57,68,39,66,42,62,52,52,48,43,44,8,54,46,92,86,97,99,93,90,83,78,71,64,59,61,68,64,62,69,66,63,51,47,42,43,45,179,189,194,197,207,211,207,215,197,189,183,186,212,199,205,221,229,234,191,99,94,86,87,82,91,82,82,80,90,104,225,246,249,252,239,237,237,241,224,178,150,101,45,34,33,35,35,37,42,43,43,42,42,40,38,34,17,51,126,224,242,233,236,236,235,235,234,232,229,227,226,225,226,226,226,227,225,225,225,224,224,222,222,222,222,222,221,221,221,221,221,221,222,224,221,221,221,222,222,224,224,227,232,239,241,242,242,242,242,244,241
85,86,171,213,151,79,73,67,69,74,63,57,70,78,51,59,41,71,68,41,60,70,39,52,34,58,53,57,44,37,33,15,47,78,122,129,80,101,87,76,73,68,63,69,61,61,65,65,63,62,58,63,55,51,45,47,43,134,212,200,191,210,208,207,207,199,199,198,218,205,192,204,200,220,234,177,128,84,79,78,71,90,77,77,73,83,98,132,247,254,245,245,243,243,241,236,231,222,199,168,104,69,19,38,31,35,40,29,36,40,20,34,87,176,226,236,234,234,234,234,234,234,232,228,226,222,222,222,221,221,222,222,221,221,221,221,221,221,221,221,221,221,219,219,219,219,219,217,219,220,219,219,221,220,220,220,219,219,224,229,237,244,244,244,244,244,246,246
77,83,162,213,151,75,78,68,67,68,65,46,69,81,56,59,42,64,70,43,59,63,37,45,68,55,52,52,47,35,39,40,56,105,108,115,124,81,75,63,51,58,61,57,55,59,63,65,62,62,54,60,62,50,45,40,58,123,204,211,219,206,211,213,197,197,183,201,206,210,190,192,197,211,194,90,117,94,71,79,88,79,77,77,77,79,101,97,250,239,245,245,243,243,242,241,241,236,234,234,213,203,154,104,87,72,42,52,79,78,125,198,227,231,232,234,233,232,231,229,229,229,227,226,222,220,219,217,218,218,218,218,217,217,217,217,217,217,218,218,218,218,217,217,217,217,217,219,222,224,225,225,227,229,231,231,229,228,227,227,235,242,244,244,247,247,246,246
83,83,186,208,188,75,70,68,60,53,65,53,60,74,57,59,44,68,71,50,37,53,34,44,33,54,53,44,44,21,34,63,66,85,96,95,94,65,65,64,59,59,62,61,52,59,61,61,71,55,54,59,58,47,50,51,42,120,207,213,208,208,209,215,215,186,188,196,212,203,192,193,192,199,115,82,121,77,75,83,82,75,76,83,76,75,83,95,184,242,243,243,241,240,240,240,240,237,235,235,234,232,229,219,212,201,196,213,196,218,225,231,237,233,231,229,227,227,228,228,228,226,226,220,220,219,214,214,214,214,214,215,215,215,217,217,214,214,217,219,221,221,224,224,225,222,222,226,226,228,228,234,240,244,246,243,242,242,239,237,232,236,242,244,247,247,246,246
92,83,199,211,205,83,75,65,67,47,67,53,60,68,58,55,41,58,78,51,66,64,34,49,63,55,50,44,40,28,17,61,96,88,94,75,59,69,53,64,59,62,56,57,49,57,57,57,62,54,55,54,50,48,47,50,49,108,204,214,209,216,215,215,201,191,177,187,208,199,196,200,196,173,77,74,74,74,92,86,72,64,69,71,76,75,85,88,101,235,239,239,236,235,235,235,235,233,231,231,231,229,229,235,235,233,232,229,229,229,232,231,232,228,226,226,225,225,225,225,225,222,227,227,226,222,220,221,220,220,220,221,221,221,225,225,226,226,228,232,233,233,235,235,234,233,233,234,234,235,236,240,244,249,249,250,250,250,248,243,234,235,242,242,242,242,241,241
91,77,201,211,210,79,75,68,73,63,66,67,61,70,60,50,45,49,78,48,54,72,35,59,52,56,45,39,44,30,0,99,76,91,76,82,56,38,37,62,62,54,48,50,51,49,48,52,49,52,38,38,47,43,43,56,77,76,206,212,199,200,207,212,219,197,185,183,203,203,194,199,211,151,84,80,81,72,78,71,63,69,65,76,73,73,79,75,79,116,234,234,233,233,232,231,231,229,228,228,228,228,229,229,228,227,226,226,225,225,226,227,227,226,225,224,222,222,224,222,222,220,224,232,228,231,229,229,228,229,229,231,233,233,234,237,237,237,240,240,240,240,240,241,241,237,237,239,239,237,237,243,244,249,250,254,254,250,250,236,235,237,240,240,240,240,239,239
84,76,192,201,203,123,72,67,68,60,58,67,53,78,58,50,45,45,65,50,59,53,38,41,44,52,41,42,43,36,57,71,71,69,51,64,70,69,36,47,46,52,52,40,44,42,45,44,47,50,51,44,47,47,48,37,70,121,191,215,214,206,201,206,209,202,205,185,204,203,192,191,186,88,84,79,70,70,78,72,61,66,55,65,64,63,84,69,82,108,234,234,233,233,232,229,228,227,227,227,227,227,225,224,222,221,221,221,221,221,221,221,221,221,221,220,220,220,218,219,219,220,224,227,235,235,237,241,240,240,240,241,240,240,243,243,243,242,242,242,242,242,242,241,241,241,241,242,242,244,244,243,249,250,250,254,254,250,246,243,240,242,240,240,240,240,239,240
76,80,180,210,199,172,69,74,63,61,57,64,47,79,57,43,45,38,68,51,63,43,39,34,41,50,32,32,40,42,42,62,53,46,44,28,28,46,76,44,45,49,40,41,36,40,38,40,38,43,44,42,34,52,51,53,10,154,200,214,219,215,209,219,211,201,195,177,192,203,191,194,150,87,79,57,66,67,66,65,63,60,61,61,59,58,56,65,68,56,232,236,232,231,228,227,227,226,226,226,226,226,224,222,222,222,221,220,220,220,219,218,218,218,219,219,219,217,214,217,220,221,224,227,229,240,240,244,244,244,243,242,243,243,243,243,243,243,243,242,242,242,241,240,240,244,244,246,246,251,249,249,250,250,250,253,253,249,249,247,244,243,244,242,240,242,243,243
77,82,141,204,201,190,64,78,58,67,52,49,53,67,54,38,42,40,61,50,52,39,42,38,38,48,29,27,35,16,44,56,46,57,61,34,34,7,140,32,41,35,34,35,30,34,34,40,43,38,41,44,41,52,58,56,56,98,215,209,225,219,214,218,223,206,194,184,196,201,197,211,140,77,70,64,62,62,62,62,50,60,56,57,57,58,58,48,43,28,221,227,229,227,227,227,227,226,226,225,226,226,227,227,225,224,224,221,220,220,219,218,218,217,215,214,214,217,219,220,222,227,229,232,234,236,243,244,244,244,243,242,243,243,243,243,241,240,240,240,240,241,241,244,244,248,248,249,249,253,250,249,250,251,251,251,253,249,250,249,246,246,243,242,240,242,243,243
76,82,121,205,204,191,78,71,58,68,50,43,60,56,58,35,44,42,56,47,42,45,47,40,35,43,29,25,34,13,51,45,51,66,76,63,46,18,122,127,33,48,34,31,28,30,35,36,41,42,33,41,47,49,59,63,49,79,175,196,221,219,218,218,215,216,204,199,193,194,197,200,159,77,67,59,59,58,45,59,50,50,49,52,60,60,36,37,90,61,201,229,226,227,227,226,227,227,228,228,227,227,227,227,228,228,226,224,224,224,224,224,222,220,220,221,221,220,224,228,231,229,232,236,236,242,242,242,242,242,241,240,239,241,242,239,239,239,239,239,239,240,241,244,247,249,249,249,249,249,249,249,250,250,250,250,250,249,249,247,247,247,244,243,242,242,242,242
78,81,157,208,203,205,77,72,59,67,51,42,61,56,54,40,32,50,46,42,49,56,27,38,40,39,32,50,30,8,56,50,57,67,84,30,45,113,150,139,45,34,29,29,28,27,31,36,42,40,44,44,50,49,51,53,88,60,28,143,218,223,222,211,215,217,213,208,193,195,190,196,109,75,58,58,56,54,52,48,47,45,44,48,64,49,47,72,240,179,133,219,231,234,233,232,232,232,229,229,229,229,229,229,229,229,229,228,227,227,227,227,229,227,227,228,228,227,231,232,234,235,239,236,239,239,239,239,239,239,239,237,239,242,242,239,239,239,239,242,242,243,243,244,247,249,249,249,249,249,249,249,249,250,250,250,250,249,247,247,247,247,243,244,243,243,243,243
68,91,195,208,211,153,71,72,64,63,53,42,63,54,39,45,37,49,42,63,48,50,32,42,40,28,33,21,27,4,61,49,57,66,55,78,21,155,171,86,54,29,35,22,26,29,34,35,41,44,45,47,52,59,63,62,51,43,78,135,211,226,222,222,224,229,214,208,199,205,194,211,91,69,62,59,50,49,43,43,43,43,44,45,56,41,36,1,249,238,215,200,237,237,236,235,235,235,233,233,233,233,231,231,231,231,231,231,231,231,231,231,228,231,231,233,233,232,235,239,239,240,242,237,237,237,236,236,234,236,237,237,239,240,242,243,243,243,243,244,244,244,244,247,247,249,249,250,248,248,249,249,250,250,250,250,250,247,244,244,244,246,244,244,244,244,244,244
71,87,213,215,205,201,76,78,64,61,56,36,63,53,39,40,33,56,41,52,55,36,27,37,34,33,28,22,27,17,66,48,57,69,57,47,78,103,83,76,69,58,38,29,22,26,30,33,36,41,41,44,59,66,56,54,54,44,43,121,211,221,224,218,220,218,217,206,200,207,203,194,70,65,58,54,54,43,43,43,41,40,41,48,53,42,59,129,248,246,237,234,237,237,236,235,235,235,233,233,233,233,231,231,231,231,231,231,231,231,231,231,232,234,235,237,239,237,241,242,242,244,243,236,233,233,236,236,236,240,241,241,241,240,242,243,243,243,243,244,244,244,244,244,244,246,246,247,246,247,247,249,249,248,248,248,249,247,244,244,246,246,244,244,244,244,244,244
70,91,225,213,207,200,152,64,65,65,55,43,65,45,38,38,29,56,31,49,48,24,27,29,36,34,24,24,24,43,62,48,56,57,64,49,44,42,78,104,70,56,53,48,36,22,26,30,34,38,38,43,49,48,51,50,48,58,36,79,169,207,223,217,227,222,217,206,211,205,200,198,87,55,60,57,48,43,42,38,36,37,33,48,43,52,89,247,247,246,244,243,239,237,235,234,234,233,232,232,229,233,229,232,234,232,231,231,231,231,231,233,235,238,240,245,244,246,248,246,249,244,239,236,237,237,237,237,239,242,243,243,243,242,242,243,243,244,244,246,246,247,244,243,243,244,244,242,246,247,247,247,247,248,248,249,249,247,247,246,249,249,248,244,244,244,244,244
72,102,218,213,206,200,72,55,70,63,50,58,54,52,55,40,29,57,38,42,37,31,28,29,35,38,36,22,24,72,65,44,52,62,59,63,59,67,79,106,88,58,45,42,40,28,23,29,34,38,40,47,54,61,56,52,49,54,45,36,62,145,193,210,221,227,223,217,204,205,219,138,77,62,57,55,49,44,38,34,33,34,33,36,132,50,152,253,247,246,244,243,239,237,235,234,233,232,231,231,227,229,232,235,237,234,233,233,233,233,233,235,238,242,245,248,248,249,249,248,248,246,247,242,243,243,243,243,242,243,244,243,243,242,242,243,243,244,244,246,246,247,244,243,243,244,244,246,248,249,249,247,246,249,249,249,249,247,247,246,249,249,249,249,248,248,248,248
65,155,214,212,205,194,83,70,67,55,48,54,52,56,35,33,29,50,25,42,28,33,35,38,38,43,32,26,13,67,64,46,60,53,49,50,56,69,69,70,90,55,37,30,33,26,23,24,33,41,42,42,49,55,56,55,61,62,50,54,67,59,150,213,200,209,216,202,208,213,212,148,72,65,55,50,42,38,31,31,28,31,35,81,95,135,155,242,246,246,246,241,239,239,236,235,227,228,231,231,231,234,237,239,241,240,237,237,239,238,238,240,242,246,248,250,250,251,247,244,244,247,246,246,244,244,244,244,244,244,244,244,244,244,244,244,244,247,247,250,248,243,243,244,244,243,243,244,244,244,244,244,244,247,249,249,249,249,247,247,249,250,250,251,251,251,251,251
50,147,214,207,200,204,136,65,67,55,49,57,47,50,40,44,26,48,23,42,28,31,36,37,33,40,33,21,40,63,61,49,57,49,44,42,46,52,62,66,58,49,33,26,31,24,22,24,34,49,49,49,54,54,58,57,43,32,48,42,39,70,123,203,198,214,228,216,200,204,205,136,63,56,50,40,36,35,33,31,35,41,46,125,60,64,166,248,250,250,250,246,243,243,241,240,237,236,238,238,239,238,242,244,246,243,242,242,243,245,245,245,247,250,250,249,249,247,249,244,244,247,246,246,244,244,244,244,244,244,244,244,244,244,244,244,244,247,247,248,244,243,243,243,242,243,243,244,244,244,244,244,244,247,247,248,246,246,248,247,251,253,253,253,253,253,253,253
119,205,215,205,205,191,75,64,64,54,50,57,44,38,38,40,44,43,20,38,30,26,24,24,30,38,19,27,43,62,56,48,54,56,41,34,37,43,52,44,31,39,29,27,38,31,22,24,34,43,44,61,56,52,55,52,56,49,76,50,49,39,107,198,189,209,213,207,203,200,210,161,46,54,41,35,35,35,29,31,44,51,57,138,55,53,233,248,254,254,254,254,253,250,249,249,248,248,247,247,247,247,249,247,247,246,246,246,246,246,248,250,249,249,249,249,247,244,243,247,246,246,244,244,244,244,244,244,244,244,244,247,247,246,244,244,244,244,244,243,243,243,243,243,241,241,241,242,242,242,243,243,243,242,242,246,243,243,246,248,251,253,253,253,253,253,253,253
156,220,215,213,205,198,95,58,67,54,51,53,41,38,40,33,43,14,16,28,38,16,19,20,30,38,20,23,50,58,53,47,56,56,39,32,37,38,45,58,39,34,30,25,38,38,24,26,35,43,44,48,61,54,50,48,51,58,69,41,53,42,28,155,192,217,224,228,204,193,201,116,53,49,42,38,35,34,31,40,46,50,77,87,77,40,254,253,254,254,254,254,255,254,253,253,250,250,250,250,248,248,248,244,244,243,244,246,246,246,247,247,247,247,247,246,244,243,242,244,244,244,244,244,244,244,244,244,244,244,244,243,243,244,247,246,246,244,244,243,243,243,243,243,241,241,241,242,242,242,243,244,243,242,242,242,243,244,243,246,249,250,250,250,251,253,253,253
169,220,215,211,204,199,133,56,56,52,42,43,42,30,51,28,48,21,17,19,37,42,20,17,28,35,28,22,49,53,56,46,55,58,38,34,38,42,54,55,43,21,29,23,36,38,31,24,35,43,43,64,56,56,49,54,45,48,50,37,50,87,42,111,171,212,219,202,190,192,185,55,48,52,47,48,37,33,48,43,44,50,74,73,65,104,254,254,255,255,255,255,255,255,251,251,251,251,253,250,248,244,243,243,244,244,244,244,244,244,247,244,244,244,244,244,240,239,243,243,242,242,242,242,242,242,242,242,242,242,242,242,242,243,244,246,246,244,244,244,244,243,243,243,241,241,242,242,242,242,242,243,243,243,243,243,243,244,246,246,250,249,249,249,249,250,250,250
185,217,217,210,204,200,70,61,52,57,39,44,43,37,51,40,48,22,16,23,13,43,22,19,27,26,27,27,53,49,51,48,48,58,46,38,44,45,50,54,41,24,24,22,29,43,42,29,38,47,47,48,52,56,55,49,48,45,38,48,40,2,90,109,201,207,200,208,197,198,119,50,48,52,51,35,27,40,38,41,39,53,61,58,59,200,254,254,255,255,255,255,255,255,255,255,251,251,250,247,248,244,243,243,244,244,244,244,244,244,244,241,241,241,241,239,240,241,241,241,240,240,240,240,240,240,240,240,240,240,240,240,240,241,242,243,243,244,244,244,244,243,243,241,241,241,242,242,242,242,242,243,243,243,246,246,246,244,246,246,248,247,247,247,248,249,249,249
199,215,214,212,200,192,62,57,54,57,37,47,41,38,44,49,23,20,33,22,14,36,22,16,26,27,27,29,56,60,53,49,49,57,48,44,49,50,47,42,31,29,27,22,21,37,41,42,43,45,45,54,65,51,51,55,45,40,35,17,21,21,162,201,216,199,217,187,197,200,136,35,49,50,47,31,34,47,48,42,56,60,59,54,3,255,254,255,255,255,255,255,255,255,255,255,253,250,248,244,247,244,243,243,243,244,244,244,244,244,243,240,240,241,237,242,239,239,240,237,236,236,236,235,235,237,237,235,235,237,237,237,237,237,239,240,240,242,242,242,242,241,241,239,239,239,241,241,241,242,243,244,244,243,244,244,243,244,246,246,246,244,246,246,246,247,247,247
199,215,214,211,205,208,78,57,64,49,40,49,40,34,37,44,27,30,28,28,24,30,33,29,27,30,29,31,50,60,51,49,50,59,63,46,51,52,46,42,32,33,33,29,21,27,38,57,45,35,50,55,62,63,61,54,51,48,37,26,9,74,129,185,223,199,197,192,197,191,116,49,46,45,40,28,52,40,47,49,51,55,59,60,139,249,254,255,255,255,255,255,255,255,255,255,253,250,248,244,244,242,243,243,243,243,244,244,244,244,243,240,241,240,237,235,236,236,237,234,234,234,234,233,233,232,232,233,233,232,232,232,232,232,233,234,234,236,236,236,236,239,239,236,236,236,239,239,241,242,243,244,244,243,242,242,243,244,246,246,246,244,244,246,246,246,246,246
199,215,213,210,205,202,138,66,51,48,50,52,41,36,24,43,30,28,24,19,23,30,29,26,27,29,29,41,49,58,50,49,51,49,44,54,52,56,48,34,36,36,36,31,24,21,37,59,21,47,51,42,51,64,52,62,47,49,49,63,63,56,52,209,209,201,197,211,205,165,61,49,35,35,36,50,45,43,41,44,49,60,65,38,247,253,255,255,255,255,255,255,255,255,255,255,251,251,251,248,246,242,240,241,242,242,241,241,241,241,241,240,241,239,236,236,234,234,235,233,232,231,231,229,229,227,227,228,228,227,227,227,227,227,228,229,229,232,232,233,233,234,234,235,237,240,240,240,242,241,241,241,241,242,242,241,243,243,243,243,243,243,243,243,243,243,243,243
196,212,212,208,200,208,151,60,38,56,49,48,42,34,19,43,30,22,26,22,21,24,20,28,27,40,29,34,50,57,49,56,48,58,54,54,53,45,37,41,43,44,46,35,28,29,27,34,36,42,44,47,43,56,64,65,56,48,38,35,34,41,51,80,220,205,206,197,194,76,47,38,36,41,44,58,43,44,44,48,45,56,66,92,253,253,254,255,255,255,255,255,255,255,255,255,251,251,251,248,249,246,243,243,240,240,240,240,240,240,240,240,237,236,234,233,232,232,233,229,229,228,228,227,227,225,225,226,226,225,225,225,225,225,226,227,227,229,229,233,233,234,234,235,237,240,242,242,242,242,239,239,239,239,241,242,243,243,243,243,242,242,241,242,242,242,242,242
196,208,210,206,204,199,199,73,39,59,49,52,38,29,16,42,30,19,21,19,21,15,19,22,30,39,30,30,39,58,48,55,50,55,51,50,56,49,34,41,39,47,49,47,37,27,27,23,34,41,45,48,45,52,64,63,40,41,45,38,42,45,27,59,226,198,211,211,192,98,42,34,22,33,57,54,43,45,47,45,56,54,55,233,254,253,255,254,254,254,255,255,253,253,253,253,253,251,250,250,250,250,247,246,239,239,239,239,239,239,235,234,236,232,233,229,227,227,228,229,226,226,226,226,224,225,225,225,225,225,225,225,225,225,226,227,227,229,229,229,233,235,235,239,237,237,239,242,242,242,242,237,237,240,241,243,246,246,244,244,243,241,241,241,241,239,240,237
197,208,201,203,197,206,194,158,60,49,52,50,31,35,14,41,30,16,27,12,22,14,17,24,27,42,31,30,34,89,50,58,45,51,48,50,61,45,40,41,50,50,49,48,42,27,27,27,35,43,45,48,48,54,58,58,44,41,36,38,51,69,45,29,191,183,210,200,201,74,37,29,28,29,38,44,46,54,50,43,41,57,96,241,254,254,255,254,254,254,255,253,250,250,250,250,250,249,249,249,249,249,249,244,242,242,242,242,242,240,234,235,233,235,236,233,233,233,234,235,232,231,231,229,227,225,225,225,225,225,225,225,225,225,226,227,227,229,229,229,233,233,233,235,235,235,235,236,237,237,237,237,237,239,242,243,248,248,246,244,243,241,241,241,241,239,240,237
204,206,198,196,207,210,211,208,49,48,58,48,37,33,12,33,33,40,20,9,16,12,17,24,27,34,44,35,42,55,44,59,42,49,42,44,58,47,43,44,43,51,49,48,52,35,27,29,35,44,49,49,55,50,55,50,43,38,49,50,36,44,41,69,107,58,188,192,191,42,34,34,34,33,33,38,45,57,49,43,39,57,213,254,254,254,254,254,253,253,254,251,250,250,250,249,248,248,248,248,248,249,250,250,250,249,247,247,244,239,239,240,240,240,240,243,243,243,243,241,239,237,237,236,234,231,231,231,231,227,225,225,225,227,227,228,228,228,228,227,227,231,231,231,233,233,234,235,236,236,236,239,241,241,244,247,247,248,246,244,244,242,241,240,239,239,239,239
199,201,194,191,199,206,206,211,79,44,55,45,44,33,13,26,43,36,13,10,10,26,19,28,34,36,37,36,44,51,51,58,42,49,48,53,59,56,44,43,43,54,49,47,43,37,29,33,40,45,50,54,54,51,48,48,55,55,57,65,45,52,49,57,71,41,197,197,208,38,35,34,34,34,33,37,46,57,47,44,55,21,255,253,254,254,253,253,251,251,251,249,248,248,248,247,246,246,246,246,246,247,248,248,248,247,248,246,242,242,242,243,243,243,243,246,249,250,250,248,246,244,244,243,241,241,241,241,241,241,239,239,239,237,237,237,237,235,235,234,234,235,235,235,234,234,235,236,237,239,240,241,242,243,244,244,244,246,243,242,242,240,240,237,239,239,239,239
201,199,189,190,199,203,205,208,197,62,50,45,45,19,14,21,41,17,21,13,34,30,26,21,20,34,37,38,45,61,56,60,39,48,45,53,59,49,41,46,41,52,52,45,41,38,37,36,42,48,44,59,62,58,50,43,56,63,55,61,49,47,47,28,70,65,196,190,185,23,36,33,33,33,31,36,46,49,50,43,52,0,254,254,254,254,251,251,249,248,246,246,246,243,243,243,243,243,243,244,244,244,246,246,246,244,240,243,244,246,247,249,249,249,249,249,249,249,249,249,247,244,244,244,244,244,244,243,243,243,243,244,244,244,244,247,243,242,242,244,244,243,243,243,244,244,243,243,243,243,243,246,246,243,241,241,241,244,242,241,240,240,237,237,236,236,235,235
198,201,201,198,201,203,205,207,210,114,44,57,42,22,15,16,36,23,42,52,38,14,35,21,21,33,40,41,45,69,55,53,37,51,56,59,54,48,43,50,41,46,43,44,42,40,38,37,42,48,49,56,59,71,54,52,50,52,57,50,57,42,42,48,49,81,193,193,154,47,36,33,31,33,31,36,45,49,48,46,59,107,254,254,254,254,251,250,248,247,243,243,243,241,240,240,240,240,242,241,239,239,240,240,240,239,243,248,250,249,250,250,250,249,249,249,249,249,249,248,246,244,244,244,244,244,244,247,247,247,247,248,248,248,248,249,247,244,244,247,248,248,248,248,244,244,243,243,243,243,243,243,243,243,241,241,241,241,239,237,236,236,234,234,234,234,235,235
200,204,199,198,200,205,206,207,214,200,116,64,47,36,21,13,31,28,15,0,19,23,38,40,21,30,40,37,36,60,51,56,36,48,53,49,55,47,52,41,42,38,43,43,42,38,37,34,49,55,51,52,57,77,59,57,61,61,50,61,62,41,41,41,43,52,205,207,113,31,34,33,33,35,30,34,39,51,43,48,54,170,254,254,254,254,250,250,248,246,243,241,241,241,240,239,237,237,237,237,237,237,239,240,241,243,244,247,249,250,250,250,249,249,249,249,249,249,248,243,243,243,243,244,246,249,249,250,250,249,249,249,247,246,246,244,246,246,246,246,243,243,243,243,247,247,244,243,243,243,243,242,244,244,242,239,239,237,235,235,234,234,232,232,233,234,235,235
200,203,207,201,204,207,208,208,207,205,200,23,54,41,21,7,23,21,17,16,27,29,35,33,26,34,41,38,53,63,46,56,36,42,60,57,56,46,54,50,45,44,49,48,44,37,36,45,44,55,51,49,62,66,57,69,72,62,63,59,44,52,43,42,47,74,210,192,86,34,30,30,31,31,29,31,34,48,39,43,41,229,254,254,254,253,250,250,249,247,246,243,244,244,246,244,243,243,243,243,243,243,244,244,244,243,246,247,248,248,248,247,247,247,247,247,247,247,246,246,246,244,244,247,247,247,247,247,247,246,246,247,243,242,242,243,246,246,246,246,243,243,243,243,243,242,242,241,241,241,240,240,241,241,240,240,236,235,233,232,232,232,229,229,231,231,234,234
205,201,205,204,207,211,210,210,207,201,213,121,71,36,21,16,19,26,13,15,27,41,35,27,31,36,42,38,41,75,46,55,36,43,61,61,57,57,61,46,50,51,56,49,48,40,35,48,48,51,61,57,58,58,58,65,65,66,61,57,49,45,45,42,50,70,217,199,84,40,30,30,26,34,29,31,36,43,37,40,0,255,255,255,255,253,251,251,250,248,248,248,247,247,248,246,243,243,243,243,243,243,243,244,244,244,246,247,246,246,244,243,243,243,243,244,244,242,246,248,248,248,248,248,248,246,246,246,246,242,242,242,242,242,241,241,241,243,243,243,242,242,241,241,240,239,239,239,240,240,236,236,239,239,237,237,235,232,231,227,227,227,226,226,227,227,229,232
201,201,206,206,210,205,206,206,207,200,207,188,91,58,21,15,19,24,14,19,31,36,31,31,33,36,23,34,36,98,51,62,43,44,59,61,58,62,42,52,49,42,45,48,48,44,40,43,45,49,57,48,52,57,64,72,65,70,61,56,52,48,38,55,44,126,217,192,60,36,29,29,31,34,30,30,33,38,37,44,59,255,255,255,255,255,251,251,251,250,249,249,249,249,246,243,243,243,243,243,243,243,243,244,244,244,243,243,243,242,242,241,241,241,241,244,244,243,248,249,249,249,249,249,249,246,246,246,246,246,246,242,242,242,242,242,242,243,243,243,242,242,241,242,240,237,237,237,240,239,236,234,235,235,234,235,235,235,234,234,233,232,229,229,231,232,233,234
199,194,205,206,215,213,211,205,204,200,205,206,126,133,47,19,15,22,15,13,36,33,26,26,42,45,27,24,33,90,48,60,44,44,52,61,61,64,59,59,45,39,44,48,48,43,45,44,43,54,64,65,47,63,58,77,59,69,59,48,58,51,47,45,73,206,206,210,86,49,25,26,35,30,30,29,31,35,34,46,141,248,255,255,255,255,255,255,254,251,255,253,254,250,244,244,241,241,244,244,243,244,246,247,247,247,247,247,247,246,243,244,244,244,244,248,248,250,250,249,249,249,249,249,249,249,249,249,249,250,248,247,243,243,243,243,243,243,247,247,242,242,241,241,239,235,235,237,239,239,236,234,233,233,233,232,232,233,233,236,235,235,234,234,235,236,235,235
201,196,200,203,213,208,206,201,206,196,206,204,201,148,74,13,17,20,17,16,30,37,20,21,43,40,30,14,37,71,43,55,41,39,56,62,62,55,58,44,49,39,43,44,44,42,49,47,54,56,55,62,66,51,57,66,66,74,76,58,47,47,42,38,80,185,214,204,92,36,24,25,28,26,27,24,30,34,34,48,208,250,255,255,255,255,255,255,255,255,255,253,254,250,248,248,244,244,244,244,247,248,248,248,247,247,247,247,247,247,247,244,244,244,244,248,248,247,247,247,247,248,249,249,249,249,249,246,246,247,246,246,247,247,247,247,247,247,247,247,246,246,244,244,242,239,235,233,233,233,234,232,231,231,231,231,230,230,230,231,234,235,234,234,235,236,236,236
201,194,196,200,211,199,201,197,199,199,198,204,201,188,132,22,19,16,21,20,38,37,16,16,43,45,34,15,36,79,41,53,40,40,53,54,60,65,57,44,41,41,41,42,41,41,45,49,55,59,65,67,72,71,64,72,78,77,71,61,57,55,49,51,70,148,226,205,87,36,25,25,27,23,22,22,27,33,31,25,239,247,254,254,254,254,255,255,255,255,254,253,253,253,250,250,251,251,247,250,250,250,250,249,248,248,247,247,247,247,247,244,244,247,244,249,249,248,248,247,246,246,247,246,246,244,244,243,243,243,243,243,244,244,244,244,244,244,244,244,243,243,244,243,240,239,235,234,232,228,228,226,226,226,226,226,227,225,226,229,232,234,235,234,234,236,237,237
202,195,193,198,210,199,201,197,198,198,197,201,197,183,166,53,19,16,22,22,40,30,19,19,44,40,36,13,33,131,22,58,45,48,49,53,58,64,67,44,40,40,37,40,41,42,49,55,56,59,61,63,54,59,65,72,78,78,71,64,54,54,46,49,66,174,215,206,105,28,19,27,30,24,22,23,26,31,34,1,253,252,254,254,254,254,255,254,254,254,255,253,253,253,250,250,251,251,253,250,250,250,247,247,246,244,244,244,244,247,247,250,250,249,247,246,246,244,244,246,248,244,244,243,243,242,242,241,241,241,241,241,242,243,243,243,243,243,243,243,242,241,241,242,239,239,239,239,237,234,234,234,234,234,233,233,231,232,233,234,235,234,234,236,236,236,237,237
202,200,196,193,212,201,199,196,196,196,193,198,191,185,172,102,20,14,20,22,41,24,21,22,44,40,37,10,28,118,13,50,47,47,45,56,61,64,63,42,36,36,35,36,41,43,56,63,62,61,69,65,72,70,72,71,87,78,65,65,55,54,42,46,66,204,212,198,114,40,24,26,31,17,21,22,22,32,28,1,253,254,254,253,252,252,254,253,253,253,254,254,253,253,250,249,249,249,249,253,252,250,249,245,246,245,245,245,247,251,251,254,254,253,249,246,243,242,242,243,241,240,240,239,239,237,237,238,238,238,240,241,243,245,246,246,246,246,240,240,241,240,240,243,243,243,246,246,242,236,239,239,240,240,239,235,234,234,234,234,237,243,245,245,245,243,242,243
202,195,196,194,207,204,196,200,193,193,187,192,181,179,170,99,20,14,21,24,42,19,24,23,43,40,37,14,26,103,30,49,48,45,46,51,63,64,63,53,40,34,40,40,42,49,63,61,61,61,59,67,79,80,72,73,84,81,85,67,59,49,53,86,202,212,213,190,97,30,23,23,30,19,21,21,22,32,42,40,253,253,254,254,253,253,253,253,253,253,253,253,252,252,250,253,253,253,253,253,250,247,247,250,250,249,249,247,249,252,252,254,254,254,254,253,250,247,245,247,244,242,242,241,241,241,241,241,241,241,244,246,246,247,248,248,248,248,250,246,246,247,247,247,247,245,244,244,243,243,243,243,244,243,244,242,239,239,238,241,243,245,247,247,247,246,250,246
202,197,196,198,201,201,197,193,188,185,176,185,178,166,158,70,17,20,24,24,37,14,30,24,42,41,38,15,14,66,66,48,50,46,48,48,61,62,74,48,45,40,37,41,42,49,57,62,67,63,63,67,77,86,74,81,80,81,74,78,50,58,45,22,228,217,212,195,79,36,23,23,29,19,20,20,22,29,37,106,192,194,195,197,197,198,206,208,210,212,224,224,228,248,253,251,253,248,252,250,250,248,247,252,248,242,242,239,240,237,236,236,236,235,237,234,230,228,223,217,216,209,209,209,209,206,205,205,205,207,211,211,210,210,211,211,211,209,208,207,206,204,202,203,203,202,199,199,200,236,237,238,240,241,243,243,243,243,243,247,246,246,244,238,237,242,224,201
200,199,193,198,196,196,192,188,182,180,166,176,162,161,143,21,14,20,21,27,29,14,31,27,41,40,37,19,20,2,146,47,51,45,49,53,55,54,76,63,48,34,34,42,37,43,58,66,69,63,65,70,70,81,85,83,81,79,74,73,73,55,50,54,194,226,220,195,34,40,23,23,27,20,20,20,22,27,29,163,186,184,183,182,178,177,177,177,179,179,170,170,175,179,188,196,196,200,212,213,210,206,199,193,188,189,190,186,188,185,184,181,179,179,183,183,181,183,179,178,176,178,179,179,180,180,181,181,181,180,182,182,181,181,182,182,182,181,180,178,179,180,181,180,178,177,177,178,180,184,185,185,194,194,197,199,202,205,206,206,199,199,198,196,190,189,181,178
197,196,186,198,205,191,187,183,174,171,159,163,159,148,108,21,15,23,17,28,26,15,36,27,37,38,35,23,20,12,181,22,57,34,50,49,56,55,64,55,42,34,35,30,37,34,45,63,69,66,66,67,72,76,74,81,81,77,76,69,59,54,41,51,135,226,212,205,99,32,23,23,23,19,17,20,15,21,0,189,185,185,184,182,178,177,176,176,174,173,171,170,170,170,170,171,171,171,171,172,176,177,177,177,178,180,183,182,182,181,178,177,177,178,178,179,180,180,179,178,178,178,177,177,176,176,176,177,177,178,178,178,178,178,178,178,178,178,178,177,177,177,177,176,176,176,176,177,178,179,178,178,178,178,182,182,182,182,182,182,182,183,183,181,179,180,179,179
195,191,186,198,204,186,183,169,169,166,153,158,156,151,40,12,19,22,26,28,26,13,36,28,33,34,30,30,17,36,169,90,50,45,45,59,59,55,64,55,42,34,36,36,34,30,40,62,67,74,58,67,78,83,87,78,78,71,72,58,57,58,49,53,82,208,215,213,105,35,24,24,23,19,13,16,20,24,45,192,180,180,179,178,177,177,176,176,174,173,171,170,170,170,170,171,171,171,172,175,174,174,174,174,174,176,176,176,176,176,175,175,175,174,174,176,177,177,176,176,176,176,175,175,174,173,173,173,173,174,174,174,175,175,175,175,175,174,175,174,175,175,175,176,176,176,176,176,177,177,178,178,178,179,179,179,179,179,180,179,179,181,180,178,177,177,178,179
202,200,190,199,198,182,177,164,165,163,148,157,160,125,23,10,14,20,15,28,23,13,30,27,33,31,30,34,16,28,70,186,103,49,38,53,64,61,71,39,39,26,28,29,33,35,38,57,72,64,65,71,80,81,76,80,78,87,73,54,59,61,53,37,156,194,214,206,133,38,24,23,16,16,13,14,20,38,136,185,180,180,178,177,176,176,175,175,174,173,170,171,170,170,173,174,173,173,175,174,174,174,174,174,174,173,173,173,175,175,175,175,174,174,174,174,174,174,174,173,174,175,175,175,174,172,172,173,174,174,174,174,174,174,174,174,175,174,176,174,174,174,176,175,176,176,176,176,173,173,175,171,172,171,172,173,173,175,174,176,177,178,178,176,175,176,178,180
197,191,198,193,186,177,173,165,161,159,149,158,148,112,21,12,17,16,20,28,22,21,27,27,33,33,31,36,17,17,11,194,201,24,47,49,59,65,67,45,36,31,31,30,32,35,31,58,69,70,65,70,71,70,76,90,76,72,67,64,69,55,54,56,154,216,216,216,50,24,22,22,16,15,16,15,10,3,180,180,180,177,176,174,174,174,173,173,171,170,169,170,170,170,170,170,170,173,171,171,171,171,171,171,172,172,173,173,173,173,175,174,174,174,174,175,175,174,172,173,173,173,173,173,173,174,175,173,173,174,174,174,174,174,174,173,173,172,173,172,172,172,173,170,169,169,169,169,169,165,167,165,165,164,162,163,163,164,166,166,168,169,173,174,176,176,179,179
197,192,191,193,177,173,169,157,159,153,156,155,135,94,17,21,16,23,24,31,20,21,21,26,34,31,29,30,14,12,23,106,200,102,45,45,55,52,68,48,47,42,25,29,37,36,43,56,74,70,69,62,64,70,81,69,90,72,67,61,76,47,50,148,212,220,216,208,68,36,28,23,23,17,16,14,14,1,179,175,176,176,174,173,171,171,170,169,170,168,168,169,169,169,169,168,169,169,169,169,169,169,169,169,169,170,171,171,173,173,173,173,172,171,168,168,170,170,171,170,169,169,169,169,169,169,170,170,171,171,171,171,170,167,168,167,167,168,168,168,166,165,167,165,164,164,163,163,165,165,164,163,162,163,163,163,163,163,163,163,164,166,169,172,173,176,177,179
198,192,187,183,171,169,164,159,154,149,155,151,131,81,16,13,17,20,23,28,14,21,20,24,30,27,26,21,19,9,29,4,179,166,44,40,50,46,62,72,70,50,52,52,54,47,49,47,77,74,62,57,63,80,73,73,87,74,74,64,61,60,69,184,234,219,217,214,103,37,31,24,17,21,17,13,23,41,176,176,173,173,171,170,169,166,166,167,163,163,164,164,164,164,167,167,166,165,165,165,165,165,165,165,165,163,163,163,164,165,165,165,165,165,164,164,165,165,166,167,166,166,164,164,166,165,167,166,166,166,166,166,166,165,165,164,163,163,164,164,164,165,165,165,164,164,163,164,165,165,165,164,163,164,164,164,164,164,164,164,163,163,164,164,166,168,169,178
197,192,190,176,171,162,160,163,152,148,157,139,138,68,16,17,17,19,15,26,12,21,21,31,26,23,23,23,18,12,13,22,77,204,99,44,49,45,48,55,76,85,77,66,48,35,49,42,71,74,62,52,52,62,64,78,74,76,63,64,57,59,108,225,227,218,214,216,148,37,30,26,19,23,20,12,21,104,172,172,169,169,169,168,164,164,165,163,163,163,162,162,163,163,165,165,164,163,163,166,166,168,168,168,168,164,163,163,163,163,164,163,163,163,163,164,165,165,166,164,164,164,161,163,163,163,163,164,164,165,166,166,167,165,164,164,164,164,164,163,164,164,164,165,165,164,163,162,165,169,166,164,164,165,165,163,165,165,165,165,165,165,165,166,165,167,171,172
195,191,183,178,167,161,161,161,148,142,154,135,141,50,16,17,19,23,28,27,12,21,24,28,22,20,20,19,14,8,8,15,22,162,162,32,47,43,43,44,37,48,40,32,21,37,36,42,64,74,63,63,61,54,70,77,71,71,66,63,55,49,69,217,216,219,212,213,163,37,34,29,19,23,24,20,34,148,170,170,170,170,168,165,162,162,161,162,163,163,163,163,163,162,162,162,162,161,161,159,159,161,161,161,161,162,162,162,162,161,161,161,162,162,163,164,164,163,162,163,163,164,161,158,161,162,163,164,164,165,166,166,167,165,164,164,164,164,164,163,163,164,164,165,165,163,163,162,165,167,164,164,163,164,164,163,163,164,164,164,164,164,164,166,168,168,170,170
192,185,180,177,169,163,163,162,151,146,150,134,131,16,14,16,17,16,16,15,14,17,17,20,15,15,14,10,9,6,6,12,8,26,182,59,42,38,34,34,29,23,28,25,23,29,31,38,61,69,66,66,57,57,69,63,78,73,56,59,61,55,43,107,227,217,213,201,204,38,37,30,12,20,26,43,3,171,169,168,167,167,163,160,159,158,158,160,161,162,164,166,164,163,163,162,161,160,160,159,159,161,162,163,163,158,158,157,157,158,156,155,159,159,161,162,163,161,159,161,162,157,152,150,151,158,159,157,162,163,167,165,165,164,163,163,164,164,165,164,164,163,163,162,163,165,163,164,164,162,162,163,163,163,163,161,163,163,162,162,162,162,161,163,166,170,170,170
191,186,183,178,175,171,169,159,151,147,143,136,124,29,17,20,16,9,19,14,19,15,14,16,12,12,10,9,9,7,6,5,13,21,103,132,39,37,33,29,24,35,30,27,28,34,28,33,54,66,77,66,59,59,63,73,81,74,71,57,58,41,48,141,218,220,214,200,196,30,44,27,20,9,13,41,4,178,164,162,161,160,158,157,162,162,163,163,164,165,168,162,162,161,161,160,158,160,160,160,160,162,157,156,156,156,156,157,157,158,156,155,161,159,161,161,163,163,164,162,161,161,157,151,153,152,154,152,157,158,158,158,158,158,162,162,162,161,161,162,162,162,162,162,163,163,161,161,161,162,161,162,159,158,158,160,163,164,161,163,163,163,165,167,169,170,170,170
190,189,189,178,180,177,174,168,160,148,143,139,112,20,20,17,14,7,22,22,21,14,13,13,8,8,7,8,8,1,1,4,0,173,199,162,5,30,29,38,34,36,39,26,33,24,29,33,40,70,77,72,65,64,71,72,61,65,72,65,61,58,52,63,206,225,208,205,210,73,52,22,18,14,7,33,88,168,161,161,161,158,156,161,162,173,172,172,172,171,163,162,161,162,158,156,157,157,160,156,156,158,155,153,151,151,155,158,160,159,156,154,155,156,156,157,160,161,159,161,161,160,159,155,154,153,148,154,160,155,153,156,156,158,162,159,159,158,158,158,158,161,161,161,161,161,161,161,162,160,157,158,160,159,159,161,163,163,162,155,159,169,171,171,171,171,171,171
191,191,193,180,185,181,170,167,159,150,142,137,97,21,19,13,9,13,21,19,13,14,14,12,7,7,7,7,8,9,13,2,181,182,187,191,5,25,25,34,29,30,43,32,29,29,31,34,40,59,83,81,70,70,79,70,72,69,69,67,54,54,56,49,125,221,212,210,214,189,52,21,19,14,9,32,149,164,161,161,162,158,165,170,170,175,172,170,170,169,168,166,168,167,158,150,150,154,156,156,156,156,152,149,148,147,149,153,153,154,156,157,157,153,153,151,153,153,154,155,155,155,156,158,159,162,158,156,153,150,156,162,162,161,161,162,162,163,163,162,162,163,168,168,165,164,164,162,160,156,155,163,163,162,162,162,162,162,161,159,176,175,173,173,173,173,171,171
191,191,186,182,183,175,163,165,158,151,142,140,27,32,16,8,7,12,20,17,13,10,10,9,6,6,6,5,5,20,66,170,170,172,173,182,55,30,22,27,29,29,45,47,28,37,21,34,40,47,59,71,78,73,62,74,66,69,69,45,54,58,46,59,134,215,213,209,217,211,92,29,20,15,15,27,164,158,162,157,154,154,158,161,161,160,156,156,170,170,168,166,166,165,157,147,148,148,149,147,147,145,149,148,148,147,148,149,151,151,152,156,156,155,155,156,154,151,152,155,151,148,150,151,154,158,155,148,155,155,160,162,158,155,151,150,155,159,159,161,161,165,168,168,167,167,163,162,157,155,161,159,160,161,161,160,156,155,155,150,157,170,176,174,174,172,174,175
192,186,183,182,184,175,158,171,163,150,148,138,32,17,20,8,8,16,17,14,14,14,10,9,6,6,6,7,2,124,162,165,165,164,167,171,129,31,22,22,27,26,41,52,33,37,31,31,36,38,58,69,76,71,70,71,73,64,55,58,55,45,43,36,172,208,206,213,213,214,127,36,26,21,29,21,155,150,157,152,140,133,137,141,141,141,136,156,150,150,148,147,146,146,144,140,140,139,141,139,138,141,144,143,143,144,144,143,143,142,142,142,142,142,142,139,136,131,129,133,129,127,128,140,140,144,144,156,160,162,166,169,165,165,154,149,147,149,150,151,151,156,156,158,162,163,159,155,155,156,154,149,142,138,138,137,133,131,134,137,170,184,190,193,194,194,195,193
192,192,179,182,172,175,165,170,161,155,149,142,44,13,12,8,5,15,19,14,13,12,9,6,5,7,6,1,134,156,156,157,156,155,157,160,155,2,17,21,19,29,36,56,36,51,47,33,36,36,41,57,74,77,81,63,70,58,65,59,55,41,47,3,198,222,205,213,218,201,143,40,27,24,26,52,127,128,129,133,132,133,134,134,135,133,135,129,130,127,127,126,127,127,128,123,127,129,132,134,129,128,129,130,131,133,133,131,130,129,129,129,130,130,129,128,127,127,132,127,122,122,124,125,126,128,129,136,136,136,136,137,134,132,132,130,130,130,132,125,122,134,134,135,142,144,144,144,144,137,126,119,125,116,114,114,114,118,124,141,161,171,193,189,188,185,183,183
187,185,191,182,173,174,161,166,157,151,157,133,37,9,12,16,8,19,17,14,12,8,7,8,8,14,1,146,160,156,156,153,151,150,152,157,163,55,23,15,14,21,37,56,36,47,42,41,33,41,41,52,74,77,71,66,67,59,61,54,51,43,32,45,163,217,206,202,214,201,150,42,34,31,35,101,135,136,137,140,135,127,127,126,128,125,129,125,125,122,122,121,120,121,121,119,123,127,131,131,125,121,121,121,121,120,120,121,122,122,124,114,114,126,126,126,126,118,130,132,127,123,123,124,123,123,124,126,126,124,125,122,118,118,117,117,117,117,119,120,121,123,123,125,132,130,130,130,128,123,123,128,127,126,133,136,136,139,143,141,145,147,158,160,159,156,154,154
183,186,182,178,174,168,161,159,150,151,154,114,12,17,8,8,9,7,15,12,8,7,8,10,20,29,154,142,153,145,147,146,141,138,141,141,143,117,26,20,19,25,53,76,42,55,41,43,48,37,45,54,64,73,66,86,51,66,57,50,57,44,39,65,221,212,199,195,211,200,145,52,41,34,40,146,152,161,157,157,158,156,155,157,146,128,131,119,115,120,115,113,113,111,114,122,123,123,125,121,108,113,122,121,119,119,124,125,131,135,133,136,140,133,133,141,141,140,148,144,123,120,126,124,124,132,130,130,130,136,134,128,132,137,131,136,115,104,108,115,131,122,114,115,120,125,126,127,110,116,114,111,111,120,115,147,148,149,154,151,157,158,161,159,159,158,158,158
183,182,178,176,177,161,162,158,151,154,117,100,15,19,8,10,13,16,13,9,6,5,8,16,6,163,150,147,148,144,136,134,130,132,137,134,119,116,2,20,19,28,48,42,55,49,41,59,71,38,42,51,55,70,65,51,63,55,55,52,64,48,34,121,214,208,200,186,209,211,192,119,50,51,39,131,135,146,145,145,143,141,142,144,148,151,137,131,138,146,130,138,139,140,145,145,146,143,142,136,121,140,150,147,144,130,144,154,151,145,124,117,136,155,154,153,152,153,151,120,108,116,129,137,136,134,134,136,139,140,136,137,143,144,140,126,94,89,93,95,113,126,96,98,108,113,110,101,97,102,105,92,92,93,99,110,120,124,143,140,151,156,153,151,153,153,151,150
180,180,173,181,170,162,162,148,151,153,161,44,20,14,13,12,17,14,13,8,6,11,24,60,169,151,151,154,161,149,154,155,155,162,167,143,110,100,48,24,16,30,31,42,65,45,37,68,73,49,44,55,59,58,55,55,54,58,52,42,45,52,50,192,210,207,202,185,196,214,214,185,55,59,50,116,116,114,126,142,142,119,126,121,119,116,123,113,115,106,99,100,102,127,139,140,147,128,119,120,92,108,136,140,103,92,104,123,128,109,95,90,93,123,124,119,129,129,135,111,100,95,117,130,136,133,122,126,104,106,94,108,115,114,107,109,99,92,85,82,91,108,96,92,98,98,101,91,92,99,93,97,84,83,86,102,100,98,110,120,124,142,142,107,102,127,130,136
176,176,175,177,166,163,160,151,150,163,146,33,20,10,10,19,21,17,13,8,6,24,76,149,157,167,167,169,176,176,172,169,169,173,169,142,117,86,77,13,22,24,34,43,75,45,36,59,73,58,54,52,57,66,57,58,56,54,49,49,40,106,110,216,211,206,204,197,198,215,223,219,136,49,72,104,94,104,104,113,115,132,130,129,107,106,105,99,89,94,99,101,102,108,111,99,96,95,86,100,86,91,108,108,90,83,85,93,106,99,92,97,94,98,106,96,98,121,135,123,91,96,104,113,127,119,108,105,84,83,80,92,89,90,93,92,91,86,79,74,85,102,97,92,91,92,89,87,93,91,77,90,98,99,98,100,89,95,107,116,91,122,122,79,77,79,92,97
173,171,170,168,165,162,155,151,157,161,136,16,13,12,10,19,19,12,12,1,16,60,157,142,154,160,153,143,145,149,142,138,137,130,127,105,90,70,88,1,24,32,29,64,71,45,36,70,73,66,62,58,61,58,65,50,50,45,57,51,48,203,218,219,219,217,194,204,208,214,216,227,226,181,99,99,106,109,103,102,108,109,107,109,106,94,90,89,84,98,99,107,128,139,139,108,90,80,74,79,90,84,100,106,91,84,90,107,112,113,106,108,119,135,134,121,95,99,103,102,91,100,105,108,110,115,114,110,111,108,104,110,105,107,113,108,105,83,81,87,100,102,102,101,96,93,92,92,98,81,76,94,104,102,126,156,152,150,105,85,85,92,92,93,90,79,78,79
173,172,175,173,164,158,157,137,166,151,82,16,15,12,12,19,19,13,9,21,22,160,121,120,125,127,129,124,116,112,114,111,99,92,97,93,97,86,101,27,27,24,49,56,78,40,38,70,75,66,49,47,58,65,65,58,54,50,52,62,57,192,219,219,219,216,206,204,208,214,213,223,228,200,100,101,98,102,106,107,110,102,102,110,101,92,91,91,93,92,91,91,110,147,147,137,136,148,150,159,170,171,178,184,178,176,182,180,167,129,84,77,88,106,104,120,138,143,148,160,166,176,181,185,190,191,192,192,187,183,181,172,166,156,151,141,135,110,95,81,103,112,155,162,164,159,163,171,178,172,167,166,161,161,149,123,126,114,91,91,72,84,85,84,85,94,94,95
175,176,183,177,170,157,158,122,166,140,42,12,13,10,14,15,13,15,11,0,159,135,108,104,111,109,114,125,119,115,94,107,91,67,68,70,85,79,84,63,32,34,55,62,64,45,40,64,66,57,49,48,55,61,64,49,55,57,56,64,56,205,216,222,223,213,212,199,212,217,215,219,224,100,76,108,128,109,106,97,91,104,114,118,109,90,112,120,93,86,80,101,118,165,187,194,190,183,200,196,191,191,179,170,153,138,131,132,121,85,73,77,83,120,142,164,190,197,193,189,192,190,189,172,171,162,146,132,125,117,138,134,133,124,168,173,177,173,133,102,84,87,138,166,146,128,107,146,144,122,118,158,185,189,168,122,106,110,94,77,86,83,88,85,89,93,79,80
180,180,175,169,166,158,155,139,159,132,99,21,16,17,16,14,12,22,17,168,130,128,110,109,107,106,112,119,121,115,95,84,69,57,49,66,81,74,79,76,34,41,62,63,85,47,43,64,62,54,49,48,54,57,61,58,58,43,48,102,153,202,213,218,213,213,208,213,211,214,215,219,200,71,66,67,87,92,70,70,72,76,99,92,94,113,140,170,169,155,140,171,187,192,196,180,142,142,147,136,129,126,136,147,162,170,183,184,181,134,75,78,99,100,89,106,179,184,172,165,143,125,103,105,121,142,165,176,185,194,195,171,119,100,172,175,126,98,95,67,83,78,99,108,85,76,77,79,85,80,78,78,131,167,115,79,96,101,78,103,107,107,103,104,100,105,91,84
184,179,175,170,162,165,141,164,145,121,50,19,20,15,15,6,18,85,162,121,122,129,129,129,122,120,114,114,116,115,101,85,76,69,50,71,82,85,86,106,38,41,56,61,73,62,50,62,57,57,51,58,52,55,50,54,50,52,22,114,204,208,206,204,204,204,212,210,211,219,218,221,231,114,91,73,73,74,77,56,67,68,55,63,77,95,91,108,149,153,147,140,123,123,132,129,127,103,157,170,182,190,184,184,195,192,190,187,186,183,142,135,151,115,78,78,116,113,118,128,157,167,168,166,190,193,191,184,175,174,158,106,63,76,89,130,114,87,77,92,85,78,94,92,73,76,84,58,60,63,48,53,66,93,90,100,95,88,80,95,107,103,98,93,93,89,86,90
184,178,175,173,162,165,144,163,140,110,17,21,16,16,9,16,52,126,142,94,113,124,124,115,108,103,99,96,107,115,92,72,62,67,68,72,75,72,74,106,72,35,58,67,69,56,62,54,58,56,62,40,52,54,62,57,41,74,148,207,218,215,211,205,204,202,208,211,212,218,221,220,226,139,103,76,82,93,96,74,66,72,60,70,77,81,76,84,97,119,122,120,121,119,116,107,102,85,93,94,105,127,119,135,136,117,124,127,116,115,103,87,81,82,71,89,121,151,153,154,156,158,156,125,127,133,121,110,99,92,84,75,65,54,46,59,89,64,76,52,49,53,60,69,66,76,77,70,55,61,54,61,68,79,93,102,105,100,83,88,94,90,88,84,73,68,65,77
185,182,177,173,163,166,151,155,123,107,23,22,18,12,12,0,113,163,120,85,112,108,113,100,98,94,88,83,86,92,79,56,51,59,64,67,75,73,84,74,111,34,66,65,71,67,67,77,64,52,48,50,47,50,50,56,155,220,219,217,220,215,213,210,212,211,211,208,209,219,220,224,228,181,87,66,48,67,80,84,90,83,84,86,66,61,62,55,74,126,144,138,128,125,114,114,120,131,141,150,166,172,171,181,177,171,176,175,174,173,172,171,170,169,169,169,169,170,168,165,164,165,169,124,103,79,71,58,84,76,60,63,88,69,41,63,71,71,67,46,41,45,37,48,71,70,66,63,50,72,71,71,71,72,78,88,92,87,95,91,91,88,90,91,95,92,77,77
185,180,176,172,165,159,159,142,129,83,23,22,15,5,2,108,131,148,131,144,153,155,161,165,165,159,125,99,124,142,91,70,66,64,70,69,66,70,82,70,60,48,71,69,68,60,67,60,51,58,52,51,44,70,135,207,234,230,219,218,220,213,213,212,212,215,208,206,207,215,221,222,226,212,101,59,57,58,51,73,54,57,53,37,56,62,61,44,50,76,96,108,166,185,192,197,203,206,196,197,177,152,160,175,169,198,192,188,188,189,191,191,192,191,192,192,193,194,178,166,124,151,178,122,100,59,68,86,76,77,70,70,82,84,83,71,68,68,73,62,57,68,80,72,79,61,57,53,54,67,71,71,64,64,66,80,83,93,91,100,105,85,88,109,105,91,101,99
184,179,176,171,163,150,163,134,136,73,25,16,13,1,103,111,166,141,136,158,151,153,153,153,152,153,123,111,110,96,78,82,73,76,74,77,87,91,98,84,59,57,65,61,71,76,63,56,58,60,67,114,194,204,235,238,233,234,228,222,216,219,205,214,214,222,217,215,213,212,219,222,224,218,100,55,65,60,69,60,50,60,75,62,65,75,70,57,35,53,67,98,180,183,195,203,196,167,132,126,97,79,76,83,83,134,119,101,112,131,139,153,173,184,186,185,190,183,125,77,74,80,140,129,102,67,81,100,83,78,80,70,75,72,53,61,54,50,37,41,50,60,61,65,67,65,63,53,47,50,51,57,59,62,74,60,67,86,91,100,113,120,114,118,120,114,109,161
183,178,175,171,171,153,136,145,129,34,17,8,6,87,100,149,141,149,146,154,157,165,165,173,171,151,107,95,97,91,82,77,67,55,62,83,92,97,104,91,57,59,70,73,71,67,74,73,62,65,125,226,233,232,229,225,224,224,222,213,209,192,208,214,214,206,219,208,210,215,219,220,224,225,121,54,49,48,48,58,77,72,60,73,78,80,63,61,54,42,57,86,97,85,148,189,162,113,87,82,103,141,179,195,186,197,200,168,169,171,99,77,84,121,161,193,198,197,187,141,64,65,70,68,90,73,85,74,65,55,56,67,63,53,45,53,48,43,44,43,44,44,37,42,46,53,59,49,45,58,68,65,60,46,43,56,57,72,85,98,109,118,105,107,90,110,102,92
183,178,174,165,162,160,145,141,135,39,13,4,85,103,122,156,126,126,126,128,138,139,153,160,163,123,111,107,89,80,83,72,61,43,57,69,76,79,78,83,64,64,78,76,77,78,85,88,64,104,231,229,228,228,230,223,219,216,215,208,204,202,202,202,205,205,212,205,210,219,219,219,223,225,151,76,46,39,57,63,73,69,59,64,87,83,85,87,84,63,57,108,73,80,59,81,96,105,124,222,233,237,204,197,222,197,237,244,243,207,143,135,151,146,194,183,163,167,191,166,97,86,73,60,78,56,71,56,60,51,50,42,61,45,38,53,49,45,54,33,27,35,27,36,31,51,48,28,25,49,53,55,49,30,34,55,55,64,75,96,103,75,73,96,65,99,63,100
176,175,169,169,159,147,146,146,149,21,9,93,105,112,170,150,146,141,141,140,131,119,114,114,107,105,103,124,95,73,65,61,51,51,65,76,72,70,77,85,60,78,83,82,73,135,225,238,238,244,240,238,235,230,230,228,223,213,211,211,208,206,207,202,213,217,211,212,212,219,225,227,224,226,148,82,76,65,56,67,43,70,65,58,54,61,58,70,67,70,84,112,118,138,102,93,86,84,88,182,236,237,177,206,215,184,243,244,244,210,150,135,130,150,213,232,246,237,238,238,219,219,221,202,156,70,63,50,53,46,46,66,52,36,33,53,52,46,56,34,0,11,32,22,32,29,2,2,0,41,49,33,47,41,48,59,65,64,91,115,95,85,92,97,83,89,60,173
174,172,173,161,161,151,154,153,21,62,110,109,111,171,139,148,153,151,153,146,149,147,148,141,136,125,111,98,96,71,67,51,62,77,69,63,63,72,70,62,72,75,95,89,182,236,236,227,222,230,236,237,237,234,229,221,229,227,227,226,219,212,213,217,218,222,224,219,218,228,229,227,225,225,176,95,70,76,78,79,50,58,44,41,43,63,61,59,59,51,44,35,72,91,94,85,73,76,74,109,168,227,227,192,176,186,239,237,230,218,140,123,129,110,108,100,149,228,244,251,247,247,242,217,183,105,69,59,49,39,50,102,152,46,62,66,184,246,218,164,229,212,197,196,181,187,209,238,231,244,249,211,150,55,66,69,72,76,96,85,38,8,6,21,33,36,39,202
177,173,167,160,159,152,148,134,123,101,118,118,152,135,121,144,148,134,134,132,124,135,135,134,136,152,149,137,100,80,73,54,47,52,62,59,59,78,92,77,104,90,220,236,237,231,231,231,227,221,225,220,220,226,224,230,219,214,214,222,222,220,224,223,222,216,209,212,213,217,229,227,225,213,156,79,63,84,72,46,72,148,164,72,71,70,58,61,61,59,47,53,49,65,87,79,81,87,105,121,134,192,237,179,151,173,195,135,128,132,118,111,120,131,131,161,134,156,233,243,246,246,240,198,99,55,65,55,51,43,35,87,168,182,89,219,249,163,135,227,232,229,243,249,247,246,247,248,241,240,222,205,220,79,56,59,59,72,51,16,8,7,4,10,18,12,47,183
177,173,170,164,169,151,154,148,154,148,124,133,166,85,105,142,145,136,130,113,91,82,98,95,89,110,130,108,81,70,60,44,29,57,65,51,41,54,59,92,133,226,238,236,235,234,228,233,222,216,218,208,208,208,191,185,187,181,179,193,182,233,225,220,213,188,158,192,201,226,233,228,226,219,147,44,84,31,50,63,141,116,156,203,195,153,76,71,85,89,69,69,57,57,77,89,99,99,110,120,130,178,233,208,158,203,165,115,122,115,107,109,110,105,123,171,164,112,179,211,226,216,222,193,76,50,59,40,41,36,37,80,230,138,63,232,211,152,192,184,128,162,238,248,249,250,251,244,238,179,118,5,39,35,42,54,53,54,43,44,17,15,6,82,88,58,57,71
177,169,167,165,167,149,152,149,141,122,125,171,51,34,62,97,119,119,121,114,114,93,76,82,75,79,80,70,63,57,47,47,58,64,71,57,47,53,55,182,229,227,229,226,216,213,208,214,212,203,204,189,184,180,173,158,151,150,150,144,152,146,188,196,178,162,161,179,217,222,233,233,228,226,131,86,52,47,46,53,48,36,56,117,207,230,56,98,175,113,78,70,66,56,68,84,94,101,104,115,126,150,185,148,126,213,167,110,106,112,94,90,173,144,106,101,152,156,126,132,178,89,104,88,52,55,50,34,30,17,35,107,147,64,117,240,180,220,101,170,91,142,229,241,246,246,237,226,205,189,60,41,35,44,46,47,57,44,32,48,43,22,12,82,79,66,49,42
177,179,172,165,164,154,148,147,129,132,143,183,84,64,63,68,74,60,61,64,93,108,118,116,116,105,87,72,57,46,54,74,83,84,84,82,12,55,192,233,229,224,226,213,204,191,187,200,188,190,198,183,172,164,158,142,142,142,145,144,150,151,149,146,149,144,148,210,209,210,212,214,232,226,148,62,53,54,44,43,49,28,57,45,74,135,51,74,144,85,61,39,81,59,61,73,73,74,79,114,118,91,106,163,170,200,133,96,93,151,149,94,188,190,129,84,119,176,177,190,208,107,41,149,84,64,43,33,43,55,35,95,34,51,198,227,95,79,66,64,78,84,208,225,240,240,161,115,181,168,30,54,82,73,59,40,43,36,23,25,35,43,45,50,127,122,35,29
177,178,168,170,160,160,142,138,133,140,181,195,149,144,50,52,50,51,51,53,50,51,61,65,76,89,88,93,92,80,80,83,63,54,63,52,64,147,231,229,222,221,216,205,197,170,141,137,172,182,171,160,151,147,134,143,147,150,149,142,151,152,155,153,147,143,175,190,190,184,184,188,222,222,119,73,64,64,50,58,40,41,82,39,32,49,78,94,63,36,33,44,72,68,82,59,56,59,79,101,96,72,90,157,192,202,124,71,107,114,101,79,90,127,144,76,149,178,178,200,199,197,104,158,110,99,73,30,39,56,68,116,154,77,227,140,70,63,59,64,60,22,192,225,240,224,100,21,93,96,29,80,59,149,143,28,36,19,0,9,19,28,51,94,237,249,49,27
177,174,170,167,168,150,143,141,134,170,185,180,132,148,81,78,50,56,57,53,53,51,56,55,49,46,47,56,67,75,93,93,63,60,64,28,17,197,219,220,220,214,208,201,165,135,79,60,119,166,126,121,132,160,65,75,76,167,153,144,156,139,133,115,126,161,152,176,155,154,97,161,198,231,142,22,38,51,55,49,60,92,23,25,14,39,35,46,58,111,45,29,43,74,63,68,59,46,71,85,68,64,93,143,188,193,185,91,105,104,100,73,65,82,167,109,148,177,174,172,198,205,182,167,143,110,93,49,21,142,164,153,179,127,248,170,56,58,51,54,69,157,168,240,237,216,133,7,6,20,41,100,66,57,176,163,108,146,174,140,14,28,51,205,248,245,119,42
177,174,172,167,165,141,143,134,156,177,183,131,142,226,241,195,95,44,35,35,51,46,51,54,49,47,47,46,49,61,79,109,117,122,112,98,135,218,218,218,215,210,196,186,157,106,77,49,23,81,81,94,65,72,70,73,86,112,150,125,135,146,146,126,141,164,90,101,124,33,54,115,185,228,169,77,61,72,97,55,115,169,22,20,24,77,85,50,54,46,30,26,35,62,45,47,89,59,66,85,131,65,81,97,182,169,204,169,72,71,83,65,47,44,133,107,129,165,162,166,192,199,197,191,163,99,92,57,28,218,191,126,152,163,239,194,72,61,42,34,42,154,213,237,222,172,131,57,25,10,91,132,137,27,27,114,153,156,134,143,58,28,18,197,234,224,191,23
177,177,172,172,169,154,150,148,170,162,170,94,32,193,172,2,28,96,195,112,53,44,48,48,47,45,45,48,55,59,63,116,122,71,174,207,203,213,214,213,210,200,186,174,138,114,83,52,27,87,121,83,72,39,78,94,112,93,87,80,92,123,156,134,95,112,77,99,68,56,81,125,171,226,145,31,29,106,82,47,169,151,34,26,68,174,178,43,35,42,26,21,39,49,33,44,121,156,68,114,136,169,172,149,176,203,206,202,157,136,138,60,55,45,79,115,143,158,176,188,167,183,204,211,153,91,85,44,93,213,148,107,104,176,241,216,72,51,28,21,29,14,203,219,184,125,104,112,24,48,143,149,159,38,27,22,10,18,24,34,53,42,12,192,234,211,146,49
175,174,167,171,158,161,148,168,106,126,155,139,81,164,117,31,29,48,190,119,64,36,52,51,62,54,44,45,49,62,65,92,109,134,206,219,211,213,213,210,205,196,182,162,135,113,99,62,41,78,124,132,120,120,125,103,116,102,86,81,84,122,132,137,117,90,74,79,78,83,88,129,176,227,135,34,14,190,200,153,189,133,44,21,74,167,163,19,28,45,27,36,157,172,112,51,41,158,141,200,189,206,219,194,173,178,180,177,175,170,162,84,55,125,121,136,145,157,185,202,190,166,185,198,168,104,92,30,64,88,71,76,47,152,219,225,123,45,21,14,34,136,191,190,155,166,176,184,131,128,159,157,150,122,40,21,21,21,29,62,65,36,34,113,143,99,92,54
176,173,171,168,152,157,157,119,97,99,158,177,148,163,126,70,21,22,132,59,136,140,128,113,103,85,68,59,59,54,77,100,113,180,200,208,215,212,207,209,199,195,173,153,141,122,111,75,45,43,85,104,114,128,134,135,93,77,74,62,57,80,124,113,66,66,107,96,75,75,82,132,183,238,149,22,4,220,220,169,176,133,56,15,65,133,106,18,57,44,28,61,229,244,224,222,172,11,115,178,172,183,211,192,153,107,122,125,134,146,140,126,95,123,113,118,123,125,170,187,169,158,172,176,173,129,127,38,29,40,34,34,39,130,212,209,116,35,24,19,66,199,199,176,172,198,206,188,165,155,153,136,157,151,36,36,31,26,40,51,42,39,48,26,16,34,34,38
170,171,165,154,164,172,157,147,144,109,151,170,168,161,142,113,37,79,99,39,144,154,151,151,150,153,147,142,133,126,121,108,105,190,204,220,207,201,197,184,184,183,170,162,141,133,122,79,50,37,45,64,94,143,140,107,60,81,74,63,58,104,106,101,81,94,127,62,74,89,78,137,187,222,55,28,5,218,184,188,145,121,60,9,118,132,111,70,102,94,96,72,198,213,201,232,242,100,58,143,153,150,186,190,150,64,61,65,74,81,84,88,78,91,90,81,86,113,135,136,144,127,138,190,182,226,186,107,58,58,35,36,41,132,204,174,63,43,24,13,56,190,182,145,199,200,203,184,153,141,122,122,156,151,22,34,33,33,31,83,58,53,50,47,23,13,17,33
169,171,162,157,165,171,150,150,153,145,158,162,155,141,109,87,66,68,71,75,145,149,148,147,146,146,144,146,147,148,153,136,138,191,204,208,208,201,192,190,166,159,157,142,132,121,107,89,66,41,43,83,150,153,93,71,75,93,79,47,74,65,87,72,80,79,190,85,62,79,118,156,197,188,29,33,107,200,144,172,102,85,78,74,162,116,98,98,89,143,177,176,165,191,188,213,222,152,76,50,143,111,171,182,149,38,42,41,40,36,45,64,69,77,55,108,111,198,168,109,83,80,78,175,190,191,183,158,47,56,40,27,29,127,233,172,59,89,84,138,107,175,124,107,177,190,190,172,124,124,101,145,183,165,20,36,44,35,57,68,68,54,57,40,28,27,36,42
173,164,156,151,175,156,152,142,148,153,156,146,148,149,146,138,98,91,85,98,149,145,147,147,149,148,149,151,150,149,151,150,151,190,205,208,207,199,190,171,165,150,139,127,122,131,118,102,81,59,36,141,158,163,132,70,85,93,72,139,72,43,85,89,91,117,150,57,95,109,123,134,192,215,69,26,153,193,91,132,71,52,77,142,148,61,44,94,109,110,179,186,176,186,193,215,216,166,119,39,9,11,153,192,158,58,43,25,25,29,40,29,38,48,49,142,145,232,219,176,123,82,80,177,177,193,145,99,31,52,49,38,26,89,224,150,85,90,129,134,132,124,100,103,133,176,168,159,105,107,88,159,187,170,14,49,42,34,49,68,61,70,71,57,34,41,42,47
170,168,150,159,166,152,154,146,146,150,153,146,151,148,151,152,138,155,137,119,148,148,148,148,149,151,151,154,150,148,148,153,164,185,201,209,209,196,199,179,161,159,151,133,129,133,123,113,88,68,58,53,156,162,158,74,104,60,83,44,57,72,98,92,57,53,111,94,107,113,118,149,192,205,100,92,186,164,31,30,22,29,72,185,169,86,35,30,34,127,180,206,201,177,187,184,181,157,131,75,37,28,145,203,159,57,21,17,17,20,14,11,27,25,57,116,69,163,200,186,211,124,108,143,183,202,160,134,51,73,48,42,42,44,213,149,158,87,59,82,89,96,100,99,113,170,160,174,91,57,74,167,194,185,38,34,42,26,41,63,62,55,44,42,50,50,55,55
168,163,163,155,157,153,144,137,141,144,145,158,163,160,163,166,151,155,146,146,148,149,149,149,150,151,151,154,152,151,153,153,155,172,200,198,206,200,195,180,171,166,162,142,137,142,141,118,111,67,72,66,89,154,159,52,56,60,49,53,52,61,42,49,57,41,73,96,110,114,121,161,193,209,119,108,101,96,33,22,38,36,57,168,159,108,25,31,27,136,152,197,191,176,150,148,161,142,91,130,80,37,75,184,158,36,8,8,8,6,8,10,25,24,79,113,29,10,189,159,203,152,114,177,198,194,169,121,55,78,42,35,41,34,156,113,165,131,44,70,82,79,100,82,64,156,175,177,105,42,36,176,201,189,70,33,45,38,37,50,43,41,41,32,51,51,67,65
159,160,158,141,154,151,142,134,140,139,141,136,159,160,161,161,161,157,154,151,151,153,144,146,146,148,148,150,155,156,156,156,156,170,187,196,196,196,194,184,172,168,158,139,121,142,141,142,17,27,59,96,85,135,148,78,41,39,45,44,42,42,47,36,56,94,95,106,114,109,134,170,194,215,134,97,138,113,113,92,81,65,61,134,148,92,36,35,34,116,159,201,178,191,115,95,126,145,99,136,88,60,29,146,136,57,15,7,7,7,17,26,26,27,63,72,12,38,118,158,196,166,139,212,210,181,175,119,37,44,52,49,32,29,195,127,63,79,34,103,92,73,44,27,42,121,187,194,144,36,34,156,194,161,61,42,30,31,42,48,57,41,34,42,38,37,59,70
154,154,146,148,149,146,137,129,135,135,132,161,173,159,159,149,155,158,154,151,153,149,146,149,150,150,150,153,155,155,154,152,151,158,156,194,193,186,184,177,157,151,151,141,129,141,148,166,53,51,124,121,111,100,106,115,34,39,35,37,37,50,42,64,119,90,108,122,120,114,148,166,190,195,129,117,96,99,109,107,125,118,105,128,150,112,92,86,85,118,142,198,156,156,119,66,126,157,161,126,33,37,4,170,151,71,30,11,7,13,15,15,15,15,96,124,32,43,84,93,191,173,139,196,203,176,179,114,33,29,39,38,32,59,221,136,22,23,81,124,93,38,11,13,28,74,201,207,142,42,50,114,181,157,26,45,186,177,142,96,13,50,35,27,23,33,41,29
153,152,149,160,157,150,139,135,130,133,172,167,164,161,158,156,156,156,158,158,154,147,150,153,153,154,154,155,152,152,153,151,151,155,149,167,178,182,176,163,157,155,144,138,128,123,134,145,145,168,154,151,141,143,8,26,42,30,30,29,25,34,112,122,104,119,130,129,126,137,164,176,186,201,163,150,146,131,128,121,128,133,127,133,152,133,122,114,104,102,90,160,117,127,165,139,145,171,161,98,44,54,61,180,148,85,45,28,7,10,15,19,30,33,129,168,109,121,204,122,194,167,120,177,212,177,186,91,30,21,42,43,33,61,199,102,20,21,83,123,80,22,14,9,15,55,174,154,51,29,41,71,169,145,48,172,250,237,221,211,190,71,37,34,16,42,52,33
147,154,164,163,157,146,130,130,135,162,167,163,160,153,160,164,156,143,152,156,151,144,148,150,150,153,154,153,152,154,154,154,158,160,160,158,148,148,158,152,145,130,135,118,122,99,100,40,45,75,173,164,151,166,106,33,27,25,29,22,31,22,106,87,67,136,112,132,134,150,169,171,177,170,157,149,149,150,150,150,147,146,148,145,144,141,141,143,140,141,133,145,139,138,145,144,140,149,138,126,121,129,131,163,139,114,100,96,66,60,65,74,86,83,121,165,151,151,184,179,184,140,86,105,209,185,194,107,36,36,48,35,35,73,206,54,27,19,45,121,46,15,8,50,30,77,167,104,36,24,34,47,182,140,87,205,242,150,53,164,182,60,22,26,16,37,42,22
151,169,170,159,162,144,133,143,174,173,165,164,162,170,165,166,157,147,147,147,142,138,138,137,142,148,151,148,148,154,146,146,152,154,157,147,152,149,140,141,138,137,127,133,129,114,88,56,26,28,137,163,147,159,74,28,25,21,20,16,16,97,106,122,82,112,64,122,129,155,159,162,174,156,149,140,145,145,141,145,145,138,126,132,132,128,127,130,126,122,129,130,143,136,135,144,144,128,137,142,142,148,142,140,151,151,150,149,149,153,151,152,148,145,149,156,140,141,167,170,165,131,112,95,181,175,127,150,50,49,36,43,31,161,207,26,24,12,25,119,29,37,30,51,24,148,171,72,40,29,51,77,183,126,117,214,191,109,50,90,52,166,205,128,4,19,33,16
169,172,170,162,176,153,148,172,173,174,165,165,166,165,159,154,152,147,147,147,142,137,137,137,142,142,142,144,139,148,148,140,153,152,156,152,157,154,154,139,139,128,127,113,111,85,76,101,38,31,33,126,111,51,44,20,48,21,35,100,97,98,93,84,46,63,21,109,146,150,155,168,158,149,134,140,138,140,136,138,140,121,118,119,129,132,132,120,122,134,131,128,130,112,119,141,131,118,128,122,122,133,136,135,138,133,141,154,154,151,147,142,147,140,144,151,155,152,158,146,150,154,147,156,154,153,165,159,144,152,134,92,94,190,173,55,60,47,91,129,73,72,65,61,95,187,126,45,62,53,54,79,179,52,159,221,202,101,70,118,10,138,234,231,171,63,43,19
177,176,170,170,178,169,170,166,170,170,151,156,159,160,150,149,150,147,147,146,145,142,144,147,145,147,134,143,137,144,148,152,154,158,160,158,157,158,165,156,141,126,135,123,108,94,91,107,90,14,16,21,46,20,20,19,23,21,26,15,15,20,51,37,61,42,113,122,145,149,151,152,156,156,155,145,139,141,146,155,149,144,144,146,140,137,137,138,138,139,138,135,125,121,134,138,133,135,142,145,145,147,147,147,144,134,146,154,153,145,147,142,136,141,143,152,138,128,140,137,137,135,126,140,160,144,150,136,140,138,151,152,155,153,153,149,147,148,156,145,136,136,136,113,149,161,97,106,111,79,76,134,50,161,220,226,215,152,99,45,91,45,89,194,225,193,105,23
177,171,161,176,184,170,167,161,161,160,152,156,158,158,158,159,154,153,153,152,151,152,155,155,150,141,135,147,141,144,148,146,155,157,151,142,148,161,166,161,156,148,136,120,101,105,74,102,88,38,22,25,14,20,20,19,17,22,21,20,20,22,17,35,33,59,112,142,145,152,160,151,154,152,152,154,153,148,155,159,155,156,157,148,152,152,152,152,153,152,153,157,156,154,155,155,152,149,146,141,142,143,146,147,149,147,152,149,143,142,147,148,149,149,141,135,128,127,130,142,142,141,132,132,134,116,116,120,122,130,144,149,153,150,151,148,148,148,155,153,141,141,146,143,152,152,153,149,157,142,151,112,95,152,194,191,208,170,164,79,66,93,130,174,172,134,70,24
177,167,164,179,186,178,168,177,159,160,161,160,163,161,173,170,160,157,157,156,160,160,156,154,154,153,156,152,148,149,149,156,156,150,145,137,139,159,160,156,149,149,150,141,141,105,83,62,54,27,27,20,16,29,28,25,21,20,19,16,24,28,26,40,35,105,123,130,151,161,155,148,149,151,153,156,162,158,155,158,156,153,158,157,161,162,164,154,154,165,166,165,163,157,153,155,161,162,162,161,150,144,145,150,150,151,152,150,146,150,151,150,147,150,149,144,137,144,145,141,153,138,133,126,115,104,121,132,142,146,146,149,151,146,141,138,138,142,141,148,150,150,152,141,135,150,155,156,159,156,146,145,146,152,153,148,150,156,159,134,122,156,182,185,200,128,26,47
177,172,168,184,191,178,168,169,161,162,162,163,162,158,166,168,161,160,160,156,160,164,156,154,154,153,156,160,161,157,157,156,156,153,150,149,151,155,155,155,157,161,161,154,155,157,154,149,134,102,55,35,24,22,29,34,28,33,35,39,37,24,11,44,104,135,152,155,161,149,153,154,155,156,154,154,156,154,146,142,144,147,154,159,160,162,168,156,156,155,149,154,157,152,148,147,149,148,155,156,146,143,143,150,151,151,151,157,155,156,149,142,146,143,146,157,160,151,151,152,156,157,150,140,144,152,151,154,152,142,145,148,152,148,149,142,138,146,148,145,144,146,147,136,130,145,152,144,140,135,135,137,149,156,158,154,150,164,159,153,147,143,155,158,161,146,124,123
178,173,169,188,185,177,167,155,162,161,161,158,159,160,150,157,162,163,164,156,150,157,164,157,150,162,158,155,154,154,152,157,149,149,149,158,155,153,150,154,158,149,149,156,156,157,153,153,154,152,156,159,158,160,142,102,5,37,111,115,107,142,157,146,155,154,150,149,142,151,159,170,183,166,164,154,151,148,145,144,155,159,149,151,148,135,135,134,139,150,145,149,150,150,146,143,143,137,148,146,136,140,146,142,142,142,149,150,150,154,143,145,151,155,155,157,163,147,147,158,147,148,142,142,154,149,148,149,146,153,146,153,141,139,133,139,150,147,148,146,143,143,143,146,141,147,153,148,142,133,140,135,149,146,144,149,151,162,157,152,150,149,143,160,164,164,160,158
178,172,173,189,186,182,172,160,155,159,160,161,162,165,161,157,156,163,164,155,142,150,154,151,143,155,155,147,143,142,142,148,145,149,154,153,150,152,150,151,149,149,150,150,151,152,149,149,152,156,154,158,158,156,155,154,163,159,157,173,160,160,157,146,140,139,126,141,150,152,172,166,164,155,144,141,133,135,149,140,150,145,143,140,137,134,135,137,144,145,141,141,141,141,139,137,134,132,142,151,146,150,149,142,142,142,147,147,145,148,147,145,145,141,140,142,148,142,142,142,140,148,150,148,149,144,141,141,141,126,129,134,139,142,148,150,152,150,151,153,145,146,145,151,141,147,149,143,141,148,155,148,154,149,139,143,144,148,144,140,140,145,141,152,159,163,166,163
