88.0,101.0,118.0,104.0,113.0,28.0,106.0,113.0,115.0,116.0,93.0,98.0,94.0,98.0,91.0,152.0,131.0,41.0,117.0,75.0,97.0,110.0,97.0,106.0,116.0,125.0,80.0,109.0,102.0,111.0,115.0,40.0,89.0,119.0,108.0,119.0,112.0,110.0,121.0,100.0,102.0,92.0,91.0,97.0,85.0,87.0,74.0,112.0,95.0,110.0,57.0,90.0,113.0,130.0,162.0,115.0,109.0,125.0,119.0,109.0,111.0,112.0,105.0,104.0,98.0,83.0,86.0,101.0,79.0,108.0,89.0,112.0,116.0,123.0,137.0,87.0,123.0,116.0,94.0,80.0,130.0,137.0,151.0,123.0,109.0,134.0,129.0,126.0,106.0,98.0,88.0,96.0,109.0,93.0,102.0
68.0,51.0,70.0,84.0,119.0,88.0,37.0,121.0,91.0,104.0,90.0,100.0,86.0,114.0,93.0,83.0,124.0,116.0,69.0,91.0,140.0,114.0,125.0,136.0,108.0,115.0,105.0,81.0,87.0,140.0,125.0,90.0,44.0,130.0,96.0,120.0,122.0,106.0,82.0,96.0,89.0,61.0,107.0,94.0,97.0,120.0,114.0,135.0,130.0,99.0,104.0,93.0,94.0,138.0,142.0,129.0,127.0,111.0,102.0,106.0,144.0,126.0,118.0,110.0,94.0,81.0,108.0,107.0,83.0,95.0,112.0,123.0,109.0,125.0,151.0,121.0,98.0,126.0,166.0,119.0,117.0,143.0,104.0,94.0,98.0,119.0,138.0,147.0,129.0,75.0,109.0,118.0,123.0,96.0,122.0
104.0,85.0,109.0,133.0,69.0,113.0,31.0,110.0,91.0,88.0,87.0,90.0,79.0,98.0,76.0,86.0,112.0,132.0,35.0,136.0,100.0,102.0,139.0,116.0,110.0,89.0,126.0,146.0,105.0,119.0,120.0,121.0,31.0,38.0,110.0,115.0,91.0,106.0,112.0,97.0,110.0,99.0,138.0,104.0,99.0,124.0,118.0,105.0,135.0,128.0,94.0,118.0,129.0,119.0,96.0,114.0,147.0,132.0,106.0,116.0,118.0,123.0,131.0,123.0,145.0,115.0,121.0,105.0,100.0,150.0,119.0,113.0,126.0,140.0,129.0,124.0,126.0,143.0,111.0,155.0,145.0,108.0,121.0,112.0,133.0,152.0,138.0,#2,109.0,130.0,115.0,136.0,104.0,112.0,99.0
38.0,77.0,101.0,113.0,98.0,124.0,55.0,80.0,97.0,57.0,74.0,59.0,64.0,76.0,65.0,84.0,99.0,125.0,86.0,98.0,105.0,108.0,129.0,118.0,125.0,86.0,99.0,106.0,95.0,130.0,129.0,137.0,111.0,98.0,139.0,116.0,101.0,97.0,103.0,100.0,115.0,120.0,103.0,97.0,89.0,114.0,118.0,119.0,139.0,117.0,116.0,99.0,122.0,98.0,123.0,98.0,106.0,122.0,124.0,114.0,113.0,135.0,126.0,128.0,121.0,132.0,134.0,106.0,113.0,127.0,125.0,148.0,135.0,124.0,133.0,124.0,131.0,132.0,106.0,119.0,147.0,119.0,128.0,134.0,130.0,123.0,122.0,127.0,106.0,118.0,122.0,105.0,109.0,115.0,109.0
122.0,72.0,27.0,84.0,41.0,99.0,91.0,36.0,71.0,89.0,91.0,128.0,73.0,89.0,98.0,99.0,100.0,92.0,110.0,71.0,97.0,110.0,108.0,124.0,110.0,82.0,120.0,105.0,137.0,98.0,110.0,138.0,115.0,40.0,66.0,120.0,101.0,103.0,114.0,116.0,112.0,103.0,135.0,114.0,106.0,132.0,140.0,124.0,130.0,125.0,114.0,134.0,105.0,126.0,113.0,128.0,135.0,117.0,126.0,128.0,124.0,127.0,110.0,127.0,130.0,135.0,136.0,114.0,127.0,121.0,133.0,115.0,154.0,144.0,140.0,117.0,143.0,151.0,108.0,133.0,118.0,142.0,101.0,134.0,113.0,105.0,#2,107.0,76.0,115.0,141.0,114.0,88.0,89.0,113.0
114.0,71.0,65.0,62.0,24.0,70.0,130.0,81.0,73.0,54.0,47.0,88.0,108.0,95.0,109.0,155.0,101.0,122.0,117.0,65.0,110.0,97.0,#2,107.0,79.0,102.0,125.0,147.0,107.0,119.0,123.0,134.0,92.0,98.0,48.0,94.0,97.0,98.0,102.0,127.0,106.0,104.0,100.0,102.0,118.0,127.0,116.0,113.0,103.0,116.0,111.0,132.0,135.0,129.0,118.0,125.0,126.0,127.0,124.0,113.0,112.0,133.0,138.0,127.0,117.0,128.0,115.0,117.0,127.0,133.0,132.0,144.0,132.0,145.0,140.0,116.0,118.0,133.0,127.0,111.0,118.0,137.0,113.0,123.0,149.0,151.0,136.0,93.0,118.0,131.0,114.0,82.0,76.0,58.0,136.0
#2,63.0,67.0,127.0,28.0,63.0,109.0,89.0,44.0,99.0,41.0,72.0,131.0,107.0,120.0,144.0,101.0,115.0,132.0,129.0,105.0,115.0,109.0,102.0,92.0,95.0,94.0,112.0,89.0,111.0,139.0,121.0,100.0,93.0,91.0,83.0,89.0,88.0,98.0,91.0,75.0,71.0,150.0,125.0,116.0,122.0,103.0,129.0,132.0,142.0,122.0,123.0,119.0,131.0,116.0,137.0,126.0,128.0,123.0,100.0,114.0,106.0,126.0,132.0,141.0,117.0,142.0,106.0,112.0,113.0,127.0,128.0,117.0,120.0,108.0,136.0,131.0,117.0,113.0,127.0,134.0,157.0,123.0,81.0,116.0,81.0,135.0,114.0,110.0,128.0,131.0,110.0,125.0,88.0,121.0
105.0,81.0,30.0,99.0,63.0,#2,58.0,99.0,40.0,66.0,96.0,98.0,122.0,131.0,110.0,121.0,96.0,106.0,129.0,117.0,46.0,120.0,122.0,110.0,104.0,112.0,137.0,127.0,97.0,102.0,114.0,#2,106.0,86.0,90.0,121.0,124.0,107.0,111.0,99.0,126.0,113.0,115.0,138.0,134.0,149.0,137.0,121.0,93.0,150.0,128.0,125.0,132.0,77.0,143.0,134.0,179.0,170.0,114.0,97.0,107.0,109.0,120.0,117.0,104.0,100.0,117.0,115.0,106.0,131.0,110.0,116.0,120.0,157.0,140.0,114.0,101.0,123.0,115.0,142.0,114.0,148.0,122.0,148.0,121.0,90.0,94.0,149.0,143.0,101.0,104.0,130.0,111.0,130.0,146.0
104.0,74.0,38.0,86.0,66.0,93.0,61.0,138.0,85.0,65.0,150.0,124.0,117.0,104.0,123.0,104.0,107.0,94.0,122.0,132.0,48.0,105.0,106.0,95.0,153.0,155.0,131.0,103.0,#2,107.0,117.0,103.0,152.0,100.0,106.0,91.0,86.0,118.0,117.0,92.0,148.0,134.0,138.0,142.0,132.0,126.0,124.0,109.0,151.0,140.0,114.0,108.0,110.0,111.0,148.0,125.0,137.0,139.0,117.0,99.0,114.0,118.0,101.0,114.0,99.0,103.0,115.0,107.0,125.0,119.0,113.0,107.0,114.0,112.0,125.0,133.0,103.0,118.0,127.0,115.0,124.0,122.0,127.0,117.0,136.0,110.0,112.0,127.0,136.0,125.0,88.0,136.0,132.0,129.0,120.0
119.0,97.0,65.0,54.0,124.0,118.0,88.0,96.0,101.0,44.0,116.0,119.0,116.0,126.0,91.0,93.0,95.0,91.0,100.0,138.0,115.0,82.0,128.0,123.0,94.0,121.0,111.0,133.0,114.0,138.0,87.0,96.0,83.0,88.0,107.0,#2,112.0,128.0,100.0,109.0,122.0,127.0,93.0,149.0,126.0,108.0,105.0,84.0,118.0,110.0,121.0,136.0,82.0,134.0,104.0,132.0,107.0,114.0,106.0,116.0,115.0,116.0,122.0,130.0,107.0,102.0,109.0,119.0,104.0,135.0,115.0,112.0,105.0,112.0,125.0,113.0,114.0,147.0,109.0,133.0,137.0,107.0,118.0,152.0,127.0,109.0,137.0,136.0,143.0,75.0,100.0,104.0,133.0,128.0,89.0
113.0,160.0,56.0,132.0,75.0,81.0,91.0,79.0,100.0,73.0,94.0,125.0,111.0,104.0,95.0,117.0,103.0,90.0,112.0,128.0,157.0,42.0,117.0,129.0,95.0,99.0,117.0,120.0,111.0,118.0,133.0,106.0,104.0,106.0,107.0,146.0,114.0,107.0,79.0,131.0,123.0,112.0,122.0,102.0,131.0,86.0,113.0,131.0,#2,130.0,148.0,157.0,138.0,128.0,#2,121.0,#2,118.0,105.0,110.0,133.0,136.0,151.0,117.0,83.0,91.0,92.0,90.0,148.0,139.0,119.0,113.0,102.0,119.0,123.0,95.0,119.0,114.0,122.0,119.0,124.0,138.0,113.0,128.0,147.0,132.0,108.0,126.0,124.0,116.0,133.0,119.0,116.0,120.0,150.0
66.0,105.0,156.0,122.0,102.0,107.0,94.0,106.0,164.0,104.0,39.0,111.0,130.0,109.0,100.0,82.0,114.0,167.0,140.0,97.0,130.0,72.0,116.0,139.0,122.0,103.0,114.0,122.0,118.0,98.0,87.0,114.0,133.0,125.0,96.0,137.0,148.0,124.0,130.0,135.0,148.0,131.0,132.0,107.0,112.0,98.0,116.0,123.0,117.0,121.0,119.0,135.0,120.0,#2,118.0,137.0,121.0,117.0,101.0,92.0,106.0,129.0,116.0,132.0,104.0,127.0,144.0,126.0,119.0,95.0,117.0,89.0,110.0,123.0,127.0,111.0,97.0,125.0,94.0,90.0,89.0,138.0,100.0,118.0,134.0,115.0,117.0,102.0,#2,115.0,136.0,133.0,110.0,122.0,142.0
64.0,165.0,66.0,80.0,88.0,97.0,102.0,151.0,94.0,108.0,58.0,111.0,117.0,87.0,95.0,128.0,106.0,119.0,108.0,117.0,122.0,124.0,103.0,129.0,136.0,106.0,89.0,122.0,125.0,123.0,117.0,132.0,130.0,121.0,107.0,115.0,141.0,113.0,129.0,127.0,128.0,124.0,144.0,115.0,139.0,67.0,98.0,116.0,#3,113.0,107.0,119.0,#2,97.0,79.0,123.0,120.0,149.0,152.0,125.0,136.0,107.0,150.0,129.0,150.0,138.0,123.0,154.0,151.0,137.0,145.0,137.0,135.0,129.0,138.0,114.0,129.0,126.0,96.0,108.0,65.0,76.0,97.0,137.0,129.0,119.0,127.0,128.0,127.0,122.0,152.0,121.0,116.0,103.0
73.0,79.0,103.0,71.0,85.0,127.0,119.0,133.0,99.0,120.0,97.0,50.0,105.0,91.0,#2,71.0,96.0,115.0,130.0,119.0,123.0,116.0,118.0,109.0,119.0,110.0,140.0,135.0,130.0,127.0,132.0,128.0,120.0,92.0,107.0,120.0,114.0,113.0,123.0,109.0,108.0,113.0,114.0,93.0,114.0,90.0,117.0,109.0,120.0,109.0,104.0,112.0,73.0,103.0,120.0,96.0,98.0,110.0,124.0,118.0,131.0,128.0,127.0,129.0,107.0,92.0,132.0,140.0,108.0,121.0,147.0,140.0,133.0,126.0,176.0,123.0,160.0,109.0,105.0,112.0,129.0,126.0,148.0,135.0,121.0,127.0,119.0,125.0,155.0,126.0,140.0,125.0,89.0,120.0,115.0
96.0,71.0,88.0,81.0,121.0,101.0,152.0,92.0,120.0,136.0,109.0,36.0,106.0,87.0,127.0,107.0,109.0,122.0,139.0,109.0,119.0,96.0,95.0,131.0,138.0,141.0,103.0,87.0,129.0,134.0,149.0,109.0,130.0,118.0,112.0,113.0,110.0,118.0,96.0,114.0,105.0,104.0,103.0,134.0,103.0,111.0,105.0,123.0,126.0,143.0,127.0,120.0,102.0,101.0,110.0,83.0,95.0,113.0,76.0,109.0,86.0,114.0,101.0,105.0,117.0,121.0,126.0,127.0,124.0,126.0,135.0,113.0,100.0,137.0,138.0,170.0,142.0,121.0,108.0,145.0,143.0,127.0,134.0,131.0,117.0,107.0,100.0,165.0,139.0,152.0,#2,145.0,108.0,119.0,109.0
90.0,115.0,127.0,97.0,87.0,144.0,103.0,113.0,93.0,136.0,91.0,109.0,54.0,104.0,127.0,102.0,86.0,165.0,124.0,150.0,119.0,107.0,98.0,114.0,123.0,101.0,124.0,112.0,138.0,132.0,138.0,145.0,116.0,111.0,150.0,101.0,104.0,114.0,138.0,105.0,110.0,113.0,129.0,115.0,144.0,105.0,113.0,117.0,141.0,133.0,126.0,120.0,118.0,115.0,87.0,83.0,81.0,90.0,97.0,101.0,120.0,142.0,139.0,95.0,70.0,126.0,132.0,114.0,133.0,121.0,157.0,127.0,113.0,115.0,129.0,146.0,147.0,126.0,161.0,162.0,127.0,130.0,136.0,155.0,102.0,74.0,82.0,135.0,118.0,107.0,110.0,114.0,130.0,101.0,88.0
97.0,127.0,119.0,131.0,83.0,121.0,113.0,98.0,110.0,119.0,129.0,103.0,47.0,130.0,103.0,132.0,114.0,144.0,138.0,132.0,125.0,113.0,69.0,#2,110.0,106.0,100.0,113.0,146.0,116.0,120.0,115.0,133.0,121.0,107.0,102.0,100.0,84.0,108.0,111.0,126.0,129.0,116.0,122.0,121.0,114.0,134.0,122.0,131.0,103.0,111.0,134.0,112.0,107.0,94.0,115.0,82.0,36.0,72.0,105.0,111.0,126.0,116.0,124.0,143.0,174.0,124.0,105.0,94.0,70.0,126.0,75.0,125.0,117.0,122.0,118.0,114.0,#2,112.0,116.0,97.0,120.0,149.0,167.0,143.0,130.0,148.0,109.0,132.0,124.0,149.0,155.0,125.0,112.0,110.0
115.0,101.0,127.0,116.0,84.0,79.0,111.0,139.0,141.0,110.0,129.0,102.0,67.0,118.0,132.0,129.0,147.0,138.0,120.0,116.0,112.0,124.0,90.0,80.0,88.0,139.0,114.0,91.0,123.0,117.0,96.0,101.0,111.0,106.0,117.0,135.0,106.0,134.0,123.0,135.0,117.0,116.0,132.0,143.0,161.0,131.0,136.0,121.0,126.0,133.0,127.0,149.0,65.0,103.0,118.0,73.0,140.0,107.0,68.0,125.0,102.0,94.0,99.0,86.0,99.0,161.0,113.0,110.0,99.0,111.0,122.0,85.0,105.0,143.0,116.0,104.0,112.0,111.0,145.0,131.0,135.0,121.0,145.0,137.0,116.0,109.0,126.0,127.0,118.0,138.0,140.0,148.0,130.0,138.0,148.0
99.0,117.0,138.0,143.0,106.0,63.0,110.0,127.0,125.0,145.0,137.0,132.0,101.0,58.0,79.0,125.0,169.0,127.0,116.0,128.0,114.0,100.0,103.0,76.0,84.0,69.0,78.0,91.0,71.0,72.0,100.0,97.0,103.0,113.0,115.0,151.0,158.0,118.0,139.0,126.0,128.0,111.0,117.0,128.0,116.0,154.0,139.0,121.0,126.0,128.0,147.0,100.0,95.0,78.0,141.0,115.0,77.0,60.0,86.0,108.0,131.0,97.0,100.0,58.0,122.0,143.0,133.0,96.0,122.0,133.0,78.0,124.0,122.0,164.0,141.0,123.0,155.0,#3,128.0,149.0,105.0,119.0,142.0,123.0,130.0,77.0,117.0,152.0,126.0,131.0,117.0,122.0,111.0,132.0
#2,104.0,103.0,135.0,106.0,51.0,129.0,113.0,122.0,149.0,137.0,119.0,120.0,45.0,48.0,116.0,87.0,117.0,113.0,110.0,99.0,107.0,105.0,87.0,122.0,95.0,67.0,122.0,125.0,136.0,116.0,121.0,108.0,113.0,97.0,109.0,114.0,98.0,116.0,113.0,114.0,109.0,110.0,106.0,#2,117.0,140.0,130.0,103.0,93.0,89.0,106.0,110.0,120.0,91.0,182.0,65.0,103.0,81.0,115.0,128.0,92.0,103.0,122.0,81.0,132.0,104.0,135.0,116.0,111.0,104.0,113.0,105.0,129.0,116.0,152.0,#2,112.0,84.0,123.0,90.0,126.0,116.0,122.0,114.0,65.0,100.0,104.0,84.0,111.0,121.0,128.0,153.0,#2,127.0
108.0,134.0,118.0,125.0,142.0,67.0,119.0,133.0,125.0,126.0,116.0,133.0,108.0,77.0,47.0,94.0,109.0,110.0,109.0,105.0,#2,82.0,86.0,100.0,132.0,129.0,101.0,113.0,#2,115.0,116.0,#2,126.0,117.0,87.0,107.0,106.0,113.0,105.0,130.0,110.0,84.0,101.0,110.0,108.0,120.0,130.0,145.0,86.0,102.0,117.0,98.0,114.0,129.0,98.0,149.0,151.0,92.0,#2,101.0,105.0,128.0,#2,109.0,88.0,127.0,121.0,111.0,116.0,104.0,67.0,98.0,139.0,128.0,142.0,107.0,137.0,128.0,134.0,96.0,129.0,89.0,93.0,89.0,55.0,103.0,96.0,136.0,133.0,125.0,139.0,198.0,102.0,100.0,111.0
107.0,124.0,177.0,#2,132.0,85.0,65.0,119.0,139.0,140.0,111.0,124.0,138.0,122.0,38.0,61.0,73.0,115.0,89.0,98.0,86.0,77.0,64.0,86.0,114.0,101.0,107.0,92.0,101.0,119.0,96.0,109.0,108.0,94.0,126.0,107.0,110.0,96.0,123.0,108.0,96.0,105.0,95.0,79.0,75.0,140.0,128.0,90.0,93.0,110.0,142.0,115.0,108.0,130.0,136.0,125.0,129.0,111.0,108.0,132.0,147.0,111.0,133.0,127.0,125.0,172.0,121.0,151.0,116.0,124.0,122.0,142.0,136.0,93.0,111.0,114.0,96.0,98.0,112.0,130.0,121.0,132.0,111.0,95.0,128.0,97.0,113.0,133.0,129.0,139.0,171.0,116.0,100.0,96.0,127.0
77.0,105.0,84.0,86.0,82.0,95.0,46.0,128.0,73.0,151.0,138.0,131.0,101.0,75.0,52.0,51.0,70.0,97.0,101.0,111.0,105.0,98.0,128.0,120.0,108.0,85.0,88.0,134.0,93.0,109.0,91.0,112.0,115.0,84.0,127.0,92.0,97.0,133.0,93.0,106.0,108.0,100.0,69.0,98.0,141.0,104.0,93.0,89.0,129.0,119.0,120.0,144.0,129.0,104.0,127.0,111.0,160.0,133.0,135.0,109.0,114.0,111.0,95.0,113.0,100.0,101.0,95.0,123.0,135.0,124.0,125.0,126.0,100.0,129.0,86.0,106.0,99.0,100.0,59.0,83.0,117.0,154.0,103.0,133.0,97.0,117.0,158.0,134.0,138.0,135.0,#2,130.0,106.0,96.0,137.0
124.0,29.0,39.0,28.0,34.0,38.0,34.0,30.0,38.0,34.0,37.0,41.0,46.0,38.0,41.0,40.0,44.0,46.0,47.0,63.0,79.0,95.0,99.0,137.0,112.0,142.0,83.0,88.0,99.0,101.0,86.0,186.0,73.0,116.0,112.0,107.0,102.0,149.0,186.0,156.0,130.0,83.0,103.0,137.0,127.0,116.0,119.0,110.0,125.0,126.0,131.0,132.0,121.0,158.0,147.0,141.0,153.0,138.0,108.0,109.0,100.0,80.0,110.0,89.0,65.0,72.0,92.0,133.0,114.0,111.0,135.0,146.0,132.0,134.0,124.0,137.0,131.0,129.0,114.0,128.0,129.0,102.0,129.0,123.0,179.0,#2,139.0,144.0,130.0,#2,137.0,104.0,87.0,91.0,157.0
26.0,#2,29.0,34.0,36.0,34.0,33.0,28.0,30.0,33.0,32.0,36.0,34.0,31.0,38.0,44.0,#2,43.0,51.0,48.0,49.0,47.0,45.0,48.0,44.0,37.0,54.0,78.0,101.0,126.0,128.0,96.0,116.0,108.0,128.0,123.0,128.0,238.0,165.0,146.0,158.0,148.0,119.0,129.0,124.0,119.0,109.0,113.0,95.0,138.0,135.0,123.0,141.0,116.0,119.0,134.0,159.0,177.0,148.0,117.0,141.0,128.0,123.0,131.0,130.0,111.0,123.0,167.0,155.0,136.0,#2,141.0,158.0,125.0,174.0,137.0,132.0,114.0,126.0,107.0,105.0,101.0,118.0,110.0,91.0,146.0,185.0,150.0,128.0,130.0,119.0,132.0,120.0,164.0,150.0
28.0,32.0,31.0,27.0,26.0,28.0,25.0,28.0,33.0,31.0,26.0,30.0,#2,32.0,29.0,34.0,35.0,37.0,36.0,37.0,#2,47.0,33.0,41.0,53.0,44.0,50.0,41.0,51.0,48.0,58.0,94.0,105.0,85.0,93.0,115.0,204.0,62.0,60.0,80.0,74.0,45.0,52.0,57.0,60.0,43.0,51.0,59.0,45.0,43.0,96.0,105.0,137.0,124.0,115.0,108.0,129.0,138.0,119.0,99.0,121.0,132.0,146.0,111.0,98.0,124.0,154.0,137.0,146.0,152.0,157.0,154.0,141.0,101.0,129.0,154.0,158.0,142.0,146.0,121.0,97.0,147.0,146.0,121.0,98.0,164.0,117.0,130.0,123.0,125.0,137.0,142.0,122.0,129.0,124.0
87.0,98.0,77.0,33.0,#3,32.0,30.0,32.0,36.0,33.0,29.0,35.0,29.0,28.0,#3,35.0,41.0,43.0,45.0,42.0,40.0,38.0,#2,39.0,37.0,40.0,41.0,54.0,62.0,64.0,67.0,101.0,109.0,229.0,76.0,58.0,51.0,91.0,63.0,54.0,57.0,58.0,66.0,62.0,56.0,47.0,41.0,33.0,35.0,39.0,45.0,42.0,44.0,71.0,96.0,82.0,93.0,100.0,126.0,131.0,120.0,135.0,172.0,152.0,173.0,154.0,133.0,145.0,135.0,133.0,165.0,116.0,155.0,157.0,104.0,139.0,132.0,113.0,110.0,141.0,117.0,128.0,102.0,128.0,140.0,125.0,80.0,103.0,142.0,151.0,148.0,153.0,84.0
36.0,107.0,121.0,93.0,102.0,128.0,116.0,122.0,83.0,106.0,76.0,56.0,38.0,#2,40.0,36.0,35.0,38.0,52.0,37.0,41.0,45.0,42.0,41.0,37.0,#2,38.0,39.0,37.0,41.0,43.0,48.0,59.0,65.0,189.0,85.0,72.0,70.0,201.0,190.0,178.0,124.0,56.0,61.0,58.0,66.0,60.0,49.0,#2,46.0,36.0,38.0,49.0,54.0,43.0,49.0,#2,61.0,56.0,80.0,135.0,168.0,180.0,154.0,168.0,#2,169.0,161.0,153.0,139.0,164.0,126.0,106.0,108.0,130.0,124.0,141.0,144.0,158.0,165.0,134.0,125.0,142.0,152.0,158.0,115.0,138.0,113.0,107.0,101.0,103.0,87.0,124.0,99.0,105.0
38.0,119.0,154.0,116.0,132.0,92.0,78.0,102.0,78.0,61.0,104.0,95.0,112.0,113.0,65.0,41.0,123.0,72.0,81.0,102.0,82.0,69.0,59.0,43.0,#2,38.0,37.0,41.0,40.0,44.0,45.0,54.0,78.0,142.0,108.0,85.0,88.0,201.0,205.0,192.0,179.0,64.0,60.0,57.0,62.0,60.0,58.0,53.0,58.0,53.0,40.0,47.0,63.0,60.0,73.0,50.0,56.0,73.0,55.0,#2,50.0,#2,48.0,68.0,100.0,#2,112.0,120.0,154.0,169.0,141.0,129.0,140.0,146.0,132.0,114.0,158.0,136.0,180.0,105.0,134.0,166.0,141.0,134.0,151.0,124.0,122.0,136.0,105.0,100.0,116.0,128.0,89.0,#2,112.0
35.0,59.0,115.0,132.0,157.0,107.0,103.0,82.0,94.0,91.0,73.0,80.0,90.0,65.0,50.0,65.0,88.0,86.0,91.0,84.0,85.0,91.0,96.0,106.0,81.0,83.0,91.0,98.0,138.0,89.0,72.0,79.0,108.0,145.0,91.0,224.0,206.0,170.0,184.0,203.0,189.0,162.0,70.0,72.0,67.0,69.0,61.0,60.0,55.0,49.0,67.0,109.0,208.0,174.0,69.0,68.0,63.0,68.0,65.0,64.0,68.0,66.0,62.0,58.0,63.0,62.0,66.0,64.0,151.0,138.0,193.0,166.0,91.0,146.0,116.0,142.0,124.0,149.0,153.0,138.0,155.0,95.0,137.0,176.0,129.0,157.0,168.0,116.0,83.0,78.0,76.0,78.0,77.0,123.0,105.0
36.0,35.0,137.0,76.0,110.0,92.0,115.0,61.0,86.0,123.0,#2,90.0,68.0,113.0,63.0,62.0,93.0,77.0,85.0,78.0,102.0,86.0,109.0,116.0,103.0,97.0,87.0,97.0,73.0,71.0,74.0,78.0,95.0,87.0,222.0,186.0,163.0,193.0,184.0,192.0,70.0,78.0,80.0,84.0,116.0,75.0,71.0,76.0,157.0,92.0,118.0,134.0,246.0,82.0,55.0,52.0,55.0,58.0,57.0,62.0,59.0,57.0,62.0,56.0,57.0,79.0,77.0,75.0,93.0,183.0,157.0,161.0,185.0,155.0,152.0,156.0,171.0,183.0,145.0,143.0,137.0,53.0,58.0,51.0,58.0,163.0,159.0,120.0,162.0,166.0,125.0,138.0,123.0,133.0,101.0
32.0,28.0,133.0,96.0,97.0,92.0,84.0,58.0,83.0,45.0,72.0,81.0,78.0,69.0,46.0,68.0,78.0,65.0,66.0,63.0,108.0,90.0,72.0,96.0,#2,85.0,80.0,66.0,69.0,63.0,70.0,83.0,85.0,151.0,199.0,174.0,146.0,185.0,182.0,69.0,77.0,#2,82.0,96.0,66.0,#2,74.0,62.0,57.0,56.0,59.0,63.0,47.0,39.0,45.0,43.0,52.0,43.0,46.0,49.0,56.0,58.0,55.0,51.0,65.0,70.0,83.0,72.0,85.0,82.0,155.0,165.0,156.0,165.0,159.0,177.0,144.0,120.0,125.0,94.0,85.0,73.0,61.0,68.0,72.0,107.0,115.0,150.0,125.0,145.0,159.0,141.0,114.0,110.0,107.0
#2,37.0,48.0,97.0,103.0,119.0,70.0,100.0,55.0,57.0,93.0,68.0,49.0,55.0,46.0,51.0,74.0,71.0,67.0,78.0,96.0,78.0,66.0,96.0,93.0,89.0,79.0,67.0,60.0,66.0,76.0,87.0,122.0,198.0,184.0,186.0,117.0,112.0,90.0,87.0,80.0,89.0,86.0,77.0,78.0,66.0,71.0,61.0,#3,65.0,58.0,56.0,43.0,#2,37.0,38.0,41.0,53.0,59.0,53.0,51.0,73.0,44.0,61.0,60.0,75.0,102.0,57.0,69.0,65.0,80.0,102.0,154.0,178.0,146.0,150.0,175.0,183.0,69.0,83.0,80.0,196.0,108.0,80.0,36.0,91.0,131.0,136.0,100.0,109.0,102.0,155.0,120.0,123.0
36.0,45.0,63.0,#2,108.0,95.0,59.0,80.0,43.0,50.0,39.0,47.0,74.0,29.0,47.0,48.0,#2,71.0,90.0,113.0,95.0,98.0,102.0,107.0,94.0,87.0,69.0,64.0,69.0,76.0,85.0,82.0,214.0,195.0,181.0,158.0,126.0,80.0,77.0,89.0,128.0,118.0,80.0,81.0,70.0,77.0,74.0,64.0,#2,65.0,60.0,57.0,55.0,51.0,45.0,42.0,37.0,43.0,41.0,47.0,65.0,185.0,208.0,53.0,#2,63.0,75.0,73.0,49.0,48.0,80.0,73.0,60.0,51.0,39.0,171.0,138.0,151.0,162.0,77.0,65.0,95.0,248.0,249.0,126.0,71.0,62.0,55.0,180.0,133.0,141.0,129.0,140.0,147.0,129.0
41.0,#2,44.0,60.0,78.0,80.0,69.0,85.0,#2,84.0,50.0,69.0,58.0,70.0,33.0,37.0,93.0,59.0,58.0,71.0,113.0,83.0,84.0,91.0,88.0,80.0,73.0,72.0,74.0,85.0,96.0,215.0,183.0,168.0,181.0,180.0,107.0,83.0,86.0,96.0,101.0,85.0,82.0,83.0,81.0,114.0,71.0,62.0,63.0,67.0,64.0,58.0,53.0,130.0,73.0,121.0,56.0,75.0,72.0,176.0,197.0,210.0,203.0,#2,214.0,117.0,73.0,64.0,47.0,45.0,46.0,60.0,43.0,47.0,29.0,33.0,110.0,120.0,138.0,159.0,77.0,65.0,246.0,186.0,199.0,109.0,25.0,46.0,80.0,132.0,150.0,129.0,128.0,147.0,151.0
32.0,38.0,43.0,72.0,85.0,65.0,91.0,82.0,104.0,64.0,113.0,111.0,66.0,103.0,31.0,62.0,88.0,89.0,73.0,70.0,112.0,75.0,85.0,90.0,87.0,81.0,75.0,78.0,76.0,204.0,217.0,176.0,172.0,179.0,188.0,150.0,142.0,90.0,113.0,95.0,90.0,84.0,82.0,91.0,77.0,84.0,#2,79.0,78.0,68.0,66.0,124.0,247.0,221.0,211.0,217.0,240.0,219.0,213.0,193.0,235.0,210.0,211.0,185.0,179.0,70.0,78.0,64.0,46.0,49.0,30.0,34.0,30.0,37.0,#2,41.0,43.0,55.0,107.0,132.0,153.0,73.0,96.0,240.0,157.0,47.0,38.0,41.0,65.0,127.0,123.0,126.0,96.0,137.0,138.0
31.0,35.0,37.0,89.0,71.0,67.0,56.0,82.0,49.0,84.0,45.0,67.0,50.0,67.0,71.0,65.0,93.0,76.0,72.0,96.0,116.0,97.0,79.0,80.0,83.0,198.0,126.0,171.0,188.0,191.0,147.0,198.0,163.0,#2,193.0,198.0,208.0,219.0,119.0,94.0,89.0,91.0,95.0,91.0,83.0,85.0,99.0,86.0,75.0,77.0,75.0,98.0,225.0,212.0,201.0,205.0,204.0,201.0,203.0,204.0,202.0,198.0,196.0,162.0,66.0,70.0,72.0,54.0,59.0,42.0,47.0,33.0,37.0,42.0,51.0,49.0,34.0,54.0,60.0,55.0,61.0,55.0,53.0,36.0,45.0,61.0,44.0,61.0,84.0,141.0,117.0,147.0,143.0,167.0,145.0
29.0,31.0,38.0,61.0,40.0,58.0,53.0,74.0,42.0,54.0,67.0,83.0,60.0,67.0,36.0,44.0,#2,72.0,103.0,107.0,89.0,71.0,82.0,71.0,207.0,204.0,216.0,214.0,219.0,211.0,203.0,200.0,201.0,181.0,214.0,226.0,171.0,192.0,106.0,102.0,94.0,104.0,108.0,86.0,90.0,89.0,106.0,74.0,82.0,77.0,83.0,218.0,#2,224.0,200.0,205.0,208.0,210.0,222.0,215.0,89.0,100.0,161.0,81.0,71.0,77.0,64.0,66.0,59.0,52.0,51.0,41.0,42.0,50.0,55.0,48.0,#2,35.0,80.0,65.0,55.0,63.0,46.0,18.0,38.0,72.0,68.0,58.0,122.0,138.0,143.0,152.0,147.0,135.0,152.0
30.0,32.0,36.0,70.0,80.0,30.0,32.0,60.0,34.0,32.0,93.0,61.0,67.0,42.0,81.0,60.0,78.0,76.0,99.0,97.0,60.0,63.0,104.0,208.0,221.0,223.0,214.0,231.0,230.0,218.0,205.0,203.0,170.0,173.0,215.0,223.0,204.0,198.0,110.0,95.0,213.0,234.0,99.0,95.0,217.0,224.0,75.0,76.0,81.0,84.0,229.0,222.0,228.0,199.0,203.0,199.0,210.0,225.0,244.0,84.0,80.0,214.0,67.0,93.0,97.0,80.0,71.0,78.0,82.0,66.0,80.0,64.0,61.0,#2,76.0,99.0,89.0,71.0,73.0,74.0,94.0,56.0,46.0,48.0,50.0,75.0,66.0,56.0,44.0,98.0,158.0,123.0,101.0,110.0,150.0
28.0,32.0,36.0,70.0,36.0,29.0,31.0,24.0,22.0,30.0,48.0,76.0,39.0,83.0,65.0,72.0,80.0,103.0,100.0,81.0,62.0,75.0,199.0,211.0,198.0,221.0,220.0,237.0,231.0,219.0,194.0,200.0,172.0,201.0,211.0,205.0,221.0,220.0,112.0,159.0,203.0,187.0,211.0,241.0,236.0,211.0,78.0,154.0,138.0,214.0,232.0,227.0,198.0,229.0,226.0,235.0,228.0,245.0,118.0,84.0,120.0,106.0,#2,76.0,86.0,87.0,#2,71.0,79.0,71.0,51.0,26.0,34.0,39.0,52.0,66.0,70.0,60.0,56.0,70.0,57.0,69.0,44.0,#2,46.0,69.0,86.0,71.0,25.0,88.0,148.0,144.0,141.0,149.0,184.0
29.0,33.0,44.0,#2,29.0,31.0,20.0,29.0,19.0,20.0,26.0,34.0,48.0,94.0,62.0,41.0,57.0,51.0,53.0,77.0,73.0,160.0,216.0,214.0,208.0,213.0,230.0,220.0,217.0,212.0,181.0,155.0,137.0,218.0,219.0,222.0,211.0,188.0,152.0,166.0,203.0,208.0,187.0,#2,223.0,225.0,236.0,#2,229.0,215.0,226.0,246.0,223.0,243.0,237.0,231.0,240.0,255.0,#2,83.0,86.0,80.0,76.0,69.0,67.0,73.0,72.0,86.0,78.0,64.0,52.0,46.0,28.0,27.0,31.0,44.0,53.0,50.0,76.0,66.0,50.0,40.0,38.0,43.0,70.0,83.0,55.0,22.0,19.0,64.0,155.0,131.0,170.0,119.0,118.0
115.0,19.0,33.0,#2,61.0,32.0,23.0,30.0,32.0,24.0,25.0,33.0,40.0,36.0,55.0,46.0,53.0,71.0,56.0,77.0,153.0,225.0,222.0,230.0,210.0,223.0,226.0,200.0,182.0,198.0,152.0,128.0,176.0,222.0,223.0,218.0,199.0,183.0,110.0,171.0,185.0,186.0,200.0,211.0,215.0,226.0,236.0,238.0,200.0,214.0,229.0,238.0,#2,245.0,237.0,238.0,254.0,128.0,86.0,185.0,68.0,61.0,#2,66.0,#2,77.0,84.0,87.0,80.0,72.0,48.0,31.0,20.0,33.0,34.0,52.0,47.0,35.0,52.0,59.0,47.0,31.0,28.0,#2,74.0,81.0,94.0,41.0,19.0,41.0,#2,139.0,148.0,141.0,144.0
43.0,46.0,81.0,46.0,66.0,28.0,46.0,22.0,60.0,34.0,52.0,46.0,42.0,58.0,53.0,60.0,62.0,49.0,62.0,146.0,222.0,212.0,205.0,237.0,201.0,124.0,125.0,115.0,107.0,161.0,126.0,177.0,187.0,175.0,196.0,197.0,193.0,187.0,120.0,130.0,179.0,188.0,198.0,206.0,214.0,232.0,219.0,231.0,179.0,210.0,246.0,227.0,239.0,232.0,225.0,242.0,118.0,246.0,77.0,74.0,59.0,70.0,66.0,71.0,84.0,82.0,79.0,69.0,44.0,37.0,34.0,21.0,#2,15.0,34.0,#2,50.0,42.0,34.0,35.0,29.0,30.0,44.0,73.0,97.0,60.0,74.0,50.0,37.0,30.0,43.0,73.0,99.0,142.0,131.0
78.0,27.0,62.0,44.0,85.0,27.0,28.0,18.0,47.0,64.0,32.0,#2,27.0,35.0,34.0,58.0,75.0,68.0,128.0,205.0,184.0,229.0,209.0,130.0,120.0,125.0,115.0,105.0,101.0,118.0,160.0,178.0,189.0,220.0,173.0,197.0,166.0,171.0,168.0,156.0,157.0,187.0,205.0,208.0,#2,230.0,228.0,200.0,192.0,240.0,238.0,224.0,206.0,172.0,157.0,87.0,163.0,81.0,75.0,68.0,55.0,62.0,55.0,67.0,84.0,86.0,73.0,27.0,45.0,26.0,19.0,38.0,#2,14.0,28.0,37.0,42.0,36.0,30.0,#2,26.0,33.0,49.0,55.0,41.0,54.0,45.0,36.0,37.0,39.0,25.0,54.0,182.0,124.0,137.0
101.0,28.0,72.0,37.0,81.0,23.0,33.0,44.0,40.0,12.0,23.0,28.0,36.0,45.0,53.0,86.0,65.0,123.0,156.0,236.0,207.0,128.0,123.0,127.0,165.0,219.0,175.0,149.0,122.0,123.0,122.0,105.0,135.0,197.0,196.0,176.0,157.0,149.0,155.0,175.0,178.0,195.0,194.0,204.0,#2,218.0,230.0,231.0,226.0,241.0,233.0,216.0,222.0,188.0,167.0,155.0,192.0,60.0,49.0,40.0,44.0,43.0,52.0,63.0,86.0,87.0,46.0,34.0,28.0,32.0,23.0,17.0,16.0,14.0,25.0,32.0,38.0,37.0,36.0,21.0,25.0,27.0,63.0,60.0,51.0,43.0,39.0,38.0,41.0,#2,31.0,25.0,31.0,74.0,100.0
95.0,33.0,90.0,43.0,54.0,15.0,49.0,69.0,43.0,105.0,43.0,33.0,66.0,63.0,81.0,82.0,65.0,211.0,232.0,146.0,120.0,121.0,129.0,229.0,233.0,235.0,187.0,151.0,140.0,115.0,78.0,95.0,138.0,181.0,232.0,184.0,146.0,142.0,143.0,135.0,162.0,180.0,193.0,198.0,203.0,201.0,227.0,223.0,241.0,235.0,219.0,222.0,220.0,219.0,192.0,238.0,68.0,51.0,61.0,60.0,48.0,37.0,55.0,79.0,80.0,86.0,53.0,39.0,34.0,35.0,44.0,24.0,21.0,16.0,31.0,29.0,31.0,27.0,34.0,28.0,17.0,32.0,41.0,49.0,62.0,45.0,41.0,43.0,41.0,44.0,32.0,120.0,36.0,27.0,28.0
74.0,#2,66.0,46.0,69.0,97.0,48.0,81.0,55.0,36.0,70.0,104.0,86.0,70.0,68.0,94.0,182.0,230.0,109.0,121.0,123.0,211.0,246.0,244.0,240.0,205.0,167.0,134.0,127.0,91.0,120.0,222.0,212.0,232.0,212.0,158.0,173.0,#2,153.0,176.0,183.0,#2,175.0,185.0,178.0,181.0,207.0,224.0,239.0,243.0,232.0,221.0,222.0,220.0,235.0,234.0,179.0,57.0,76.0,93.0,66.0,40.0,56.0,90.0,81.0,55.0,#2,41.0,103.0,97.0,18.0,#2,16.0,19.0,21.0,20.0,22.0,29.0,27.0,37.0,34.0,27.0,39.0,46.0,76.0,96.0,48.0,51.0,41.0,37.0,38.0,37.0,196.0,31.0,26.0
86.0,43.0,80.0,98.0,46.0,79.0,52.0,72.0,78.0,50.0,71.0,82.0,73.0,53.0,89.0,98.0,220.0,117.0,154.0,218.0,239.0,237.0,244.0,247.0,224.0,176.0,149.0,134.0,104.0,99.0,207.0,210.0,226.0,195.0,193.0,157.0,161.0,138.0,179.0,185.0,200.0,144.0,116.0,173.0,190.0,191.0,218.0,226.0,230.0,#2,240.0,206.0,244.0,209.0,228.0,242.0,87.0,53.0,46.0,54.0,51.0,34.0,55.0,69.0,116.0,181.0,195.0,201.0,136.0,90.0,#2,18.0,14.0,16.0,15.0,11.0,41.0,55.0,62.0,56.0,53.0,40.0,43.0,52.0,70.0,56.0,53.0,60.0,58.0,52.0,33.0,40.0,26.0,202.0,17.0
88.0,82.0,62.0,63.0,42.0,72.0,83.0,81.0,82.0,113.0,90.0,99.0,87.0,99.0,109.0,198.0,108.0,203.0,218.0,213.0,227.0,235.0,246.0,237.0,157.0,137.0,133.0,98.0,103.0,234.0,215.0,198.0,187.0,218.0,185.0,178.0,198.0,199.0,181.0,163.0,150.0,163.0,105.0,189.0,187.0,196.0,211.0,210.0,220.0,231.0,241.0,214.0,206.0,148.0,248.0,209.0,62.0,77.0,81.0,34.0,28.0,26.0,59.0,187.0,220.0,196.0,173.0,128.0,117.0,17.0,#2,15.0,16.0,15.0,16.0,#2,64.0,84.0,80.0,67.0,47.0,38.0,35.0,39.0,48.0,58.0,67.0,71.0,75.0,74.0,57.0,41.0,32.0,28.0,179.0
105.0,57.0,106.0,69.0,97.0,84.0,131.0,43.0,70.0,73.0,103.0,83.0,89.0,101.0,164.0,108.0,222.0,223.0,208.0,200.0,228.0,234.0,192.0,155.0,127.0,130.0,95.0,124.0,231.0,228.0,224.0,197.0,176.0,181.0,185.0,177.0,204.0,212.0,195.0,180.0,172.0,179.0,201.0,215.0,191.0,203.0,194.0,201.0,213.0,241.0,243.0,242.0,198.0,195.0,251.0,64.0,73.0,82.0,63.0,52.0,24.0,43.0,140.0,217.0,229.0,196.0,167.0,129.0,74.0,16.0,17.0,19.0,20.0,#2,79.0,63.0,60.0,80.0,55.0,45.0,39.0,11.0,28.0,38.0,25.0,21.0,57.0,80.0,93.0,88.0,69.0,74.0,48.0,29.0,27.0
114.0,64.0,94.0,120.0,68.0,106.0,96.0,89.0,75.0,97.0,77.0,81.0,85.0,114.0,98.0,236.0,#2,223.0,216.0,206.0,235.0,217.0,154.0,126.0,119.0,93.0,121.0,230.0,226.0,225.0,211.0,198.0,190.0,161.0,160.0,180.0,182.0,196.0,173.0,192.0,177.0,204.0,217.0,205.0,194.0,192.0,186.0,196.0,206.0,242.0,248.0,241.0,198.0,225.0,249.0,66.0,82.0,75.0,48.0,27.0,38.0,76.0,219.0,215.0,219.0,180.0,78.0,29.0,84.0,15.0,19.0,88.0,229.0,178.0,98.0,55.0,45.0,37.0,40.0,26.0,28.0,86.0,114.0,132.0,36.0,31.0,#2,22.0,52.0,85.0,82.0,72.0,44.0,34.0,25.0
54.0,65.0,92.0,107.0,103.0,89.0,59.0,70.0,93.0,91.0,93.0,80.0,97.0,64.0,216.0,231.0,229.0,228.0,212.0,214.0,194.0,172.0,119.0,120.0,92.0,87.0,234.0,222.0,220.0,219.0,221.0,211.0,183.0,173.0,170.0,180.0,161.0,178.0,185.0,195.0,193.0,212.0,203.0,207.0,208.0,189.0,176.0,198.0,201.0,230.0,246.0,243.0,220.0,225.0,250.0,149.0,144.0,71.0,62.0,57.0,46.0,154.0,216.0,206.0,33.0,30.0,35.0,31.0,36.0,43.0,70.0,91.0,241.0,217.0,141.0,49.0,34.0,29.0,30.0,19.0,12.0,96.0,92.0,94.0,91.0,25.0,31.0,30.0,34.0,21.0,62.0,85.0,60.0,24.0,26.0
86.0,80.0,115.0,156.0,96.0,106.0,109.0,115.0,111.0,89.0,76.0,70.0,65.0,137.0,243.0,234.0,223.0,225.0,201.0,215.0,138.0,117.0,118.0,91.0,67.0,188.0,223.0,207.0,212.0,204.0,#2,210.0,174.0,140.0,98.0,89.0,113.0,161.0,177.0,197.0,203.0,199.0,195.0,209.0,204.0,198.0,207.0,215.0,204.0,222.0,231.0,241.0,224.0,196.0,239.0,195.0,84.0,81.0,61.0,81.0,77.0,150.0,186.0,27.0,45.0,52.0,47.0,43.0,30.0,56.0,73.0,237.0,225.0,230.0,195.0,89.0,45.0,22.0,19.0,13.0,15.0,61.0,43.0,114.0,179.0,172.0,45.0,41.0,40.0,47.0,39.0,32.0,40.0,59.0,30.0
73.0,102.0,133.0,100.0,84.0,82.0,98.0,78.0,#2,62.0,77.0,82.0,96.0,245.0,239.0,225.0,250.0,235.0,193.0,164.0,122.0,118.0,89.0,59.0,80.0,206.0,248.0,159.0,165.0,161.0,197.0,182.0,165.0,109.0,102.0,79.0,96.0,170.0,191.0,188.0,198.0,#2,173.0,196.0,190.0,195.0,192.0,196.0,188.0,192.0,204.0,225.0,231.0,154.0,212.0,232.0,76.0,75.0,63.0,43.0,27.0,51.0,35.0,54.0,60.0,53.0,51.0,43.0,66.0,64.0,108.0,214.0,219.0,173.0,138.0,118.0,58.0,17.0,22.0,15.0,9.0,18.0,24.0,116.0,197.0,198.0,215.0,222.0,235.0,165.0,91.0,73.0,60.0,41.0,34.0
69.0,74.0,117.0,61.0,78.0,72.0,103.0,80.0,68.0,65.0,73.0,81.0,149.0,247.0,226.0,238.0,213.0,184.0,140.0,123.0,120.0,89.0,58.0,75.0,80.0,152.0,236.0,62.0,109.0,105.0,152.0,159.0,121.0,97.0,89.0,99.0,143.0,#3,174.0,195.0,177.0,175.0,182.0,171.0,182.0,#2,197.0,199.0,#2,208.0,209.0,189.0,215.0,211.0,236.0,216.0,54.0,91.0,33.0,176.0,188.0,162.0,197.0,48.0,46.0,164.0,35.0,110.0,75.0,119.0,186.0,164.0,197.0,140.0,162.0,136.0,150.0,72.0,21.0,14.0,23.0,104.0,158.0,135.0,170.0,215.0,235.0,243.0,240.0,228.0,220.0,202.0,91.0,28.0
91.0,130.0,108.0,110.0,82.0,69.0,60.0,73.0,81.0,64.0,81.0,126.0,240.0,243.0,210.0,209.0,184.0,128.0,124.0,121.0,111.0,46.0,63.0,45.0,53.0,137.0,116.0,166.0,85.0,104.0,123.0,126.0,116.0,117.0,85.0,104.0,154.0,155.0,170.0,183.0,173.0,175.0,174.0,159.0,172.0,191.0,218.0,204.0,180.0,171.0,178.0,159.0,170.0,182.0,174.0,233.0,220.0,222.0,198.0,190.0,192.0,122.0,179.0,202.0,191.0,201.0,111.0,190.0,228.0,216.0,233.0,201.0,185.0,202.0,171.0,130.0,145.0,92.0,90.0,103.0,#2,35.0,151.0,114.0,111.0,125.0,151.0,163.0,142.0,124.0,144.0,165.0,191.0,194.0,71.0
68.0,92.0,111.0,65.0,98.0,97.0,71.0,54.0,96.0,88.0,97.0,154.0,241.0,231.0,201.0,194.0,167.0,112.0,116.0,117.0,77.0,68.0,54.0,48.0,35.0,142.0,189.0,199.0,87.0,95.0,146.0,134.0,140.0,133.0,113.0,101.0,115.0,195.0,212.0,163.0,153.0,161.0,162.0,130.0,180.0,195.0,215.0,187.0,176.0,225.0,248.0,220.0,165.0,137.0,212.0,220.0,239.0,215.0,193.0,167.0,193.0,115.0,143.0,159.0,197.0,165.0,136.0,220.0,231.0,210.0,209.0,195.0,158.0,155.0,147.0,115.0,99.0,73.0,84.0,40.0,147.0,145.0,151.0,142.0,167.0,130.0,149.0,124.0,128.0,137.0,188.0,150.0,164.0,130.0,91.0
97.0,83.0,95.0,69.0,#2,80.0,97.0,79.0,109.0,108.0,111.0,231.0,226.0,212.0,178.0,166.0,120.0,113.0,116.0,100.0,106.0,128.0,59.0,57.0,51.0,92.0,201.0,191.0,211.0,195.0,103.0,87.0,63.0,87.0,77.0,58.0,147.0,194.0,203.0,132.0,137.0,129.0,115.0,114.0,143.0,152.0,159.0,163.0,165.0,148.0,232.0,242.0,235.0,237.0,233.0,246.0,228.0,241.0,173.0,228.0,182.0,103.0,91.0,127.0,118.0,136.0,208.0,222.0,226.0,223.0,180.0,151.0,57.0,37.0,97.0,89.0,81.0,50.0,9.0,13.0,107.0,164.0,131.0,165.0,171.0,145.0,151.0,130.0,123.0,192.0,166.0,137.0,169.0,177.0,167.0
96.0,#3,73.0,42.0,44.0,55.0,112.0,105.0,111.0,192.0,222.0,217.0,209.0,180.0,134.0,123.0,114.0,154.0,117.0,107.0,143.0,78.0,66.0,54.0,64.0,122.0,196.0,223.0,255.0,69.0,67.0,#2,88.0,90.0,98.0,73.0,182.0,144.0,95.0,108.0,107.0,108.0,93.0,83.0,90.0,111.0,126.0,111.0,109.0,128.0,133.0,163.0,210.0,222.0,228.0,202.0,219.0,194.0,179.0,157.0,38.0,63.0,135.0,101.0,125.0,246.0,187.0,86.0,62.0,42.0,48.0,67.0,39.0,22.0,#2,14.0,17.0,18.0,21.0,128.0,140.0,105.0,159.0,156.0,155.0,120.0,97.0,102.0,163.0,154.0,128.0,116.0,182.0,139.0
65.0,54.0,63.0,62.0,39.0,60.0,90.0,112.0,122.0,176.0,220.0,219.0,244.0,189.0,157.0,128.0,117.0,129.0,126.0,71.0,59.0,45.0,33.0,43.0,66.0,101.0,254.0,247.0,245.0,220.0,81.0,102.0,101.0,147.0,38.0,137.0,83.0,99.0,122.0,34.0,90.0,116.0,73.0,68.0,25.0,17.0,18.0,21.0,112.0,135.0,106.0,137.0,70.0,130.0,228.0,215.0,199.0,195.0,170.0,184.0,66.0,62.0,66.0,59.0,128.0,190.0,137.0,206.0,110.0,158.0,211.0,191.0,161.0,105.0,58.0,39.0,18.0,17.0,16.0,46.0,71.0,109.0,146.0,129.0,136.0,129.0,151.0,144.0,129.0,#2,113.0,135.0,100.0,115.0,191.0
50.0,87.0,82.0,66.0,114.0,98.0,136.0,120.0,89.0,241.0,237.0,207.0,227.0,162.0,136.0,128.0,114.0,92.0,75.0,65.0,37.0,31.0,30.0,32.0,109.0,249.0,247.0,220.0,219.0,208.0,182.0,113.0,105.0,117.0,180.0,100.0,142.0,138.0,128.0,79.0,138.0,120.0,100.0,82.0,89.0,106.0,129.0,115.0,94.0,175.0,106.0,147.0,112.0,174.0,227.0,192.0,200.0,191.0,127.0,50.0,32.0,#2,82.0,87.0,98.0,79.0,203.0,192.0,250.0,242.0,216.0,196.0,192.0,195.0,174.0,77.0,28.0,23.0,22.0,47.0,137.0,128.0,117.0,179.0,122.0,111.0,106.0,119.0,127.0,150.0,157.0,148.0,122.0,136.0,128.0
68.0,92.0,65.0,57.0,64.0,76.0,111.0,171.0,238.0,228.0,214.0,191.0,168.0,124.0,128.0,95.0,53.0,#2,82.0,50.0,38.0,35.0,38.0,80.0,255.0,242.0,237.0,242.0,212.0,170.0,114.0,111.0,74.0,150.0,122.0,128.0,109.0,146.0,159.0,111.0,172.0,146.0,136.0,152.0,70.0,122.0,121.0,120.0,154.0,201.0,159.0,141.0,131.0,206.0,205.0,193.0,210.0,175.0,31.0,41.0,24.0,146.0,88.0,71.0,82.0,67.0,212.0,#3,248.0,231.0,236.0,211.0,212.0,171.0,87.0,25.0,32.0,50.0,135.0,147.0,165.0,149.0,208.0,189.0,141.0,97.0,130.0,134.0,144.0,161.0,170.0,144.0,159.0,167.0
68.0,113.0,133.0,82.0,65.0,75.0,111.0,197.0,205.0,217.0,196.0,134.0,148.0,111.0,113.0,109.0,118.0,103.0,74.0,33.0,35.0,30.0,92.0,249.0,238.0,245.0,241.0,221.0,153.0,98.0,115.0,116.0,104.0,122.0,145.0,116.0,139.0,129.0,148.0,122.0,140.0,144.0,77.0,94.0,108.0,159.0,119.0,149.0,150.0,152.0,124.0,112.0,130.0,221.0,193.0,197.0,187.0,151.0,62.0,25.0,56.0,75.0,127.0,94.0,26.0,31.0,239.0,#2,248.0,243.0,223.0,207.0,221.0,236.0,210.0,54.0,31.0,38.0,177.0,92.0,136.0,151.0,163.0,68.0,101.0,162.0,201.0,149.0,92.0,125.0,133.0,172.0,151.0,158.0,175.0
78.0,62.0,131.0,129.0,98.0,94.0,200.0,211.0,227.0,220.0,158.0,121.0,108.0,111.0,136.0,79.0,158.0,57.0,37.0,26.0,41.0,84.0,244.0,227.0,225.0,226.0,185.0,151.0,104.0,120.0,116.0,125.0,150.0,132.0,148.0,114.0,#2,109.0,127.0,104.0,74.0,114.0,84.0,96.0,120.0,162.0,151.0,107.0,143.0,110.0,97.0,112.0,175.0,232.0,219.0,142.0,165.0,148.0,161.0,78.0,84.0,125.0,87.0,52.0,32.0,36.0,242.0,#2,244.0,248.0,234.0,233.0,211.0,183.0,197.0,99.0,33.0,31.0,112.0,90.0,126.0,157.0,99.0,122.0,163.0,133.0,137.0,167.0,148.0,151.0,132.0,142.0,144.0,138.0,203.0
100.0,73.0,53.0,143.0,145.0,113.0,246.0,222.0,212.0,189.0,170.0,115.0,103.0,96.0,102.0,92.0,86.0,54.0,67.0,113.0,147.0,198.0,212.0,214.0,202.0,178.0,111.0,128.0,121.0,113.0,175.0,131.0,114.0,98.0,79.0,56.0,38.0,44.0,65.0,39.0,80.0,125.0,135.0,159.0,149.0,148.0,106.0,144.0,106.0,134.0,142.0,135.0,250.0,245.0,227.0,215.0,210.0,190.0,123.0,80.0,110.0,113.0,98.0,#2,29.0,43.0,139.0,247.0,#2,248.0,241.0,247.0,220.0,187.0,177.0,121.0,30.0,53.0,117.0,120.0,139.0,147.0,91.0,152.0,145.0,174.0,160.0,162.0,137.0,101.0,129.0,123.0,172.0,139.0,151.0
56.0,73.0,124.0,84.0,143.0,155.0,248.0,222.0,196.0,153.0,110.0,105.0,57.0,36.0,31.0,65.0,49.0,212.0,185.0,243.0,195.0,169.0,168.0,163.0,152.0,98.0,110.0,115.0,122.0,139.0,89.0,105.0,112.0,57.0,59.0,40.0,32.0,47.0,79.0,107.0,186.0,148.0,165.0,146.0,131.0,113.0,130.0,115.0,111.0,112.0,110.0,152.0,248.0,246.0,228.0,200.0,188.0,153.0,100.0,75.0,102.0,103.0,59.0,24.0,33.0,97.0,122.0,242.0,#4,248.0,221.0,237.0,146.0,143.0,24.0,64.0,67.0,130.0,175.0,126.0,139.0,145.0,122.0,189.0,172.0,151.0,125.0,133.0,146.0,181.0,115.0,111.0,147.0
88.0,113.0,97.0,107.0,134.0,249.0,242.0,221.0,180.0,97.0,98.0,48.0,23.0,#2,42.0,29.0,252.0,223.0,247.0,219.0,195.0,155.0,142.0,121.0,90.0,67.0,52.0,67.0,60.0,52.0,60.0,45.0,85.0,81.0,70.0,104.0,105.0,64.0,148.0,144.0,146.0,147.0,163.0,128.0,73.0,144.0,141.0,179.0,159.0,134.0,157.0,248.0,227.0,247.0,218.0,195.0,172.0,129.0,75.0,82.0,151.0,129.0,42.0,21.0,35.0,61.0,53.0,165.0,240.0,#2,248.0,247.0,250.0,222.0,207.0,127.0,77.0,30.0,102.0,119.0,127.0,111.0,141.0,133.0,145.0,162.0,117.0,135.0,153.0,133.0,154.0,162.0,117.0,153.0,158.0
86.0,140.0,122.0,121.0,180.0,248.0,230.0,202.0,97.0,87.0,65.0,26.0,33.0,27.0,30.0,154.0,207.0,216.0,235.0,216.0,151.0,125.0,110.0,89.0,49.0,23.0,77.0,50.0,59.0,50.0,41.0,87.0,68.0,117.0,96.0,116.0,146.0,135.0,144.0,164.0,151.0,116.0,#2,131.0,148.0,103.0,176.0,168.0,115.0,169.0,150.0,238.0,235.0,244.0,184.0,155.0,132.0,81.0,62.0,137.0,136.0,102.0,63.0,29.0,35.0,40.0,134.0,185.0,244.0,249.0,248.0,242.0,247.0,221.0,168.0,127.0,88.0,25.0,28.0,60.0,142.0,98.0,106.0,162.0,172.0,141.0,150.0,130.0,118.0,109.0,96.0,114.0,161.0,209.0,128.0
95.0,89.0,107.0,103.0,226.0,222.0,215.0,173.0,92.0,71.0,30.0,25.0,23.0,44.0,36.0,223.0,228.0,189.0,187.0,196.0,138.0,88.0,80.0,44.0,28.0,82.0,122.0,89.0,110.0,67.0,85.0,121.0,142.0,173.0,168.0,130.0,142.0,130.0,164.0,152.0,150.0,109.0,130.0,118.0,85.0,110.0,151.0,139.0,130.0,136.0,212.0,243.0,246.0,204.0,165.0,89.0,73.0,75.0,81.0,151.0,124.0,105.0,40.0,34.0,29.0,27.0,129.0,113.0,163.0,229.0,247.0,249.0,232.0,200.0,190.0,93.0,89.0,27.0,45.0,20.0,111.0,127.0,140.0,164.0,148.0,182.0,112.0,117.0,141.0,114.0,121.0,120.0,140.0,112.0,155.0
79.0,98.0,89.0,128.0,224.0,211.0,177.0,108.0,82.0,17.0,35.0,13.0,85.0,64.0,101.0,205.0,76.0,97.0,94.0,92.0,77.0,63.0,40.0,28.0,86.0,118.0,116.0,115.0,104.0,111.0,100.0,143.0,150.0,137.0,124.0,126.0,164.0,130.0,163.0,106.0,145.0,179.0,124.0,111.0,101.0,91.0,129.0,117.0,116.0,209.0,211.0,246.0,218.0,159.0,126.0,44.0,56.0,75.0,133.0,117.0,111.0,53.0,108.0,20.0,43.0,132.0,124.0,137.0,105.0,230.0,246.0,230.0,199.0,235.0,201.0,120.0,109.0,29.0,18.0,19.0,100.0,91.0,96.0,139.0,164.0,119.0,138.0,173.0,169.0,101.0,122.0,142.0,104.0,147.0,138.0
131.0,76.0,133.0,204.0,216.0,186.0,131.0,83.0,68.0,90.0,93.0,103.0,82.0,83.0,177.0,#2,84.0,89.0,84.0,77.0,65.0,34.0,48.0,62.0,64.0,79.0,161.0,67.0,139.0,130.0,105.0,107.0,113.0,177.0,116.0,132.0,150.0,174.0,178.0,142.0,117.0,104.0,101.0,144.0,80.0,154.0,125.0,90.0,206.0,198.0,245.0,226.0,196.0,122.0,38.0,46.0,70.0,143.0,96.0,129.0,117.0,#2,25.0,46.0,122.0,104.0,110.0,96.0,139.0,219.0,238.0,242.0,229.0,240.0,204.0,148.0,111.0,30.0,21.0,36.0,26.0,90.0,89.0,145.0,173.0,167.0,153.0,84.0,61.0,127.0,151.0,145.0,158.0,125.0,59.0
54.0,81.0,83.0,250.0,184.0,67.0,70.0,52.0,29.0,42.0,103.0,59.0,75.0,116.0,83.0,81.0,66.0,83.0,79.0,61.0,68.0,63.0,83.0,137.0,98.0,108.0,114.0,120.0,149.0,129.0,159.0,90.0,113.0,100.0,89.0,113.0,134.0,174.0,126.0,87.0,131.0,142.0,116.0,104.0,65.0,118.0,151.0,182.0,195.0,232.0,181.0,192.0,101.0,49.0,37.0,88.0,106.0,42.0,58.0,30.0,102.0,81.0,8.0,30.0,134.0,131.0,121.0,132.0,112.0,151.0,244.0,243.0,185.0,213.0,193.0,190.0,103.0,20.0,28.0,15.0,31.0,50.0,138.0,101.0,122.0,135.0,95.0,86.0,48.0,111.0,69.0,98.0,118.0,104.0,136.0
64.0,108.0,239.0,192.0,86.0,46.0,37.0,46.0,39.0,53.0,32.0,55.0,64.0,53.0,110.0,196.0,165.0,131.0,91.0,66.0,59.0,34.0,110.0,140.0,170.0,129.0,117.0,87.0,110.0,163.0,125.0,103.0,126.0,103.0,117.0,141.0,149.0,155.0,134.0,114.0,125.0,124.0,98.0,92.0,71.0,176.0,173.0,187.0,228.0,196.0,113.0,71.0,116.0,129.0,150.0,29.0,27.0,18.0,24.0,25.0,49.0,169.0,85.0,84.0,103.0,59.0,70.0,119.0,141.0,166.0,165.0,245.0,239.0,221.0,196.0,160.0,69.0,#2,29.0,69.0,22.0,118.0,57.0,144.0,112.0,106.0,135.0,116.0,67.0,83.0,173.0,174.0,116.0,101.0,104.0
107.0,76.0,189.0,75.0,53.0,36.0,21.0,27.0,23.0,34.0,45.0,59.0,28.0,136.0,170.0,188.0,109.0,75.0,37.0,73.0,62.0,95.0,105.0,153.0,136.0,155.0,121.0,113.0,65.0,140.0,133.0,110.0,127.0,96.0,70.0,100.0,130.0,152.0,157.0,104.0,108.0,115.0,129.0,121.0,179.0,196.0,184.0,208.0,159.0,65.0,119.0,111.0,166.0,49.0,37.0,24.0,21.0,45.0,51.0,41.0,49.0,162.0,134.0,109.0,128.0,123.0,114.0,109.0,90.0,120.0,158.0,202.0,250.0,199.0,218.0,136.0,67.0,22.0,58.0,30.0,113.0,83.0,177.0,174.0,149.0,158.0,104.0,124.0,75.0,93.0,114.0,205.0,95.0,102.0,119.0
106.0,104.0,56.0,44.0,38.0,13.0,35.0,96.0,87.0,70.0,71.0,94.0,87.0,159.0,138.0,176.0,100.0,44.0,41.0,81.0,99.0,182.0,132.0,137.0,129.0,170.0,149.0,137.0,105.0,133.0,177.0,185.0,111.0,120.0,128.0,#2,87.0,102.0,122.0,160.0,121.0,146.0,206.0,222.0,206.0,204.0,218.0,192.0,66.0,123.0,89.0,49.0,32.0,27.0,32.0,76.0,107.0,80.0,114.0,95.0,210.0,139.0,124.0,103.0,145.0,179.0,118.0,158.0,98.0,157.0,125.0,123.0,230.0,203.0,183.0,97.0,87.0,65.0,87.0,102.0,150.0,130.0,137.0,166.0,97.0,108.0,152.0,110.0,72.0,129.0,136.0,67.0,78.0,145.0,152.0
102.0,159.0,91.0,49.0,11.0,14.0,21.0,22.0,38.0,48.0,88.0,60.0,97.0,176.0,133.0,107.0,78.0,41.0,90.0,126.0,136.0,143.0,144.0,116.0,98.0,112.0,114.0,121.0,126.0,108.0,132.0,114.0,115.0,105.0,133.0,104.0,109.0,64.0,181.0,192.0,203.0,214.0,208.0,190.0,177.0,200.0,169.0,86.0,50.0,44.0,18.0,31.0,61.0,73.0,27.0,153.0,132.0,150.0,125.0,97.0,121.0,111.0,134.0,182.0,162.0,100.0,115.0,147.0,108.0,129.0,125.0,106.0,212.0,187.0,191.0,99.0,29.0,65.0,98.0,117.0,109.0,79.0,100.0,150.0,81.0,91.0,94.0,90.0,94.0,126.0,168.0,117.0,158.0,131.0,134.0
61.0,31.0,133.0,#2,24.0,17.0,33.0,53.0,36.0,#2,51.0,76.0,244.0,137.0,102.0,74.0,57.0,92.0,131.0,81.0,99.0,138.0,154.0,124.0,152.0,81.0,96.0,102.0,84.0,128.0,154.0,151.0,#2,187.0,127.0,45.0,69.0,90.0,173.0,202.0,229.0,245.0,222.0,203.0,187.0,169.0,78.0,37.0,27.0,100.0,33.0,26.0,37.0,126.0,82.0,95.0,83.0,148.0,139.0,99.0,129.0,156.0,142.0,116.0,141.0,160.0,87.0,54.0,84.0,126.0,99.0,101.0,207.0,211.0,167.0,122.0,36.0,27.0,45.0,76.0,93.0,116.0,144.0,106.0,#2,130.0,106.0,130.0,65.0,127.0,139.0,134.0,102.0,173.0,167.0
30.0,91.0,71.0,100.0,51.0,42.0,18.0,67.0,82.0,99.0,100.0,143.0,154.0,127.0,163.0,50.0,18.0,100.0,88.0,98.0,149.0,141.0,128.0,125.0,103.0,95.0,66.0,89.0,107.0,136.0,153.0,75.0,102.0,177.0,143.0,137.0,117.0,158.0,178.0,248.0,243.0,246.0,226.0,187.0,128.0,77.0,76.0,39.0,97.0,112.0,111.0,94.0,142.0,144.0,145.0,63.0,96.0,108.0,92.0,#2,101.0,109.0,125.0,121.0,146.0,119.0,133.0,76.0,69.0,58.0,99.0,102.0,169.0,216.0,177.0,147.0,68.0,27.0,34.0,50.0,86.0,87.0,152.0,176.0,143.0,103.0,131.0,146.0,145.0,133.0,85.0,101.0,113.0,127.0,96.0
175.0,121.0,63.0,#2,45.0,15.0,45.0,104.0,85.0,62.0,80.0,155.0,#3,120.0,98.0,58.0,109.0,100.0,124.0,139.0,112.0,123.0,130.0,102.0,118.0,88.0,72.0,114.0,138.0,141.0,86.0,67.0,183.0,163.0,155.0,152.0,174.0,202.0,235.0,246.0,174.0,134.0,126.0,#2,56.0,55.0,110.0,156.0,117.0,110.0,121.0,118.0,110.0,99.0,162.0,133.0,147.0,135.0,76.0,#2,79.0,121.0,124.0,156.0,129.0,103.0,99.0,159.0,123.0,143.0,133.0,138.0,194.0,220.0,200.0,92.0,34.0,33.0,82.0,105.0,128.0,124.0,167.0,191.0,139.0,152.0,122.0,127.0,119.0,113.0,84.0,122.0,154.0,173.0
72.0,46.0,33.0,9.0,12.0,41.0,37.0,83.0,116.0,101.0,143.0,145.0,95.0,100.0,74.0,51.0,37.0,98.0,93.0,62.0,133.0,135.0,88.0,105.0,92.0,79.0,75.0,109.0,94.0,84.0,115.0,81.0,153.0,185.0,202.0,180.0,198.0,171.0,186.0,181.0,175.0,134.0,110.0,68.0,81.0,83.0,96.0,126.0,124.0,94.0,114.0,74.0,119.0,155.0,#2,130.0,127.0,142.0,147.0,#2,121.0,91.0,58.0,135.0,137.0,117.0,139.0,122.0,93.0,102.0,68.0,114.0,111.0,201.0,205.0,187.0,175.0,37.0,70.0,125.0,143.0,140.0,135.0,152.0,155.0,179.0,157.0,122.0,156.0,129.0,99.0,106.0,148.0,133.0,136.0
64.0,33.0,20.0,7.0,15.0,75.0,74.0,71.0,105.0,108.0,153.0,129.0,100.0,122.0,51.0,18.0,74.0,87.0,121.0,112.0,#2,109.0,134.0,107.0,111.0,108.0,109.0,143.0,109.0,124.0,95.0,162.0,189.0,217.0,191.0,181.0,159.0,140.0,111.0,77.0,67.0,91.0,95.0,73.0,100.0,133.0,96.0,97.0,179.0,94.0,123.0,69.0,116.0,136.0,120.0,127.0,137.0,93.0,76.0,123.0,111.0,159.0,127.0,114.0,110.0,187.0,81.0,107.0,79.0,90.0,129.0,164.0,195.0,199.0,166.0,195.0,188.0,121.0,16.0,160.0,102.0,90.0,103.0,112.0,172.0,152.0,160.0,78.0,61.0,90.0,75.0,160.0,105.0,123.0,134.0
79.0,33.0,66.0,67.0,47.0,77.0,63.0,81.0,153.0,141.0,139.0,106.0,51.0,55.0,36.0,20.0,24.0,118.0,93.0,100.0,109.0,125.0,157.0,140.0,106.0,121.0,90.0,104.0,108.0,90.0,79.0,254.0,204.0,179.0,138.0,149.0,153.0,70.0,50.0,73.0,71.0,128.0,115.0,140.0,150.0,109.0,106.0,95.0,121.0,148.0,98.0,76.0,129.0,104.0,128.0,100.0,75.0,111.0,125.0,169.0,118.0,130.0,118.0,119.0,180.0,142.0,138.0,77.0,107.0,149.0,174.0,157.0,159.0,134.0,168.0,156.0,201.0,185.0,38.0,24.0,113.0,82.0,117.0,133.0,88.0,98.0,86.0,108.0,87.0,#2,132.0,170.0,141.0,128.0,101.0
38.0,53.0,19.0,150.0,124.0,79.0,94.0,167.0,158.0,128.0,134.0,76.0,37.0,49.0,18.0,30.0,#2,87.0,72.0,68.0,66.0,150.0,145.0,133.0,99.0,79.0,36.0,91.0,79.0,71.0,139.0,215.0,171.0,131.0,95.0,158.0,54.0,91.0,56.0,83.0,137.0,133.0,118.0,137.0,102.0,117.0,97.0,134.0,153.0,101.0,144.0,126.0,124.0,127.0,63.0,105.0,128.0,179.0,157.0,145.0,93.0,139.0,93.0,130.0,103.0,97.0,65.0,99.0,116.0,152.0,138.0,114.0,146.0,129.0,175.0,172.0,161.0,143.0,63.0,19.0,29.0,55.0,105.0,121.0,115.0,131.0,112.0,116.0,91.0,129.0,128.0,117.0,97.0,101.0,149.0
32.0,44.0,65.0,134.0,105.0,111.0,135.0,121.0,125.0,102.0,72.0,38.0,#2,28.0,21.0,57.0,124.0,143.0,80.0,88.0,146.0,94.0,168.0,115.0,101.0,114.0,133.0,157.0,87.0,115.0,94.0,200.0,149.0,78.0,103.0,39.0,64.0,99.0,122.0,115.0,160.0,109.0,68.0,74.0,85.0,71.0,142.0,139.0,98.0,158.0,122.0,92.0,116.0,121.0,102.0,120.0,140.0,146.0,98.0,155.0,119.0,94.0,65.0,66.0,114.0,40.0,76.0,137.0,71.0,135.0,120.0,101.0,128.0,137.0,68.0,155.0,143.0,141.0,70.0,21.0,19.0,54.0,80.0,130.0,#2,162.0,118.0,73.0,158.0,133.0,86.0,117.0,115.0,136.0,84.0
30.0,14.0,81.0,172.0,103.0,77.0,151.0,187.0,152.0,85.0,33.0,40.0,27.0,18.0,29.0,98.0,#2,106.0,#2,155.0,156.0,127.0,93.0,122.0,138.0,93.0,147.0,162.0,181.0,177.0,156.0,166.0,127.0,50.0,54.0,80.0,107.0,83.0,84.0,134.0,102.0,90.0,132.0,131.0,113.0,126.0,131.0,153.0,121.0,167.0,83.0,87.0,92.0,122.0,109.0,116.0,108.0,40.0,107.0,142.0,114.0,120.0,94.0,45.0,148.0,63.0,74.0,111.0,137.0,126.0,120.0,98.0,90.0,233.0,215.0,180.0,144.0,153.0,53.0,14.0,28.0,26.0,119.0,109.0,132.0,126.0,118.0,110.0,#2,133.0,83.0,94.0,164.0,163.0,152.0
29.0,70.0,151.0,215.0,147.0,108.0,163.0,147.0,94.0,80.0,45.0,28.0,29.0,21.0,51.0,165.0,135.0,118.0,91.0,75.0,92.0,54.0,138.0,157.0,110.0,132.0,146.0,181.0,73.0,101.0,155.0,149.0,163.0,66.0,116.0,79.0,148.0,169.0,138.0,115.0,113.0,102.0,87.0,153.0,124.0,167.0,152.0,146.0,96.0,161.0,71.0,119.0,110.0,58.0,67.0,117.0,84.0,97.0,116.0,72.0,98.0,122.0,106.0,93.0,113.0,110.0,103.0,92.0,135.0,111.0,107.0,112.0,60.0,145.0,212.0,180.0,160.0,149.0,65.0,19.0,15.0,62.0,82.0,135.0,130.0,135.0,88.0,123.0,124.0,121.0,133.0,75.0,111.0,94.0,114.0
29.0,93.0,148.0,172.0,94.0,168.0,159.0,136.0,66.0,30.0,45.0,32.0,37.0,21.0,97.0,116.0,131.0,151.0,123.0,149.0,145.0,123.0,130.0,141.0,158.0,137.0,111.0,203.0,82.0,170.0,112.0,174.0,171.0,145.0,116.0,118.0,115.0,169.0,157.0,121.0,126.0,105.0,107.0,172.0,121.0,86.0,90.0,96.0,147.0,118.0,72.0,77.0,68.0,123.0,52.0,127.0,129.0,50.0,89.0,130.0,167.0,127.0,74.0,122.0,119.0,103.0,84.0,101.0,58.0,63.0,92.0,143.0,139.0,163.0,223.0,152.0,149.0,133.0,67.0,20.0,15.0,114.0,110.0,140.0,#2,115.0,145.0,116.0,118.0,133.0,172.0,103.0,106.0,115.0,124.0
73.0,70.0,59.0,168.0,87.0,99.0,207.0,156.0,42.0,79.0,66.0,40.0,17.0,51.0,105.0,112.0,133.0,149.0,116.0,110.0,119.0,88.0,95.0,113.0,135.0,100.0,127.0,106.0,159.0,122.0,105.0,146.0,149.0,105.0,138.0,98.0,125.0,158.0,140.0,160.0,121.0,105.0,160.0,124.0,115.0,159.0,140.0,119.0,220.0,86.0,85.0,54.0,61.0,181.0,101.0,64.0,119.0,61.0,95.0,119.0,140.0,130.0,122.0,133.0,104.0,81.0,129.0,112.0,96.0,118.0,158.0,136.0,109.0,114.0,177.0,175.0,142.0,147.0,74.0,#2,18.0,37.0,96.0,121.0,99.0,75.0,94.0,98.0,97.0,98.0,82.0,74.0,124.0,121.0,137.0
142.0,67.0,111.0,119.0,102.0,91.0,113.0,130.0,99.0,35.0,61.0,32.0,34.0,79.0,119.0,130.0,112.0,124.0,93.0,141.0,183.0,90.0,102.0,158.0,109.0,130.0,81.0,#2,131.0,96.0,119.0,133.0,136.0,106.0,125.0,126.0,144.0,113.0,103.0,136.0,93.0,144.0,149.0,110.0,113.0,105.0,147.0,64.0,86.0,110.0,50.0,86.0,102.0,126.0,108.0,39.0,69.0,138.0,128.0,105.0,119.0,117.0,102.0,125.0,73.0,133.0,70.0,74.0,100.0,79.0,108.0,116.0,106.0,90.0,171.0,152.0,121.0,111.0,66.0,#2,18.0,17.0,34.0,98.0,56.0,111.0,126.0,72.0,134.0,124.0,108.0,#2,96.0,133.0,132.0
112.0,116.0,100.0,111.0,93.0,113.0,88.0,154.0,66.0,7.0,52.0,97.0,116.0,89.0,91.0,99.0,125.0,104.0,103.0,75.0,55.0,87.0,103.0,108.0,140.0,136.0,98.0,94.0,135.0,137.0,75.0,117.0,146.0,112.0,121.0,144.0,143.0,147.0,140.0,#2,94.0,151.0,104.0,159.0,160.0,95.0,162.0,168.0,98.0,142.0,65.0,52.0,21.0,121.0,85.0,81.0,65.0,95.0,120.0,147.0,115.0,87.0,68.0,79.0,52.0,38.0,100.0,73.0,78.0,89.0,106.0,71.0,118.0,244.0,198.0,139.0,150.0,156.0,124.0,15.0,18.0,26.0,80.0,110.0,132.0,127.0,126.0,136.0,113.0,151.0,154.0,68.0,102.0,109.0,116.0
108.0,200.0,120.0,91.0,122.0,95.0,137.0,74.0,84.0,78.0,111.0,120.0,175.0,126.0,135.0,140.0,129.0,120.0,121.0,71.0,83.0,104.0,145.0,92.0,108.0,112.0,156.0,142.0,130.0,94.0,106.0,101.0,71.0,86.0,105.0,80.0,158.0,101.0,126.0,143.0,131.0,118.0,150.0,147.0,129.0,139.0,124.0,129.0,119.0,89.0,68.0,#2,71.0,145.0,84.0,91.0,89.0,72.0,122.0,110.0,74.0,70.0,117.0,93.0,76.0,106.0,130.0,40.0,69.0,114.0,164.0,83.0,98.0,140.0,179.0,145.0,141.0,159.0,149.0,47.0,23.0,61.0,20.0,64.0,131.0,156.0,132.0,142.0,151.0,107.0,133.0,#2,115.0,134.0,119.0
112.0,99.0,66.0,101.0,91.0,106.0,59.0,70.0,110.0,74.0,80.0,108.0,133.0,128.0,119.0,125.0,147.0,71.0,96.0,66.0,83.0,81.0,105.0,111.0,103.0,93.0,139.0,101.0,168.0,75.0,102.0,73.0,96.0,98.0,89.0,65.0,152.0,151.0,87.0,132.0,133.0,118.0,144.0,156.0,166.0,136.0,135.0,90.0,118.0,94.0,63.0,35.0,39.0,80.0,88.0,90.0,93.0,107.0,89.0,90.0,83.0,85.0,136.0,132.0,76.0,110.0,179.0,187.0,119.0,146.0,147.0,47.0,120.0,135.0,123.0,143.0,135.0,130.0,134.0,77.0,22.0,26.0,#2,22.0,142.0,124.0,126.0,96.0,126.0,98.0,140.0,116.0,102.0,126.0,138.0
68.0,78.0,84.0,73.0,80.0,66.0,83.0,105.0,161.0,72.0,93.0,113.0,59.0,96.0,88.0,119.0,127.0,114.0,73.0,160.0,91.0,106.0,114.0,104.0,90.0,106.0,73.0,67.0,72.0,47.0,113.0,156.0,142.0,88.0,105.0,92.0,141.0,83.0,119.0,120.0,127.0,109.0,103.0,121.0,109.0,130.0,136.0,117.0,72.0,31.0,107.0,#2,89.0,91.0,107.0,98.0,118.0,83.0,86.0,95.0,104.0,121.0,125.0,109.0,75.0,84.0,150.0,118.0,160.0,148.0,112.0,68.0,125.0,128.0,170.0,187.0,156.0,143.0,116.0,98.0,19.0,34.0,44.0,33.0,91.0,156.0,105.0,113.0,123.0,84.0,95.0,129.0,106.0,96.0,113.0
73.0,#2,69.0,73.0,74.0,61.0,136.0,102.0,172.0,111.0,110.0,81.0,96.0,59.0,111.0,124.0,116.0,98.0,51.0,90.0,209.0,124.0,91.0,67.0,#2,56.0,52.0,#2,37.0,67.0,57.0,78.0,60.0,80.0,149.0,97.0,99.0,64.0,66.0,136.0,126.0,76.0,126.0,125.0,147.0,111.0,116.0,103.0,117.0,75.0,57.0,39.0,51.0,44.0,59.0,89.0,134.0,136.0,81.0,73.0,115.0,136.0,59.0,86.0,76.0,84.0,47.0,#2,103.0,170.0,98.0,129.0,145.0,124.0,158.0,191.0,159.0,180.0,142.0,104.0,24.0,25.0,30.0,37.0,61.0,106.0,96.0,99.0,109.0,150.0,129.0,102.0,85.0,90.0,155.0
110.0,85.0,75.0,55.0,132.0,86.0,87.0,126.0,68.0,50.0,32.0,96.0,92.0,103.0,92.0,65.0,145.0,112.0,103.0,85.0,133.0,149.0,65.0,57.0,27.0,44.0,24.0,16.0,26.0,35.0,45.0,49.0,74.0,47.0,129.0,161.0,109.0,59.0,92.0,44.0,138.0,103.0,175.0,135.0,126.0,117.0,90.0,61.0,39.0,27.0,49.0,68.0,64.0,55.0,44.0,83.0,37.0,136.0,84.0,126.0,136.0,153.0,109.0,74.0,62.0,87.0,94.0,142.0,167.0,#2,125.0,139.0,127.0,160.0,150.0,160.0,149.0,132.0,150.0,37.0,27.0,25.0,35.0,45.0,50.0,81.0,153.0,129.0,182.0,124.0,96.0,119.0,60.0,114.0,155.0
60.0,83.0,114.0,80.0,86.0,142.0,138.0,165.0,82.0,83.0,88.0,86.0,57.0,87.0,100.0,116.0,#2,66.0,60.0,68.0,64.0,36.0,44.0,33.0,16.0,33.0,26.0,28.0,24.0,26.0,115.0,63.0,88.0,76.0,138.0,117.0,100.0,91.0,74.0,107.0,126.0,179.0,140.0,83.0,97.0,81.0,83.0,49.0,43.0,53.0,44.0,67.0,92.0,98.0,71.0,110.0,92.0,36.0,97.0,92.0,42.0,111.0,115.0,91.0,126.0,173.0,185.0,151.0,133.0,148.0,127.0,98.0,94.0,126.0,132.0,155.0,150.0,122.0,119.0,163.0,116.0,82.0,60.0,61.0,103.0,95.0,124.0,158.0,181.0,156.0,107.0,136.0,153.0,155.0,104.0
33.0,48.0,34.0,55.0,47.0,80.0,149.0,65.0,49.0,50.0,34.0,75.0,129.0,94.0,86.0,88.0,59.0,49.0,65.0,45.0,34.0,35.0,105.0,26.0,75.0,94.0,42.0,34.0,29.0,91.0,155.0,159.0,130.0,124.0,119.0,133.0,155.0,24.0,89.0,135.0,86.0,88.0,111.0,86.0,45.0,132.0,59.0,101.0,96.0,25.0,48.0,150.0,92.0,89.0,148.0,105.0,127.0,139.0,127.0,90.0,96.0,112.0,70.0,151.0,113.0,120.0,130.0,85.0,84.0,#2,160.0,158.0,111.0,145.0,102.0,160.0,110.0,147.0,124.0,108.0,91.0,53.0,101.0,127.0,135.0,119.0,118.0,190.0,96.0,156.0,126.0,107.0,127.0,137.0,155.0
22.0,21.0,28.0,62.0,46.0,76.0,6.0,112.0,64.0,49.0,74.0,51.0,41.0,86.0,42.0,69.0,#2,37.0,39.0,78.0,67.0,29.0,87.0,138.0,102.0,90.0,65.0,16.0,79.0,117.0,132.0,93.0,105.0,102.0,142.0,110.0,121.0,84.0,114.0,82.0,111.0,131.0,56.0,109.0,115.0,133.0,107.0,95.0,98.0,50.0,86.0,116.0,126.0,147.0,27.0,128.0,96.0,134.0,142.0,119.0,101.0,94.0,144.0,136.0,152.0,124.0,126.0,128.0,139.0,149.0,125.0,122.0,143.0,144.0,150.0,181.0,162.0,115.0,162.0,96.0,193.0,62.0,107.0,114.0,102.0,115.0,118.0,171.0,200.0,73.0,194.0,135.0,127.0,150.0,173.0
23.0,30.0,18.0,35.0,50.0,48.0,53.0,88.0,62.0,97.0,63.0,58.0,61.0,96.0,33.0,52.0,80.0,92.0,139.0,85.0,65.0,62.0,101.0,112.0,86.0,77.0,134.0,63.0,38.0,72.0,94.0,140.0,151.0,130.0,90.0,148.0,51.0,141.0,116.0,122.0,151.0,88.0,110.0,47.0,#2,97.0,74.0,96.0,64.0,99.0,137.0,131.0,90.0,77.0,141.0,151.0,136.0,120.0,118.0,131.0,89.0,128.0,155.0,114.0,168.0,152.0,135.0,121.0,128.0,148.0,92.0,104.0,53.0,150.0,134.0,140.0,98.0,142.0,123.0,131.0,86.0,69.0,49.0,140.0,104.0,140.0,136.0,147.0,149.0,86.0,136.0,126.0,160.0,170.0,121.0
36.0,57.0,36.0,51.0,54.0,21.0,41.0,38.0,42.0,50.0,46.0,97.0,112.0,76.0,98.0,115.0,86.0,105.0,89.0,105.0,#2,95.0,115.0,48.0,104.0,79.0,34.0,104.0,91.0,88.0,106.0,101.0,98.0,139.0,194.0,112.0,115.0,152.0,126.0,96.0,105.0,48.0,53.0,131.0,132.0,86.0,65.0,156.0,133.0,162.0,198.0,107.0,125.0,150.0,134.0,128.0,150.0,138.0,81.0,133.0,111.0,64.0,151.0,140.0,150.0,103.0,143.0,118.0,143.0,92.0,115.0,122.0,116.0,119.0,152.0,121.0,131.0,103.0,110.0,109.0,70.0,88.0,116.0,141.0,156.0,159.0,122.0,#2,157.0,131.0,152.0,173.0,160.0,107.0,91.0
74.0,107.0,163.0,34.0,114.0,69.0,55.0,39.0,30.0,43.0,101.0,123.0,88.0,107.0,98.0,96.0,121.0,62.0,87.0,66.0,55.0,77.0,88.0,57.0,117.0,59.0,77.0,76.0,111.0,63.0,97.0,114.0,110.0,137.0,107.0,87.0,140.0,148.0,81.0,89.0,#2,27.0,148.0,94.0,99.0,97.0,70.0,60.0,147.0,165.0,80.0,166.0,123.0,184.0,117.0,116.0,145.0,159.0,96.0,103.0,190.0,83.0,112.0,136.0,176.0,105.0,89.0,129.0,141.0,111.0,34.0,98.0,121.0,130.0,141.0,133.0,131.0,156.0,56.0,174.0,163.0,130.0,118.0,139.0,147.0,93.0,115.0,158.0,148.0,191.0,159.0,170.0,144.0,82.0,103.0
94.0,59.0,47.0,107.0,46.0,96.0,87.0,81.0,122.0,111.0,83.0,113.0,108.0,101.0,114.0,92.0,105.0,94.0,78.0,36.0,48.0,100.0,50.0,77.0,148.0,84.0,146.0,145.0,140.0,64.0,67.0,127.0,128.0,139.0,103.0,85.0,115.0,139.0,118.0,59.0,81.0,53.0,129.0,66.0,121.0,76.0,97.0,193.0,68.0,154.0,130.0,65.0,91.0,98.0,120.0,124.0,121.0,127.0,94.0,116.0,118.0,91.0,153.0,157.0,147.0,#2,106.0,116.0,125.0,51.0,28.0,156.0,160.0,82.0,143.0,113.0,147.0,153.0,139.0,112.0,98.0,158.0,110.0,152.0,148.0,119.0,116.0,146.0,155.0,75.0,70.0,47.0,98.0,149.0,177.0
