37.0,55.0,78.0,173.0,179.0,150.0,157.0,159.0,95.0,112.0,101.0,86.0,62.0,72.0,90.0,91.0,135.0,200.0,133.0,103.0,81.0,107.0,109.0,92.0,85.0,111.0,98.0,89.0,79.0,78.0,80.0,116.0,183.0,#2,237.0,247.0,243.0,249.0,237.0,232.0,196.0,228.0,222.0,123.0,185.0,128.0,122.0,129.0,159.0,177.0,193.0,202.0,206.0,216.0,204.0,207.0,217.0,246.0,247.0,#8,248.0,#4,246.0,245.0,#2,244.0,243.0,245.0,#2,244.0,243.0,242.0,241.0,#2,240.0,#4,239.0,244.0,224.0,209.0,196.0,247.0,228.0,180.0,83.0,195.0,209.0,145.0,78.0,91.0,50.0,46.0,#2,32.0
19.0,40.0,48.0,65.0,167.0,130.0,108.0,162.0,127.0,106.0,90.0,81.0,67.0,81.0,75.0,61.0,44.0,58.0,65.0,88.0,89.0,93.0,114.0,119.0,124.0,134.0,108.0,88.0,45.0,61.0,80.0,79.0,97.0,151.0,243.0,253.0,242.0,235.0,212.0,215.0,194.0,195.0,208.0,138.0,140.0,113.0,108.0,125.0,133.0,154.0,164.0,158.0,175.0,177.0,149.0,169.0,194.0,218.0,235.0,#8,248.0,#4,247.0,245.0,#2,244.0,243.0,#2,242.0,241.0,240.0,242.0,241.0,#2,240.0,#4,239.0,229.0,193.0,148.0,164.0,232.0,227.0,186.0,174.0,228.0,226.0,195.0,210.0,149.0,50.0,36.0,26.0,22.0
23.0,31.0,48.0,46.0,43.0,45.0,70.0,80.0,85.0,#2,72.0,73.0,67.0,84.0,66.0,56.0,#2,45.0,59.0,72.0,77.0,80.0,79.0,96.0,93.0,99.0,94.0,82.0,67.0,61.0,70.0,72.0,81.0,110.0,207.0,246.0,242.0,237.0,211.0,192.0,178.0,146.0,135.0,105.0,109.0,99.0,98.0,121.0,131.0,148.0,155.0,148.0,129.0,150.0,139.0,155.0,186.0,214.0,245.0,#12,248.0,245.0,#2,244.0,243.0,#2,247.0,246.0,245.0,242.0,241.0,#2,240.0,#4,239.0,221.0,184.0,128.0,95.0,135.0,150.0,196.0,240.0,227.0,215.0,209.0,206.0,168.0,164.0,118.0,111.0,47.0
26.0,34.0,36.0,34.0,57.0,42.0,66.0,52.0,56.0,53.0,60.0,64.0,#2,71.0,69.0,53.0,44.0,32.0,51.0,#2,58.0,46.0,54.0,64.0,86.0,#2,83.0,92.0,53.0,63.0,71.0,80.0,85.0,92.0,180.0,236.0,242.0,238.0,204.0,155.0,187.0,124.0,111.0,104.0,109.0,89.0,104.0,122.0,130.0,134.0,147.0,151.0,149.0,153.0,145.0,148.0,172.0,216.0,241.0,#12,248.0,245.0,#2,244.0,243.0,#2,240.0,239.0,238.0,242.0,241.0,#2,240.0,#4,239.0,238.0,193.0,117.0,111.0,81.0,104.0,182.0,210.0,172.0,218.0,223.0,232.0,222.0,199.0,225.0,212.0,111.0
26.0,#2,34.0,44.0,50.0,47.0,#2,51.0,40.0,42.0,46.0,61.0,54.0,44.0,60.0,65.0,49.0,41.0,40.0,54.0,43.0,45.0,52.0,60.0,#2,77.0,78.0,83.0,55.0,59.0,74.0,83.0,87.0,146.0,183.0,237.0,232.0,215.0,165.0,102.0,#2,115.0,93.0,98.0,91.0,98.0,104.0,120.0,114.0,129.0,138.0,168.0,170.0,169.0,#2,156.0,180.0,206.0,238.0,245.0,249.0,252.0,248.0,247.0,248.0,#2,249.0,248.0,#3,247.0,237.0,252.0,245.0,234.0,218.0,204.0,195.0,200.0,222.0,247.0,246.0,235.0,238.0,236.0,240.0,235.0,234.0,197.0,126.0,122.0,107.0,82.0,209.0,226.0,200.0,227.0,233.0,229.0,247.0,222.0,234.0,201.0,129.0
27.0,30.0,33.0,35.0,34.0,44.0,33.0,35.0,27.0,32.0,44.0,56.0,50.0,42.0,56.0,59.0,42.0,46.0,56.0,66.0,60.0,49.0,46.0,58.0,75.0,78.0,80.0,94.0,74.0,64.0,66.0,77.0,79.0,92.0,208.0,238.0,220.0,160.0,100.0,91.0,102.0,106.0,94.0,84.0,87.0,97.0,109.0,124.0,123.0,134.0,161.0,181.0,196.0,177.0,144.0,160.0,197.0,228.0,#2,244.0,248.0,251.0,#3,247.0,#4,248.0,#2,247.0,240.0,225.0,188.0,174.0,176.0,165.0,157.0,159.0,217.0,#2,240.0,236.0,#2,246.0,239.0,235.0,189.0,152.0,119.0,108.0,102.0,88.0,159.0,223.0,226.0,212.0,222.0,224.0,201.0,167.0,132.0,103.0,104.0
30.0,29.0,32.0,36.0,38.0,33.0,29.0,34.0,31.0,41.0,55.0,62.0,60.0,56.0,59.0,64.0,59.0,62.0,63.0,62.0,73.0,56.0,47.0,59.0,74.0,79.0,83.0,89.0,95.0,77.0,76.0,74.0,82.0,68.0,141.0,184.0,166.0,137.0,90.0,95.0,99.0,104.0,105.0,101.0,97.0,92.0,104.0,116.0,#2,131.0,157.0,170.0,187.0,170.0,195.0,216.0,228.0,232.0,241.0,242.0,246.0,249.0,245.0,#2,246.0,#4,248.0,#2,247.0,235.0,204.0,163.0,169.0,167.0,161.0,155.0,152.0,219.0,245.0,240.0,225.0,227.0,243.0,233.0,206.0,128.0,133.0,108.0,102.0,93.0,74.0,79.0,84.0,113.0,180.0,227.0,219.0,206.0,103.0,83.0,72.0,67.0
32.0,27.0,29.0,34.0,32.0,35.0,32.0,40.0,42.0,55.0,59.0,#2,62.0,64.0,56.0,63.0,67.0,60.0,57.0,64.0,67.0,61.0,58.0,68.0,72.0,79.0,85.0,87.0,#2,93.0,91.0,74.0,66.0,73.0,86.0,169.0,208.0,168.0,#2,101.0,#2,95.0,102.0,101.0,99.0,96.0,95.0,115.0,135.0,143.0,159.0,195.0,200.0,158.0,208.0,232.0,239.0,232.0,229.0,240.0,245.0,247.0,244.0,245.0,246.0,247.0,#3,248.0,#2,247.0,251.0,211.0,#2,159.0,156.0,154.0,150.0,143.0,212.0,244.0,228.0,180.0,183.0,223.0,226.0,156.0,108.0,113.0,100.0,101.0,95.0,85.0,82.0,74.0,83.0,152.0,211.0,208.0,161.0,102.0,70.0,74.0,68.0
53.0,59.0,66.0,49.0,45.0,50.0,62.0,52.0,48.0,57.0,62.0,58.0,60.0,61.0,#2,62.0,58.0,51.0,57.0,74.0,#3,65.0,63.0,68.0,77.0,85.0,83.0,86.0,91.0,89.0,78.0,57.0,77.0,108.0,175.0,185.0,118.0,103.0,90.0,100.0,88.0,85.0,103.0,94.0,92.0,95.0,117.0,134.0,138.0,149.0,205.0,221.0,200.0,180.0,199.0,218.0,195.0,214.0,#2,252.0,249.0,232.0,238.0,232.0,243.0,#2,247.0,248.0,247.0,249.0,230.0,186.0,#2,157.0,147.0,144.0,146.0,156.0,207.0,234.0,197.0,140.0,126.0,170.0,182.0,127.0,101.0,98.0,93.0,89.0,90.0,83.0,70.0,66.0,70.0,129.0,205.0,182.0,112.0,91.0,69.0,64.0,59.0
67.0,96.0,114.0,118.0,122.0,109.0,97.0,108.0,121.0,126.0,124.0,109.0,103.0,109.0,116.0,122.0,#2,117.0,106.0,104.0,94.0,93.0,86.0,79.0,78.0,76.0,75.0,82.0,84.0,96.0,97.0,92.0,84.0,81.0,124.0,186.0,112.0,99.0,89.0,84.0,79.0,80.0,#2,79.0,88.0,93.0,88.0,111.0,113.0,128.0,144.0,180.0,200.0,187.0,173.0,169.0,172.0,166.0,178.0,217.0,243.0,241.0,230.0,222.0,204.0,200.0,205.0,212.0,233.0,243.0,230.0,213.0,180.0,161.0,151.0,150.0,146.0,142.0,143.0,163.0,182.0,159.0,129.0,127.0,138.0,136.0,111.0,94.0,91.0,86.0,82.0,87.0,76.0,68.0,59.0,73.0,81.0,127.0,104.0,68.0,58.0,51.0,54.0,58.0
84.0,102.0,100.0,101.0,102.0,139.0,142.0,135.0,131.0,135.0,148.0,143.0,147.0,140.0,141.0,142.0,153.0,161.0,143.0,152.0,167.0,144.0,159.0,161.0,156.0,148.0,141.0,133.0,129.0,125.0,126.0,134.0,113.0,104.0,101.0,111.0,110.0,90.0,87.0,91.0,80.0,#2,93.0,77.0,73.0,94.0,98.0,93.0,112.0,118.0,135.0,163.0,168.0,153.0,166.0,169.0,163.0,171.0,176.0,204.0,229.0,210.0,191.0,201.0,180.0,177.0,184.0,191.0,195.0,197.0,184.0,175.0,181.0,166.0,149.0,137.0,140.0,145.0,147.0,152.0,151.0,134.0,118.0,126.0,130.0,123.0,102.0,92.0,90.0,85.0,81.0,79.0,74.0,70.0,64.0,68.0,64.0,75.0,68.0,69.0,62.0,55.0,53.0,45.0
69.0,80.0,81.0,88.0,92.0,93.0,74.0,112.0,142.0,129.0,128.0,129.0,121.0,125.0,133.0,139.0,131.0,130.0,101.0,143.0,121.0,131.0,149.0,147.0,146.0,#2,145.0,122.0,137.0,160.0,163.0,166.0,#2,176.0,152.0,133.0,146.0,158.0,164.0,171.0,153.0,121.0,111.0,146.0,155.0,134.0,79.0,72.0,88.0,117.0,119.0,139.0,161.0,153.0,149.0,169.0,174.0,177.0,180.0,169.0,174.0,176.0,180.0,189.0,175.0,181.0,183.0,181.0,180.0,178.0,177.0,180.0,173.0,167.0,157.0,141.0,147.0,152.0,148.0,150.0,147.0,139.0,124.0,133.0,131.0,119.0,102.0,98.0,96.0,91.0,87.0,90.0,89.0,78.0,75.0,63.0,60.0,66.0,63.0,65.0,62.0,55.0,48.0,46.0
64.0,57.0,77.0,88.0,#2,82.0,88.0,81.0,90.0,96.0,105.0,103.0,101.0,124.0,128.0,121.0,139.0,103.0,95.0,126.0,128.0,130.0,139.0,124.0,129.0,130.0,126.0,108.0,85.0,134.0,137.0,126.0,142.0,141.0,159.0,155.0,157.0,123.0,115.0,132.0,155.0,173.0,164.0,138.0,159.0,177.0,174.0,158.0,152.0,109.0,119.0,122.0,148.0,140.0,146.0,#2,168.0,169.0,170.0,173.0,175.0,178.0,181.0,178.0,182.0,183.0,184.0,185.0,186.0,182.0,180.0,#2,176.0,165.0,158.0,160.0,154.0,152.0,158.0,148.0,147.0,145.0,144.0,141.0,135.0,138.0,128.0,#2,119.0,126.0,118.0,120.0,104.0,90.0,70.0,69.0,68.0,74.0,77.0,74.0,72.0,76.0,65.0,62.0
75.0,63.0,41.0,53.0,72.0,81.0,95.0,92.0,86.0,82.0,86.0,88.0,79.0,96.0,106.0,120.0,102.0,81.0,106.0,119.0,118.0,121.0,113.0,117.0,121.0,123.0,118.0,129.0,103.0,115.0,73.0,104.0,130.0,156.0,166.0,178.0,169.0,158.0,146.0,174.0,175.0,149.0,136.0,139.0,138.0,155.0,133.0,104.0,111.0,107.0,111.0,#2,128.0,139.0,144.0,#2,154.0,155.0,156.0,153.0,155.0,158.0,161.0,169.0,172.0,169.0,#3,168.0,160.0,159.0,157.0,154.0,145.0,140.0,145.0,139.0,132.0,131.0,138.0,137.0,135.0,134.0,128.0,122.0,125.0,115.0,110.0,100.0,104.0,105.0,100.0,90.0,83.0,95.0,80.0,75.0,80.0,81.0,93.0,89.0,87.0,67.0,56.0
71.0,73.0,49.0,48.0,#2,47.0,66.0,91.0,99.0,#2,81.0,83.0,93.0,91.0,81.0,88.0,83.0,113.0,95.0,123.0,138.0,#2,142.0,133.0,137.0,139.0,135.0,126.0,139.0,100.0,155.0,146.0,174.0,177.0,182.0,179.0,144.0,133.0,116.0,137.0,177.0,198.0,173.0,155.0,109.0,125.0,100.0,108.0,123.0,124.0,114.0,119.0,132.0,139.0,#3,141.0,142.0,143.0,145.0,147.0,150.0,153.0,159.0,161.0,163.0,164.0,160.0,158.0,151.0,150.0,147.0,145.0,139.0,135.0,136.0,137.0,128.0,118.0,129.0,128.0,126.0,125.0,121.0,115.0,118.0,109.0,99.0,86.0,88.0,92.0,82.0,79.0,72.0,68.0,65.0,61.0,68.0,67.0,63.0,67.0,73.0,54.0,26.0
51.0,42.0,52.0,49.0,48.0,41.0,52.0,70.0,68.0,85.0,81.0,77.0,79.0,84.0,78.0,83.0,90.0,100.0,108.0,101.0,104.0,117.0,130.0,133.0,137.0,139.0,135.0,140.0,134.0,120.0,133.0,158.0,149.0,170.0,175.0,158.0,134.0,119.0,100.0,141.0,170.0,179.0,175.0,141.0,163.0,178.0,154.0,144.0,117.0,110.0,120.0,119.0,129.0,137.0,138.0,#2,142.0,143.0,144.0,145.0,147.0,150.0,154.0,155.0,158.0,163.0,160.0,154.0,150.0,149.0,148.0,145.0,143.0,140.0,138.0,135.0,137.0,131.0,120.0,121.0,120.0,118.0,117.0,109.0,104.0,107.0,97.0,86.0,82.0,88.0,83.0,#2,74.0,66.0,64.0,65.0,58.0,62.0,60.0,51.0,58.0,65.0,41.0,28.0
52.0,74.0,57.0,46.0,40.0,58.0,56.0,64.0,60.0,79.0,85.0,92.0,84.0,67.0,64.0,62.0,35.0,52.0,100.0,101.0,107.0,106.0,98.0,93.0,126.0,129.0,140.0,130.0,129.0,136.0,158.0,160.0,165.0,169.0,172.0,157.0,125.0,110.0,126.0,168.0,166.0,179.0,181.0,175.0,157.0,164.0,149.0,167.0,120.0,100.0,99.0,114.0,119.0,124.0,137.0,134.0,#3,149.0,150.0,151.0,#2,154.0,155.0,158.0,#5,152.0,146.0,152.0,139.0,143.0,144.0,124.0,129.0,134.0,120.0,111.0,110.0,106.0,104.0,101.0,99.0,95.0,92.0,94.0,83.0,91.0,76.0,67.0,72.0,73.0,69.0,55.0,50.0,46.0,49.0,55.0,57.0,52.0,40.0,29.0
66.0,76.0,59.0,62.0,#2,63.0,54.0,64.0,71.0,70.0,78.0,92.0,94.0,93.0,67.0,52.0,51.0,40.0,50.0,78.0,88.0,93.0,101.0,108.0,97.0,92.0,137.0,153.0,124.0,115.0,123.0,156.0,160.0,163.0,164.0,126.0,102.0,107.0,145.0,162.0,171.0,172.0,176.0,191.0,175.0,145.0,170.0,165.0,145.0,131.0,111.0,117.0,103.0,124.0,129.0,137.0,147.0,#2,152.0,154.0,149.0,147.0,148.0,150.0,151.0,#4,152.0,151.0,143.0,158.0,148.0,#2,150.0,132.0,131.0,128.0,116.0,114.0,112.0,109.0,106.0,101.0,100.0,98.0,96.0,93.0,88.0,99.0,77.0,74.0,64.0,62.0,53.0,52.0,47.0,44.0,46.0,52.0,54.0,51.0,44.0,49.0
33.0,38.0,42.0,56.0,74.0,#2,64.0,61.0,62.0,56.0,93.0,107.0,102.0,79.0,82.0,83.0,62.0,70.0,71.0,69.0,80.0,102.0,86.0,108.0,160.0,153.0,122.0,112.0,160.0,200.0,165.0,146.0,#2,157.0,156.0,127.0,#2,109.0,137.0,158.0,172.0,176.0,174.0,192.0,184.0,161.0,190.0,170.0,114.0,142.0,136.0,144.0,145.0,129.0,127.0,130.0,147.0,#2,151.0,150.0,145.0,141.0,143.0,145.0,146.0,#4,152.0,151.0,136.0,160.0,150.0,#2,148.0,131.0,122.0,118.0,110.0,112.0,110.0,107.0,104.0,95.0,96.0,#2,97.0,94.0,88.0,98.0,78.0,66.0,63.0,65.0,54.0,53.0,48.0,45.0,47.0,#2,58.0,59.0,61.0,76.0
39.0,42.0,25.0,51.0,47.0,68.0,63.0,66.0,85.0,82.0,77.0,66.0,61.0,71.0,86.0,96.0,87.0,76.0,87.0,89.0,96.0,88.0,132.0,152.0,89.0,112.0,87.0,95.0,91.0,106.0,117.0,133.0,165.0,159.0,156.0,126.0,103.0,140.0,152.0,163.0,166.0,169.0,178.0,#2,199.0,180.0,162.0,208.0,188.0,194.0,209.0,173.0,142.0,139.0,123.0,127.0,142.0,#2,144.0,#3,143.0,144.0,146.0,147.0,#4,152.0,153.0,129.0,154.0,138.0,132.0,136.0,126.0,124.0,109.0,105.0,104.0,102.0,99.0,97.0,85.0,87.0,90.0,92.0,97.0,78.0,83.0,73.0,67.0,62.0,69.0,63.0,60.0,55.0,51.0,54.0,52.0,50.0,54.0,64.0,70.0
53.0,52.0,67.0,76.0,58.0,84.0,85.0,84.0,64.0,67.0,59.0,80.0,58.0,63.0,62.0,81.0,79.0,63.0,64.0,55.0,66.0,175.0,103.0,107.0,88.0,75.0,78.0,84.0,71.0,87.0,81.0,78.0,166.0,160.0,155.0,135.0,106.0,136.0,155.0,163.0,170.0,174.0,175.0,206.0,216.0,178.0,146.0,196.0,143.0,158.0,156.0,178.0,186.0,118.0,158.0,132.0,139.0,140.0,138.0,139.0,138.0,134.0,137.0,141.0,145.0,142.0,149.0,154.0,149.0,143.0,131.0,136.0,#2,130.0,128.0,126.0,124.0,116.0,96.0,93.0,95.0,91.0,98.0,80.0,75.0,90.0,79.0,91.0,82.0,78.0,68.0,#2,69.0,65.0,70.0,54.0,52.0,50.0,51.0,46.0,51.0,58.0,61.0,56.0
65.0,53.0,52.0,59.0,72.0,74.0,76.0,60.0,69.0,58.0,54.0,70.0,56.0,79.0,76.0,73.0,74.0,62.0,87.0,86.0,154.0,93.0,96.0,50.0,#2,44.0,48.0,62.0,61.0,67.0,72.0,73.0,170.0,153.0,151.0,137.0,114.0,138.0,152.0,160.0,178.0,187.0,191.0,187.0,206.0,173.0,138.0,143.0,122.0,161.0,122.0,149.0,188.0,177.0,145.0,156.0,150.0,149.0,139.0,140.0,137.0,136.0,135.0,133.0,132.0,136.0,129.0,126.0,134.0,139.0,131.0,132.0,128.0,124.0,123.0,120.0,118.0,#2,111.0,93.0,84.0,82.0,#2,91.0,83.0,97.0,88.0,87.0,82.0,78.0,93.0,82.0,#2,71.0,68.0,79.0,67.0,59.0,68.0,63.0,55.0,50.0,55.0,57.0
48.0,47.0,65.0,55.0,68.0,81.0,96.0,92.0,75.0,81.0,86.0,56.0,102.0,85.0,84.0,#2,73.0,80.0,79.0,143.0,85.0,104.0,45.0,61.0,52.0,44.0,42.0,49.0,52.0,54.0,64.0,115.0,172.0,164.0,150.0,141.0,127.0,141.0,148.0,162.0,170.0,174.0,177.0,194.0,198.0,179.0,122.0,139.0,122.0,143.0,95.0,135.0,141.0,201.0,172.0,156.0,#2,150.0,149.0,144.0,142.0,134.0,130.0,124.0,118.0,128.0,131.0,130.0,124.0,#2,122.0,116.0,113.0,114.0,112.0,110.0,108.0,102.0,103.0,100.0,85.0,89.0,90.0,87.0,74.0,87.0,82.0,74.0,80.0,78.0,94.0,82.0,76.0,74.0,73.0,62.0,51.0,50.0,70.0,61.0,52.0,49.0,61.0,48.0
41.0,26.0,17.0,43.0,62.0,79.0,93.0,88.0,91.0,94.0,81.0,85.0,#2,59.0,97.0,102.0,66.0,70.0,135.0,104.0,117.0,74.0,89.0,81.0,58.0,38.0,43.0,46.0,36.0,44.0,38.0,71.0,#2,152.0,159.0,144.0,139.0,#2,144.0,154.0,172.0,181.0,192.0,184.0,158.0,167.0,101.0,107.0,111.0,114.0,90.0,93.0,128.0,164.0,180.0,154.0,#2,158.0,155.0,146.0,152.0,146.0,144.0,140.0,137.0,131.0,130.0,126.0,121.0,119.0,126.0,114.0,113.0,105.0,104.0,101.0,99.0,94.0,97.0,96.0,90.0,98.0,81.0,83.0,67.0,78.0,76.0,70.0,78.0,79.0,89.0,83.0,70.0,78.0,67.0,72.0,64.0,56.0,57.0,67.0,62.0,54.0,50.0,52.0
39.0,43.0,30.0,22.0,39.0,42.0,49.0,65.0,62.0,107.0,109.0,#2,93.0,67.0,66.0,70.0,90.0,62.0,107.0,109.0,106.0,98.0,85.0,99.0,65.0,63.0,49.0,22.0,24.0,52.0,38.0,73.0,61.0,177.0,164.0,153.0,136.0,137.0,145.0,157.0,165.0,177.0,178.0,100.0,35.0,106.0,94.0,67.0,76.0,88.0,86.0,102.0,123.0,169.0,167.0,171.0,160.0,159.0,#2,158.0,153.0,158.0,154.0,152.0,156.0,157.0,142.0,130.0,133.0,142.0,134.0,125.0,122.0,112.0,101.0,#2,91.0,98.0,89.0,94.0,83.0,#2,80.0,69.0,76.0,72.0,69.0,70.0,72.0,74.0,78.0,72.0,62.0,61.0,55.0,62.0,57.0,54.0,57.0,62.0,58.0,44.0,51.0,55.0
13.0,50.0,33.0,38.0,39.0,49.0,47.0,36.0,64.0,59.0,#3,91.0,126.0,120.0,77.0,88.0,83.0,85.0,89.0,91.0,94.0,99.0,90.0,#2,80.0,39.0,28.0,30.0,59.0,56.0,155.0,27.0,127.0,149.0,145.0,140.0,142.0,147.0,161.0,162.0,155.0,135.0,48.0,71.0,121.0,111.0,88.0,84.0,67.0,94.0,122.0,142.0,166.0,179.0,171.0,174.0,171.0,168.0,161.0,150.0,151.0,147.0,145.0,149.0,153.0,142.0,132.0,134.0,144.0,137.0,129.0,128.0,119.0,118.0,114.0,106.0,91.0,104.0,90.0,84.0,87.0,84.0,93.0,81.0,69.0,60.0,61.0,65.0,67.0,64.0,71.0,#3,57.0,60.0,55.0,52.0,55.0,66.0,68.0,61.0,71.0,64.0
36.0,25.0,30.0,39.0,50.0,46.0,78.0,#2,47.0,67.0,111.0,133.0,146.0,95.0,101.0,121.0,117.0,93.0,96.0,114.0,108.0,107.0,90.0,81.0,82.0,90.0,75.0,61.0,84.0,54.0,148.0,105.0,65.0,141.0,153.0,144.0,143.0,151.0,152.0,155.0,164.0,172.0,92.0,56.0,88.0,191.0,129.0,89.0,81.0,86.0,137.0,151.0,155.0,162.0,173.0,#2,167.0,170.0,164.0,163.0,159.0,145.0,140.0,139.0,143.0,145.0,140.0,135.0,134.0,141.0,135.0,130.0,132.0,120.0,124.0,123.0,114.0,105.0,100.0,101.0,91.0,94.0,90.0,89.0,87.0,85.0,82.0,78.0,70.0,63.0,69.0,62.0,55.0,54.0,53.0,57.0,52.0,48.0,51.0,59.0,69.0,68.0,77.0,58.0
43.0,45.0,47.0,49.0,51.0,54.0,70.0,87.0,59.0,72.0,81.0,85.0,75.0,110.0,148.0,95.0,111.0,88.0,120.0,123.0,118.0,114.0,125.0,122.0,117.0,106.0,89.0,80.0,104.0,166.0,149.0,89.0,136.0,148.0,172.0,158.0,154.0,159.0,155.0,154.0,170.0,163.0,182.0,167.0,136.0,209.0,148.0,105.0,107.0,133.0,148.0,162.0,159.0,161.0,169.0,167.0,168.0,160.0,159.0,153.0,142.0,153.0,141.0,139.0,143.0,#2,139.0,137.0,135.0,133.0,129.0,126.0,129.0,133.0,130.0,127.0,129.0,108.0,107.0,105.0,96.0,93.0,#2,90.0,86.0,93.0,84.0,82.0,78.0,74.0,68.0,62.0,57.0,50.0,43.0,54.0,48.0,45.0,48.0,61.0,73.0,72.0,74.0,58.0
31.0,35.0,43.0,48.0,51.0,58.0,51.0,55.0,57.0,63.0,60.0,88.0,66.0,105.0,93.0,85.0,92.0,108.0,80.0,127.0,110.0,109.0,95.0,#2,92.0,124.0,118.0,123.0,105.0,96.0,199.0,102.0,145.0,152.0,170.0,#2,167.0,160.0,164.0,172.0,175.0,179.0,183.0,173.0,190.0,220.0,188.0,148.0,143.0,169.0,131.0,167.0,161.0,176.0,172.0,179.0,#2,178.0,174.0,152.0,150.0,157.0,145.0,139.0,123.0,130.0,128.0,142.0,113.0,112.0,129.0,115.0,124.0,113.0,121.0,126.0,123.0,111.0,114.0,103.0,104.0,94.0,87.0,102.0,93.0,87.0,#2,84.0,83.0,82.0,88.0,84.0,77.0,64.0,54.0,56.0,52.0,51.0,56.0,78.0,77.0,64.0,#2,54.0
33.0,40.0,64.0,57.0,66.0,59.0,48.0,53.0,59.0,53.0,66.0,72.0,78.0,90.0,74.0,87.0,70.0,88.0,85.0,101.0,109.0,98.0,117.0,104.0,#2,102.0,106.0,76.0,83.0,97.0,143.0,115.0,149.0,158.0,175.0,173.0,165.0,162.0,169.0,176.0,180.0,183.0,177.0,174.0,197.0,224.0,184.0,181.0,186.0,190.0,179.0,161.0,147.0,153.0,150.0,153.0,151.0,156.0,158.0,165.0,155.0,142.0,140.0,143.0,132.0,134.0,125.0,115.0,152.0,147.0,111.0,114.0,106.0,115.0,117.0,115.0,108.0,97.0,100.0,91.0,94.0,86.0,87.0,93.0,97.0,#2,100.0,91.0,90.0,85.0,88.0,91.0,90.0,89.0,87.0,77.0,80.0,81.0,80.0,70.0,71.0,54.0,#2,55.0
41.0,35.0,33.0,31.0,59.0,52.0,35.0,54.0,55.0,58.0,72.0,53.0,71.0,78.0,105.0,69.0,72.0,74.0,73.0,103.0,88.0,89.0,95.0,87.0,93.0,120.0,118.0,113.0,98.0,88.0,149.0,122.0,161.0,141.0,164.0,173.0,175.0,169.0,177.0,186.0,188.0,#2,184.0,179.0,206.0,225.0,218.0,139.0,#2,154.0,155.0,168.0,158.0,153.0,157.0,150.0,138.0,128.0,143.0,152.0,146.0,140.0,#2,146.0,133.0,117.0,138.0,146.0,134.0,107.0,121.0,107.0,103.0,108.0,102.0,94.0,88.0,87.0,92.0,86.0,91.0,86.0,77.0,71.0,82.0,92.0,91.0,83.0,81.0,87.0,89.0,82.0,80.0,85.0,89.0,84.0,86.0,#2,87.0,#2,80.0,68.0,89.0,74.0
25.0,33.0,65.0,64.0,54.0,42.0,33.0,56.0,41.0,52.0,43.0,55.0,58.0,50.0,70.0,62.0,74.0,66.0,87.0,94.0,115.0,83.0,97.0,122.0,97.0,129.0,108.0,99.0,108.0,113.0,134.0,110.0,176.0,100.0,135.0,179.0,175.0,177.0,183.0,187.0,185.0,181.0,177.0,183.0,213.0,219.0,239.0,216.0,180.0,160.0,152.0,148.0,155.0,153.0,156.0,166.0,167.0,168.0,181.0,152.0,166.0,137.0,132.0,125.0,129.0,143.0,134.0,114.0,102.0,106.0,112.0,104.0,93.0,105.0,97.0,#2,89.0,73.0,80.0,76.0,82.0,80.0,#3,70.0,74.0,80.0,74.0,83.0,79.0,#2,75.0,86.0,83.0,81.0,85.0,74.0,70.0,82.0,102.0,81.0,59.0,74.0,83.0
37.0,41.0,56.0,72.0,90.0,68.0,70.0,45.0,44.0,43.0,44.0,39.0,36.0,67.0,69.0,77.0,85.0,81.0,64.0,99.0,95.0,99.0,79.0,85.0,106.0,113.0,123.0,134.0,130.0,173.0,119.0,123.0,160.0,92.0,120.0,177.0,176.0,173.0,184.0,186.0,182.0,173.0,168.0,184.0,188.0,217.0,226.0,207.0,232.0,227.0,213.0,223.0,225.0,232.0,233.0,235.0,237.0,240.0,228.0,208.0,140.0,133.0,#2,134.0,131.0,120.0,109.0,104.0,114.0,103.0,88.0,101.0,#2,93.0,81.0,74.0,83.0,72.0,64.0,62.0,71.0,80.0,#2,65.0,67.0,70.0,#2,72.0,67.0,62.0,61.0,69.0,77.0,68.0,65.0,73.0,#2,56.0,86.0,114.0,75.0,56.0,52.0,72.0
23.0,38.0,47.0,71.0,#2,59.0,54.0,81.0,42.0,39.0,22.0,47.0,50.0,48.0,62.0,72.0,78.0,77.0,#2,82.0,107.0,109.0,112.0,97.0,93.0,105.0,100.0,92.0,114.0,145.0,110.0,133.0,165.0,80.0,120.0,177.0,#2,176.0,181.0,187.0,183.0,177.0,179.0,171.0,190.0,212.0,221.0,197.0,207.0,222.0,231.0,226.0,222.0,#2,223.0,#2,224.0,219.0,221.0,223.0,197.0,149.0,#2,130.0,146.0,137.0,136.0,132.0,126.0,106.0,99.0,94.0,85.0,99.0,87.0,77.0,79.0,73.0,56.0,52.0,75.0,64.0,63.0,48.0,55.0,66.0,70.0,63.0,73.0,69.0,66.0,69.0,70.0,63.0,69.0,58.0,56.0,53.0,48.0,50.0,#2,62.0,52.0,57.0
66.0,28.0,27.0,47.0,60.0,50.0,60.0,64.0,50.0,51.0,68.0,33.0,41.0,51.0,42.0,55.0,65.0,64.0,70.0,#2,78.0,49.0,74.0,110.0,#2,104.0,106.0,100.0,109.0,107.0,113.0,127.0,172.0,78.0,112.0,176.0,178.0,182.0,183.0,187.0,185.0,176.0,160.0,158.0,176.0,208.0,213.0,200.0,193.0,204.0,221.0,222.0,220.0,212.0,211.0,209.0,207.0,214.0,#2,213.0,223.0,230.0,208.0,143.0,137.0,135.0,123.0,115.0,121.0,129.0,126.0,115.0,113.0,102.0,94.0,84.0,79.0,73.0,72.0,#2,74.0,65.0,#2,67.0,68.0,72.0,#2,71.0,61.0,66.0,74.0,79.0,81.0,72.0,67.0,73.0,69.0,#2,66.0,60.0,76.0,72.0,69.0,63.0
42.0,75.0,61.0,54.0,58.0,61.0,38.0,64.0,56.0,45.0,70.0,69.0,53.0,64.0,#2,58.0,77.0,62.0,69.0,75.0,94.0,76.0,90.0,108.0,109.0,100.0,88.0,90.0,109.0,105.0,89.0,100.0,175.0,95.0,99.0,176.0,178.0,183.0,184.0,189.0,186.0,166.0,149.0,164.0,156.0,194.0,211.0,222.0,204.0,184.0,199.0,210.0,211.0,212.0,207.0,202.0,199.0,206.0,205.0,207.0,216.0,208.0,222.0,102.0,139.0,141.0,136.0,124.0,111.0,98.0,116.0,142.0,122.0,110.0,108.0,105.0,100.0,84.0,81.0,#2,77.0,73.0,80.0,76.0,73.0,65.0,77.0,79.0,86.0,91.0,94.0,90.0,84.0,89.0,91.0,80.0,#2,84.0,78.0,74.0,72.0,76.0,69.0,81.0
49.0,48.0,42.0,44.0,52.0,48.0,#2,44.0,66.0,81.0,61.0,63.0,74.0,66.0,64.0,59.0,58.0,77.0,91.0,97.0,96.0,82.0,104.0,80.0,78.0,107.0,114.0,79.0,88.0,110.0,116.0,85.0,179.0,99.0,86.0,177.0,178.0,182.0,185.0,188.0,185.0,160.0,151.0,155.0,154.0,187.0,201.0,203.0,196.0,188.0,189.0,196.0,198.0,201.0,200.0,196.0,192.0,190.0,193.0,221.0,206.0,212.0,228.0,209.0,150.0,137.0,126.0,120.0,126.0,117.0,115.0,104.0,121.0,123.0,120.0,87.0,106.0,89.0,74.0,72.0,69.0,76.0,78.0,83.0,74.0,85.0,84.0,83.0,92.0,93.0,85.0,94.0,79.0,77.0,84.0,82.0,84.0,87.0,90.0,71.0,88.0,#2,76.0,64.0
48.0,56.0,66.0,56.0,68.0,58.0,#2,59.0,70.0,91.0,78.0,64.0,115.0,79.0,74.0,52.0,70.0,64.0,82.0,73.0,72.0,91.0,90.0,79.0,71.0,68.0,81.0,92.0,96.0,107.0,114.0,94.0,176.0,122.0,118.0,177.0,179.0,181.0,#2,182.0,187.0,163.0,154.0,#2,161.0,182.0,197.0,196.0,193.0,195.0,187.0,194.0,195.0,199.0,201.0,194.0,190.0,189.0,201.0,#2,210.0,206.0,211.0,212.0,141.0,174.0,197.0,213.0,203.0,175.0,125.0,#2,90.0,94.0,123.0,115.0,107.0,101.0,#2,93.0,84.0,69.0,65.0,76.0,68.0,71.0,72.0,79.0,74.0,83.0,78.0,76.0,91.0,86.0,83.0,85.0,91.0,94.0,90.0,89.0,92.0,91.0,#2,92.0
46.0,56.0,60.0,71.0,79.0,41.0,55.0,75.0,41.0,47.0,108.0,107.0,73.0,66.0,91.0,58.0,39.0,152.0,91.0,94.0,73.0,72.0,83.0,76.0,80.0,89.0,72.0,94.0,92.0,93.0,116.0,119.0,183.0,150.0,145.0,#2,179.0,178.0,177.0,180.0,186.0,168.0,161.0,170.0,172.0,190.0,172.0,205.0,187.0,190.0,191.0,189.0,191.0,194.0,197.0,199.0,187.0,193.0,198.0,199.0,207.0,203.0,210.0,#2,230.0,229.0,219.0,210.0,211.0,213.0,209.0,127.0,102.0,113.0,#2,90.0,85.0,94.0,#2,85.0,82.0,70.0,59.0,66.0,62.0,60.0,66.0,77.0,64.0,74.0,81.0,78.0,84.0,85.0,77.0,75.0,62.0,53.0,61.0,65.0,59.0,60.0,81.0,69.0
55.0,37.0,73.0,76.0,73.0,88.0,68.0,63.0,52.0,35.0,60.0,85.0,72.0,75.0,58.0,73.0,124.0,103.0,91.0,98.0,104.0,76.0,71.0,75.0,78.0,97.0,99.0,93.0,77.0,63.0,100.0,116.0,180.0,#2,167.0,180.0,179.0,176.0,173.0,178.0,185.0,194.0,166.0,177.0,182.0,178.0,168.0,219.0,181.0,189.0,187.0,185.0,187.0,190.0,193.0,196.0,194.0,190.0,195.0,200.0,202.0,204.0,198.0,203.0,200.0,181.0,189.0,192.0,183.0,195.0,209.0,220.0,135.0,96.0,111.0,106.0,101.0,102.0,80.0,76.0,90.0,84.0,74.0,99.0,93.0,72.0,81.0,67.0,75.0,65.0,81.0,93.0,80.0,67.0,66.0,56.0,61.0,69.0,74.0,69.0,71.0,60.0,111.0,51.0
33.0,48.0,73.0,81.0,77.0,42.0,56.0,#2,48.0,72.0,82.0,62.0,106.0,#2,78.0,86.0,118.0,38.0,51.0,92.0,83.0,62.0,87.0,78.0,55.0,75.0,76.0,92.0,85.0,92.0,79.0,117.0,180.0,172.0,189.0,179.0,176.0,171.0,167.0,182.0,191.0,189.0,193.0,164.0,183.0,157.0,193.0,214.0,157.0,178.0,185.0,179.0,182.0,184.0,178.0,186.0,190.0,192.0,188.0,191.0,196.0,200.0,202.0,190.0,191.0,184.0,179.0,175.0,#2,178.0,185.0,201.0,185.0,92.0,79.0,96.0,85.0,104.0,98.0,87.0,94.0,96.0,99.0,95.0,81.0,106.0,98.0,87.0,82.0,92.0,76.0,71.0,#2,64.0,79.0,77.0,85.0,107.0,69.0,#2,62.0,58.0,101.0,65.0
54.0,28.0,60.0,63.0,55.0,60.0,48.0,46.0,41.0,52.0,56.0,40.0,48.0,47.0,#2,68.0,66.0,77.0,71.0,93.0,51.0,48.0,54.0,#2,74.0,82.0,#2,83.0,84.0,86.0,81.0,113.0,#2,183.0,186.0,181.0,179.0,176.0,173.0,180.0,189.0,190.0,200.0,140.0,169.0,153.0,206.0,208.0,158.0,175.0,170.0,165.0,164.0,166.0,173.0,190.0,194.0,196.0,192.0,190.0,193.0,196.0,199.0,194.0,191.0,183.0,178.0,175.0,178.0,183.0,188.0,190.0,207.0,112.0,111.0,88.0,89.0,98.0,99.0,95.0,71.0,74.0,85.0,70.0,85.0,#3,83.0,79.0,71.0,70.0,64.0,60.0,63.0,76.0,68.0,76.0,81.0,62.0,75.0,90.0,54.0,72.0,96.0
47.0,55.0,64.0,60.0,59.0,67.0,#2,50.0,69.0,58.0,53.0,48.0,61.0,54.0,46.0,57.0,64.0,69.0,51.0,97.0,68.0,67.0,52.0,59.0,79.0,99.0,93.0,101.0,93.0,103.0,76.0,89.0,169.0,185.0,191.0,#2,183.0,182.0,181.0,177.0,187.0,190.0,203.0,183.0,169.0,161.0,206.0,197.0,159.0,171.0,165.0,161.0,167.0,164.0,176.0,191.0,195.0,197.0,193.0,187.0,188.0,189.0,#2,193.0,191.0,182.0,177.0,174.0,177.0,178.0,177.0,167.0,205.0,131.0,132.0,119.0,93.0,96.0,106.0,83.0,79.0,64.0,82.0,72.0,80.0,71.0,69.0,64.0,65.0,78.0,68.0,74.0,68.0,62.0,61.0,67.0,70.0,93.0,66.0,67.0,92.0,59.0,66.0,64.0
63.0,52.0,36.0,50.0,33.0,42.0,74.0,69.0,72.0,49.0,51.0,66.0,68.0,57.0,74.0,58.0,55.0,79.0,68.0,80.0,62.0,81.0,92.0,65.0,50.0,#2,75.0,76.0,87.0,115.0,111.0,54.0,161.0,186.0,184.0,166.0,167.0,168.0,170.0,174.0,186.0,191.0,206.0,210.0,130.0,135.0,185.0,186.0,158.0,167.0,#2,161.0,168.0,169.0,168.0,186.0,190.0,192.0,#2,187.0,183.0,182.0,187.0,192.0,191.0,181.0,176.0,173.0,176.0,181.0,173.0,168.0,185.0,175.0,112.0,54.0,62.0,91.0,113.0,87.0,85.0,110.0,101.0,#2,90.0,94.0,91.0,80.0,68.0,66.0,#2,78.0,72.0,71.0,69.0,71.0,73.0,79.0,73.0,87.0,90.0,92.0,100.0,102.0
47.0,45.0,48.0,54.0,59.0,22.0,47.0,55.0,57.0,30.0,41.0,52.0,106.0,64.0,59.0,75.0,63.0,66.0,62.0,72.0,69.0,53.0,73.0,71.0,62.0,46.0,64.0,71.0,101.0,126.0,73.0,23.0,198.0,51.0,113.0,83.0,92.0,103.0,105.0,110.0,148.0,91.0,180.0,222.0,170.0,142.0,#2,181.0,155.0,159.0,161.0,#2,162.0,165.0,168.0,179.0,180.0,182.0,183.0,#3,181.0,184.0,187.0,186.0,183.0,169.0,160.0,166.0,178.0,182.0,169.0,#2,174.0,100.0,102.0,79.0,86.0,112.0,80.0,67.0,89.0,105.0,87.0,76.0,93.0,76.0,71.0,86.0,82.0,95.0,85.0,86.0,70.0,69.0,59.0,77.0,81.0,66.0,69.0,63.0,58.0,80.0,63.0
35.0,25.0,48.0,63.0,#3,65.0,100.0,108.0,116.0,90.0,77.0,76.0,59.0,65.0,70.0,85.0,95.0,91.0,70.0,68.0,81.0,52.0,56.0,72.0,65.0,78.0,89.0,74.0,78.0,21.0,171.0,141.0,27.0,49.0,45.0,50.0,54.0,52.0,54.0,64.0,17.0,77.0,209.0,121.0,166.0,169.0,179.0,154.0,161.0,163.0,161.0,160.0,164.0,167.0,176.0,177.0,178.0,180.0,174.0,176.0,179.0,183.0,186.0,185.0,189.0,177.0,167.0,169.0,173.0,181.0,171.0,174.0,165.0,114.0,109.0,98.0,86.0,75.0,87.0,85.0,76.0,77.0,106.0,100.0,103.0,99.0,107.0,102.0,95.0,101.0,75.0,66.0,68.0,74.0,94.0,80.0,62.0,#2,65.0,61.0,50.0,46.0,45.0
65.0,46.0,34.0,45.0,74.0,46.0,67.0,50.0,35.0,44.0,83.0,#2,107.0,110.0,96.0,58.0,76.0,37.0,91.0,66.0,64.0,75.0,79.0,86.0,72.0,78.0,67.0,59.0,66.0,58.0,57.0,190.0,153.0,33.0,24.0,47.0,50.0,49.0,43.0,49.0,20.0,29.0,90.0,169.0,95.0,148.0,158.0,168.0,157.0,167.0,163.0,159.0,156.0,157.0,165.0,169.0,170.0,172.0,173.0,170.0,173.0,176.0,181.0,184.0,191.0,193.0,185.0,175.0,169.0,166.0,179.0,174.0,175.0,159.0,94.0,97.0,73.0,80.0,79.0,88.0,76.0,85.0,73.0,79.0,92.0,95.0,88.0,80.0,59.0,#2,75.0,85.0,77.0,75.0,84.0,85.0,61.0,72.0,75.0,72.0,75.0,72.0,#2,57.0
61.0,48.0,65.0,71.0,45.0,61.0,53.0,60.0,47.0,53.0,46.0,18.0,#2,44.0,55.0,89.0,119.0,120.0,128.0,110.0,73.0,64.0,66.0,87.0,66.0,38.0,56.0,55.0,65.0,68.0,104.0,178.0,158.0,41.0,24.0,29.0,33.0,35.0,31.0,22.0,36.0,46.0,106.0,165.0,128.0,159.0,156.0,150.0,153.0,166.0,164.0,158.0,153.0,156.0,157.0,164.0,165.0,166.0,168.0,171.0,173.0,174.0,179.0,182.0,190.0,192.0,186.0,175.0,164.0,159.0,178.0,177.0,175.0,164.0,98.0,109.0,113.0,98.0,97.0,#2,103.0,110.0,90.0,91.0,77.0,65.0,54.0,83.0,112.0,109.0,94.0,89.0,95.0,86.0,73.0,85.0,89.0,72.0,75.0,72.0,68.0,66.0,54.0,63.0
32.0,50.0,44.0,71.0,53.0,47.0,48.0,47.0,59.0,57.0,25.0,49.0,47.0,45.0,66.0,67.0,62.0,52.0,48.0,56.0,87.0,114.0,91.0,74.0,121.0,106.0,90.0,95.0,71.0,72.0,109.0,161.0,164.0,84.0,50.0,29.0,34.0,27.0,26.0,57.0,53.0,52.0,142.0,149.0,139.0,151.0,158.0,149.0,144.0,165.0,168.0,163.0,153.0,146.0,159.0,169.0,160.0,#2,163.0,168.0,169.0,168.0,178.0,185.0,188.0,192.0,176.0,173.0,157.0,155.0,169.0,171.0,174.0,133.0,88.0,89.0,82.0,96.0,99.0,104.0,107.0,102.0,87.0,79.0,89.0,93.0,79.0,76.0,92.0,76.0,75.0,77.0,78.0,77.0,74.0,95.0,64.0,57.0,60.0,43.0,62.0,68.0,66.0,80.0
46.0,57.0,43.0,22.0,56.0,49.0,42.0,51.0,67.0,#2,41.0,54.0,53.0,68.0,77.0,74.0,64.0,82.0,100.0,97.0,49.0,54.0,97.0,117.0,83.0,96.0,98.0,105.0,107.0,112.0,129.0,114.0,132.0,111.0,17.0,27.0,34.0,32.0,25.0,35.0,29.0,130.0,160.0,110.0,#2,149.0,158.0,153.0,145.0,160.0,166.0,164.0,156.0,148.0,159.0,167.0,160.0,151.0,160.0,166.0,167.0,171.0,181.0,184.0,186.0,184.0,187.0,163.0,157.0,134.0,159.0,172.0,176.0,153.0,92.0,106.0,86.0,87.0,92.0,88.0,93.0,95.0,89.0,73.0,83.0,81.0,69.0,68.0,79.0,71.0,79.0,#2,77.0,75.0,73.0,70.0,76.0,61.0,63.0,75.0,58.0,62.0,51.0,66.0
54.0,43.0,57.0,52.0,58.0,63.0,86.0,79.0,58.0,62.0,40.0,57.0,55.0,49.0,72.0,84.0,77.0,70.0,49.0,77.0,70.0,58.0,51.0,81.0,109.0,129.0,66.0,28.0,85.0,101.0,106.0,121.0,82.0,63.0,#2,29.0,24.0,38.0,35.0,32.0,72.0,88.0,112.0,105.0,139.0,136.0,158.0,160.0,147.0,152.0,165.0,167.0,160.0,151.0,157.0,164.0,159.0,146.0,156.0,163.0,167.0,173.0,177.0,#2,181.0,187.0,181.0,159.0,137.0,153.0,172.0,175.0,172.0,135.0,88.0,103.0,110.0,93.0,90.0,86.0,84.0,80.0,75.0,80.0,72.0,64.0,73.0,76.0,72.0,86.0,81.0,76.0,75.0,70.0,69.0,67.0,66.0,75.0,68.0,76.0,71.0,60.0,84.0,64.0
31.0,41.0,63.0,59.0,40.0,65.0,80.0,43.0,65.0,48.0,68.0,53.0,62.0,37.0,45.0,57.0,80.0,57.0,80.0,108.0,59.0,68.0,67.0,85.0,75.0,73.0,85.0,95.0,98.0,99.0,94.0,93.0,#2,68.0,60.0,63.0,60.0,46.0,57.0,142.0,115.0,127.0,122.0,#2,134.0,152.0,150.0,151.0,148.0,145.0,163.0,167.0,165.0,154.0,156.0,161.0,167.0,156.0,155.0,161.0,165.0,171.0,177.0,179.0,177.0,182.0,178.0,144.0,128.0,172.0,174.0,164.0,167.0,112.0,86.0,78.0,88.0,101.0,90.0,60.0,59.0,63.0,69.0,68.0,65.0,61.0,#2,82.0,81.0,92.0,93.0,90.0,80.0,75.0,71.0,88.0,85.0,86.0,83.0,84.0,74.0,46.0,41.0,70.0
28.0,27.0,51.0,42.0,33.0,43.0,51.0,72.0,71.0,60.0,64.0,58.0,43.0,#2,62.0,69.0,46.0,70.0,66.0,80.0,61.0,60.0,65.0,88.0,84.0,70.0,77.0,72.0,91.0,92.0,96.0,147.0,119.0,94.0,72.0,75.0,63.0,86.0,134.0,107.0,120.0,125.0,134.0,133.0,147.0,141.0,155.0,152.0,160.0,145.0,158.0,162.0,161.0,156.0,155.0,159.0,161.0,158.0,156.0,160.0,168.0,174.0,#2,177.0,176.0,184.0,177.0,129.0,151.0,158.0,165.0,170.0,169.0,133.0,73.0,81.0,78.0,92.0,81.0,79.0,56.0,57.0,#2,46.0,59.0,68.0,84.0,62.0,100.0,91.0,69.0,#2,101.0,76.0,67.0,78.0,66.0,71.0,52.0,74.0,99.0,63.0,66.0,77.0
39.0,35.0,55.0,64.0,76.0,56.0,58.0,66.0,87.0,79.0,54.0,57.0,38.0,42.0,45.0,67.0,31.0,56.0,44.0,46.0,65.0,70.0,63.0,82.0,98.0,74.0,#2,72.0,66.0,111.0,76.0,126.0,118.0,126.0,133.0,129.0,116.0,118.0,136.0,105.0,112.0,116.0,133.0,132.0,131.0,145.0,146.0,157.0,161.0,148.0,158.0,162.0,161.0,158.0,157.0,159.0,164.0,160.0,161.0,164.0,169.0,176.0,#2,174.0,176.0,179.0,185.0,111.0,131.0,156.0,164.0,167.0,171.0,129.0,90.0,84.0,191.0,61.0,51.0,89.0,67.0,80.0,73.0,86.0,#2,73.0,102.0,88.0,110.0,80.0,79.0,75.0,60.0,59.0,67.0,43.0,59.0,55.0,23.0,28.0,59.0,71.0,68.0,87.0
43.0,60.0,61.0,76.0,74.0,40.0,60.0,50.0,69.0,79.0,76.0,79.0,56.0,62.0,66.0,57.0,51.0,53.0,79.0,74.0,83.0,87.0,61.0,20.0,19.0,101.0,130.0,110.0,95.0,33.0,169.0,139.0,125.0,124.0,122.0,127.0,118.0,109.0,114.0,117.0,123.0,124.0,134.0,135.0,137.0,146.0,149.0,158.0,160.0,147.0,158.0,162.0,161.0,163.0,#2,160.0,165.0,164.0,165.0,167.0,#2,172.0,167.0,169.0,173.0,174.0,179.0,97.0,123.0,152.0,162.0,161.0,175.0,105.0,99.0,97.0,174.0,76.0,67.0,63.0,69.0,93.0,107.0,88.0,69.0,59.0,66.0,78.0,76.0,98.0,114.0,80.0,64.0,50.0,48.0,54.0,68.0,65.0,59.0,60.0,64.0,42.0,54.0,59.0
35.0,44.0,36.0,82.0,48.0,54.0,40.0,54.0,72.0,102.0,61.0,96.0,92.0,70.0,67.0,72.0,51.0,84.0,64.0,50.0,93.0,59.0,69.0,52.0,17.0,31.0,57.0,97.0,72.0,80.0,157.0,126.0,114.0,117.0,120.0,129.0,115.0,98.0,109.0,121.0,135.0,124.0,117.0,#2,131.0,148.0,158.0,163.0,159.0,140.0,158.0,162.0,161.0,166.0,162.0,160.0,163.0,#2,165.0,170.0,174.0,169.0,162.0,165.0,172.0,171.0,154.0,103.0,142.0,148.0,160.0,157.0,178.0,117.0,102.0,117.0,126.0,87.0,95.0,72.0,96.0,88.0,82.0,67.0,70.0,52.0,61.0,59.0,65.0,83.0,95.0,70.0,83.0,89.0,103.0,86.0,73.0,68.0,53.0,40.0,53.0,49.0,#2,42.0
34.0,59.0,48.0,62.0,71.0,103.0,67.0,73.0,52.0,42.0,71.0,67.0,72.0,74.0,77.0,92.0,87.0,62.0,68.0,47.0,46.0,33.0,49.0,79.0,26.0,27.0,#2,53.0,92.0,79.0,151.0,131.0,124.0,127.0,120.0,121.0,123.0,94.0,96.0,138.0,137.0,120.0,115.0,124.0,137.0,142.0,162.0,171.0,151.0,147.0,153.0,157.0,165.0,170.0,167.0,168.0,174.0,164.0,165.0,170.0,173.0,172.0,#2,167.0,170.0,169.0,109.0,114.0,147.0,154.0,158.0,151.0,181.0,117.0,103.0,62.0,108.0,61.0,69.0,76.0,74.0,61.0,63.0,80.0,82.0,70.0,69.0,63.0,67.0,64.0,68.0,54.0,70.0,64.0,65.0,72.0,82.0,122.0,81.0,68.0,#2,59.0,40.0,94.0
46.0,34.0,40.0,46.0,53.0,60.0,53.0,37.0,29.0,36.0,50.0,52.0,68.0,69.0,#2,88.0,112.0,89.0,71.0,76.0,53.0,66.0,63.0,69.0,53.0,30.0,19.0,29.0,58.0,86.0,124.0,116.0,111.0,122.0,126.0,130.0,137.0,115.0,83.0,136.0,127.0,117.0,134.0,133.0,137.0,144.0,160.0,170.0,152.0,149.0,161.0,164.0,170.0,#2,175.0,#2,171.0,164.0,166.0,174.0,167.0,162.0,163.0,165.0,169.0,173.0,91.0,121.0,143.0,145.0,158.0,164.0,185.0,113.0,116.0,100.0,117.0,94.0,79.0,93.0,92.0,76.0,74.0,45.0,68.0,73.0,88.0,83.0,61.0,63.0,44.0,87.0,70.0,74.0,46.0,67.0,47.0,91.0,77.0,67.0,64.0,61.0,48.0,67.0
26.0,37.0,39.0,64.0,58.0,64.0,76.0,79.0,70.0,88.0,80.0,101.0,65.0,69.0,51.0,#2,49.0,44.0,67.0,32.0,#2,37.0,#2,33.0,52.0,71.0,105.0,125.0,74.0,63.0,61.0,85.0,#3,70.0,111.0,131.0,134.0,90.0,129.0,135.0,124.0,130.0,135.0,147.0,149.0,158.0,169.0,#2,153.0,169.0,171.0,174.0,184.0,178.0,172.0,164.0,162.0,171.0,167.0,159.0,152.0,155.0,162.0,165.0,162.0,66.0,128.0,141.0,142.0,161.0,171.0,159.0,96.0,109.0,104.0,102.0,88.0,82.0,107.0,110.0,95.0,87.0,95.0,87.0,77.0,98.0,74.0,76.0,92.0,82.0,58.0,65.0,70.0,90.0,74.0,77.0,86.0,112.0,49.0,78.0,73.0,61.0,55.0
37.0,26.0,67.0,39.0,64.0,70.0,51.0,60.0,46.0,79.0,67.0,89.0,103.0,90.0,83.0,94.0,87.0,63.0,80.0,72.0,57.0,62.0,60.0,65.0,73.0,66.0,85.0,160.0,68.0,94.0,92.0,139.0,116.0,106.0,104.0,92.0,115.0,127.0,94.0,108.0,145.0,121.0,124.0,137.0,143.0,153.0,156.0,168.0,155.0,156.0,170.0,171.0,173.0,174.0,178.0,170.0,164.0,#2,162.0,158.0,153.0,150.0,148.0,166.0,160.0,136.0,50.0,131.0,144.0,153.0,166.0,160.0,105.0,77.0,99.0,97.0,90.0,129.0,102.0,68.0,89.0,93.0,96.0,98.0,67.0,86.0,80.0,92.0,88.0,100.0,92.0,77.0,101.0,67.0,63.0,53.0,71.0,83.0,129.0,97.0,79.0,72.0,83.0,59.0
62.0,41.0,27.0,38.0,40.0,45.0,58.0,69.0,46.0,36.0,66.0,90.0,67.0,71.0,73.0,63.0,93.0,69.0,93.0,81.0,97.0,90.0,60.0,68.0,63.0,82.0,81.0,58.0,99.0,61.0,87.0,133.0,142.0,127.0,102.0,99.0,107.0,106.0,102.0,95.0,139.0,#2,121.0,138.0,141.0,144.0,159.0,#2,160.0,161.0,172.0,173.0,166.0,#2,175.0,166.0,165.0,154.0,160.0,#2,155.0,157.0,161.0,156.0,157.0,98.0,46.0,129.0,151.0,155.0,160.0,164.0,48.0,35.0,60.0,55.0,80.0,73.0,#2,90.0,62.0,95.0,70.0,94.0,95.0,89.0,80.0,#2,55.0,54.0,43.0,83.0,73.0,89.0,61.0,46.0,51.0,74.0,84.0,62.0,64.0,52.0,69.0,65.0
32.0,53.0,30.0,65.0,71.0,60.0,64.0,68.0,66.0,76.0,68.0,51.0,43.0,46.0,52.0,57.0,79.0,97.0,75.0,83.0,121.0,80.0,78.0,100.0,79.0,90.0,100.0,68.0,60.0,68.0,76.0,70.0,139.0,108.0,110.0,100.0,104.0,106.0,102.0,121.0,118.0,101.0,119.0,124.0,131.0,138.0,146.0,149.0,155.0,159.0,164.0,169.0,165.0,171.0,175.0,166.0,164.0,158.0,157.0,146.0,152.0,158.0,146.0,149.0,138.0,63.0,57.0,121.0,149.0,165.0,168.0,177.0,54.0,65.0,54.0,61.0,62.0,81.0,78.0,95.0,98.0,55.0,25.0,73.0,42.0,46.0,57.0,81.0,70.0,63.0,59.0,114.0,4.0,31.0,79.0,72.0,67.0,63.0,56.0,41.0,50.0,26.0,57.0,45.0
44.0,41.0,40.0,36.0,56.0,110.0,64.0,56.0,70.0,65.0,49.0,47.0,65.0,38.0,37.0,65.0,92.0,78.0,108.0,74.0,79.0,121.0,100.0,61.0,59.0,35.0,42.0,78.0,76.0,88.0,57.0,46.0,69.0,137.0,116.0,104.0,103.0,118.0,117.0,109.0,103.0,111.0,113.0,118.0,128.0,136.0,141.0,145.0,153.0,159.0,162.0,169.0,171.0,#2,181.0,163.0,161.0,157.0,150.0,143.0,146.0,151.0,131.0,130.0,105.0,49.0,55.0,119.0,154.0,167.0,166.0,183.0,57.0,46.0,89.0,74.0,36.0,48.0,94.0,81.0,108.0,106.0,116.0,64.0,96.0,90.0,37.0,75.0,83.0,94.0,99.0,69.0,45.0,47.0,55.0,68.0,44.0,70.0,44.0,31.0,71.0,54.0,75.0,57.0
64.0,47.0,72.0,55.0,73.0,43.0,45.0,61.0,48.0,82.0,71.0,60.0,78.0,47.0,48.0,42.0,53.0,41.0,80.0,34.0,37.0,74.0,65.0,58.0,78.0,77.0,69.0,61.0,74.0,75.0,87.0,44.0,124.0,128.0,83.0,87.0,86.0,118.0,126.0,112.0,118.0,112.0,110.0,112.0,117.0,122.0,134.0,135.0,138.0,140.0,148.0,158.0,169.0,185.0,165.0,158.0,159.0,151.0,148.0,140.0,132.0,140.0,134.0,113.0,79.0,51.0,70.0,107.0,159.0,181.0,171.0,197.0,80.0,72.0,56.0,51.0,85.0,70.0,83.0,135.0,95.0,78.0,98.0,73.0,86.0,114.0,106.0,64.0,49.0,45.0,44.0,57.0,96.0,84.0,59.0,38.0,68.0,82.0,85.0,82.0,42.0,34.0,72.0,83.0
50.0,43.0,76.0,40.0,74.0,60.0,67.0,37.0,51.0,73.0,56.0,49.0,52.0,72.0,47.0,45.0,65.0,45.0,108.0,84.0,51.0,57.0,141.0,66.0,67.0,80.0,91.0,90.0,101.0,82.0,81.0,89.0,149.0,89.0,71.0,64.0,56.0,107.0,#2,128.0,108.0,105.0,111.0,105.0,107.0,108.0,114.0,#2,128.0,117.0,148.0,154.0,165.0,181.0,175.0,154.0,147.0,144.0,140.0,133.0,121.0,133.0,113.0,77.0,47.0,23.0,76.0,106.0,154.0,177.0,163.0,178.0,80.0,74.0,59.0,#2,48.0,36.0,98.0,45.0,75.0,70.0,86.0,76.0,47.0,43.0,54.0,#2,88.0,46.0,40.0,34.0,36.0,48.0,72.0,75.0,79.0,64.0,51.0,28.0,31.0,42.0,63.0,64.0
48.0,43.0,63.0,52.0,69.0,49.0,33.0,38.0,69.0,60.0,67.0,48.0,57.0,74.0,#2,71.0,86.0,79.0,96.0,67.0,74.0,77.0,109.0,68.0,60.0,68.0,78.0,60.0,48.0,59.0,66.0,162.0,116.0,91.0,65.0,66.0,57.0,74.0,118.0,116.0,118.0,116.0,120.0,115.0,112.0,103.0,#2,98.0,93.0,94.0,#2,171.0,184.0,185.0,182.0,158.0,142.0,134.0,131.0,126.0,127.0,105.0,92.0,39.0,25.0,71.0,103.0,101.0,179.0,172.0,#2,171.0,92.0,55.0,49.0,77.0,65.0,70.0,102.0,47.0,#2,62.0,20.0,36.0,128.0,84.0,67.0,70.0,65.0,132.0,89.0,66.0,84.0,47.0,63.0,92.0,63.0,80.0,72.0,41.0,33.0,47.0,28.0,19.0
40.0,51.0,47.0,58.0,67.0,73.0,76.0,85.0,76.0,68.0,39.0,57.0,74.0,77.0,53.0,39.0,47.0,44.0,61.0,68.0,77.0,53.0,82.0,70.0,81.0,76.0,70.0,76.0,74.0,48.0,158.0,149.0,127.0,126.0,95.0,65.0,47.0,68.0,#2,104.0,120.0,130.0,128.0,125.0,119.0,110.0,95.0,97.0,88.0,144.0,166.0,174.0,183.0,186.0,188.0,160.0,128.0,116.0,115.0,112.0,115.0,87.0,43.0,14.0,8.0,13.0,48.0,122.0,167.0,182.0,165.0,179.0,94.0,64.0,#2,78.0,69.0,87.0,90.0,103.0,104.0,87.0,85.0,98.0,168.0,78.0,88.0,84.0,83.0,84.0,71.0,60.0,72.0,81.0,70.0,92.0,46.0,34.0,58.0,74.0,34.0,14.0,42.0,46.0
22.0,39.0,79.0,55.0,54.0,70.0,97.0,93.0,89.0,77.0,95.0,94.0,78.0,61.0,64.0,53.0,48.0,63.0,64.0,52.0,74.0,106.0,113.0,82.0,87.0,65.0,51.0,36.0,29.0,126.0,162.0,158.0,132.0,151.0,141.0,118.0,68.0,44.0,91.0,101.0,120.0,128.0,130.0,125.0,121.0,113.0,111.0,100.0,160.0,165.0,162.0,163.0,177.0,181.0,187.0,155.0,110.0,102.0,#2,101.0,68.0,62.0,25.0,10.0,7.0,6.0,26.0,106.0,148.0,183.0,167.0,178.0,102.0,71.0,96.0,86.0,62.0,76.0,69.0,71.0,58.0,107.0,80.0,98.0,152.0,90.0,83.0,89.0,101.0,112.0,87.0,69.0,80.0,110.0,88.0,104.0,41.0,44.0,18.0,19.0,33.0,53.0,65.0,45.0
37.0,42.0,69.0,51.0,43.0,49.0,18.0,41.0,55.0,75.0,82.0,99.0,69.0,93.0,59.0,67.0,76.0,102.0,97.0,74.0,69.0,82.0,110.0,116.0,126.0,90.0,80.0,71.0,53.0,164.0,158.0,152.0,155.0,157.0,156.0,138.0,84.0,49.0,79.0,105.0,115.0,134.0,137.0,119.0,114.0,89.0,108.0,170.0,155.0,161.0,151.0,155.0,177.0,173.0,169.0,153.0,73.0,75.0,63.0,86.0,69.0,82.0,69.0,20.0,14.0,16.0,23.0,112.0,156.0,176.0,189.0,142.0,134.0,70.0,71.0,75.0,68.0,71.0,82.0,86.0,100.0,125.0,74.0,104.0,86.0,56.0,76.0,55.0,#3,68.0,90.0,105.0,69.0,132.0,87.0,104.0,85.0,55.0,71.0,53.0,28.0,24.0,33.0
38.0,42.0,31.0,44.0,#2,38.0,44.0,55.0,58.0,65.0,46.0,37.0,75.0,89.0,73.0,110.0,115.0,82.0,84.0,75.0,112.0,72.0,45.0,93.0,102.0,85.0,81.0,61.0,74.0,#2,149.0,161.0,156.0,155.0,162.0,154.0,110.0,#2,96.0,92.0,142.0,151.0,130.0,111.0,97.0,115.0,167.0,159.0,156.0,155.0,148.0,#2,158.0,135.0,144.0,90.0,31.0,48.0,78.0,63.0,67.0,73.0,59.0,36.0,58.0,70.0,82.0,142.0,175.0,183.0,159.0,147.0,131.0,16.0,39.0,48.0,24.0,51.0,50.0,51.0,80.0,37.0,119.0,98.0,95.0,48.0,31.0,49.0,32.0,25.0,40.0,67.0,78.0,46.0,71.0,83.0,57.0,33.0,58.0,36.0,68.0,37.0,40.0,24.0
#2,54.0,46.0,56.0,37.0,40.0,45.0,61.0,57.0,49.0,45.0,78.0,102.0,62.0,77.0,57.0,66.0,63.0,88.0,74.0,63.0,59.0,39.0,31.0,28.0,40.0,85.0,80.0,64.0,141.0,127.0,139.0,144.0,146.0,140.0,149.0,121.0,96.0,136.0,154.0,151.0,145.0,127.0,88.0,141.0,174.0,154.0,165.0,152.0,151.0,144.0,108.0,80.0,61.0,38.0,28.0,27.0,31.0,32.0,51.0,47.0,107.0,96.0,99.0,184.0,173.0,179.0,156.0,176.0,174.0,179.0,130.0,177.0,49.0,60.0,49.0,64.0,83.0,94.0,119.0,94.0,135.0,84.0,63.0,67.0,81.0,60.0,39.0,43.0,53.0,46.0,32.0,72.0,#2,87.0,98.0,95.0,82.0,78.0,101.0,70.0,#2,41.0,50.0
48.0,56.0,62.0,85.0,91.0,43.0,36.0,68.0,70.0,65.0,74.0,39.0,52.0,80.0,73.0,70.0,42.0,#2,41.0,47.0,91.0,87.0,41.0,55.0,42.0,45.0,#3,76.0,107.0,121.0,104.0,99.0,105.0,123.0,127.0,102.0,99.0,64.0,88.0,#2,98.0,89.0,158.0,179.0,172.0,157.0,142.0,141.0,126.0,60.0,#3,55.0,64.0,50.0,25.0,18.0,44.0,48.0,125.0,130.0,74.0,76.0,181.0,192.0,168.0,149.0,143.0,159.0,73.0,62.0,105.0,140.0,81.0,78.0,82.0,76.0,73.0,131.0,81.0,76.0,112.0,91.0,66.0,112.0,74.0,85.0,69.0,73.0,55.0,49.0,40.0,#3,56.0,55.0,68.0,75.0,87.0,91.0,80.0,63.0,71.0
50.0,66.0,87.0,83.0,64.0,54.0,57.0,69.0,70.0,40.0,64.0,56.0,53.0,55.0,75.0,16.0,26.0,39.0,62.0,55.0,87.0,73.0,67.0,69.0,80.0,61.0,49.0,44.0,82.0,65.0,79.0,71.0,56.0,41.0,66.0,78.0,71.0,38.0,43.0,36.0,70.0,64.0,157.0,166.0,178.0,159.0,134.0,151.0,108.0,70.0,57.0,#2,91.0,66.0,93.0,81.0,92.0,24.0,36.0,48.0,97.0,132.0,126.0,96.0,157.0,162.0,134.0,111.0,76.0,92.0,82.0,67.0,107.0,109.0,58.0,50.0,53.0,80.0,73.0,56.0,88.0,92.0,71.0,101.0,107.0,99.0,56.0,85.0,84.0,66.0,37.0,39.0,59.0,49.0,32.0,41.0,#2,44.0,#2,58.0,42.0,57.0,76.0,82.0
40.0,63.0,62.0,38.0,46.0,43.0,29.0,45.0,73.0,50.0,67.0,59.0,52.0,56.0,52.0,28.0,66.0,56.0,34.0,38.0,45.0,56.0,70.0,74.0,55.0,45.0,63.0,45.0,40.0,37.0,55.0,51.0,41.0,24.0,35.0,36.0,39.0,34.0,33.0,17.0,34.0,95.0,154.0,164.0,151.0,137.0,118.0,#2,116.0,151.0,139.0,71.0,118.0,108.0,72.0,84.0,69.0,25.0,45.0,140.0,109.0,90.0,157.0,161.0,146.0,145.0,108.0,32.0,38.0,79.0,69.0,44.0,55.0,68.0,84.0,90.0,91.0,76.0,83.0,74.0,91.0,89.0,97.0,80.0,103.0,85.0,82.0,74.0,77.0,69.0,68.0,79.0,89.0,78.0,49.0,38.0,34.0,32.0,42.0,63.0,45.0,34.0,30.0,16.0
52.0,61.0,74.0,60.0,71.0,53.0,52.0,56.0,60.0,48.0,34.0,26.0,44.0,45.0,52.0,62.0,60.0,43.0,40.0,41.0,40.0,34.0,77.0,96.0,93.0,82.0,61.0,50.0,33.0,44.0,36.0,60.0,58.0,52.0,67.0,44.0,56.0,53.0,34.0,32.0,16.0,152.0,150.0,164.0,134.0,137.0,144.0,161.0,135.0,173.0,159.0,121.0,146.0,137.0,91.0,65.0,43.0,52.0,81.0,70.0,76.0,48.0,114.0,138.0,105.0,59.0,78.0,57.0,50.0,59.0,104.0,50.0,75.0,89.0,91.0,92.0,79.0,74.0,77.0,76.0,112.0,132.0,74.0,81.0,119.0,108.0,94.0,68.0,86.0,96.0,101.0,70.0,57.0,62.0,#2,60.0,39.0,44.0,37.0,50.0,38.0,43.0,38.0,46.0
71.0,42.0,30.0,33.0,35.0,59.0,#2,69.0,57.0,101.0,103.0,62.0,90.0,86.0,37.0,55.0,68.0,63.0,41.0,37.0,39.0,92.0,107.0,47.0,94.0,65.0,42.0,71.0,55.0,35.0,60.0,66.0,57.0,48.0,72.0,52.0,49.0,59.0,49.0,30.0,53.0,155.0,153.0,163.0,161.0,167.0,176.0,170.0,149.0,#2,163.0,137.0,133.0,#2,94.0,42.0,87.0,80.0,67.0,72.0,63.0,75.0,67.0,115.0,78.0,36.0,#2,64.0,53.0,68.0,33.0,55.0,59.0,51.0,86.0,96.0,84.0,#2,87.0,69.0,62.0,54.0,71.0,64.0,73.0,70.0,56.0,42.0,86.0,75.0,85.0,99.0,113.0,76.0,74.0,78.0,80.0,61.0,82.0,56.0,38.0,50.0,41.0,16.0
36.0,44.0,43.0,51.0,48.0,62.0,51.0,44.0,48.0,#2,54.0,70.0,71.0,69.0,82.0,42.0,52.0,63.0,71.0,60.0,40.0,79.0,45.0,44.0,46.0,69.0,79.0,70.0,71.0,63.0,38.0,58.0,70.0,49.0,70.0,54.0,50.0,59.0,62.0,46.0,38.0,#2,152.0,161.0,169.0,165.0,148.0,165.0,128.0,133.0,116.0,95.0,76.0,53.0,44.0,42.0,54.0,78.0,101.0,62.0,61.0,84.0,89.0,66.0,68.0,67.0,102.0,91.0,42.0,78.0,70.0,83.0,105.0,80.0,91.0,73.0,63.0,67.0,82.0,109.0,99.0,103.0,102.0,109.0,88.0,80.0,85.0,56.0,39.0,66.0,37.0,86.0,88.0,70.0,57.0,65.0,54.0,26.0,32.0,37.0,63.0,47.0,44.0,36.0
33.0,50.0,63.0,55.0,57.0,61.0,47.0,31.0,30.0,36.0,48.0,53.0,52.0,37.0,52.0,68.0,61.0,48.0,70.0,57.0,42.0,40.0,74.0,64.0,52.0,57.0,45.0,51.0,#2,45.0,56.0,82.0,54.0,66.0,61.0,54.0,62.0,66.0,89.0,49.0,42.0,127.0,142.0,139.0,#2,134.0,149.0,108.0,158.0,118.0,98.0,58.0,54.0,45.0,74.0,82.0,62.0,87.0,63.0,70.0,60.0,68.0,65.0,61.0,53.0,69.0,42.0,79.0,76.0,58.0,53.0,85.0,44.0,41.0,67.0,102.0,86.0,69.0,59.0,84.0,86.0,88.0,61.0,85.0,74.0,35.0,81.0,51.0,45.0,64.0,57.0,66.0,81.0,71.0,50.0,51.0,32.0,12.0,23.0,31.0,44.0,50.0,60.0,81.0
35.0,30.0,#2,57.0,59.0,42.0,65.0,27.0,31.0,46.0,34.0,57.0,59.0,57.0,67.0,57.0,56.0,55.0,98.0,78.0,64.0,53.0,58.0,46.0,77.0,70.0,67.0,62.0,47.0,43.0,57.0,55.0,56.0,53.0,63.0,76.0,54.0,53.0,74.0,65.0,52.0,126.0,112.0,93.0,51.0,78.0,92.0,87.0,75.0,70.0,#2,68.0,82.0,88.0,82.0,72.0,73.0,79.0,101.0,63.0,56.0,50.0,88.0,90.0,55.0,73.0,105.0,62.0,85.0,86.0,74.0,56.0,115.0,23.0,70.0,108.0,105.0,83.0,75.0,79.0,46.0,72.0,82.0,94.0,87.0,98.0,120.0,96.0,106.0,58.0,61.0,65.0,#2,77.0,90.0,67.0,80.0,37.0,26.0,48.0,58.0,78.0,57.0,38.0
57.0,52.0,58.0,39.0,31.0,25.0,48.0,41.0,38.0,36.0,26.0,57.0,53.0,56.0,32.0,35.0,60.0,66.0,46.0,71.0,81.0,59.0,43.0,44.0,#2,47.0,55.0,62.0,70.0,64.0,43.0,49.0,59.0,79.0,38.0,33.0,64.0,#2,48.0,65.0,86.0,110.0,51.0,54.0,60.0,58.0,75.0,66.0,82.0,71.0,92.0,75.0,64.0,78.0,75.0,90.0,73.0,85.0,55.0,49.0,41.0,#2,52.0,57.0,102.0,4.0,68.0,69.0,85.0,94.0,96.0,89.0,138.0,88.0,71.0,66.0,113.0,50.0,80.0,114.0,155.0,104.0,94.0,63.0,51.0,55.0,83.0,74.0,85.0,106.0,80.0,#2,66.0,94.0,103.0,75.0,48.0,54.0,69.0,66.0,52.0,48.0,50.0,47.0
35.0,42.0,20.0,36.0,43.0,47.0,73.0,77.0,63.0,38.0,39.0,36.0,44.0,24.0,58.0,53.0,46.0,62.0,60.0,41.0,92.0,21.0,19.0,52.0,56.0,50.0,64.0,68.0,60.0,74.0,60.0,77.0,64.0,60.0,69.0,116.0,64.0,81.0,74.0,64.0,89.0,71.0,87.0,65.0,55.0,63.0,68.0,57.0,56.0,72.0,63.0,40.0,32.0,71.0,77.0,92.0,88.0,62.0,19.0,20.0,52.0,73.0,80.0,58.0,37.0,73.0,0.0,71.0,59.0,82.0,50.0,92.0,122.0,93.0,65.0,83.0,128.0,84.0,54.0,56.0,48.0,105.0,47.0,50.0,55.0,65.0,73.0,63.0,58.0,152.0,71.0,#2,74.0,69.0,90.0,74.0,76.0,73.0,104.0,123.0,126.0,86.0,67.0,110.0
47.0,26.0,37.0,56.0,64.0,52.0,49.0,57.0,52.0,#2,44.0,39.0,45.0,47.0,72.0,80.0,82.0,64.0,45.0,50.0,67.0,68.0,52.0,64.0,71.0,50.0,60.0,77.0,46.0,37.0,45.0,52.0,65.0,50.0,49.0,39.0,60.0,70.0,39.0,60.0,75.0,80.0,52.0,41.0,28.0,29.0,52.0,44.0,63.0,56.0,16.0,23.0,57.0,59.0,77.0,59.0,69.0,66.0,59.0,57.0,61.0,#2,70.0,39.0,38.0,46.0,65.0,23.0,69.0,43.0,57.0,93.0,94.0,74.0,59.0,41.0,54.0,63.0,45.0,20.0,78.0,61.0,100.0,67.0,49.0,24.0,71.0,70.0,72.0,80.0,72.0,59.0,88.0,89.0,84.0,107.0,90.0,55.0,45.0,51.0,55.0,44.0,70.0,71.0
43.0,60.0,45.0,42.0,85.0,53.0,73.0,78.0,42.0,44.0,64.0,61.0,49.0,57.0,75.0,79.0,89.0,87.0,81.0,56.0,77.0,37.0,48.0,64.0,65.0,64.0,117.0,48.0,67.0,61.0,58.0,28.0,45.0,47.0,21.0,35.0,30.0,77.0,70.0,56.0,71.0,63.0,80.0,98.0,38.0,41.0,83.0,19.0,33.0,60.0,64.0,63.0,52.0,67.0,98.0,64.0,53.0,49.0,72.0,66.0,71.0,60.0,32.0,45.0,#2,52.0,38.0,68.0,46.0,68.0,49.0,40.0,65.0,22.0,46.0,59.0,42.0,63.0,80.0,92.0,77.0,95.0,48.0,50.0,35.0,60.0,64.0,57.0,81.0,59.0,43.0,35.0,45.0,53.0,50.0,40.0,50.0,45.0,43.0,36.0,73.0,47.0,76.0,99.0
16.0,53.0,55.0,59.0,88.0,61.0,44.0,60.0,43.0,30.0,107.0,49.0,61.0,55.0,67.0,65.0,#2,60.0,38.0,51.0,63.0,77.0,62.0,61.0,46.0,79.0,38.0,61.0,44.0,76.0,91.0,69.0,54.0,43.0,49.0,60.0,63.0,74.0,66.0,46.0,36.0,49.0,25.0,17.0,37.0,33.0,88.0,61.0,70.0,46.0,65.0,42.0,50.0,46.0,62.0,77.0,34.0,37.0,27.0,67.0,71.0,95.0,69.0,60.0,49.0,43.0,34.0,86.0,65.0,23.0,86.0,50.0,6.0,11.0,9.0,37.0,80.0,98.0,97.0,83.0,50.0,41.0,52.0,30.0,43.0,44.0,39.0,58.0,64.0,33.0,56.0,33.0,32.0,63.0,67.0,44.0,50.0,29.0,50.0,33.0,54.0,78.0,53.0,38.0
