42.0,84.0,29.0,133.0,152.0,135.0,69.0,0.0,148.0,39.0,79.0,43.0,142.0,154.0,138.0,52.0,79.0,34.0,114.0,153.0,22.0,75.0,159.0,40.0,19.0,42.0,28.0,34.0,35.0,#2,36.0,35.0,37.0,38.0,#5,39.0,40.0,#4,39.0,#3,40.0,37.0,45.0,0.0,196.0,205.0,201.0,213.0,203.0,202.0,91.0,152.0,143.0,170.0,71.0,62.0,83.0,85.0,147.0,108.0,74.0,111.0,102.0,156.0,132.0,109.0,152.0,#2,61.0,73.0,51.0,89.0,30.0,64.0,21.0,102.0,146.0,84.0,140.0,104.0,88.0,131.0,157.0,154.0,84.0,147.0,113.0,133.0,117.0,106.0,123.0
39.0,105.0,9.0,136.0,143.0,121.0,80.0,131.0,117.0,32.0,14.0,142.0,154.0,136.0,129.0,115.0,89.0,132.0,121.0,58.0,81.0,104.0,71.0,61.0,27.0,40.0,28.0,#2,38.0,39.0,40.0,35.0,#3,36.0,#5,37.0,38.0,#3,40.0,#3,43.0,44.0,43.0,16.0,217.0,204.0,212.0,210.0,208.0,211.0,111.0,146.0,133.0,141.0,132.0,152.0,157.0,#2,160.0,139.0,152.0,145.0,153.0,141.0,155.0,158.0,162.0,166.0,157.0,136.0,#2,139.0,150.0,140.0,145.0,139.0,146.0,150.0,139.0,136.0,142.0,146.0,140.0,144.0,56.0,160.0,147.0,135.0,163.0,124.0,98.0
31.0,36.0,38.0,29.0,37.0,32.0,40.0,21.0,18.0,32.0,28.0,12.0,37.0,35.0,33.0,15.0,35.0,23.0,20.0,55.0,49.0,35.0,57.0,39.0,55.0,45.0,50.0,#2,57.0,58.0,59.0,48.0,49.0,#2,57.0,#6,58.0,60.0,#2,62.0,#3,58.0,63.0,58.0,19.0,217.0,213.0,210.0,195.0,210.0,195.0,97.0,152.0,162.0,150.0,154.0,147.0,162.0,144.0,134.0,135.0,163.0,148.0,155.0,160.0,153.0,143.0,157.0,147.0,140.0,149.0,147.0,136.0,131.0,142.0,149.0,160.0,156.0,159.0,148.0,154.0,156.0,165.0,161.0,163.0,114.0,171.0,137.0,134.0,155.0,169.0,123.0
47.0,#2,46.0,55.0,48.0,#2,52.0,48.0,64.0,60.0,40.0,61.0,47.0,51.0,65.0,58.0,56.0,59.0,56.0,54.0,41.0,48.0,#2,52.0,51.0,46.0,49.0,#2,53.0,54.0,49.0,54.0,55.0,56.0,53.0,#7,54.0,53.0,#4,55.0,49.0,62.0,31.0,215.0,141.0,114.0,126.0,180.0,204.0,102.0,121.0,107.0,146.0,145.0,154.0,148.0,138.0,151.0,153.0,159.0,144.0,145.0,132.0,137.0,148.0,152.0,144.0,145.0,153.0,148.0,149.0,144.0,148.0,154.0,150.0,152.0,158.0,161.0,151.0,147.0,161.0,164.0,169.0,131.0,149.0,140.0,145.0,150.0,144.0,137.0
#2,52.0,#2,50.0,57.0,53.0,52.0,43.0,59.0,53.0,38.0,57.0,58.0,61.0,51.0,63.0,43.0,42.0,55.0,62.0,48.0,55.0,38.0,50.0,41.0,60.0,54.0,49.0,46.0,55.0,61.0,64.0,63.0,55.0,54.0,43.0,42.0,59.0,#2,50.0,57.0,68.0,62.0,64.0,53.0,58.0,61.0,53.0,58.0,44.0,212.0,132.0,70.0,131.0,115.0,226.0,117.0,140.0,27.0,155.0,140.0,137.0,140.0,149.0,147.0,133.0,161.0,146.0,155.0,126.0,152.0,146.0,145.0,158.0,148.0,135.0,131.0,117.0,122.0,143.0,#2,145.0,#2,141.0,146.0,152.0,158.0,138.0,142.0,148.0,137.0,157.0,133.0,139.0,128.0,124.0,117.0
#2,48.0,53.0,55.0,58.0,63.0,55.0,44.0,56.0,48.0,38.0,72.0,47.0,41.0,60.0,63.0,43.0,54.0,50.0,57.0,60.0,59.0,70.0,48.0,49.0,50.0,54.0,41.0,36.0,#2,39.0,50.0,22.0,39.0,27.0,38.0,24.0,26.0,22.0,28.0,31.0,53.0,52.0,17.0,47.0,32.0,21.0,43.0,42.0,117.0,72.0,73.0,82.0,72.0,102.0,169.0,109.0,122.0,60.0,144.0,137.0,151.0,146.0,#2,144.0,131.0,151.0,162.0,145.0,105.0,99.0,112.0,125.0,109.0,132.0,136.0,145.0,146.0,144.0,150.0,147.0,151.0,164.0,154.0,153.0,165.0,168.0,166.0,172.0,168.0,138.0,116.0,135.0,143.0,133.0,137.0,139.0
#2,39.0,#2,38.0,45.0,37.0,34.0,21.0,4.0,#2,0.0,5.0,7.0,34.0,33.0,43.0,28.0,45.0,82.0,48.0,101.0,189.0,50.0,230.0,148.0,207.0,191.0,206.0,180.0,135.0,80.0,36.0,#2,45.0,78.0,122.0,185.0,154.0,98.0,45.0,47.0,51.0,79.0,28.0,41.0,33.0,27.0,53.0,50.0,90.0,77.0,74.0,103.0,#2,89.0,92.0,150.0,112.0,55.0,135.0,150.0,147.0,124.0,154.0,150.0,138.0,137.0,#2,116.0,122.0,117.0,111.0,101.0,96.0,77.0,55.0,69.0,65.0,75.0,73.0,23.0,5.0,72.0,73.0,62.0,56.0,84.0,70.0,53.0,59.0,65.0,56.0,43.0,137.0,56.0,80.0,49.0
#2,48.0,#2,45.0,46.0,39.0,43.0,114.0,238.0,198.0,214.0,218.0,213.0,4.0,147.0,52.0,103.0,140.0,45.0,41.0,91.0,56.0,219.0,214.0,72.0,109.0,106.0,78.0,100.0,118.0,85.0,135.0,60.0,80.0,54.0,30.0,61.0,32.0,45.0,65.0,63.0,88.0,86.0,39.0,76.0,#2,73.0,68.0,96.0,49.0,94.0,92.0,77.0,96.0,76.0,69.0,85.0,134.0,58.0,80.0,72.0,60.0,80.0,59.0,74.0,31.0,70.0,102.0,91.0,73.0,70.0,86.0,49.0,61.0,112.0,78.0,#2,75.0,64.0,113.0,57.0,49.0,84.0,46.0,66.0,80.0,66.0,65.0,53.0,68.0,58.0,104.0,33.0,175.0,41.0,65.0,78.0
46.0,40.0,37.0,48.0,26.0,52.0,40.0,44.0,208.0,225.0,218.0,187.0,142.0,19.0,77.0,119.0,125.0,132.0,97.0,#2,69.0,75.0,48.0,99.0,78.0,80.0,73.0,75.0,#2,83.0,61.0,206.0,95.0,60.0,44.0,70.0,40.0,73.0,39.0,47.0,75.0,77.0,84.0,36.0,125.0,62.0,#2,85.0,84.0,77.0,113.0,62.0,80.0,71.0,82.0,93.0,79.0,116.0,33.0,84.0,75.0,72.0,63.0,73.0,69.0,41.0,68.0,118.0,60.0,31.0,45.0,66.0,89.0,79.0,88.0,42.0,72.0,92.0,90.0,163.0,66.0,0.0,240.0,173.0,169.0,75.0,72.0,78.0,49.0,74.0,60.0,98.0,38.0,178.0,47.0,227.0,73.0
84.0,76.0,56.0,73.0,58.0,53.0,103.0,109.0,60.0,71.0,50.0,58.0,70.0,24.0,62.0,93.0,88.0,89.0,75.0,62.0,80.0,77.0,53.0,67.0,56.0,#2,58.0,109.0,90.0,102.0,78.0,189.0,133.0,95.0,114.0,34.0,48.0,41.0,97.0,93.0,57.0,63.0,82.0,42.0,134.0,48.0,82.0,70.0,60.0,55.0,76.0,56.0,71.0,115.0,86.0,143.0,162.0,65.0,18.0,54.0,59.0,87.0,53.0,47.0,109.0,39.0,96.0,31.0,107.0,47.0,2.0,98.0,127.0,126.0,92.0,109.0,57.0,72.0,40.0,127.0,27.0,40.0,190.0,175.0,77.0,93.0,83.0,99.0,64.0,140.0,130.0,221.0,58.0,112.0,193.0,113.0,106.0
58.0,65.0,47.0,46.0,58.0,65.0,74.0,86.0,88.0,102.0,64.0,73.0,68.0,27.0,70.0,75.0,86.0,82.0,79.0,80.0,75.0,74.0,69.0,83.0,74.0,45.0,43.0,63.0,91.0,67.0,71.0,171.0,128.0,140.0,85.0,43.0,50.0,54.0,64.0,107.0,54.0,62.0,79.0,29.0,75.0,37.0,49.0,149.0,56.0,66.0,45.0,169.0,198.0,142.0,84.0,48.0,125.0,80.0,8.0,90.0,137.0,78.0,65.0,128.0,115.0,99.0,83.0,40.0,81.0,95.0,125.0,131.0,98.0,88.0,73.0,55.0,114.0,197.0,131.0,150.0,139.0,56.0,174.0,64.0,126.0,185.0,216.0,120.0,125.0,176.0,224.0,180.0,97.0,47.0,123.0,173.0,96.0
86.0,81.0,67.0,79.0,68.0,85.0,98.0,110.0,87.0,77.0,65.0,#2,84.0,27.0,93.0,102.0,109.0,101.0,95.0,93.0,103.0,98.0,80.0,30.0,130.0,122.0,40.0,75.0,116.0,80.0,120.0,167.0,117.0,#2,84.0,63.0,105.0,48.0,77.0,213.0,190.0,153.0,102.0,40.0,39.0,196.0,142.0,156.0,166.0,155.0,142.0,151.0,71.0,129.0,152.0,101.0,121.0,34.0,25.0,212.0,144.0,149.0,46.0,108.0,23.0,50.0,46.0,65.0,54.0,33.0,162.0,247.0,244.0,126.0,45.0,91.0,189.0,217.0,100.0,111.0,82.0,49.0,183.0,119.0,93.0,160.0,0.0,139.0,175.0,35.0,143.0,8.0,154.0,83.0,59.0,95.0,103.0
84.0,85.0,81.0,72.0,77.0,64.0,96.0,84.0,78.0,60.0,74.0,105.0,94.0,82.0,76.0,87.0,89.0,39.0,90.0,204.0,144.0,83.0,80.0,24.0,75.0,155.0,183.0,86.0,202.0,172.0,124.0,72.0,137.0,217.0,171.0,116.0,82.0,159.0,247.0,143.0,137.0,193.0,216.0,20.0,201.0,168.0,223.0,245.0,207.0,156.0,239.0,5.0,86.0,140.0,130.0,41.0,142.0,36.0,0.0,157.0,102.0,95.0,70.0,187.0,37.0,39.0,121.0,119.0,33.0,45.0,71.0,80.0,131.0,196.0,189.0,133.0,119.0,121.0,159.0,132.0,114.0,70.0,140.0,156.0,99.0,233.0,249.0,200.0,198.0,59.0,115.0,156.0,159.0,68.0,46.0,42.0,50.0
75.0,79.0,80.0,75.0,57.0,69.0,137.0,20.0,92.0,77.0,98.0,81.0,69.0,14.0,104.0,131.0,241.0,#2,216.0,142.0,180.0,229.0,113.0,16.0,215.0,198.0,246.0,203.0,155.0,186.0,163.0,115.0,70.0,188.0,172.0,116.0,117.0,124.0,116.0,121.0,142.0,123.0,114.0,152.0,215.0,130.0,179.0,113.0,#2,173.0,169.0,207.0,179.0,70.0,127.0,89.0,194.0,46.0,89.0,180.0,165.0,218.0,205.0,193.0,97.0,206.0,187.0,80.0,50.0,40.0,109.0,133.0,111.0,147.0,84.0,29.0,50.0,15.0,113.0,110.0,54.0,12.0,113.0,166.0,183.0,214.0,224.0,133.0,172.0,237.0,190.0,209.0,64.0,233.0,160.0,44.0,98.0
86.0,91.0,94.0,#2,90.0,64.0,131.0,42.0,93.0,100.0,57.0,157.0,100.0,12.0,50.0,172.0,235.0,202.0,213.0,81.0,71.0,209.0,57.0,88.0,255.0,245.0,151.0,79.0,68.0,#2,123.0,#2,46.0,9.0,87.0,71.0,80.0,131.0,#2,130.0,132.0,115.0,116.0,128.0,91.0,72.0,124.0,150.0,129.0,101.0,137.0,134.0,250.0,219.0,98.0,204.0,127.0,44.0,117.0,120.0,190.0,228.0,189.0,137.0,125.0,211.0,198.0,220.0,102.0,123.0,89.0,86.0,99.0,39.0,43.0,74.0,62.0,28.0,112.0,78.0,40.0,0.0,221.0,40.0,222.0,234.0,216.0,58.0,#2,92.0,83.0,24.0,128.0,51.0,116.0,96.0,185.0
76.0,78.0,76.0,68.0,85.0,48.0,71.0,54.0,166.0,243.0,211.0,226.0,164.0,169.0,38.0,218.0,155.0,138.0,121.0,85.0,71.0,102.0,38.0,229.0,197.0,173.0,38.0,40.0,21.0,41.0,142.0,61.0,30.0,205.0,208.0,226.0,179.0,153.0,158.0,89.0,117.0,126.0,122.0,142.0,143.0,124.0,189.0,228.0,151.0,195.0,250.0,249.0,222.0,76.0,203.0,179.0,88.0,29.0,102.0,125.0,163.0,175.0,208.0,117.0,168.0,191.0,202.0,219.0,217.0,177.0,60.0,111.0,142.0,43.0,66.0,71.0,91.0,114.0,105.0,124.0,125.0,154.0,39.0,241.0,236.0,194.0,126.0,111.0,170.0,48.0,38.0,58.0,129.0,151.0,55.0,70.0,196.0
116.0,44.0,68.0,151.0,209.0,231.0,248.0,141.0,124.0,188.0,209.0,145.0,95.0,197.0,74.0,66.0,142.0,99.0,90.0,108.0,249.0,165.0,56.0,197.0,177.0,129.0,124.0,156.0,172.0,145.0,180.0,24.0,29.0,48.0,#2,206.0,199.0,220.0,54.0,123.0,110.0,102.0,114.0,108.0,97.0,98.0,127.0,134.0,136.0,230.0,239.0,215.0,#2,178.0,221.0,110.0,46.0,63.0,190.0,117.0,144.0,130.0,96.0,154.0,134.0,155.0,120.0,156.0,137.0,52.0,134.0,112.0,110.0,132.0,83.0,98.0,113.0,96.0,176.0,229.0,145.0,34.0,219.0,118.0,169.0,82.0,34.0,255.0,200.0,103.0,216.0,183.0,152.0,180.0,112.0,145.0,98.0
89.0,100.0,166.0,179.0,191.0,202.0,186.0,40.0,50.0,86.0,92.0,98.0,112.0,128.0,45.0,46.0,115.0,213.0,209.0,222.0,153.0,49.0,192.0,138.0,100.0,166.0,133.0,95.0,106.0,162.0,179.0,90.0,31.0,38.0,203.0,190.0,173.0,138.0,126.0,58.0,99.0,103.0,87.0,99.0,90.0,79.0,84.0,133.0,76.0,204.0,225.0,204.0,202.0,213.0,147.0,54.0,44.0,55.0,90.0,84.0,56.0,80.0,69.0,149.0,185.0,190.0,63.0,83.0,39.0,176.0,129.0,58.0,131.0,135.0,94.0,88.0,49.0,35.0,40.0,77.0,66.0,60.0,71.0,42.0,31.0,41.0,180.0,207.0,197.0,229.0,242.0,209.0,191.0,180.0,117.0,178.0,120.0
128.0,162.0,155.0,177.0,171.0,174.0,49.0,51.0,106.0,109.0,81.0,93.0,110.0,131.0,59.0,53.0,108.0,95.0,119.0,118.0,113.0,89.0,132.0,116.0,98.0,67.0,84.0,88.0,75.0,93.0,175.0,219.0,30.0,37.0,41.0,180.0,141.0,106.0,89.0,115.0,81.0,76.0,78.0,49.0,118.0,174.0,91.0,52.0,93.0,245.0,151.0,186.0,184.0,119.0,73.0,71.0,47.0,103.0,105.0,145.0,56.0,#2,245.0,215.0,223.0,235.0,181.0,158.0,213.0,180.0,111.0,99.0,90.0,239.0,160.0,7.0,43.0,80.0,32.0,91.0,146.0,155.0,170.0,48.0,16.0,157.0,210.0,206.0,#2,196.0,209.0,222.0,239.0,240.0,219.0,196.0,113.0
137.0,112.0,216.0,233.0,179.0,35.0,53.0,62.0,71.0,139.0,225.0,193.0,106.0,40.0,54.0,103.0,101.0,#2,89.0,#2,87.0,73.0,87.0,108.0,99.0,97.0,91.0,85.0,70.0,74.0,148.0,156.0,65.0,30.0,38.0,69.0,90.0,72.0,91.0,85.0,75.0,64.0,49.0,79.0,105.0,73.0,208.0,250.0,127.0,228.0,190.0,164.0,119.0,65.0,42.0,37.0,84.0,124.0,88.0,156.0,87.0,127.0,222.0,228.0,230.0,193.0,122.0,154.0,188.0,207.0,193.0,202.0,43.0,59.0,165.0,138.0,37.0,46.0,142.0,207.0,188.0,204.0,#2,178.0,185.0,156.0,93.0,96.0,208.0,222.0,230.0,212.0,193.0,197.0,223.0,198.0,123.0
74.0,53.0,106.0,110.0,97.0,135.0,104.0,118.0,61.0,127.0,84.0,46.0,75.0,58.0,30.0,9.0,128.0,217.0,244.0,146.0,148.0,199.0,207.0,204.0,176.0,117.0,71.0,78.0,70.0,99.0,76.0,125.0,123.0,35.0,26.0,78.0,33.0,111.0,108.0,26.0,71.0,55.0,40.0,195.0,109.0,225.0,171.0,144.0,178.0,163.0,102.0,108.0,56.0,61.0,55.0,65.0,100.0,85.0,163.0,168.0,52.0,108.0,207.0,#2,216.0,124.0,221.0,230.0,211.0,212.0,205.0,197.0,211.0,22.0,37.0,53.0,50.0,58.0,219.0,211.0,235.0,209.0,159.0,183.0,156.0,109.0,132.0,197.0,183.0,185.0,206.0,153.0,147.0,187.0,196.0,217.0,216.0
96.0,51.0,#2,48.0,20.0,16.0,135.0,99.0,3.0,47.0,95.0,105.0,84.0,70.0,55.0,206.0,133.0,217.0,184.0,151.0,193.0,207.0,193.0,179.0,193.0,101.0,24.0,2.0,0.0,21.0,101.0,82.0,113.0,90.0,34.0,52.0,197.0,224.0,207.0,192.0,139.0,222.0,156.0,99.0,145.0,231.0,247.0,213.0,190.0,96.0,84.0,#2,57.0,31.0,69.0,75.0,96.0,98.0,76.0,64.0,55.0,42.0,206.0,182.0,24.0,194.0,178.0,224.0,220.0,218.0,215.0,213.0,210.0,233.0,27.0,#2,21.0,61.0,26.0,227.0,214.0,218.0,83.0,59.0,239.0,200.0,193.0,168.0,164.0,177.0,178.0,204.0,180.0,144.0,150.0,139.0,190.0
148.0,87.0,62.0,103.0,202.0,183.0,210.0,153.0,109.0,97.0,126.0,138.0,185.0,78.0,219.0,136.0,148.0,196.0,200.0,101.0,52.0,192.0,189.0,62.0,112.0,92.0,32.0,6.0,35.0,11.0,99.0,77.0,81.0,58.0,36.0,42.0,97.0,126.0,167.0,203.0,241.0,240.0,201.0,124.0,145.0,198.0,212.0,163.0,140.0,105.0,66.0,50.0,63.0,46.0,48.0,#2,60.0,105.0,70.0,124.0,120.0,214.0,183.0,31.0,247.0,49.0,183.0,224.0,217.0,215.0,226.0,213.0,#2,215.0,212.0,32.0,13.0,59.0,74.0,59.0,220.0,209.0,206.0,200.0,228.0,213.0,233.0,192.0,159.0,161.0,191.0,199.0,187.0,139.0,180.0,192.0,229.0
189.0,105.0,168.0,199.0,184.0,174.0,188.0,74.0,63.0,180.0,206.0,207.0,206.0,119.0,29.0,97.0,174.0,171.0,195.0,111.0,115.0,139.0,113.0,170.0,49.0,109.0,1.0,0.0,103.0,91.0,81.0,87.0,61.0,207.0,96.0,42.0,49.0,41.0,94.0,105.0,138.0,175.0,219.0,240.0,237.0,229.0,200.0,137.0,85.0,50.0,36.0,103.0,43.0,51.0,35.0,89.0,133.0,220.0,191.0,137.0,127.0,79.0,170.0,71.0,135.0,249.0,206.0,208.0,211.0,217.0,231.0,238.0,214.0,197.0,229.0,96.0,60.0,63.0,44.0,35.0,219.0,227.0,186.0,240.0,227.0,204.0,158.0,166.0,#2,175.0,197.0,199.0,184.0,189.0,206.0,214.0,208.0
179.0,195.0,114.0,126.0,171.0,161.0,152.0,67.0,54.0,51.0,188.0,204.0,123.0,83.0,149.0,230.0,212.0,230.0,156.0,187.0,124.0,97.0,123.0,122.0,23.0,105.0,76.0,70.0,76.0,54.0,61.0,26.0,123.0,234.0,197.0,111.0,38.0,60.0,55.0,54.0,100.0,94.0,221.0,209.0,232.0,229.0,233.0,194.0,52.0,42.0,218.0,179.0,176.0,193.0,177.0,142.0,160.0,124.0,190.0,225.0,127.0,220.0,221.0,233.0,200.0,126.0,188.0,243.0,152.0,79.0,87.0,86.0,62.0,100.0,173.0,193.0,150.0,26.0,55.0,48.0,217.0,226.0,217.0,191.0,249.0,207.0,194.0,226.0,195.0,224.0,239.0,228.0,212.0,200.0,#3,201.0
182.0,91.0,76.0,66.0,168.0,159.0,173.0,45.0,51.0,53.0,209.0,204.0,200.0,84.0,82.0,207.0,154.0,130.0,135.0,204.0,251.0,242.0,235.0,195.0,240.0,220.0,73.0,91.0,#2,71.0,24.0,3.0,239.0,220.0,171.0,109.0,138.0,29.0,44.0,57.0,88.0,59.0,130.0,220.0,218.0,236.0,223.0,228.0,178.0,203.0,184.0,123.0,220.0,177.0,129.0,186.0,114.0,70.0,107.0,216.0,191.0,206.0,217.0,205.0,221.0,116.0,80.0,79.0,90.0,76.0,77.0,94.0,53.0,65.0,93.0,118.0,120.0,55.0,33.0,79.0,53.0,196.0,233.0,250.0,227.0,230.0,234.0,243.0,240.0,234.0,245.0,241.0,233.0,226.0,224.0,215.0,212.0
52.0,95.0,56.0,98.0,162.0,143.0,146.0,190.0,180.0,114.0,118.0,215.0,186.0,93.0,134.0,185.0,140.0,115.0,116.0,159.0,253.0,218.0,169.0,216.0,240.0,255.0,235.0,211.0,255.0,141.0,167.0,223.0,#2,225.0,132.0,119.0,223.0,215.0,208.0,121.0,57.0,47.0,168.0,207.0,197.0,231.0,224.0,213.0,155.0,126.0,122.0,78.0,106.0,123.0,119.0,35.0,73.0,68.0,90.0,200.0,230.0,250.0,255.0,186.0,208.0,91.0,#2,88.0,81.0,67.0,80.0,98.0,107.0,83.0,59.0,87.0,114.0,129.0,12.0,54.0,78.0,30.0,229.0,225.0,244.0,237.0,229.0,246.0,232.0,233.0,236.0,241.0,243.0,236.0,215.0,224.0,229.0
186.0,97.0,107.0,183.0,255.0,189.0,#2,143.0,77.0,121.0,71.0,192.0,234.0,192.0,140.0,115.0,198.0,172.0,109.0,103.0,220.0,229.0,226.0,235.0,237.0,255.0,240.0,238.0,200.0,67.0,100.0,85.0,218.0,206.0,103.0,155.0,191.0,198.0,213.0,179.0,168.0,105.0,170.0,196.0,154.0,209.0,201.0,181.0,143.0,102.0,92.0,80.0,101.0,38.0,46.0,68.0,82.0,133.0,79.0,100.0,255.0,234.0,254.0,216.0,219.0,117.0,109.0,96.0,68.0,69.0,70.0,136.0,179.0,103.0,63.0,65.0,84.0,122.0,55.0,45.0,86.0,56.0,86.0,240.0,225.0,239.0,225.0,245.0,215.0,217.0,235.0,243.0,246.0,236.0,240.0,234.0,227.0
232.0,223.0,#2,234.0,245.0,238.0,203.0,197.0,178.0,128.0,197.0,234.0,231.0,205.0,180.0,143.0,113.0,201.0,223.0,229.0,240.0,249.0,229.0,227.0,238.0,242.0,232.0,224.0,199.0,88.0,134.0,86.0,91.0,221.0,32.0,114.0,138.0,143.0,151.0,130.0,96.0,81.0,187.0,181.0,125.0,135.0,187.0,204.0,149.0,63.0,122.0,85.0,104.0,204.0,213.0,232.0,212.0,222.0,161.0,134.0,242.0,249.0,243.0,233.0,200.0,178.0,164.0,128.0,118.0,134.0,240.0,194.0,164.0,101.0,64.0,177.0,137.0,135.0,93.0,72.0,93.0,83.0,63.0,121.0,226.0,177.0,239.0,253.0,207.0,215.0,223.0,235.0,242.0,220.0,219.0,230.0,216.0
226.0,230.0,224.0,223.0,241.0,240.0,200.0,154.0,172.0,159.0,221.0,228.0,226.0,187.0,188.0,124.0,100.0,222.0,233.0,239.0,243.0,248.0,221.0,238.0,251.0,234.0,240.0,216.0,184.0,131.0,163.0,238.0,219.0,213.0,168.0,42.0,64.0,76.0,108.0,103.0,135.0,109.0,229.0,200.0,122.0,112.0,150.0,185.0,137.0,50.0,61.0,213.0,173.0,210.0,215.0,146.0,152.0,182.0,201.0,223.0,244.0,252.0,89.0,242.0,178.0,166.0,192.0,199.0,193.0,231.0,171.0,217.0,143.0,102.0,77.0,232.0,139.0,146.0,114.0,118.0,87.0,134.0,65.0,43.0,139.0,255.0,238.0,248.0,212.0,205.0,207.0,220.0,208.0,#2,201.0,219.0,184.0
224.0,232.0,219.0,218.0,223.0,226.0,221.0,104.0,191.0,187.0,245.0,225.0,228.0,225.0,187.0,122.0,113.0,228.0,226.0,248.0,245.0,249.0,214.0,239.0,236.0,229.0,190.0,227.0,177.0,227.0,231.0,225.0,202.0,184.0,178.0,186.0,205.0,107.0,101.0,138.0,192.0,148.0,199.0,201.0,160.0,87.0,116.0,180.0,173.0,78.0,108.0,101.0,144.0,228.0,226.0,158.0,129.0,131.0,172.0,182.0,207.0,213.0,191.0,255.0,142.0,198.0,204.0,177.0,179.0,150.0,220.0,213.0,157.0,80.0,96.0,222.0,142.0,84.0,#2,77.0,73.0,204.0,76.0,35.0,78.0,138.0,236.0,231.0,214.0,198.0,204.0,220.0,195.0,179.0,191.0,173.0,99.0
230.0,226.0,230.0,229.0,201.0,212.0,210.0,150.0,115.0,242.0,233.0,205.0,240.0,204.0,163.0,156.0,143.0,222.0,221.0,217.0,238.0,247.0,223.0,233.0,237.0,240.0,179.0,212.0,210.0,211.0,226.0,171.0,152.0,136.0,148.0,140.0,127.0,115.0,104.0,124.0,67.0,94.0,56.0,47.0,31.0,71.0,99.0,147.0,194.0,92.0,73.0,58.0,80.0,136.0,208.0,164.0,106.0,141.0,160.0,171.0,157.0,129.0,243.0,246.0,137.0,130.0,120.0,108.0,78.0,81.0,165.0,178.0,113.0,88.0,44.0,104.0,91.0,53.0,62.0,53.0,21.0,166.0,43.0,16.0,127.0,110.0,235.0,208.0,209.0,203.0,214.0,184.0,148.0,142.0,157.0,96.0,120.0
224.0,221.0,230.0,222.0,103.0,132.0,147.0,149.0,180.0,248.0,190.0,253.0,234.0,127.0,150.0,161.0,125.0,171.0,186.0,234.0,238.0,221.0,214.0,229.0,226.0,230.0,120.0,218.0,210.0,212.0,149.0,122.0,95.0,99.0,98.0,91.0,109.0,212.0,196.0,3.0,23.0,26.0,148.0,198.0,187.0,210.0,149.0,178.0,225.0,177.0,83.0,93.0,36.0,42.0,135.0,179.0,103.0,120.0,170.0,181.0,111.0,97.0,126.0,233.0,165.0,116.0,58.0,31.0,48.0,100.0,168.0,136.0,76.0,60.0,46.0,72.0,103.0,54.0,83.0,54.0,202.0,38.0,31.0,#2,90.0,102.0,230.0,190.0,188.0,223.0,219.0,172.0,118.0,111.0,165.0,161.0,147.0
221.0,#2,219.0,174.0,86.0,65.0,155.0,109.0,192.0,194.0,72.0,115.0,#2,134.0,107.0,202.0,225.0,229.0,238.0,247.0,221.0,241.0,214.0,225.0,239.0,177.0,158.0,77.0,32.0,198.0,182.0,95.0,102.0,99.0,98.0,104.0,156.0,167.0,190.0,#2,24.0,36.0,74.0,159.0,192.0,189.0,149.0,213.0,238.0,223.0,102.0,104.0,49.0,42.0,74.0,187.0,69.0,95.0,174.0,169.0,119.0,99.0,79.0,226.0,158.0,90.0,43.0,49.0,61.0,120.0,161.0,147.0,60.0,75.0,38.0,70.0,84.0,82.0,65.0,111.0,225.0,#2,245.0,102.0,77.0,83.0,96.0,176.0,218.0,208.0,209.0,160.0,117.0,129.0,208.0,188.0,151.0
218.0,198.0,196.0,150.0,121.0,46.0,166.0,112.0,75.0,94.0,#2,79.0,112.0,98.0,94.0,177.0,235.0,200.0,234.0,255.0,222.0,234.0,217.0,211.0,230.0,119.0,162.0,98.0,219.0,239.0,206.0,161.0,104.0,100.0,104.0,105.0,73.0,154.0,173.0,46.0,38.0,46.0,91.0,140.0,205.0,194.0,161.0,228.0,238.0,230.0,178.0,99.0,32.0,37.0,56.0,152.0,70.0,145.0,209.0,190.0,131.0,93.0,59.0,213.0,181.0,120.0,41.0,51.0,37.0,#2,127.0,196.0,62.0,116.0,56.0,6.0,235.0,151.0,53.0,69.0,246.0,219.0,234.0,91.0,67.0,83.0,90.0,91.0,151.0,223.0,200.0,134.0,105.0,163.0,202.0,198.0,166.0
195.0,173.0,176.0,116.0,82.0,101.0,190.0,111.0,80.0,113.0,91.0,106.0,190.0,227.0,217.0,193.0,168.0,203.0,190.0,125.0,235.0,239.0,249.0,223.0,138.0,86.0,134.0,235.0,250.0,213.0,178.0,161.0,177.0,151.0,121.0,127.0,100.0,83.0,118.0,49.0,56.0,46.0,116.0,97.0,193.0,196.0,212.0,219.0,228.0,242.0,231.0,140.0,38.0,61.0,67.0,128.0,58.0,147.0,200.0,194.0,132.0,94.0,70.0,215.0,200.0,162.0,48.0,36.0,34.0,144.0,121.0,194.0,68.0,121.0,58.0,19.0,104.0,138.0,63.0,26.0,246.0,213.0,230.0,97.0,77.0,86.0,97.0,#2,74.0,205.0,177.0,134.0,133.0,192.0,198.0,188.0,145.0
176.0,189.0,187.0,127.0,52.0,98.0,201.0,119.0,87.0,123.0,250.0,206.0,212.0,222.0,154.0,142.0,153.0,175.0,219.0,172.0,82.0,#2,233.0,191.0,108.0,242.0,204.0,208.0,212.0,200.0,157.0,159.0,169.0,178.0,161.0,165.0,195.0,101.0,165.0,60.0,74.0,66.0,128.0,114.0,190.0,174.0,160.0,228.0,220.0,250.0,238.0,217.0,65.0,64.0,88.0,120.0,17.0,157.0,146.0,172.0,137.0,90.0,66.0,213.0,224.0,159.0,50.0,46.0,43.0,139.0,140.0,194.0,101.0,77.0,58.0,14.0,160.0,98.0,68.0,40.0,222.0,203.0,186.0,#2,77.0,79.0,110.0,81.0,79.0,208.0,178.0,142.0,144.0,#2,203.0,182.0,137.0
201.0,208.0,201.0,114.0,95.0,72.0,126.0,103.0,232.0,216.0,190.0,178.0,166.0,163.0,133.0,164.0,192.0,195.0,191.0,127.0,95.0,93.0,190.0,181.0,216.0,214.0,219.0,220.0,209.0,204.0,188.0,166.0,173.0,193.0,149.0,129.0,182.0,81.0,199.0,92.0,77.0,104.0,117.0,140.0,141.0,194.0,190.0,200.0,213.0,228.0,185.0,234.0,212.0,208.0,175.0,153.0,20.0,139.0,132.0,110.0,103.0,78.0,63.0,189.0,214.0,78.0,41.0,49.0,67.0,156.0,123.0,176.0,89.0,87.0,70.0,24.0,140.0,142.0,45.0,46.0,243.0,202.0,196.0,85.0,68.0,73.0,92.0,94.0,84.0,182.0,172.0,164.0,163.0,198.0,192.0,171.0,133.0
#2,201.0,191.0,129.0,82.0,72.0,125.0,244.0,226.0,215.0,201.0,54.0,77.0,88.0,158.0,196.0,187.0,202.0,210.0,119.0,88.0,95.0,80.0,188.0,207.0,221.0,202.0,204.0,208.0,192.0,168.0,167.0,190.0,186.0,135.0,141.0,111.0,83.0,176.0,109.0,150.0,207.0,124.0,194.0,216.0,224.0,215.0,232.0,164.0,166.0,81.0,85.0,54.0,1.0,231.0,140.0,20.0,70.0,86.0,79.0,76.0,65.0,59.0,#2,69.0,54.0,64.0,67.0,104.0,166.0,115.0,124.0,89.0,85.0,95.0,33.0,157.0,134.0,29.0,9.0,227.0,190.0,199.0,78.0,69.0,83.0,90.0,#2,88.0,223.0,177.0,173.0,157.0,214.0,186.0,160.0,128.0
195.0,211.0,168.0,103.0,90.0,89.0,201.0,221.0,228.0,225.0,190.0,196.0,162.0,77.0,204.0,194.0,206.0,210.0,195.0,174.0,114.0,64.0,85.0,200.0,189.0,201.0,205.0,175.0,140.0,113.0,89.0,82.0,132.0,153.0,133.0,103.0,90.0,109.0,95.0,149.0,182.0,186.0,146.0,161.0,208.0,210.0,219.0,247.0,31.0,0.0,66.0,52.0,46.0,44.0,195.0,71.0,23.0,29.0,85.0,71.0,43.0,47.0,66.0,57.0,66.0,18.0,52.0,96.0,130.0,156.0,110.0,106.0,90.0,73.0,99.0,69.0,47.0,179.0,39.0,38.0,#2,215.0,221.0,71.0,79.0,86.0,95.0,84.0,96.0,164.0,169.0,178.0,142.0,190.0,171.0,137.0,104.0
177.0,217.0,124.0,95.0,63.0,58.0,132.0,139.0,194.0,221.0,199.0,223.0,200.0,199.0,204.0,198.0,#2,204.0,174.0,129.0,99.0,85.0,108.0,203.0,192.0,178.0,191.0,207.0,210.0,217.0,176.0,146.0,181.0,196.0,153.0,128.0,98.0,128.0,87.0,154.0,181.0,176.0,177.0,111.0,206.0,201.0,235.0,220.0,106.0,156.0,44.0,43.0,42.0,31.0,147.0,74.0,#2,26.0,84.0,105.0,50.0,36.0,78.0,50.0,63.0,26.0,60.0,143.0,139.0,150.0,105.0,100.0,80.0,59.0,84.0,69.0,34.0,98.0,27.0,34.0,131.0,225.0,226.0,33.0,73.0,76.0,106.0,90.0,91.0,79.0,180.0,187.0,137.0,199.0,191.0,131.0,97.0
212.0,218.0,167.0,88.0,105.0,182.0,146.0,30.0,76.0,118.0,167.0,190.0,185.0,170.0,192.0,194.0,208.0,200.0,143.0,105.0,91.0,98.0,108.0,203.0,220.0,198.0,175.0,196.0,204.0,208.0,180.0,178.0,163.0,190.0,149.0,158.0,91.0,83.0,98.0,100.0,149.0,180.0,166.0,110.0,92.0,118.0,227.0,243.0,201.0,59.0,41.0,45.0,35.0,41.0,124.0,27.0,24.0,10.0,96.0,89.0,57.0,31.0,59.0,37.0,46.0,19.0,84.0,173.0,162.0,126.0,116.0,95.0,77.0,69.0,84.0,88.0,23.0,59.0,53.0,24.0,37.0,186.0,198.0,119.0,61.0,68.0,80.0,109.0,131.0,141.0,194.0,209.0,136.0,192.0,172.0,114.0,84.0
202.0,227.0,140.0,161.0,87.0,199.0,185.0,49.0,122.0,54.0,42.0,133.0,198.0,173.0,170.0,147.0,194.0,193.0,139.0,99.0,89.0,109.0,166.0,227.0,215.0,172.0,131.0,215.0,191.0,199.0,184.0,146.0,135.0,170.0,173.0,159.0,153.0,71.0,75.0,74.0,121.0,162.0,149.0,143.0,97.0,108.0,#2,209.0,96.0,40.0,30.0,35.0,58.0,24.0,128.0,0.0,21.0,15.0,97.0,78.0,67.0,36.0,34.0,23.0,13.0,18.0,42.0,169.0,149.0,127.0,118.0,94.0,76.0,79.0,92.0,80.0,40.0,75.0,131.0,27.0,14.0,215.0,185.0,199.0,60.0,77.0,78.0,186.0,110.0,90.0,106.0,198.0,202.0,184.0,177.0,116.0,81.0
218.0,126.0,125.0,126.0,178.0,119.0,38.0,118.0,139.0,92.0,77.0,21.0,67.0,120.0,147.0,129.0,152.0,#2,178.0,93.0,102.0,97.0,154.0,215.0,188.0,176.0,123.0,185.0,210.0,171.0,173.0,142.0,112.0,119.0,161.0,148.0,158.0,118.0,99.0,72.0,146.0,172.0,143.0,129.0,74.0,128.0,130.0,87.0,86.0,71.0,95.0,94.0,79.0,199.0,104.0,19.0,21.0,55.0,79.0,83.0,70.0,52.0,21.0,19.0,32.0,30.0,53.0,143.0,127.0,102.0,103.0,102.0,100.0,79.0,67.0,72.0,17.0,143.0,174.0,26.0,15.0,231.0,213.0,182.0,91.0,60.0,78.0,136.0,50.0,53.0,63.0,205.0,202.0,182.0,165.0,108.0,81.0
214.0,98.0,79.0,75.0,15.0,90.0,167.0,121.0,127.0,91.0,49.0,92.0,20.0,36.0,109.0,132.0,145.0,159.0,140.0,113.0,105.0,102.0,163.0,214.0,199.0,148.0,153.0,204.0,172.0,202.0,158.0,129.0,121.0,107.0,174.0,152.0,134.0,136.0,91.0,76.0,169.0,172.0,#2,109.0,127.0,130.0,160.0,130.0,151.0,179.0,176.0,122.0,87.0,198.0,97.0,32.0,35.0,72.0,92.0,86.0,70.0,72.0,28.0,24.0,27.0,#2,40.0,63.0,133.0,108.0,101.0,74.0,90.0,101.0,79.0,47.0,106.0,148.0,173.0,23.0,18.0,205.0,215.0,116.0,48.0,65.0,56.0,70.0,63.0,64.0,55.0,199.0,188.0,199.0,130.0,75.0,82.0
197.0,122.0,151.0,99.0,106.0,196.0,179.0,173.0,183.0,123.0,69.0,18.0,#2,47.0,38.0,129.0,127.0,107.0,108.0,98.0,97.0,104.0,208.0,210.0,200.0,104.0,136.0,179.0,199.0,184.0,152.0,173.0,111.0,99.0,207.0,141.0,152.0,119.0,107.0,127.0,159.0,179.0,162.0,108.0,106.0,232.0,140.0,137.0,122.0,206.0,148.0,127.0,78.0,202.0,99.0,35.0,23.0,81.0,96.0,91.0,77.0,74.0,32.0,26.0,29.0,34.0,39.0,41.0,123.0,102.0,95.0,79.0,69.0,106.0,102.0,51.0,82.0,169.0,158.0,37.0,18.0,217.0,210.0,192.0,35.0,40.0,49.0,54.0,64.0,62.0,66.0,56.0,175.0,186.0,157.0,101.0,69.0
157.0,165.0,113.0,135.0,98.0,191.0,142.0,169.0,192.0,155.0,93.0,67.0,54.0,65.0,47.0,66.0,106.0,114.0,64.0,83.0,92.0,98.0,172.0,207.0,170.0,100.0,134.0,151.0,181.0,154.0,145.0,139.0,140.0,98.0,#2,144.0,115.0,118.0,110.0,139.0,100.0,139.0,117.0,93.0,89.0,234.0,162.0,135.0,233.0,196.0,156.0,142.0,71.0,205.0,93.0,43.0,22.0,58.0,87.0,91.0,85.0,79.0,46.0,29.0,31.0,35.0,23.0,37.0,96.0,110.0,83.0,30.0,49.0,105.0,122.0,48.0,70.0,145.0,162.0,25.0,32.0,192.0,217.0,180.0,34.0,35.0,12.0,36.0,57.0,67.0,#2,50.0,204.0,197.0,154.0,98.0,83.0
106.0,152.0,95.0,82.0,89.0,131.0,170.0,201.0,179.0,144.0,113.0,64.0,67.0,72.0,77.0,63.0,#2,131.0,88.0,97.0,110.0,96.0,117.0,183.0,147.0,96.0,120.0,175.0,176.0,108.0,104.0,122.0,116.0,97.0,104.0,114.0,103.0,100.0,91.0,82.0,74.0,102.0,108.0,81.0,74.0,226.0,163.0,195.0,211.0,195.0,158.0,141.0,74.0,204.0,80.0,54.0,28.0,71.0,84.0,82.0,87.0,85.0,66.0,#2,32.0,33.0,29.0,34.0,101.0,110.0,91.0,29.0,85.0,93.0,111.0,65.0,46.0,125.0,160.0,13.0,26.0,159.0,208.0,174.0,41.0,44.0,19.0,73.0,142.0,44.0,43.0,47.0,#2,200.0,141.0,94.0,80.0
178.0,150.0,63.0,51.0,82.0,117.0,176.0,179.0,182.0,133.0,116.0,100.0,62.0,74.0,83.0,66.0,125.0,116.0,112.0,94.0,104.0,100.0,118.0,133.0,154.0,152.0,154.0,152.0,151.0,94.0,97.0,75.0,86.0,99.0,102.0,120.0,101.0,106.0,94.0,50.0,75.0,87.0,98.0,75.0,105.0,229.0,147.0,199.0,212.0,196.0,180.0,120.0,72.0,191.0,82.0,#2,36.0,73.0,84.0,86.0,97.0,90.0,71.0,38.0,34.0,36.0,19.0,48.0,79.0,97.0,46.0,50.0,60.0,74.0,110.0,62.0,88.0,133.0,171.0,14.0,11.0,148.0,218.0,184.0,77.0,21.0,26.0,95.0,144.0,40.0,42.0,57.0,207.0,178.0,156.0,101.0,45.0
203.0,188.0,88.0,42.0,37.0,50.0,164.0,184.0,168.0,122.0,111.0,100.0,74.0,84.0,85.0,73.0,104.0,132.0,122.0,92.0,103.0,111.0,122.0,124.0,112.0,107.0,142.0,137.0,142.0,100.0,87.0,84.0,74.0,71.0,79.0,110.0,118.0,101.0,100.0,58.0,75.0,81.0,80.0,52.0,162.0,135.0,156.0,179.0,207.0,198.0,179.0,117.0,77.0,190.0,93.0,48.0,37.0,71.0,81.0,90.0,98.0,76.0,#2,43.0,53.0,10.0,32.0,47.0,90.0,95.0,32.0,65.0,62.0,74.0,105.0,121.0,147.0,157.0,170.0,0.0,53.0,187.0,201.0,168.0,90.0,193.0,27.0,156.0,154.0,41.0,43.0,56.0,121.0,164.0,167.0,89.0,51.0
191.0,170.0,63.0,22.0,12.0,38.0,166.0,205.0,166.0,123.0,117.0,110.0,89.0,97.0,88.0,85.0,66.0,193.0,107.0,96.0,104.0,111.0,136.0,113.0,110.0,103.0,123.0,111.0,120.0,95.0,85.0,59.0,67.0,78.0,77.0,110.0,107.0,98.0,106.0,73.0,91.0,83.0,72.0,73.0,124.0,254.0,176.0,197.0,199.0,202.0,178.0,113.0,79.0,196.0,86.0,27.0,38.0,68.0,76.0,90.0,85.0,81.0,24.0,35.0,79.0,94.0,41.0,49.0,98.0,88.0,63.0,46.0,51.0,59.0,89.0,71.0,186.0,187.0,203.0,8.0,92.0,200.0,191.0,173.0,111.0,133.0,18.0,175.0,52.0,46.0,43.0,31.0,131.0,133.0,129.0,163.0,48.0
207.0,132.0,47.0,25.0,20.0,37.0,170.0,207.0,167.0,123.0,114.0,105.0,96.0,97.0,83.0,80.0,74.0,192.0,100.0,89.0,102.0,93.0,121.0,122.0,117.0,115.0,123.0,117.0,96.0,76.0,66.0,64.0,61.0,71.0,89.0,102.0,108.0,102.0,107.0,86.0,68.0,72.0,70.0,78.0,95.0,205.0,12.0,205.0,191.0,205.0,177.0,110.0,76.0,184.0,95.0,39.0,40.0,65.0,71.0,84.0,73.0,105.0,5.0,23.0,57.0,193.0,33.0,55.0,92.0,20.0,174.0,1.0,48.0,54.0,90.0,88.0,200.0,216.0,200.0,24.0,128.0,182.0,203.0,178.0,133.0,31.0,10.0,135.0,30.0,40.0,48.0,109.0,221.0,159.0,184.0,183.0,44.0
195.0,161.0,14.0,28.0,35.0,49.0,131.0,213.0,172.0,128.0,118.0,104.0,106.0,94.0,85.0,78.0,60.0,104.0,117.0,73.0,98.0,108.0,119.0,121.0,120.0,92.0,108.0,107.0,94.0,69.0,65.0,63.0,76.0,87.0,94.0,102.0,110.0,106.0,108.0,95.0,54.0,63.0,97.0,101.0,138.0,72.0,105.0,203.0,193.0,198.0,174.0,90.0,71.0,124.0,119.0,34.0,26.0,46.0,74.0,87.0,67.0,152.0,5.0,0.0,37.0,191.0,55.0,61.0,84.0,25.0,170.0,39.0,51.0,57.0,105.0,97.0,98.0,135.0,124.0,23.0,94.0,156.0,83.0,208.0,144.0,36.0,17.0,174.0,115.0,33.0,60.0,157.0,108.0,175.0,102.0,191.0,91.0
202.0,166.0,117.0,133.0,55.0,39.0,82.0,175.0,168.0,136.0,125.0,117.0,107.0,97.0,89.0,85.0,78.0,171.0,116.0,80.0,94.0,102.0,104.0,112.0,108.0,109.0,96.0,105.0,103.0,79.0,90.0,91.0,84.0,89.0,95.0,109.0,115.0,134.0,106.0,100.0,58.0,68.0,102.0,106.0,168.0,56.0,63.0,186.0,196.0,186.0,160.0,84.0,68.0,94.0,111.0,28.0,18.0,74.0,63.0,89.0,83.0,186.0,0.0,16.0,40.0,210.0,138.0,96.0,87.0,24.0,104.0,42.0,41.0,86.0,103.0,110.0,75.0,68.0,42.0,25.0,61.0,89.0,86.0,213.0,144.0,58.0,29.0,41.0,149.0,41.0,59.0,66.0,60.0,119.0,73.0,198.0,46.0
232.0,172.0,150.0,152.0,91.0,27.0,46.0,151.0,152.0,140.0,120.0,117.0,110.0,103.0,96.0,97.0,64.0,210.0,106.0,#2,88.0,99.0,98.0,112.0,109.0,133.0,114.0,105.0,106.0,#2,92.0,81.0,88.0,97.0,112.0,113.0,121.0,112.0,100.0,102.0,63.0,71.0,105.0,109.0,124.0,69.0,39.0,60.0,205.0,182.0,157.0,83.0,71.0,70.0,134.0,36.0,49.0,32.0,61.0,73.0,63.0,158.0,45.0,#2,8.0,85.0,94.0,105.0,86.0,37.0,78.0,45.0,63.0,89.0,94.0,89.0,191.0,192.0,0.0,9.0,21.0,76.0,69.0,208.0,160.0,50.0,26.0,0.0,186.0,55.0,61.0,172.0,175.0,187.0,198.0,196.0,110.0
158.0,191.0,137.0,118.0,103.0,80.0,41.0,129.0,152.0,154.0,119.0,115.0,112.0,107.0,103.0,102.0,86.0,226.0,#2,89.0,85.0,102.0,98.0,107.0,115.0,120.0,108.0,#2,107.0,84.0,95.0,96.0,90.0,100.0,#2,111.0,113.0,102.0,106.0,99.0,65.0,67.0,101.0,105.0,107.0,68.0,47.0,15.0,217.0,194.0,176.0,91.0,70.0,40.0,140.0,36.0,38.0,128.0,60.0,75.0,61.0,97.0,10.0,30.0,36.0,64.0,69.0,83.0,85.0,33.0,29.0,54.0,60.0,52.0,80.0,84.0,61.0,36.0,21.0,19.0,49.0,43.0,42.0,218.0,171.0,46.0,17.0,8.0,228.0,41.0,49.0,192.0,198.0,208.0,236.0,225.0,150.0
66.0,193.0,156.0,124.0,84.0,69.0,52.0,112.0,140.0,172.0,127.0,118.0,117.0,118.0,116.0,107.0,99.0,223.0,80.0,85.0,94.0,95.0,100.0,110.0,113.0,109.0,112.0,94.0,96.0,99.0,106.0,109.0,106.0,109.0,116.0,123.0,113.0,101.0,102.0,82.0,64.0,66.0,97.0,101.0,104.0,60.0,36.0,65.0,181.0,183.0,193.0,75.0,81.0,16.0,145.0,35.0,32.0,29.0,52.0,82.0,79.0,21.0,13.0,28.0,27.0,67.0,58.0,93.0,71.0,4.0,5.0,30.0,51.0,10.0,105.0,89.0,51.0,18.0,22.0,8.0,17.0,24.0,19.0,199.0,102.0,57.0,20.0,24.0,152.0,106.0,40.0,22.0,9.0,68.0,221.0,232.0,93.0
84.0,201.0,189.0,152.0,98.0,81.0,76.0,89.0,164.0,166.0,124.0,121.0,117.0,114.0,115.0,116.0,101.0,241.0,84.0,88.0,96.0,94.0,99.0,110.0,117.0,#2,114.0,97.0,98.0,100.0,102.0,106.0,104.0,108.0,113.0,#2,114.0,102.0,97.0,81.0,84.0,60.0,105.0,84.0,109.0,52.0,45.0,69.0,144.0,201.0,176.0,100.0,87.0,110.0,129.0,43.0,41.0,8.0,49.0,73.0,93.0,69.0,40.0,49.0,27.0,60.0,64.0,116.0,64.0,14.0,48.0,22.0,41.0,0.0,123.0,93.0,46.0,35.0,31.0,22.0,25.0,27.0,30.0,208.0,116.0,68.0,17.0,15.0,11.0,202.0,64.0,61.0,66.0,18.0,212.0,205.0,46.0
39.0,214.0,186.0,138.0,122.0,113.0,119.0,62.0,149.0,174.0,130.0,113.0,117.0,114.0,113.0,115.0,101.0,227.0,91.0,94.0,#2,93.0,99.0,109.0,117.0,88.0,98.0,106.0,102.0,#2,101.0,106.0,99.0,103.0,107.0,106.0,107.0,103.0,87.0,79.0,88.0,55.0,119.0,107.0,69.0,67.0,53.0,28.0,47.0,203.0,184.0,77.0,74.0,101.0,121.0,40.0,31.0,9.0,51.0,71.0,84.0,94.0,7.0,42.0,53.0,58.0,67.0,91.0,70.0,47.0,64.0,32.0,39.0,13.0,76.0,41.0,91.0,44.0,40.0,44.0,#2,43.0,27.0,176.0,146.0,37.0,7.0,2.0,55.0,186.0,45.0,33.0,41.0,34.0,183.0,156.0,38.0
18.0,152.0,196.0,142.0,147.0,132.0,79.0,49.0,150.0,144.0,133.0,115.0,#2,114.0,109.0,98.0,100.0,170.0,97.0,99.0,#2,92.0,98.0,108.0,116.0,90.0,91.0,96.0,107.0,102.0,#2,100.0,105.0,96.0,101.0,99.0,95.0,105.0,79.0,77.0,72.0,61.0,112.0,88.0,60.0,57.0,39.0,23.0,8.0,212.0,196.0,92.0,91.0,17.0,88.0,51.0,25.0,15.0,56.0,75.0,77.0,91.0,18.0,21.0,27.0,29.0,62.0,34.0,72.0,43.0,53.0,28.0,12.0,4.0,97.0,177.0,110.0,41.0,42.0,51.0,39.0,29.0,39.0,139.0,153.0,42.0,28.0,52.0,33.0,181.0,42.0,47.0,5.0,28.0,153.0,158.0,42.0
41.0,130.0,202.0,169.0,164.0,124.0,70.0,47.0,137.0,139.0,133.0,94.0,123.0,117.0,106.0,110.0,92.0,136.0,90.0,100.0,90.0,95.0,103.0,110.0,119.0,90.0,102.0,101.0,113.0,108.0,91.0,80.0,101.0,108.0,104.0,81.0,91.0,96.0,76.0,73.0,76.0,93.0,91.0,48.0,98.0,57.0,52.0,36.0,27.0,208.0,186.0,104.0,70.0,40.0,92.0,51.0,10.0,22.0,50.0,59.0,61.0,95.0,8.0,34.0,18.0,19.0,61.0,29.0,44.0,57.0,51.0,34.0,16.0,29.0,86.0,122.0,101.0,40.0,46.0,32.0,30.0,28.0,18.0,120.0,141.0,#2,28.0,45.0,39.0,102.0,21.0,33.0,53.0,46.0,117.0,151.0,35.0
25.0,11.0,199.0,185.0,137.0,95.0,78.0,10.0,20.0,165.0,129.0,137.0,122.0,118.0,109.0,108.0,191.0,103.0,#2,98.0,88.0,95.0,106.0,116.0,120.0,135.0,90.0,95.0,102.0,109.0,106.0,84.0,97.0,95.0,99.0,113.0,106.0,100.0,81.0,82.0,74.0,65.0,84.0,11.0,27.0,42.0,65.0,38.0,12.0,158.0,206.0,157.0,62.0,22.0,56.0,54.0,27.0,19.0,56.0,61.0,73.0,83.0,6.0,21.0,27.0,17.0,57.0,32.0,7.0,57.0,7.0,52.0,22.0,10.0,49.0,62.0,46.0,#2,43.0,#2,27.0,26.0,25.0,116.0,120.0,32.0,34.0,23.0,41.0,140.0,17.0,9.0,36.0,29.0,78.0,186.0,48.0
15.0,0.0,219.0,168.0,122.0,95.0,86.0,69.0,50.0,124.0,102.0,125.0,123.0,119.0,105.0,99.0,233.0,66.0,107.0,99.0,94.0,100.0,111.0,114.0,110.0,116.0,112.0,89.0,107.0,99.0,92.0,93.0,99.0,98.0,96.0,114.0,101.0,98.0,87.0,91.0,77.0,104.0,98.0,35.0,79.0,26.0,43.0,53.0,8.0,56.0,175.0,174.0,57.0,42.0,91.0,52.0,33.0,13.0,51.0,59.0,90.0,63.0,9.0,25.0,19.0,16.0,65.0,50.0,39.0,28.0,10.0,40.0,37.0,#2,32.0,45.0,51.0,86.0,33.0,34.0,36.0,38.0,33.0,156.0,57.0,41.0,37.0,29.0,0.0,108.0,32.0,19.0,170.0,132.0,111.0,72.0,51.0
13.0,17.0,242.0,180.0,137.0,109.0,96.0,88.0,71.0,31.0,93.0,125.0,122.0,120.0,113.0,108.0,158.0,75.0,74.0,105.0,107.0,109.0,113.0,111.0,106.0,120.0,104.0,106.0,103.0,95.0,89.0,94.0,102.0,100.0,90.0,107.0,106.0,87.0,92.0,87.0,84.0,101.0,42.0,36.0,177.0,32.0,37.0,63.0,12.0,17.0,187.0,196.0,64.0,61.0,100.0,52.0,43.0,34.0,58.0,72.0,100.0,49.0,18.0,12.0,20.0,24.0,47.0,63.0,60.0,32.0,41.0,43.0,46.0,29.0,38.0,37.0,55.0,91.0,38.0,34.0,39.0,42.0,40.0,85.0,40.0,32.0,37.0,29.0,11.0,48.0,37.0,35.0,42.0,36.0,114.0,70.0,49.0
33.0,18.0,241.0,188.0,143.0,111.0,102.0,93.0,86.0,68.0,134.0,121.0,110.0,123.0,109.0,202.0,89.0,99.0,116.0,99.0,107.0,105.0,116.0,115.0,109.0,117.0,114.0,110.0,100.0,96.0,94.0,101.0,#2,99.0,97.0,106.0,#2,112.0,106.0,84.0,88.0,94.0,37.0,0.0,168.0,20.0,51.0,19.0,20.0,14.0,204.0,240.0,117.0,57.0,37.0,50.0,20.0,17.0,45.0,98.0,101.0,36.0,30.0,18.0,16.0,26.0,54.0,61.0,63.0,26.0,20.0,40.0,45.0,44.0,25.0,49.0,54.0,96.0,37.0,41.0,48.0,39.0,38.0,53.0,34.0,30.0,36.0,28.0,25.0,33.0,#2,26.0,37.0,41.0,50.0,58.0,38.0
30.0,18.0,237.0,184.0,119.0,93.0,#2,94.0,57.0,45.0,#2,130.0,117.0,119.0,111.0,206.0,78.0,85.0,99.0,94.0,104.0,98.0,97.0,93.0,103.0,105.0,114.0,109.0,101.0,98.0,97.0,102.0,#2,99.0,100.0,103.0,106.0,108.0,80.0,105.0,58.0,198.0,35.0,16.0,158.0,12.0,50.0,27.0,9.0,24.0,159.0,165.0,96.0,49.0,33.0,26.0,31.0,23.0,78.0,98.0,103.0,22.0,30.0,22.0,20.0,35.0,45.0,#2,51.0,16.0,40.0,#2,45.0,28.0,37.0,20.0,56.0,90.0,23.0,30.0,25.0,26.0,31.0,46.0,33.0,27.0,36.0,41.0,38.0,25.0,21.0,25.0,26.0,31.0,59.0,69.0,104.0
27.0,20.0,246.0,207.0,132.0,103.0,97.0,83.0,71.0,98.0,161.0,146.0,121.0,114.0,194.0,82.0,103.0,96.0,86.0,93.0,89.0,95.0,79.0,80.0,89.0,96.0,105.0,109.0,103.0,101.0,103.0,102.0,#2,99.0,100.0,#2,101.0,102.0,71.0,90.0,105.0,34.0,28.0,33.0,43.0,42.0,47.0,17.0,16.0,7.0,89.0,180.0,55.0,32.0,25.0,16.0,26.0,4.0,115.0,61.0,80.0,35.0,24.0,13.0,11.0,27.0,33.0,60.0,33.0,51.0,69.0,109.0,53.0,68.0,140.0,71.0,56.0,79.0,16.0,19.0,23.0,11.0,47.0,35.0,23.0,38.0,47.0,42.0,32.0,#2,22.0,26.0,27.0,38.0,67.0,70.0,108.0
41.0,23.0,239.0,206.0,144.0,111.0,99.0,89.0,74.0,41.0,172.0,136.0,118.0,135.0,193.0,106.0,95.0,102.0,104.0,106.0,99.0,72.0,81.0,103.0,108.0,106.0,115.0,107.0,105.0,104.0,107.0,102.0,#2,99.0,100.0,#2,101.0,95.0,91.0,62.0,101.0,94.0,28.0,17.0,25.0,60.0,52.0,30.0,#2,10.0,93.0,182.0,51.0,37.0,11.0,12.0,29.0,10.0,115.0,56.0,70.0,44.0,24.0,11.0,9.0,25.0,17.0,46.0,#2,26.0,121.0,87.0,28.0,62.0,123.0,11.0,55.0,70.0,26.0,36.0,25.0,37.0,31.0,22.0,20.0,29.0,33.0,36.0,31.0,17.0,8.0,7.0,21.0,45.0,70.0,53.0,82.0
61.0,65.0,206.0,216.0,136.0,113.0,98.0,88.0,55.0,37.0,190.0,143.0,118.0,220.0,81.0,114.0,109.0,127.0,113.0,104.0,77.0,88.0,100.0,103.0,100.0,97.0,#2,104.0,106.0,109.0,101.0,103.0,114.0,90.0,91.0,92.0,101.0,102.0,84.0,85.0,72.0,73.0,20.0,#2,26.0,61.0,16.0,13.0,3.0,20.0,99.0,146.0,67.0,48.0,#2,8.0,26.0,0.0,86.0,55.0,84.0,36.0,31.0,23.0,2.0,21.0,32.0,55.0,47.0,36.0,27.0,38.0,27.0,21.0,28.0,43.0,58.0,78.0,31.0,37.0,31.0,20.0,23.0,18.0,3.0,28.0,31.0,50.0,71.0,108.0,110.0,77.0,112.0,157.0,46.0,34.0,58.0
108.0,100.0,242.0,197.0,118.0,108.0,103.0,89.0,72.0,50.0,74.0,185.0,138.0,150.0,100.0,94.0,113.0,134.0,98.0,92.0,88.0,91.0,98.0,100.0,#3,101.0,102.0,103.0,104.0,99.0,100.0,106.0,93.0,99.0,104.0,96.0,98.0,94.0,65.0,60.0,101.0,72.0,19.0,11.0,64.0,25.0,31.0,22.0,12.0,11.0,127.0,75.0,48.0,17.0,25.0,35.0,13.0,134.0,49.0,79.0,28.0,37.0,23.0,25.0,20.0,34.0,63.0,41.0,29.0,28.0,31.0,28.0,25.0,23.0,27.0,56.0,98.0,31.0,28.0,19.0,26.0,87.0,41.0,47.0,74.0,55.0,94.0,54.0,38.0,57.0,55.0,141.0,57.0,45.0,33.0,35.0
54.0,126.0,255.0,222.0,104.0,100.0,101.0,87.0,68.0,50.0,84.0,168.0,226.0,88.0,118.0,104.0,120.0,#2,68.0,88.0,94.0,84.0,86.0,#2,96.0,98.0,96.0,#2,97.0,95.0,#2,97.0,99.0,83.0,96.0,82.0,78.0,75.0,#3,57.0,58.0,87.0,30.0,15.0,65.0,58.0,37.0,89.0,131.0,20.0,117.0,74.0,34.0,19.0,40.0,21.0,24.0,145.0,45.0,75.0,23.0,65.0,33.0,37.0,26.0,27.0,51.0,40.0,29.0,31.0,20.0,19.0,30.0,21.0,14.0,54.0,101.0,32.0,39.0,71.0,140.0,127.0,87.0,37.0,42.0,47.0,61.0,41.0,86.0,159.0,100.0,30.0,54.0,48.0,20.0,25.0
131.0,167.0,226.0,199.0,109.0,94.0,89.0,71.0,73.0,78.0,80.0,100.0,124.0,157.0,98.0,88.0,35.0,214.0,142.0,67.0,57.0,84.0,85.0,84.0,92.0,100.0,93.0,94.0,96.0,88.0,95.0,93.0,89.0,98.0,53.0,#2,147.0,172.0,186.0,110.0,69.0,59.0,97.0,51.0,25.0,69.0,46.0,119.0,118.0,137.0,138.0,105.0,83.0,32.0,30.0,63.0,33.0,41.0,94.0,43.0,68.0,45.0,37.0,66.0,26.0,36.0,27.0,50.0,36.0,29.0,32.0,11.0,20.0,10.0,27.0,30.0,54.0,53.0,3.0,33.0,112.0,134.0,91.0,137.0,140.0,145.0,42.0,52.0,73.0,48.0,54.0,58.0,46.0,42.0,9.0,19.0,28.0
183.0,88.0,184.0,209.0,113.0,101.0,86.0,80.0,78.0,88.0,72.0,105.0,67.0,102.0,103.0,109.0,128.0,206.0,142.0,53.0,63.0,95.0,51.0,105.0,106.0,100.0,85.0,92.0,62.0,96.0,87.0,6.0,8.0,48.0,14.0,179.0,97.0,189.0,178.0,102.0,49.0,38.0,#2,102.0,38.0,41.0,32.0,73.0,120.0,113.0,131.0,135.0,93.0,5.0,30.0,42.0,58.0,93.0,3.0,29.0,62.0,14.0,23.0,34.0,31.0,21.0,25.0,40.0,36.0,8.0,14.0,6.0,0.0,9.0,19.0,38.0,61.0,28.0,31.0,34.0,28.0,26.0,33.0,42.0,36.0,39.0,57.0,49.0,38.0,40.0,39.0,42.0,39.0,24.0,20.0,14.0,22.0
97.0,133.0,235.0,197.0,108.0,97.0,88.0,72.0,68.0,99.0,72.0,31.0,181.0,160.0,108.0,155.0,114.0,235.0,122.0,115.0,151.0,113.0,115.0,65.0,64.0,65.0,73.0,63.0,147.0,139.0,69.0,38.0,57.0,20.0,101.0,221.0,47.0,195.0,125.0,133.0,46.0,37.0,107.0,105.0,31.0,25.0,26.0,33.0,29.0,32.0,50.0,112.0,96.0,10.0,20.0,26.0,41.0,0.0,30.0,56.0,52.0,28.0,34.0,24.0,25.0,27.0,30.0,22.0,57.0,25.0,30.0,34.0,25.0,36.0,42.0,30.0,44.0,43.0,57.0,39.0,42.0,44.0,#2,42.0,44.0,45.0,40.0,34.0,46.0,42.0,59.0,41.0,76.0,57.0,37.0,49.0,44.0
86.0,114.0,199.0,188.0,99.0,91.0,77.0,83.0,94.0,114.0,64.0,16.0,198.0,142.0,106.0,177.0,153.0,210.0,126.0,92.0,152.0,157.0,96.0,71.0,74.0,76.0,59.0,83.0,112.0,111.0,45.0,65.0,70.0,0.0,60.0,208.0,147.0,175.0,83.0,128.0,51.0,31.0,122.0,93.0,106.0,29.0,18.0,5.0,19.0,29.0,#2,35.0,100.0,19.0,#2,10.0,0.0,20.0,30.0,105.0,54.0,34.0,29.0,31.0,37.0,36.0,31.0,23.0,73.0,35.0,25.0,31.0,42.0,36.0,32.0,35.0,58.0,55.0,32.0,35.0,41.0,45.0,#2,39.0,32.0,31.0,41.0,42.0,48.0,53.0,61.0,44.0,55.0,#2,50.0,69.0,56.0
153.0,123.0,215.0,161.0,92.0,87.0,100.0,72.0,164.0,75.0,43.0,0.0,168.0,139.0,89.0,173.0,205.0,224.0,101.0,70.0,131.0,129.0,158.0,164.0,83.0,72.0,100.0,111.0,113.0,90.0,66.0,98.0,70.0,20.0,2.0,189.0,108.0,157.0,167.0,183.0,63.0,23.0,126.0,87.0,96.0,15.0,28.0,15.0,24.0,34.0,39.0,25.0,101.0,29.0,#2,10.0,15.0,25.0,20.0,110.0,49.0,35.0,41.0,34.0,35.0,34.0,29.0,22.0,49.0,40.0,22.0,20.0,42.0,32.0,28.0,25.0,50.0,71.0,42.0,43.0,#2,41.0,44.0,48.0,42.0,38.0,42.0,48.0,34.0,48.0,67.0,35.0,58.0,59.0,39.0,50.0,36.0
130.0,112.0,213.0,161.0,91.0,93.0,80.0,60.0,143.0,13.0,11.0,0.0,130.0,111.0,82.0,147.0,220.0,177.0,98.0,75.0,143.0,162.0,129.0,197.0,62.0,76.0,169.0,154.0,159.0,114.0,47.0,105.0,43.0,42.0,94.0,215.0,49.0,84.0,206.0,197.0,68.0,26.0,99.0,82.0,97.0,25.0,14.0,34.0,23.0,14.0,30.0,15.0,106.0,32.0,20.0,32.0,55.0,27.0,35.0,133.0,41.0,38.0,24.0,15.0,19.0,25.0,12.0,33.0,29.0,45.0,29.0,25.0,27.0,#2,28.0,34.0,46.0,77.0,43.0,#2,30.0,35.0,45.0,67.0,45.0,10.0,13.0,11.0,36.0,46.0,53.0,48.0,40.0,61.0,38.0,53.0,38.0
138.0,154.0,240.0,138.0,77.0,81.0,87.0,165.0,58.0,59.0,13.0,31.0,123.0,99.0,98.0,147.0,#2,150.0,62.0,68.0,98.0,126.0,173.0,112.0,75.0,77.0,131.0,145.0,116.0,55.0,134.0,123.0,34.0,26.0,205.0,180.0,44.0,5.0,185.0,176.0,102.0,32.0,64.0,101.0,77.0,85.0,61.0,39.0,31.0,47.0,39.0,24.0,113.0,38.0,52.0,59.0,34.0,55.0,87.0,126.0,60.0,99.0,131.0,94.0,#2,127.0,108.0,35.0,16.0,47.0,32.0,27.0,28.0,31.0,37.0,41.0,39.0,67.0,36.0,38.0,33.0,30.0,33.0,20.0,40.0,46.0,48.0,47.0,54.0,45.0,38.0,54.0,55.0,53.0,#2,48.0,55.0
125.0,158.0,225.0,94.0,61.0,88.0,84.0,130.0,34.0,6.0,21.0,80.0,121.0,78.0,110.0,228.0,160.0,125.0,83.0,85.0,132.0,99.0,24.0,104.0,62.0,49.0,166.0,104.0,144.0,56.0,47.0,83.0,30.0,5.0,185.0,170.0,41.0,17.0,204.0,200.0,138.0,37.0,34.0,118.0,80.0,87.0,51.0,61.0,54.0,31.0,69.0,48.0,121.0,45.0,50.0,112.0,87.0,90.0,161.0,38.0,69.0,76.0,78.0,#2,11.0,39.0,49.0,14.0,39.0,48.0,36.0,33.0,21.0,25.0,32.0,38.0,39.0,68.0,58.0,40.0,37.0,38.0,44.0,51.0,46.0,31.0,42.0,36.0,44.0,58.0,63.0,48.0,55.0,62.0,41.0,56.0,41.0
183.0,103.0,180.0,52.0,56.0,90.0,65.0,135.0,0.0,16.0,10.0,116.0,150.0,137.0,140.0,204.0,188.0,31.0,39.0,176.0,85.0,75.0,109.0,146.0,87.0,13.0,48.0,103.0,55.0,40.0,38.0,84.0,57.0,113.0,181.0,119.0,50.0,15.0,198.0,171.0,144.0,36.0,41.0,116.0,90.0,108.0,70.0,64.0,57.0,71.0,103.0,139.0,137.0,65.0,120.0,103.0,112.0,89.0,101.0,#2,37.0,128.0,145.0,91.0,128.0,141.0,74.0,46.0,28.0,35.0,25.0,36.0,40.0,41.0,44.0,#2,46.0,54.0,56.0,53.0,46.0,38.0,37.0,39.0,55.0,57.0,#2,59.0,55.0,63.0,57.0,52.0,56.0,64.0,#2,57.0,64.0
118.0,115.0,133.0,57.0,58.0,76.0,84.0,128.0,13.0,28.0,3.0,119.0,167.0,99.0,97.0,140.0,146.0,33.0,53.0,116.0,136.0,143.0,135.0,128.0,16.0,39.0,86.0,46.0,100.0,103.0,77.0,59.0,12.0,163.0,122.0,38.0,55.0,31.0,182.0,173.0,147.0,#2,37.0,110.0,118.0,114.0,86.0,59.0,56.0,72.0,36.0,94.0,128.0,46.0,85.0,129.0,163.0,109.0,86.0,21.0,14.0,96.0,113.0,98.0,99.0,161.0,93.0,131.0,37.0,24.0,22.0,25.0,37.0,42.0,38.0,42.0,43.0,40.0,42.0,35.0,43.0,39.0,46.0,42.0,43.0,45.0,46.0,54.0,41.0,42.0,53.0,40.0,57.0,65.0,51.0,#2,75.0
143.0,177.0,52.0,76.0,73.0,79.0,137.0,53.0,16.0,5.0,3.0,162.0,210.0,81.0,90.0,138.0,34.0,25.0,18.0,21.0,79.0,53.0,54.0,128.0,137.0,160.0,112.0,134.0,115.0,43.0,102.0,97.0,126.0,143.0,55.0,33.0,127.0,41.0,#2,175.0,166.0,65.0,29.0,140.0,96.0,120.0,83.0,52.0,64.0,52.0,46.0,20.0,79.0,30.0,0.0,122.0,111.0,103.0,38.0,7.0,40.0,13.0,144.0,127.0,141.0,122.0,115.0,89.0,42.0,17.0,20.0,24.0,41.0,44.0,42.0,#2,44.0,39.0,40.0,29.0,49.0,35.0,45.0,51.0,47.0,46.0,53.0,62.0,52.0,53.0,61.0,42.0,69.0,68.0,60.0,56.0,43.0
155.0,92.0,40.0,97.0,90.0,87.0,143.0,64.0,23.0,11.0,15.0,42.0,128.0,80.0,90.0,64.0,156.0,79.0,135.0,164.0,159.0,101.0,125.0,139.0,129.0,103.0,101.0,121.0,116.0,105.0,137.0,103.0,193.0,171.0,44.0,40.0,94.0,154.0,185.0,198.0,174.0,57.0,56.0,130.0,108.0,125.0,73.0,63.0,49.0,55.0,51.0,58.0,#2,34.0,24.0,33.0,27.0,22.0,31.0,40.0,9.0,11.0,90.0,124.0,163.0,159.0,143.0,68.0,11.0,5.0,24.0,27.0,63.0,38.0,#2,50.0,39.0,23.0,16.0,21.0,29.0,36.0,49.0,38.0,50.0,56.0,47.0,68.0,66.0,61.0,63.0,#2,65.0,57.0,66.0,46.0,87.0
104.0,67.0,73.0,99.0,91.0,86.0,124.0,20.0,32.0,22.0,29.0,124.0,120.0,69.0,87.0,89.0,142.0,163.0,171.0,143.0,160.0,122.0,103.0,117.0,80.0,57.0,81.0,82.0,87.0,84.0,152.0,184.0,152.0,72.0,36.0,42.0,127.0,103.0,157.0,210.0,115.0,62.0,53.0,49.0,106.0,116.0,75.0,65.0,48.0,49.0,38.0,62.0,56.0,36.0,13.0,49.0,29.0,40.0,54.0,32.0,26.0,42.0,36.0,23.0,18.0,44.0,22.0,41.0,37.0,57.0,25.0,91.0,47.0,54.0,46.0,50.0,55.0,45.0,46.0,42.0,68.0,40.0,47.0,#2,73.0,74.0,77.0,72.0,51.0,87.0,90.0,74.0,65.0,94.0,137.0,144.0,48.0
70.0,63.0,60.0,92.0,79.0,152.0,164.0,33.0,20.0,9.0,8.0,156.0,87.0,92.0,85.0,133.0,122.0,78.0,80.0,133.0,178.0,78.0,94.0,50.0,78.0,109.0,128.0,80.0,31.0,126.0,128.0,185.0,141.0,10.0,34.0,18.0,5.0,98.0,123.0,207.0,144.0,34.0,68.0,33.0,151.0,76.0,92.0,25.0,42.0,70.0,54.0,40.0,32.0,25.0,32.0,73.0,53.0,36.0,39.0,22.0,57.0,37.0,50.0,67.0,118.0,95.0,#2,104.0,78.0,64.0,51.0,141.0,79.0,49.0,184.0,174.0,30.0,63.0,81.0,77.0,107.0,108.0,43.0,68.0,23.0,57.0,88.0,78.0,134.0,62.0,28.0,80.0,89.0,88.0,81.0,99.0,75.0
68.0,32.0,60.0,45.0,60.0,124.0,77.0,5.0,22.0,65.0,82.0,142.0,46.0,61.0,90.0,138.0,132.0,150.0,104.0,107.0,83.0,112.0,78.0,91.0,142.0,140.0,149.0,55.0,97.0,184.0,103.0,#2,135.0,46.0,64.0,53.0,66.0,33.0,15.0,194.0,135.0,52.0,22.0,158.0,154.0,78.0,45.0,52.0,#2,58.0,78.0,23.0,17.0,12.0,13.0,22.0,61.0,52.0,38.0,48.0,32.0,48.0,38.0,35.0,54.0,87.0,#2,47.0,60.0,37.0,34.0,117.0,96.0,121.0,43.0,119.0,117.0,137.0,161.0,123.0,158.0,130.0,133.0,190.0,179.0,129.0,99.0,65.0,85.0,72.0,118.0,163.0,86.0,75.0,63.0,87.0,124.0
51.0,38.0,16.0,28.0,122.0,141.0,112.0,25.0,10.0,46.0,111.0,123.0,45.0,49.0,66.0,162.0,121.0,148.0,137.0,128.0,114.0,167.0,106.0,132.0,162.0,99.0,70.0,184.0,110.0,114.0,183.0,128.0,126.0,112.0,109.0,59.0,99.0,196.0,162.0,174.0,125.0,86.0,35.0,79.0,114.0,80.0,61.0,45.0,41.0,74.0,50.0,58.0,28.0,10.0,44.0,41.0,42.0,55.0,60.0,62.0,59.0,44.0,64.0,53.0,47.0,30.0,58.0,29.0,25.0,37.0,45.0,72.0,123.0,#2,183.0,136.0,#2,157.0,154.0,144.0,141.0,146.0,153.0,171.0,95.0,106.0,81.0,40.0,59.0,132.0,133.0,123.0,117.0,145.0,155.0,86.0,131.0
137.0,29.0,28.0,20.0,119.0,38.0,84.0,21.0,3.0,29.0,158.0,38.0,44.0,69.0,60.0,55.0,143.0,164.0,141.0,103.0,63.0,148.0,164.0,117.0,85.0,56.0,73.0,139.0,157.0,104.0,131.0,145.0,34.0,150.0,159.0,143.0,117.0,92.0,169.0,178.0,83.0,122.0,179.0,220.0,150.0,79.0,105.0,142.0,110.0,81.0,49.0,63.0,49.0,188.0,141.0,119.0,51.0,#2,60.0,#2,66.0,72.0,69.0,61.0,67.0,72.0,97.0,95.0,117.0,122.0,123.0,94.0,150.0,154.0,139.0,125.0,71.0,117.0,167.0,145.0,128.0,74.0,59.0,162.0,125.0,96.0,144.0,128.0,165.0,152.0,130.0,147.0,121.0,122.0,163.0,151.0,157.0
121.0,45.0,20.0,42.0,123.0,140.0,73.0,15.0,12.0,86.0,130.0,145.0,32.0,15.0,54.0,153.0,130.0,82.0,117.0,69.0,117.0,147.0,140.0,136.0,101.0,91.0,136.0,113.0,123.0,118.0,95.0,214.0,73.0,61.0,105.0,126.0,109.0,99.0,203.0,150.0,34.0,32.0,102.0,162.0,90.0,100.0,106.0,81.0,104.0,113.0,162.0,121.0,174.0,162.0,60.0,38.0,147.0,140.0,113.0,126.0,148.0,158.0,150.0,128.0,138.0,129.0,111.0,105.0,101.0,114.0,113.0,138.0,179.0,189.0,140.0,110.0,63.0,154.0,150.0,100.0,202.0,106.0,149.0,174.0,132.0,137.0,130.0,176.0,106.0,144.0,189.0,170.0,178.0,91.0,184.0,189.0,135.0
167.0,34.0,30.0,56.0,165.0,103.0,77.0,20.0,11.0,132.0,138.0,131.0,29.0,42.0,57.0,106.0,128.0,163.0,148.0,153.0,162.0,44.0,122.0,0.0,31.0,106.0,131.0,124.0,53.0,70.0,127.0,143.0,81.0,106.0,32.0,35.0,96.0,161.0,175.0,169.0,21.0,13.0,66.0,19.0,36.0,61.0,111.0,148.0,174.0,76.0,112.0,106.0,159.0,71.0,18.0,88.0,119.0,23.0,118.0,141.0,108.0,114.0,162.0,142.0,129.0,144.0,112.0,143.0,146.0,154.0,113.0,160.0,129.0,133.0,126.0,83.0,152.0,178.0,116.0,110.0,140.0,84.0,138.0,103.0,114.0,86.0,169.0,159.0,160.0,183.0,182.0,116.0,148.0,151.0,160.0,167.0,122.0
