139.0,#2,157.0,177.0,169.0,152.0,151.0,161.0,142.0,145.0,232.0,53.0,148.0,133.0,214.0,200.0,190.0,194.0,195.0,58.0,65.0,56.0,45.0,68.0,57.0,15.0,137.0,44.0,141.0,52.0,179.0,92.0,74.0,35.0,106.0,40.0,32.0,111.0,109.0,149.0,222.0,39.0,112.0,27.0,222.0,172.0,207.0,204.0,144.0,114.0,118.0,115.0,155.0,150.0,169.0,158.0,#2,179.0,185.0,208.0,199.0,197.0,169.0,166.0,162.0,177.0,173.0,162.0,160.0,157.0,174.0,182.0,168.0
169.0,147.0,172.0,165.0,164.0,180.0,156.0,142.0,132.0,103.0,97.0,108.0,192.0,112.0,191.0,192.0,190.0,175.0,68.0,56.0,38.0,48.0,32.0,133.0,66.0,33.0,39.0,134.0,144.0,89.0,143.0,122.0,142.0,136.0,101.0,0.0,42.0,134.0,162.0,124.0,213.0,241.0,90.0,147.0,223.0,205.0,146.0,128.0,143.0,71.0,66.0,72.0,79.0,143.0,157.0,153.0,162.0,173.0,158.0,189.0,206.0,187.0,177.0,175.0,159.0,174.0,161.0,153.0,156.0,183.0,172.0,174.0,164.0
142.0,159.0,154.0,166.0,161.0,169.0,150.0,161.0,#2,117.0,172.0,126.0,178.0,138.0,177.0,220.0,221.0,185.0,55.0,61.0,17.0,56.0,84.0,80.0,48.0,95.0,6.0,127.0,114.0,58.0,156.0,125.0,137.0,162.0,106.0,0.0,137.0,147.0,129.0,158.0,225.0,243.0,186.0,170.0,236.0,204.0,159.0,167.0,59.0,44.0,54.0,62.0,79.0,77.0,93.0,168.0,150.0,122.0,147.0,164.0,154.0,172.0,141.0,157.0,146.0,175.0,168.0,174.0,169.0,187.0,157.0,154.0,162.0
163.0,170.0,161.0,162.0,166.0,182.0,174.0,154.0,135.0,167.0,119.0,190.0,229.0,190.0,177.0,198.0,194.0,141.0,124.0,141.0,123.0,#2,113.0,149.0,148.0,128.0,119.0,142.0,115.0,37.0,149.0,133.0,131.0,122.0,170.0,9.0,#2,131.0,#2,141.0,188.0,238.0,220.0,153.0,211.0,169.0,150.0,74.0,48.0,73.0,71.0,54.0,66.0,101.0,93.0,66.0,168.0,181.0,153.0,161.0,150.0,159.0,164.0,120.0,143.0,168.0,169.0,182.0,188.0,142.0,161.0,186.0,136.0
167.0,182.0,172.0,158.0,#2,161.0,162.0,159.0,147.0,164.0,170.0,152.0,138.0,144.0,123.0,133.0,152.0,154.0,141.0,134.0,147.0,156.0,160.0,145.0,129.0,161.0,145.0,156.0,125.0,114.0,148.0,152.0,127.0,129.0,160.0,0.0,#2,146.0,147.0,157.0,154.0,238.0,217.0,191.0,151.0,170.0,115.0,46.0,42.0,61.0,89.0,69.0,80.0,79.0,88.0,83.0,74.0,140.0,162.0,163.0,124.0,158.0,138.0,140.0,156.0,154.0,155.0,162.0,199.0,190.0,180.0,196.0,128.0
177.0,166.0,155.0,156.0,138.0,144.0,160.0,126.0,147.0,170.0,174.0,165.0,148.0,157.0,138.0,147.0,142.0,161.0,154.0,162.0,148.0,164.0,130.0,164.0,153.0,134.0,152.0,163.0,62.0,183.0,185.0,134.0,147.0,152.0,182.0,30.0,140.0,146.0,#2,138.0,134.0,229.0,236.0,188.0,170.0,186.0,13.0,26.0,41.0,67.0,79.0,91.0,94.0,88.0,97.0,108.0,82.0,137.0,154.0,136.0,168.0,174.0,137.0,104.0,97.0,129.0,151.0,162.0,150.0,178.0,204.0,136.0,157.0
146.0,152.0,166.0,159.0,167.0,174.0,139.0,137.0,151.0,142.0,168.0,166.0,164.0,142.0,153.0,141.0,152.0,138.0,#2,152.0,132.0,153.0,154.0,142.0,129.0,150.0,125.0,112.0,216.0,212.0,151.0,134.0,143.0,186.0,146.0,71.0,157.0,136.0,148.0,143.0,149.0,224.0,222.0,207.0,208.0,220.0,25.0,34.0,41.0,73.0,93.0,94.0,91.0,92.0,95.0,85.0,63.0,54.0,143.0,151.0,134.0,175.0,191.0,155.0,185.0,198.0,180.0,158.0,116.0,139.0,145.0,199.0,206.0
139.0,147.0,142.0,152.0,163.0,151.0,150.0,157.0,154.0,166.0,158.0,157.0,144.0,140.0,154.0,143.0,161.0,151.0,155.0,151.0,145.0,139.0,149.0,131.0,115.0,110.0,106.0,105.0,216.0,210.0,93.0,129.0,146.0,141.0,178.0,131.0,139.0,136.0,139.0,154.0,151.0,197.0,244.0,203.0,196.0,173.0,41.0,52.0,55.0,74.0,86.0,78.0,#2,69.0,76.0,82.0,72.0,53.0,122.0,165.0,159.0,181.0,167.0,151.0,138.0,184.0,206.0,189.0,202.0,215.0,226.0,198.0,205.0
153.0,147.0,153.0,151.0,156.0,138.0,150.0,144.0,174.0,176.0,147.0,164.0,138.0,146.0,148.0,146.0,#2,168.0,163.0,161.0,155.0,148.0,111.0,103.0,83.0,110.0,129.0,112.0,236.0,137.0,91.0,98.0,92.0,108.0,240.0,143.0,138.0,154.0,140.0,151.0,159.0,165.0,239.0,224.0,204.0,89.0,60.0,39.0,44.0,#2,76.0,50.0,48.0,53.0,42.0,73.0,93.0,59.0,58.0,140.0,155.0,189.0,184.0,178.0,190.0,139.0,177.0,162.0,152.0,188.0,186.0,203.0,185.0
134.0,156.0,144.0,166.0,152.0,140.0,152.0,94.0,157.0,145.0,138.0,147.0,140.0,166.0,177.0,171.0,162.0,157.0,145.0,148.0,158.0,150.0,109.0,84.0,67.0,44.0,142.0,144.0,231.0,133.0,106.0,82.0,100.0,76.0,238.0,96.0,104.0,110.0,113.0,115.0,134.0,147.0,230.0,232.0,205.0,67.0,60.0,#2,43.0,65.0,51.0,46.0,49.0,43.0,60.0,80.0,57.0,67.0,51.0,179.0,180.0,157.0,121.0,168.0,150.0,130.0,#2,138.0,156.0,168.0,174.0,185.0,186.0
169.0,158.0,150.0,172.0,137.0,147.0,154.0,153.0,191.0,155.0,175.0,161.0,143.0,147.0,140.0,137.0,158.0,149.0,164.0,132.0,166.0,112.0,68.0,66.0,81.0,86.0,0.0,145.0,227.0,113.0,109.0,97.0,92.0,159.0,229.0,98.0,81.0,84.0,#2,96.0,107.0,118.0,225.0,242.0,189.0,49.0,60.0,51.0,37.0,82.0,73.0,74.0,78.0,89.0,87.0,86.0,48.0,40.0,43.0,163.0,154.0,139.0,196.0,162.0,157.0,162.0,200.0,151.0,185.0,169.0,159.0,165.0,178.0
144.0,165.0,168.0,175.0,#2,160.0,142.0,180.0,170.0,156.0,148.0,150.0,164.0,141.0,150.0,174.0,154.0,164.0,154.0,167.0,132.0,126.0,59.0,64.0,40.0,19.0,66.0,59.0,156.0,103.0,93.0,128.0,113.0,178.0,207.0,109.0,89.0,101.0,94.0,101.0,105.0,98.0,231.0,241.0,158.0,56.0,63.0,59.0,76.0,89.0,79.0,95.0,84.0,#2,75.0,46.0,23.0,52.0,82.0,111.0,145.0,150.0,120.0,#2,128.0,177.0,180.0,191.0,156.0,146.0,148.0,141.0,190.0
144.0,126.0,125.0,148.0,131.0,137.0,#2,144.0,151.0,173.0,154.0,146.0,166.0,140.0,142.0,172.0,150.0,153.0,141.0,150.0,151.0,68.0,72.0,48.0,61.0,5.0,10.0,32.0,11.0,23.0,126.0,131.0,97.0,137.0,198.0,108.0,79.0,99.0,89.0,100.0,89.0,93.0,241.0,230.0,110.0,54.0,70.0,#2,80.0,76.0,79.0,78.0,86.0,82.0,60.0,36.0,29.0,47.0,66.0,94.0,164.0,#2,145.0,143.0,160.0,115.0,117.0,#2,109.0,150.0,128.0,150.0,137.0
134.0,137.0,136.0,149.0,125.0,108.0,144.0,159.0,185.0,166.0,#2,172.0,161.0,150.0,170.0,156.0,158.0,159.0,161.0,164.0,158.0,72.0,109.0,13.0,10.0,0.0,18.0,0.0,27.0,25.0,74.0,151.0,147.0,186.0,175.0,141.0,135.0,133.0,114.0,92.0,120.0,86.0,235.0,221.0,56.0,58.0,62.0,88.0,74.0,88.0,95.0,93.0,97.0,88.0,68.0,39.0,40.0,54.0,69.0,85.0,107.0,118.0,123.0,140.0,132.0,145.0,142.0,141.0,137.0,135.0,#2,128.0,152.0
157.0,156.0,186.0,178.0,144.0,168.0,171.0,188.0,168.0,161.0,168.0,161.0,158.0,159.0,141.0,66.0,19.0,113.0,146.0,179.0,228.0,113.0,53.0,56.0,113.0,0.0,18.0,13.0,36.0,56.0,59.0,81.0,95.0,138.0,149.0,156.0,143.0,142.0,135.0,106.0,100.0,97.0,250.0,204.0,51.0,71.0,80.0,84.0,90.0,91.0,107.0,105.0,85.0,76.0,52.0,36.0,37.0,52.0,73.0,79.0,98.0,129.0,112.0,116.0,114.0,152.0,102.0,124.0,118.0,109.0,113.0,118.0,121.0
164.0,143.0,163.0,161.0,160.0,176.0,159.0,188.0,157.0,151.0,142.0,175.0,151.0,143.0,144.0,40.0,11.0,35.0,134.0,208.0,230.0,221.0,189.0,237.0,107.0,17.0,18.0,15.0,16.0,72.0,41.0,51.0,73.0,39.0,43.0,96.0,122.0,147.0,146.0,140.0,147.0,101.0,241.0,109.0,73.0,85.0,82.0,80.0,95.0,96.0,102.0,96.0,75.0,38.0,33.0,40.0,35.0,66.0,86.0,#2,95.0,105.0,96.0,118.0,119.0,123.0,137.0,131.0,133.0,139.0,197.0,165.0,136.0
162.0,153.0,176.0,168.0,175.0,154.0,183.0,157.0,191.0,194.0,131.0,115.0,152.0,141.0,122.0,31.0,39.0,106.0,218.0,239.0,255.0,239.0,233.0,228.0,21.0,48.0,58.0,45.0,119.0,0.0,38.0,41.0,54.0,53.0,79.0,93.0,94.0,108.0,110.0,126.0,154.0,108.0,192.0,48.0,74.0,80.0,84.0,89.0,88.0,89.0,85.0,#2,83.0,108.0,102.0,99.0,64.0,61.0,89.0,145.0,181.0,99.0,131.0,139.0,119.0,127.0,144.0,171.0,195.0,214.0,210.0,174.0,165.0
174.0,170.0,186.0,161.0,163.0,157.0,151.0,171.0,180.0,149.0,145.0,152.0,183.0,162.0,146.0,52.0,36.0,240.0,247.0,233.0,231.0,222.0,226.0,0.0,33.0,40.0,59.0,88.0,55.0,9.0,71.0,79.0,84.0,6.0,44.0,65.0,69.0,68.0,100.0,119.0,123.0,71.0,98.0,88.0,93.0,95.0,84.0,96.0,102.0,80.0,68.0,61.0,70.0,75.0,72.0,80.0,78.0,56.0,96.0,100.0,146.0,158.0,105.0,171.0,195.0,200.0,187.0,209.0,178.0,191.0,215.0,180.0,220.0
152.0,155.0,171.0,170.0,184.0,153.0,149.0,166.0,165.0,148.0,#2,157.0,174.0,166.0,164.0,147.0,211.0,255.0,247.0,242.0,234.0,253.0,51.0,19.0,13.0,36.0,56.0,44.0,46.0,9.0,99.0,48.0,58.0,106.0,125.0,66.0,81.0,89.0,81.0,76.0,100.0,66.0,85.0,78.0,68.0,80.0,88.0,103.0,90.0,51.0,40.0,27.0,25.0,26.0,31.0,42.0,39.0,49.0,74.0,85.0,109.0,159.0,118.0,112.0,187.0,188.0,191.0,#2,174.0,210.0,176.0,148.0,186.0
129.0,#2,152.0,200.0,177.0,134.0,150.0,184.0,148.0,164.0,163.0,155.0,166.0,182.0,156.0,75.0,255.0,239.0,253.0,255.0,244.0,83.0,29.0,170.0,83.0,29.0,35.0,28.0,33.0,18.0,68.0,0.0,123.0,47.0,61.0,51.0,94.0,66.0,37.0,#2,40.0,45.0,83.0,89.0,71.0,85.0,69.0,76.0,81.0,34.0,37.0,41.0,43.0,18.0,27.0,47.0,34.0,43.0,50.0,91.0,99.0,102.0,134.0,98.0,148.0,190.0,175.0,180.0,201.0,141.0,155.0,153.0,175.0
116.0,133.0,141.0,174.0,165.0,171.0,144.0,172.0,140.0,184.0,158.0,118.0,166.0,140.0,30.0,58.0,#2,253.0,248.0,240.0,225.0,22.0,121.0,135.0,122.0,17.0,15.0,57.0,45.0,67.0,78.0,10.0,56.0,73.0,90.0,58.0,78.0,56.0,31.0,23.0,14.0,28.0,29.0,63.0,60.0,#2,79.0,94.0,101.0,54.0,45.0,37.0,41.0,60.0,37.0,36.0,31.0,60.0,53.0,69.0,94.0,105.0,109.0,108.0,84.0,167.0,190.0,188.0,203.0,195.0,199.0,179.0,144.0
154.0,125.0,166.0,177.0,170.0,174.0,115.0,76.0,90.0,166.0,184.0,173.0,152.0,187.0,93.0,167.0,223.0,240.0,225.0,157.0,13.0,24.0,106.0,124.0,55.0,40.0,38.0,43.0,31.0,99.0,98.0,80.0,85.0,60.0,76.0,57.0,45.0,12.0,27.0,29.0,36.0,23.0,7.0,32.0,15.0,43.0,68.0,82.0,66.0,57.0,60.0,51.0,54.0,58.0,#2,53.0,52.0,38.0,88.0,71.0,#2,101.0,93.0,98.0,94.0,125.0,193.0,174.0,194.0,177.0,180.0,156.0,195.0
143.0,160.0,142.0,123.0,145.0,169.0,125.0,170.0,148.0,150.0,170.0,183.0,162.0,123.0,120.0,251.0,241.0,242.0,142.0,26.0,3.0,53.0,19.0,50.0,44.0,59.0,32.0,23.0,0.0,100.0,115.0,#2,122.0,80.0,43.0,77.0,24.0,12.0,14.0,35.0,10.0,0.0,28.0,4.0,27.0,22.0,64.0,53.0,72.0,99.0,70.0,58.0,76.0,60.0,80.0,74.0,69.0,58.0,66.0,56.0,96.0,93.0,80.0,100.0,116.0,109.0,194.0,199.0,193.0,195.0,184.0,167.0,169.0
129.0,152.0,133.0,102.0,103.0,106.0,158.0,182.0,146.0,174.0,185.0,190.0,111.0,52.0,127.0,239.0,246.0,34.0,19.0,149.0,28.0,40.0,34.0,80.0,90.0,67.0,50.0,46.0,17.0,109.0,118.0,110.0,96.0,92.0,33.0,39.0,15.0,20.0,9.0,18.0,15.0,92.0,121.0,42.0,8.0,16.0,46.0,36.0,76.0,92.0,82.0,84.0,82.0,89.0,78.0,92.0,71.0,91.0,96.0,83.0,76.0,90.0,87.0,90.0,100.0,90.0,178.0,158.0,#2,176.0,158.0,178.0,169.0
195.0,160.0,176.0,172.0,#2,205.0,189.0,186.0,169.0,141.0,136.0,145.0,116.0,80.0,180.0,255.0,0.0,95.0,151.0,56.0,47.0,46.0,60.0,95.0,87.0,77.0,46.0,125.0,26.0,141.0,113.0,75.0,77.0,57.0,41.0,22.0,9.0,16.0,19.0,13.0,0.0,137.0,113.0,140.0,18.0,9.0,8.0,19.0,80.0,83.0,78.0,82.0,#3,90.0,84.0,97.0,94.0,101.0,94.0,98.0,89.0,74.0,85.0,100.0,87.0,166.0,182.0,187.0,144.0,153.0,152.0,158.0
110.0,167.0,147.0,176.0,157.0,173.0,181.0,195.0,144.0,136.0,121.0,51.0,52.0,101.0,220.0,44.0,28.0,7.0,105.0,104.0,109.0,87.0,112.0,93.0,161.0,76.0,90.0,88.0,41.0,133.0,129.0,123.0,106.0,46.0,34.0,8.0,10.0,11.0,8.0,2.0,4.0,0.0,141.0,150.0,170.0,25.0,13.0,19.0,85.0,66.0,82.0,92.0,76.0,81.0,67.0,62.0,76.0,71.0,81.0,79.0,92.0,90.0,78.0,89.0,95.0,92.0,140.0,185.0,175.0,173.0,180.0,182.0,156.0
187.0,172.0,155.0,154.0,177.0,169.0,183.0,145.0,144.0,151.0,173.0,47.0,39.0,62.0,217.0,36.0,81.0,108.0,71.0,108.0,139.0,121.0,150.0,98.0,108.0,94.0,184.0,42.0,70.0,52.0,#2,122.0,47.0,72.0,37.0,36.0,#2,14.0,15.0,17.0,#2,0.0,171.0,169.0,153.0,150.0,36.0,30.0,101.0,77.0,71.0,86.0,75.0,77.0,62.0,53.0,55.0,49.0,62.0,70.0,89.0,101.0,80.0,89.0,95.0,97.0,118.0,207.0,199.0,187.0,195.0,164.0,171.0
205.0,191.0,173.0,167.0,143.0,180.0,151.0,163.0,115.0,155.0,149.0,191.0,55.0,73.0,45.0,41.0,69.0,76.0,126.0,116.0,117.0,104.0,101.0,114.0,58.0,51.0,83.0,49.0,52.0,86.0,143.0,129.0,71.0,39.0,77.0,46.0,30.0,22.0,13.0,12.0,11.0,13.0,205.0,194.0,173.0,208.0,96.0,27.0,89.0,81.0,84.0,81.0,68.0,80.0,64.0,71.0,56.0,48.0,64.0,79.0,95.0,96.0,75.0,80.0,92.0,94.0,111.0,161.0,177.0,191.0,135.0,190.0,174.0
180.0,165.0,185.0,155.0,153.0,156.0,142.0,128.0,148.0,184.0,133.0,106.0,96.0,88.0,23.0,84.0,102.0,109.0,134.0,151.0,107.0,122.0,127.0,92.0,65.0,142.0,62.0,95.0,60.0,165.0,78.0,96.0,114.0,57.0,22.0,53.0,59.0,36.0,30.0,16.0,34.0,43.0,232.0,203.0,214.0,192.0,61.0,66.0,65.0,81.0,79.0,101.0,91.0,69.0,61.0,43.0,#2,60.0,#2,84.0,97.0,99.0,73.0,74.0,81.0,94.0,87.0,179.0,208.0,171.0,162.0,136.0,153.0
155.0,158.0,175.0,166.0,180.0,172.0,205.0,209.0,216.0,179.0,35.0,45.0,56.0,72.0,18.0,124.0,145.0,165.0,128.0,135.0,93.0,126.0,100.0,#2,89.0,118.0,128.0,45.0,111.0,163.0,131.0,126.0,132.0,39.0,65.0,36.0,60.0,43.0,28.0,47.0,67.0,80.0,192.0,206.0,222.0,206.0,192.0,115.0,47.0,108.0,73.0,63.0,83.0,#2,64.0,86.0,66.0,65.0,76.0,93.0,88.0,104.0,74.0,73.0,63.0,85.0,90.0,160.0,147.0,174.0,177.0,186.0,147.0
#2,137.0,169.0,132.0,135.0,157.0,181.0,165.0,171.0,184.0,20.0,65.0,55.0,38.0,49.0,143.0,134.0,161.0,144.0,113.0,128.0,75.0,97.0,99.0,88.0,123.0,177.0,128.0,203.0,169.0,163.0,136.0,108.0,124.0,62.0,11.0,41.0,44.0,33.0,48.0,85.0,68.0,92.0,205.0,179.0,215.0,226.0,180.0,133.0,73.0,72.0,63.0,66.0,63.0,75.0,85.0,68.0,72.0,73.0,97.0,82.0,88.0,66.0,60.0,165.0,88.0,76.0,163.0,194.0,176.0,196.0,218.0,194.0
160.0,129.0,121.0,132.0,164.0,151.0,#2,181.0,170.0,190.0,13.0,44.0,65.0,143.0,112.0,114.0,216.0,90.0,84.0,67.0,71.0,83.0,88.0,144.0,109.0,140.0,#3,180.0,167.0,151.0,135.0,134.0,104.0,110.0,61.0,66.0,39.0,26.0,33.0,58.0,56.0,58.0,223.0,212.0,199.0,207.0,188.0,147.0,52.0,60.0,50.0,44.0,60.0,57.0,91.0,90.0,70.0,79.0,90.0,94.0,78.0,65.0,54.0,239.0,83.0,80.0,70.0,179.0,172.0,196.0,#2,181.0
190.0,155.0,164.0,185.0,170.0,156.0,183.0,158.0,176.0,160.0,33.0,4.0,18.0,134.0,156.0,148.0,124.0,93.0,75.0,91.0,77.0,85.0,101.0,158.0,98.0,115.0,162.0,194.0,153.0,181.0,186.0,130.0,113.0,87.0,114.0,56.0,50.0,77.0,33.0,29.0,20.0,1.0,25.0,189.0,216.0,105.0,100.0,146.0,160.0,45.0,137.0,58.0,46.0,64.0,87.0,97.0,103.0,84.0,82.0,99.0,87.0,79.0,69.0,68.0,215.0,94.0,79.0,57.0,191.0,187.0,211.0,213.0,196.0
141.0,131.0,162.0,171.0,150.0,159.0,156.0,139.0,192.0,207.0,54.0,27.0,24.0,99.0,155.0,116.0,77.0,46.0,65.0,95.0,59.0,70.0,91.0,33.0,62.0,153.0,141.0,137.0,113.0,56.0,148.0,60.0,85.0,78.0,77.0,113.0,57.0,100.0,#2,85.0,17.0,20.0,39.0,73.0,116.0,27.0,167.0,96.0,75.0,61.0,74.0,52.0,58.0,75.0,93.0,96.0,109.0,82.0,78.0,98.0,101.0,83.0,71.0,68.0,159.0,77.0,76.0,67.0,195.0,189.0,168.0,180.0,175.0
157.0,128.0,144.0,160.0,171.0,169.0,196.0,204.0,173.0,161.0,87.0,58.0,34.0,0.0,119.0,125.0,97.0,40.0,39.0,106.0,59.0,#2,58.0,71.0,123.0,110.0,155.0,133.0,185.0,50.0,61.0,64.0,65.0,72.0,67.0,152.0,74.0,72.0,63.0,58.0,52.0,#2,32.0,25.0,116.0,45.0,153.0,72.0,96.0,54.0,58.0,72.0,76.0,95.0,111.0,105.0,101.0,83.0,86.0,101.0,93.0,81.0,64.0,66.0,89.0,59.0,65.0,78.0,154.0,196.0,172.0,183.0,167.0
157.0,186.0,149.0,173.0,163.0,196.0,202.0,186.0,210.0,100.0,65.0,34.0,29.0,11.0,41.0,64.0,#2,103.0,110.0,72.0,40.0,54.0,93.0,111.0,103.0,133.0,175.0,161.0,121.0,45.0,55.0,58.0,79.0,106.0,122.0,93.0,82.0,66.0,52.0,57.0,23.0,39.0,21.0,31.0,120.0,90.0,168.0,69.0,107.0,59.0,56.0,69.0,66.0,90.0,102.0,95.0,75.0,89.0,107.0,105.0,99.0,71.0,75.0,63.0,61.0,55.0,59.0,80.0,192.0,194.0,224.0,182.0,159.0
173.0,163.0,183.0,191.0,195.0,200.0,192.0,184.0,174.0,74.0,72.0,93.0,23.0,24.0,145.0,85.0,70.0,84.0,143.0,60.0,74.0,40.0,88.0,123.0,104.0,196.0,104.0,131.0,181.0,53.0,80.0,62.0,160.0,190.0,187.0,83.0,72.0,62.0,49.0,54.0,35.0,17.0,27.0,77.0,108.0,151.0,149.0,110.0,98.0,92.0,70.0,77.0,64.0,85.0,90.0,73.0,83.0,92.0,126.0,#2,102.0,71.0,70.0,60.0,58.0,50.0,57.0,83.0,183.0,207.0,217.0,174.0,189.0
166.0,175.0,186.0,153.0,202.0,157.0,197.0,159.0,131.0,170.0,60.0,47.0,76.0,57.0,63.0,21.0,34.0,104.0,129.0,128.0,137.0,87.0,133.0,139.0,145.0,147.0,128.0,#2,192.0,134.0,136.0,66.0,192.0,194.0,211.0,82.0,163.0,138.0,101.0,128.0,47.0,37.0,32.0,114.0,94.0,142.0,137.0,172.0,119.0,131.0,119.0,73.0,61.0,82.0,89.0,80.0,84.0,87.0,#2,101.0,96.0,#2,76.0,58.0,53.0,#2,57.0,101.0,145.0,143.0,175.0,157.0,143.0
158.0,161.0,158.0,174.0,158.0,181.0,164.0,187.0,188.0,193.0,76.0,70.0,40.0,89.0,77.0,209.0,137.0,95.0,92.0,154.0,105.0,154.0,164.0,184.0,168.0,132.0,171.0,109.0,230.0,85.0,172.0,177.0,184.0,180.0,165.0,83.0,197.0,105.0,163.0,129.0,51.0,90.0,53.0,26.0,77.0,64.0,104.0,170.0,162.0,80.0,144.0,72.0,57.0,72.0,93.0,78.0,91.0,105.0,109.0,100.0,86.0,#2,75.0,54.0,44.0,39.0,48.0,124.0,142.0,200.0,236.0,219.0,171.0
158.0,148.0,159.0,177.0,186.0,197.0,162.0,176.0,181.0,179.0,75.0,70.0,82.0,88.0,125.0,194.0,70.0,79.0,109.0,97.0,114.0,105.0,139.0,157.0,179.0,116.0,150.0,86.0,119.0,76.0,152.0,96.0,100.0,171.0,144.0,70.0,141.0,182.0,186.0,160.0,142.0,68.0,67.0,21.0,50.0,35.0,113.0,161.0,166.0,114.0,91.0,#2,64.0,76.0,109.0,89.0,95.0,111.0,112.0,102.0,78.0,63.0,62.0,50.0,36.0,34.0,51.0,155.0,180.0,190.0,166.0,174.0,199.0
198.0,150.0,138.0,153.0,180.0,219.0,174.0,143.0,173.0,77.0,89.0,76.0,92.0,90.0,65.0,75.0,92.0,66.0,89.0,88.0,116.0,113.0,156.0,149.0,115.0,145.0,104.0,179.0,83.0,80.0,160.0,83.0,203.0,173.0,188.0,62.0,160.0,201.0,196.0,149.0,143.0,80.0,53.0,40.0,53.0,27.0,70.0,132.0,155.0,122.0,89.0,136.0,99.0,103.0,98.0,91.0,99.0,109.0,107.0,102.0,90.0,68.0,54.0,47.0,35.0,41.0,51.0,157.0,185.0,197.0,179.0,181.0,163.0
158.0,129.0,135.0,117.0,158.0,124.0,130.0,180.0,74.0,94.0,87.0,85.0,84.0,83.0,68.0,74.0,61.0,85.0,107.0,104.0,#2,100.0,169.0,117.0,170.0,173.0,158.0,179.0,140.0,180.0,86.0,49.0,194.0,189.0,106.0,76.0,146.0,177.0,168.0,139.0,111.0,88.0,57.0,66.0,54.0,36.0,173.0,108.0,120.0,127.0,96.0,198.0,142.0,133.0,101.0,99.0,94.0,137.0,112.0,106.0,89.0,69.0,55.0,45.0,25.0,33.0,63.0,181.0,158.0,176.0,170.0,159.0,142.0
193.0,169.0,170.0,203.0,149.0,150.0,191.0,153.0,183.0,135.0,94.0,78.0,85.0,88.0,64.0,71.0,76.0,89.0,94.0,96.0,121.0,97.0,78.0,122.0,124.0,109.0,190.0,226.0,171.0,200.0,183.0,156.0,70.0,177.0,103.0,120.0,129.0,172.0,169.0,108.0,123.0,53.0,31.0,62.0,75.0,74.0,171.0,129.0,121.0,100.0,158.0,168.0,149.0,122.0,154.0,87.0,80.0,73.0,#2,100.0,84.0,63.0,57.0,42.0,13.0,28.0,43.0,149.0,168.0,187.0,142.0,129.0,185.0
160.0,176.0,180.0,141.0,134.0,123.0,187.0,151.0,207.0,204.0,84.0,79.0,75.0,80.0,70.0,199.0,115.0,85.0,109.0,94.0,90.0,95.0,176.0,128.0,222.0,177.0,198.0,208.0,177.0,210.0,204.0,133.0,181.0,201.0,188.0,62.0,167.0,172.0,196.0,113.0,135.0,79.0,101.0,89.0,83.0,149.0,190.0,64.0,127.0,119.0,165.0,163.0,85.0,95.0,188.0,109.0,81.0,80.0,69.0,90.0,75.0,58.0,59.0,40.0,9.0,20.0,38.0,158.0,134.0,129.0,142.0,148.0,143.0
106.0,173.0,146.0,118.0,157.0,164.0,84.0,181.0,195.0,101.0,137.0,70.0,83.0,75.0,66.0,153.0,90.0,78.0,97.0,83.0,78.0,114.0,166.0,116.0,164.0,217.0,215.0,101.0,191.0,193.0,187.0,155.0,154.0,161.0,201.0,79.0,165.0,160.0,130.0,162.0,139.0,140.0,63.0,46.0,62.0,102.0,182.0,83.0,84.0,110.0,163.0,84.0,96.0,89.0,82.0,99.0,71.0,59.0,86.0,79.0,70.0,58.0,54.0,30.0,8.0,28.0,100.0,170.0,163.0,176.0,133.0,157.0,156.0
174.0,158.0,181.0,136.0,180.0,164.0,161.0,70.0,77.0,161.0,233.0,105.0,78.0,70.0,85.0,69.0,91.0,87.0,154.0,174.0,61.0,91.0,#2,170.0,154.0,167.0,184.0,166.0,179.0,210.0,182.0,153.0,114.0,165.0,161.0,147.0,178.0,161.0,120.0,53.0,141.0,71.0,12.0,34.0,32.0,45.0,149.0,153.0,139.0,93.0,119.0,98.0,95.0,93.0,102.0,93.0,70.0,84.0,92.0,74.0,63.0,50.0,53.0,31.0,30.0,38.0,29.0,147.0,#2,157.0,140.0,143.0,155.0
#2,186.0,140.0,183.0,186.0,202.0,78.0,70.0,73.0,60.0,65.0,56.0,68.0,73.0,60.0,55.0,87.0,65.0,92.0,133.0,94.0,110.0,112.0,126.0,128.0,197.0,137.0,210.0,182.0,205.0,171.0,122.0,133.0,152.0,136.0,80.0,123.0,143.0,164.0,25.0,40.0,37.0,9.0,35.0,21.0,24.0,165.0,81.0,112.0,103.0,101.0,88.0,#2,91.0,93.0,79.0,64.0,84.0,101.0,77.0,75.0,54.0,50.0,34.0,25.0,31.0,147.0,146.0,152.0,147.0,122.0,139.0,145.0
167.0,172.0,176.0,191.0,238.0,139.0,71.0,74.0,85.0,93.0,95.0,74.0,47.0,80.0,92.0,80.0,133.0,83.0,72.0,132.0,157.0,160.0,111.0,132.0,161.0,192.0,134.0,177.0,105.0,179.0,177.0,153.0,140.0,115.0,126.0,145.0,95.0,142.0,135.0,14.0,17.0,18.0,73.0,27.0,24.0,34.0,162.0,138.0,114.0,152.0,77.0,106.0,92.0,102.0,98.0,71.0,61.0,76.0,98.0,74.0,72.0,52.0,48.0,29.0,33.0,93.0,183.0,180.0,146.0,152.0,109.0,98.0,169.0
135.0,180.0,116.0,137.0,123.0,80.0,63.0,67.0,82.0,75.0,59.0,49.0,104.0,100.0,135.0,67.0,94.0,79.0,67.0,160.0,117.0,113.0,128.0,78.0,102.0,150.0,169.0,183.0,107.0,#2,137.0,120.0,104.0,74.0,45.0,142.0,158.0,152.0,28.0,16.0,51.0,122.0,37.0,55.0,110.0,145.0,138.0,106.0,102.0,117.0,103.0,96.0,115.0,#2,96.0,71.0,56.0,91.0,65.0,76.0,63.0,55.0,30.0,32.0,68.0,217.0,170.0,169.0,139.0,168.0,147.0,131.0,150.0
142.0,152.0,136.0,109.0,93.0,60.0,58.0,77.0,72.0,52.0,159.0,87.0,224.0,223.0,72.0,75.0,81.0,#2,75.0,127.0,110.0,107.0,39.0,106.0,126.0,139.0,118.0,149.0,93.0,139.0,138.0,53.0,106.0,141.0,156.0,198.0,43.0,87.0,76.0,104.0,82.0,137.0,83.0,142.0,95.0,180.0,54.0,71.0,53.0,99.0,98.0,80.0,102.0,95.0,72.0,47.0,30.0,70.0,113.0,93.0,106.0,50.0,52.0,60.0,176.0,165.0,201.0,165.0,124.0,135.0,123.0,118.0,147.0
147.0,143.0,141.0,86.0,75.0,51.0,64.0,76.0,52.0,142.0,239.0,112.0,206.0,130.0,103.0,97.0,79.0,83.0,105.0,102.0,135.0,83.0,70.0,105.0,107.0,152.0,58.0,95.0,43.0,46.0,115.0,11.0,48.0,144.0,62.0,132.0,187.0,81.0,163.0,38.0,107.0,113.0,94.0,112.0,114.0,196.0,107.0,130.0,12.0,32.0,67.0,44.0,97.0,92.0,82.0,72.0,42.0,71.0,113.0,114.0,93.0,87.0,39.0,194.0,216.0,192.0,203.0,#2,233.0,180.0,186.0,#2,154.0
176.0,131.0,157.0,88.0,74.0,52.0,53.0,56.0,71.0,108.0,201.0,78.0,84.0,78.0,94.0,162.0,70.0,84.0,132.0,88.0,112.0,65.0,114.0,104.0,138.0,21.0,51.0,106.0,44.0,23.0,18.0,26.0,0.0,15.0,161.0,173.0,28.0,94.0,60.0,101.0,170.0,140.0,204.0,42.0,155.0,196.0,129.0,117.0,86.0,16.0,13.0,70.0,89.0,77.0,94.0,67.0,51.0,108.0,98.0,107.0,102.0,87.0,71.0,164.0,162.0,210.0,205.0,179.0,189.0,178.0,189.0,162.0,153.0
161.0,173.0,74.0,72.0,50.0,54.0,46.0,49.0,69.0,73.0,109.0,67.0,87.0,78.0,68.0,71.0,77.0,107.0,72.0,77.0,84.0,57.0,48.0,56.0,44.0,66.0,42.0,50.0,11.0,0.0,4.0,6.0,2.0,0.0,7.0,28.0,42.0,54.0,33.0,87.0,180.0,182.0,184.0,153.0,214.0,212.0,161.0,104.0,111.0,20.0,28.0,29.0,52.0,68.0,107.0,78.0,56.0,125.0,108.0,94.0,#2,110.0,79.0,152.0,181.0,169.0,180.0,177.0,194.0,213.0,179.0,164.0,187.0
144.0,156.0,70.0,88.0,61.0,55.0,92.0,67.0,77.0,74.0,60.0,105.0,160.0,31.0,195.0,62.0,71.0,92.0,64.0,42.0,14.0,26.0,76.0,42.0,45.0,51.0,56.0,13.0,5.0,14.0,24.0,9.0,#2,0.0,8.0,23.0,26.0,44.0,56.0,59.0,40.0,171.0,177.0,206.0,188.0,141.0,117.0,58.0,107.0,83.0,18.0,25.0,35.0,60.0,80.0,77.0,81.0,125.0,94.0,96.0,106.0,108.0,71.0,119.0,180.0,175.0,147.0,164.0,180.0,189.0,170.0,196.0,177.0
143.0,148.0,91.0,94.0,129.0,134.0,122.0,114.0,78.0,70.0,92.0,186.0,128.0,69.0,90.0,72.0,57.0,40.0,33.0,18.0,72.0,66.0,75.0,62.0,40.0,17.0,0.0,220.0,215.0,15.0,5.0,28.0,142.0,40.0,41.0,43.0,47.0,62.0,60.0,32.0,75.0,167.0,125.0,179.0,210.0,167.0,124.0,133.0,124.0,43.0,77.0,12.0,29.0,46.0,65.0,89.0,91.0,104.0,105.0,89.0,93.0,88.0,62.0,49.0,163.0,188.0,198.0,187.0,186.0,192.0,184.0,201.0,205.0
177.0,151.0,69.0,90.0,#2,52.0,15.0,84.0,77.0,59.0,125.0,120.0,79.0,67.0,0.0,29.0,21.0,9.0,5.0,61.0,65.0,41.0,28.0,29.0,0.0,#2,3.0,231.0,196.0,20.0,33.0,108.0,119.0,106.0,92.0,26.0,176.0,61.0,107.0,64.0,147.0,135.0,64.0,175.0,181.0,176.0,135.0,121.0,138.0,139.0,47.0,17.0,16.0,35.0,60.0,99.0,91.0,84.0,86.0,85.0,81.0,80.0,38.0,26.0,156.0,179.0,218.0,176.0,184.0,204.0,224.0,170.0,183.0
167.0,170.0,155.0,62.0,33.0,36.0,47.0,74.0,82.0,78.0,82.0,89.0,91.0,75.0,0.0,4.0,20.0,36.0,45.0,57.0,28.0,5.0,102.0,48.0,81.0,168.0,128.0,123.0,159.0,144.0,170.0,179.0,192.0,164.0,187.0,192.0,161.0,29.0,57.0,96.0,178.0,68.0,189.0,155.0,150.0,168.0,100.0,173.0,143.0,46.0,10.0,11.0,7.0,43.0,45.0,83.0,67.0,51.0,58.0,72.0,78.0,61.0,30.0,51.0,193.0,194.0,152.0,178.0,195.0,232.0,192.0,241.0,158.0
162.0,205.0,137.0,99.0,133.0,58.0,52.0,37.0,64.0,82.0,66.0,86.0,73.0,122.0,110.0,135.0,51.0,160.0,169.0,123.0,193.0,161.0,156.0,171.0,197.0,178.0,153.0,181.0,153.0,212.0,203.0,173.0,178.0,197.0,188.0,177.0,109.0,81.0,87.0,120.0,76.0,184.0,163.0,178.0,69.0,175.0,43.0,85.0,147.0,67.0,27.0,7.0,11.0,27.0,33.0,71.0,79.0,49.0,47.0,59.0,58.0,17.0,32.0,139.0,146.0,168.0,206.0,180.0,215.0,195.0,197.0,191.0,121.0
148.0,171.0,178.0,167.0,125.0,81.0,102.0,20.0,7.0,60.0,64.0,96.0,127.0,194.0,186.0,160.0,190.0,178.0,177.0,186.0,194.0,140.0,176.0,194.0,187.0,133.0,182.0,141.0,177.0,173.0,163.0,152.0,119.0,191.0,211.0,173.0,127.0,105.0,75.0,81.0,114.0,133.0,145.0,165.0,71.0,75.0,119.0,148.0,98.0,121.0,13.0,8.0,5.0,11.0,23.0,64.0,79.0,#2,19.0,30.0,32.0,24.0,32.0,165.0,160.0,185.0,175.0,161.0,189.0,204.0,151.0,161.0,135.0
169.0,186.0,185.0,148.0,163.0,182.0,68.0,0.0,20.0,36.0,75.0,73.0,66.0,170.0,175.0,156.0,190.0,181.0,195.0,175.0,180.0,163.0,194.0,150.0,159.0,183.0,123.0,174.0,180.0,168.0,165.0,180.0,155.0,158.0,184.0,185.0,59.0,95.0,121.0,90.0,24.0,4.0,118.0,143.0,133.0,27.0,149.0,124.0,105.0,76.0,7.0,4.0,23.0,39.0,28.0,71.0,58.0,24.0,17.0,12.0,18.0,20.0,147.0,183.0,181.0,196.0,195.0,164.0,196.0,167.0,151.0,167.0,172.0
179.0,161.0,175.0,148.0,131.0,195.0,167.0,81.0,32.0,42.0,73.0,134.0,159.0,179.0,162.0,194.0,190.0,167.0,190.0,147.0,184.0,199.0,168.0,183.0,168.0,191.0,216.0,138.0,188.0,179.0,127.0,187.0,169.0,150.0,183.0,177.0,114.0,63.0,128.0,121.0,13.0,12.0,23.0,101.0,157.0,65.0,141.0,93.0,88.0,157.0,22.0,19.0,14.0,5.0,22.0,70.0,56.0,29.0,27.0,13.0,7.0,30.0,167.0,158.0,159.0,139.0,123.0,195.0,137.0,199.0,201.0,142.0,143.0
119.0,155.0,186.0,173.0,143.0,157.0,88.0,90.0,170.0,175.0,137.0,162.0,147.0,181.0,182.0,138.0,168.0,167.0,168.0,206.0,176.0,209.0,168.0,148.0,185.0,187.0,167.0,172.0,179.0,150.0,144.0,142.0,100.0,149.0,168.0,164.0,129.0,112.0,128.0,98.0,17.0,10.0,18.0,22.0,56.0,134.0,111.0,116.0,86.0,123.0,33.0,11.0,9.0,#2,11.0,68.0,69.0,39.0,27.0,14.0,28.0,147.0,141.0,169.0,147.0,125.0,90.0,180.0,137.0,159.0,156.0,102.0,113.0
130.0,176.0,170.0,109.0,169.0,182.0,147.0,178.0,148.0,181.0,179.0,116.0,156.0,158.0,152.0,167.0,145.0,209.0,167.0,177.0,217.0,180.0,153.0,189.0,175.0,135.0,165.0,192.0,161.0,168.0,147.0,143.0,166.0,173.0,176.0,93.0,73.0,104.0,110.0,80.0,#2,5.0,3.0,20.0,126.0,104.0,149.0,112.0,84.0,116.0,21.0,9.0,16.0,12.0,26.0,75.0,78.0,37.0,28.0,20.0,7.0,175.0,142.0,179.0,182.0,168.0,149.0,153.0,155.0,159.0,166.0,196.0,142.0
129.0,141.0,132.0,210.0,114.0,156.0,157.0,166.0,191.0,174.0,162.0,130.0,167.0,154.0,152.0,202.0,191.0,221.0,188.0,155.0,147.0,169.0,126.0,198.0,173.0,170.0,137.0,103.0,163.0,110.0,162.0,146.0,160.0,164.0,171.0,102.0,112.0,98.0,74.0,84.0,10.0,17.0,28.0,18.0,35.0,133.0,180.0,135.0,53.0,103.0,15.0,16.0,10.0,14.0,38.0,72.0,78.0,47.0,29.0,16.0,89.0,141.0,97.0,178.0,157.0,147.0,111.0,129.0,185.0,174.0,189.0,138.0,176.0
168.0,149.0,127.0,161.0,171.0,154.0,156.0,148.0,189.0,217.0,174.0,176.0,208.0,144.0,159.0,#2,156.0,181.0,129.0,175.0,186.0,163.0,188.0,215.0,139.0,141.0,132.0,144.0,175.0,149.0,98.0,156.0,170.0,207.0,177.0,183.0,114.0,115.0,83.0,94.0,0.0,11.0,17.0,0.0,80.0,82.0,181.0,107.0,48.0,141.0,6.0,3.0,11.0,1.0,35.0,74.0,84.0,68.0,40.0,22.0,124.0,#2,160.0,103.0,164.0,143.0,156.0,133.0,166.0,127.0,159.0,120.0,122.0
175.0,180.0,171.0,165.0,180.0,168.0,153.0,160.0,192.0,191.0,177.0,174.0,187.0,137.0,168.0,174.0,124.0,171.0,166.0,179.0,184.0,206.0,202.0,192.0,157.0,#2,128.0,113.0,127.0,99.0,153.0,149.0,151.0,137.0,179.0,140.0,176.0,78.0,111.0,80.0,10.0,7.0,10.0,29.0,79.0,137.0,155.0,119.0,132.0,149.0,10.0,6.0,25.0,60.0,47.0,81.0,77.0,61.0,42.0,24.0,85.0,162.0,140.0,166.0,146.0,167.0,130.0,138.0,104.0,140.0,156.0,168.0,128.0
178.0,174.0,173.0,182.0,150.0,138.0,184.0,193.0,167.0,158.0,176.0,174.0,176.0,157.0,151.0,177.0,184.0,175.0,159.0,173.0,194.0,163.0,201.0,177.0,172.0,169.0,131.0,108.0,124.0,128.0,125.0,130.0,140.0,150.0,145.0,153.0,120.0,136.0,106.0,100.0,0.0,9.0,8.0,133.0,207.0,212.0,143.0,118.0,178.0,3.0,7.0,23.0,73.0,86.0,84.0,69.0,80.0,60.0,19.0,36.0,93.0,149.0,120.0,113.0,130.0,100.0,105.0,162.0,122.0,135.0,167.0,142.0,130.0
161.0,149.0,142.0,199.0,181.0,185.0,182.0,173.0,195.0,192.0,168.0,187.0,205.0,135.0,147.0,136.0,180.0,212.0,144.0,185.0,163.0,180.0,169.0,158.0,162.0,105.0,135.0,120.0,97.0,119.0,78.0,80.0,105.0,119.0,102.0,138.0,119.0,108.0,113.0,87.0,2.0,11.0,15.0,10.0,188.0,216.0,168.0,153.0,55.0,7.0,26.0,81.0,94.0,100.0,95.0,77.0,71.0,62.0,28.0,24.0,177.0,169.0,182.0,104.0,89.0,135.0,90.0,152.0,169.0,145.0,155.0,165.0,153.0
175.0,156.0,140.0,128.0,184.0,168.0,214.0,169.0,189.0,186.0,166.0,189.0,180.0,206.0,184.0,196.0,212.0,162.0,165.0,233.0,251.0,165.0,144.0,121.0,104.0,119.0,141.0,117.0,96.0,155.0,129.0,106.0,110.0,128.0,101.0,136.0,84.0,80.0,87.0,93.0,48.0,0.0,12.0,3.0,161.0,190.0,170.0,171.0,150.0,35.0,#2,81.0,95.0,105.0,90.0,86.0,71.0,39.0,42.0,31.0,218.0,144.0,165.0,94.0,174.0,127.0,157.0,151.0,145.0,103.0,149.0,174.0,123.0
160.0,153.0,131.0,172.0,120.0,172.0,184.0,175.0,171.0,183.0,155.0,138.0,160.0,182.0,156.0,161.0,180.0,140.0,182.0,175.0,146.0,170.0,125.0,102.0,88.0,118.0,95.0,106.0,79.0,100.0,135.0,117.0,102.0,115.0,109.0,91.0,84.0,111.0,67.0,101.0,82.0,10.0,3.0,5.0,131.0,217.0,122.0,185.0,16.0,81.0,66.0,57.0,68.0,57.0,73.0,85.0,81.0,66.0,24.0,7.0,232.0,124.0,154.0,136.0,149.0,147.0,131.0,152.0,147.0,113.0,133.0,173.0,163.0
148.0,167.0,144.0,230.0,241.0,133.0,160.0,136.0,105.0,146.0,156.0,129.0,152.0,173.0,209.0,158.0,106.0,178.0,152.0,183.0,205.0,152.0,120.0,127.0,90.0,91.0,92.0,72.0,#2,94.0,105.0,59.0,113.0,87.0,108.0,66.0,128.0,78.0,87.0,98.0,90.0,4.0,#2,0.0,129.0,90.0,215.0,210.0,42.0,82.0,39.0,27.0,40.0,38.0,53.0,72.0,69.0,62.0,42.0,11.0,236.0,143.0,179.0,133.0,99.0,115.0,155.0,163.0,176.0,188.0,183.0,141.0,140.0
183.0,149.0,168.0,207.0,140.0,178.0,159.0,147.0,114.0,123.0,154.0,179.0,195.0,142.0,199.0,151.0,194.0,172.0,181.0,177.0,175.0,121.0,105.0,99.0,78.0,85.0,100.0,50.0,135.0,106.0,58.0,68.0,100.0,99.0,71.0,85.0,104.0,87.0,62.0,93.0,53.0,28.0,13.0,0.0,72.0,51.0,197.0,133.0,47.0,64.0,62.0,31.0,34.0,35.0,37.0,53.0,60.0,45.0,21.0,69.0,216.0,125.0,#2,140.0,#2,126.0,161.0,169.0,206.0,202.0,198.0,165.0,144.0
170.0,184.0,173.0,162.0,137.0,170.0,157.0,137.0,125.0,156.0,165.0,145.0,154.0,161.0,158.0,166.0,195.0,201.0,191.0,158.0,155.0,117.0,118.0,89.0,49.0,67.0,118.0,68.0,69.0,107.0,110.0,76.0,111.0,#2,135.0,111.0,112.0,89.0,79.0,45.0,75.0,87.0,#2,3.0,9.0,2.0,54.0,64.0,49.0,58.0,59.0,38.0,39.0,33.0,13.0,38.0,24.0,37.0,14.0,180.0,232.0,154.0,158.0,146.0,130.0,132.0,152.0,158.0,178.0,206.0,185.0,168.0,136.0
167.0,166.0,145.0,183.0,174.0,102.0,147.0,166.0,143.0,155.0,143.0,132.0,131.0,171.0,191.0,152.0,144.0,167.0,166.0,131.0,168.0,123.0,106.0,75.0,74.0,87.0,112.0,87.0,96.0,97.0,93.0,59.0,73.0,113.0,103.0,88.0,106.0,117.0,#2,101.0,112.0,72.0,0.0,1.0,10.0,9.0,188.0,65.0,62.0,74.0,48.0,8.0,20.0,30.0,38.0,0.0,16.0,13.0,0.0,252.0,231.0,118.0,164.0,122.0,86.0,143.0,151.0,108.0,134.0,157.0,172.0,168.0,141.0
104.0,142.0,155.0,156.0,208.0,212.0,171.0,172.0,160.0,157.0,139.0,175.0,174.0,168.0,156.0,164.0,137.0,131.0,129.0,159.0,164.0,137.0,105.0,77.0,88.0,54.0,102.0,97.0,61.0,64.0,101.0,23.0,90.0,89.0,92.0,64.0,99.0,79.0,59.0,100.0,89.0,84.0,24.0,4.0,11.0,14.0,167.0,207.0,44.0,76.0,49.0,14.0,19.0,42.0,57.0,4.0,8.0,2.0,226.0,218.0,244.0,196.0,174.0,137.0,#2,153.0,118.0,137.0,134.0,141.0,#2,153.0,164.0
133.0,118.0,183.0,194.0,173.0,183.0,189.0,173.0,178.0,171.0,181.0,183.0,124.0,175.0,176.0,171.0,175.0,173.0,134.0,173.0,133.0,124.0,109.0,95.0,87.0,39.0,104.0,67.0,107.0,93.0,95.0,84.0,64.0,89.0,67.0,43.0,104.0,82.0,76.0,54.0,86.0,112.0,0.0,5.0,11.0,17.0,121.0,208.0,83.0,25.0,29.0,12.0,78.0,73.0,32.0,8.0,6.0,79.0,210.0,224.0,199.0,167.0,143.0,177.0,173.0,137.0,156.0,142.0,143.0,147.0,146.0,158.0,155.0
170.0,166.0,170.0,196.0,169.0,163.0,142.0,169.0,151.0,166.0,163.0,148.0,130.0,188.0,176.0,157.0,141.0,144.0,157.0,140.0,93.0,126.0,112.0,78.0,74.0,101.0,109.0,76.0,81.0,74.0,106.0,64.0,79.0,47.0,86.0,54.0,63.0,102.0,51.0,50.0,80.0,72.0,1.0,4.0,14.0,21.0,127.0,191.0,72.0,35.0,19.0,0.0,90.0,82.0,21.0,7.0,0.0,223.0,210.0,141.0,233.0,163.0,157.0,179.0,149.0,139.0,160.0,167.0,140.0,116.0,167.0,179.0,137.0
209.0,139.0,179.0,196.0,149.0,158.0,166.0,163.0,124.0,175.0,156.0,144.0,139.0,167.0,180.0,153.0,121.0,132.0,158.0,134.0,102.0,125.0,78.0,87.0,83.0,116.0,104.0,60.0,107.0,67.0,82.0,75.0,74.0,115.0,110.0,74.0,86.0,91.0,70.0,100.0,88.0,64.0,18.0,#2,6.0,31.0,92.0,171.0,84.0,11.0,71.0,80.0,99.0,85.0,18.0,8.0,14.0,149.0,213.0,178.0,176.0,195.0,144.0,168.0,164.0,167.0,180.0,164.0,116.0,181.0,160.0,132.0,181.0
132.0,151.0,213.0,162.0,146.0,202.0,209.0,198.0,191.0,196.0,187.0,157.0,131.0,162.0,184.0,147.0,176.0,172.0,107.0,99.0,67.0,55.0,105.0,97.0,85.0,92.0,91.0,92.0,87.0,86.0,88.0,72.0,58.0,79.0,93.0,65.0,78.0,84.0,67.0,88.0,78.0,62.0,4.0,6.0,3.0,0.0,90.0,123.0,33.0,96.0,87.0,71.0,115.0,82.0,22.0,9.0,13.0,160.0,183.0,201.0,106.0,163.0,166.0,144.0,110.0,156.0,157.0,156.0,174.0,145.0,157.0,124.0,145.0
135.0,151.0,150.0,186.0,151.0,136.0,153.0,155.0,166.0,182.0,210.0,136.0,172.0,157.0,119.0,152.0,136.0,134.0,109.0,81.0,78.0,53.0,110.0,86.0,70.0,123.0,103.0,92.0,126.0,68.0,74.0,62.0,71.0,91.0,78.0,101.0,83.0,73.0,92.0,88.0,68.0,56.0,11.0,16.0,14.0,19.0,40.0,69.0,75.0,68.0,66.0,127.0,64.0,25.0,15.0,16.0,173.0,154.0,165.0,112.0,123.0,168.0,158.0,131.0,134.0,98.0,151.0,167.0,148.0,138.0,112.0,152.0,126.0
158.0,153.0,147.0,157.0,159.0,185.0,140.0,120.0,196.0,153.0,181.0,185.0,184.0,168.0,143.0,145.0,162.0,151.0,143.0,103.0,86.0,108.0,82.0,84.0,64.0,100.0,84.0,79.0,135.0,102.0,54.0,93.0,114.0,52.0,99.0,81.0,111.0,63.0,78.0,101.0,78.0,0.0,22.0,24.0,36.0,33.0,20.0,#2,78.0,66.0,41.0,111.0,93.0,18.0,17.0,74.0,195.0,207.0,210.0,163.0,126.0,110.0,98.0,135.0,166.0,177.0,165.0,163.0,194.0,128.0,119.0,109.0,120.0
152.0,154.0,162.0,168.0,209.0,156.0,138.0,160.0,174.0,178.0,244.0,182.0,186.0,162.0,151.0,180.0,159.0,123.0,77.0,93.0,100.0,91.0,56.0,100.0,88.0,117.0,74.0,77.0,87.0,86.0,79.0,90.0,91.0,182.0,176.0,165.0,102.0,116.0,39.0,83.0,100.0,0.0,13.0,45.0,55.0,61.0,69.0,104.0,90.0,63.0,75.0,86.0,67.0,33.0,0.0,169.0,185.0,189.0,209.0,224.0,176.0,126.0,156.0,148.0,117.0,180.0,148.0,141.0,98.0,126.0,159.0,136.0,142.0
163.0,141.0,145.0,176.0,185.0,147.0,198.0,176.0,182.0,127.0,183.0,224.0,164.0,153.0,193.0,184.0,155.0,100.0,108.0,112.0,64.0,78.0,125.0,96.0,99.0,130.0,80.0,111.0,98.0,125.0,171.0,126.0,156.0,164.0,182.0,135.0,174.0,161.0,118.0,51.0,96.0,0.0,28.0,50.0,71.0,67.0,46.0,89.0,66.0,82.0,93.0,95.0,31.0,45.0,4.0,146.0,195.0,180.0,207.0,213.0,195.0,183.0,164.0,125.0,129.0,134.0,140.0,137.0,156.0,170.0,180.0,140.0,148.0
168.0,160.0,146.0,180.0,149.0,203.0,134.0,154.0,156.0,142.0,132.0,174.0,193.0,151.0,130.0,148.0,197.0,160.0,112.0,59.0,88.0,77.0,68.0,#2,142.0,143.0,167.0,140.0,170.0,181.0,109.0,144.0,166.0,147.0,171.0,191.0,172.0,132.0,41.0,46.0,0.0,2.0,5.0,31.0,55.0,48.0,64.0,96.0,#2,90.0,87.0,80.0,27.0,45.0,15.0,130.0,#2,164.0,188.0,196.0,209.0,212.0,203.0,156.0,152.0,132.0,161.0,134.0,122.0,125.0,162.0,159.0,137.0
166.0,189.0,156.0,149.0,241.0,173.0,219.0,137.0,168.0,164.0,161.0,162.0,216.0,173.0,166.0,191.0,170.0,142.0,140.0,70.0,117.0,98.0,85.0,158.0,113.0,168.0,162.0,117.0,87.0,143.0,173.0,66.0,172.0,128.0,171.0,154.0,150.0,138.0,95.0,39.0,132.0,10.0,12.0,10.0,19.0,23.0,5.0,64.0,76.0,80.0,91.0,23.0,#2,42.0,63.0,10.0,139.0,134.0,140.0,151.0,194.0,199.0,132.0,162.0,#2,228.0,201.0,154.0,84.0,172.0,134.0,149.0,165.0
154.0,172.0,174.0,170.0,187.0,178.0,164.0,238.0,162.0,164.0,141.0,155.0,142.0,#2,174.0,178.0,150.0,137.0,140.0,128.0,154.0,161.0,137.0,171.0,144.0,155.0,139.0,147.0,184.0,154.0,124.0,122.0,166.0,143.0,145.0,161.0,138.0,149.0,80.0,69.0,121.0,0.0,11.0,7.0,18.0,10.0,16.0,84.0,77.0,55.0,65.0,35.0,68.0,57.0,59.0,11.0,137.0,151.0,126.0,142.0,132.0,135.0,115.0,126.0,141.0,183.0,225.0,202.0,109.0,138.0,108.0,185.0,131.0
231.0,203.0,200.0,185.0,172.0,159.0,170.0,166.0,196.0,151.0,165.0,143.0,185.0,138.0,180.0,185.0,165.0,158.0,169.0,231.0,172.0,169.0,176.0,191.0,144.0,109.0,139.0,124.0,115.0,143.0,228.0,161.0,155.0,118.0,155.0,167.0,156.0,150.0,105.0,88.0,94.0,21.0,22.0,28.0,10.0,1.0,66.0,91.0,71.0,90.0,59.0,68.0,74.0,76.0,38.0,#2,2.0,142.0,136.0,133.0,119.0,147.0,155.0,128.0,187.0,164.0,159.0,166.0,129.0,141.0,171.0,160.0,139.0
181.0,157.0,152.0,170.0,214.0,173.0,225.0,221.0,181.0,204.0,193.0,202.0,200.0,164.0,184.0,198.0,175.0,150.0,148.0,140.0,158.0,180.0,154.0,162.0,134.0,151.0,180.0,117.0,144.0,158.0,132.0,165.0,201.0,169.0,144.0,134.0,156.0,111.0,104.0,52.0,51.0,32.0,52.0,27.0,10.0,0.0,139.0,125.0,75.0,79.0,25.0,76.0,62.0,71.0,30.0,6.0,2.0,145.0,143.0,131.0,109.0,116.0,133.0,115.0,130.0,#3,152.0,154.0,120.0,117.0,135.0,207.0
180.0,168.0,173.0,225.0,210.0,216.0,184.0,197.0,#2,188.0,178.0,201.0,190.0,197.0,175.0,177.0,143.0,#2,161.0,150.0,218.0,163.0,166.0,98.0,150.0,138.0,175.0,153.0,190.0,163.0,177.0,168.0,155.0,168.0,137.0,184.0,157.0,189.0,127.0,81.0,109.0,33.0,48.0,17.0,3.0,0.0,185.0,81.0,78.0,85.0,35.0,69.0,73.0,52.0,25.0,2.0,4.0,121.0,150.0,128.0,74.0,137.0,108.0,132.0,156.0,147.0,108.0,134.0,111.0,114.0,126.0,155.0,138.0
157.0,183.0,192.0,176.0,199.0,186.0,157.0,177.0,131.0,125.0,184.0,155.0,170.0,156.0,212.0,163.0,132.0,160.0,209.0,159.0,209.0,174.0,116.0,154.0,133.0,150.0,182.0,201.0,149.0,133.0,128.0,161.0,#2,146.0,174.0,219.0,190.0,151.0,205.0,58.0,66.0,31.0,#2,20.0,7.0,137.0,170.0,148.0,99.0,88.0,47.0,75.0,69.0,72.0,20.0,12.0,11.0,#2,133.0,162.0,128.0,161.0,146.0,196.0,162.0,137.0,158.0,105.0,100.0,141.0,180.0,90.0,134.0
164.0,151.0,158.0,171.0,205.0,179.0,148.0,124.0,177.0,154.0,144.0,142.0,161.0,179.0,146.0,208.0,181.0,150.0,127.0,187.0,139.0,177.0,150.0,145.0,188.0,135.0,124.0,166.0,146.0,125.0,156.0,107.0,177.0,#2,160.0,140.0,141.0,139.0,158.0,113.0,69.0,40.0,32.0,0.0,120.0,140.0,165.0,87.0,89.0,22.0,59.0,68.0,52.0,22.0,3.0,0.0,58.0,129.0,161.0,108.0,95.0,190.0,162.0,150.0,126.0,158.0,175.0,122.0,133.0,156.0,132.0,150.0,107.0
177.0,172.0,189.0,201.0,159.0,203.0,163.0,137.0,159.0,132.0,189.0,137.0,145.0,163.0,147.0,153.0,163.0,169.0,134.0,166.0,132.0,120.0,172.0,168.0,157.0,144.0,141.0,151.0,156.0,165.0,144.0,173.0,143.0,139.0,158.0,166.0,134.0,160.0,94.0,81.0,34.0,17.0,96.0,154.0,165.0,142.0,113.0,83.0,71.0,230.0,213.0,143.0,181.0,24.0,#2,0.0,131.0,160.0,136.0,168.0,109.0,111.0,118.0,191.0,173.0,158.0,159.0,155.0,107.0,91.0,122.0,87.0,119.0
139.0,198.0,193.0,169.0,174.0,167.0,158.0,127.0,167.0,198.0,189.0,170.0,149.0,145.0,160.0,191.0,200.0,143.0,153.0,178.0,159.0,133.0,120.0,158.0,122.0,151.0,124.0,156.0,150.0,148.0,147.0,172.0,141.0,113.0,148.0,149.0,150.0,154.0,109.0,70.0,0.0,8.0,101.0,231.0,151.0,121.0,104.0,69.0,47.0,235.0,254.0,234.0,63.0,15.0,8.0,12.0,147.0,157.0,112.0,144.0,159.0,134.0,139.0,165.0,161.0,173.0,179.0,158.0,149.0,133.0,146.0,203.0,187.0
140.0,196.0,142.0,178.0,173.0,145.0,154.0,198.0,167.0,193.0,202.0,233.0,171.0,162.0,198.0,157.0,169.0,184.0,150.0,171.0,144.0,151.0,175.0,123.0,121.0,147.0,143.0,130.0,132.0,183.0,185.0,158.0,116.0,144.0,156.0,180.0,184.0,157.0,171.0,109.0,102.0,228.0,252.0,231.0,139.0,109.0,85.0,78.0,82.0,215.0,226.0,250.0,42.0,22.0,17.0,7.0,147.0,146.0,188.0,155.0,141.0,117.0,133.0,144.0,153.0,150.0,155.0,170.0,134.0,140.0,128.0,208.0,179.0
202.0,161.0,163.0,178.0,127.0,164.0,163.0,210.0,207.0,182.0,186.0,147.0,185.0,173.0,136.0,168.0,181.0,186.0,185.0,146.0,129.0,157.0,161.0,136.0,131.0,163.0,144.0,145.0,112.0,124.0,136.0,122.0,158.0,137.0,128.0,174.0,145.0,130.0,73.0,57.0,246.0,238.0,226.0,199.0,158.0,89.0,125.0,60.0,76.0,224.0,220.0,189.0,43.0,19.0,41.0,65.0,133.0,149.0,159.0,127.0,151.0,128.0,157.0,130.0,122.0,121.0,170.0,144.0,166.0,163.0,155.0,157.0,130.0
158.0,136.0,139.0,149.0,163.0,199.0,205.0,165.0,150.0,177.0,178.0,162.0,157.0,153.0,138.0,133.0,155.0,210.0,149.0,128.0,194.0,143.0,89.0,149.0,150.0,151.0,143.0,144.0,123.0,107.0,163.0,117.0,147.0,128.0,135.0,139.0,155.0,135.0,98.0,128.0,227.0,226.0,241.0,233.0,152.0,92.0,119.0,66.0,78.0,218.0,207.0,85.0,27.0,39.0,53.0,58.0,156.0,152.0,157.0,180.0,141.0,159.0,172.0,151.0,153.0,159.0,166.0,135.0,131.0,89.0,153.0,160.0,119.0
167.0,172.0,214.0,193.0,162.0,225.0,166.0,117.0,155.0,138.0,183.0,185.0,205.0,160.0,185.0,162.0,139.0,162.0,145.0,140.0,157.0,167.0,178.0,165.0,159.0,145.0,150.0,122.0,126.0,134.0,140.0,143.0,103.0,147.0,128.0,191.0,129.0,137.0,85.0,214.0,223.0,228.0,246.0,236.0,120.0,37.0,56.0,80.0,148.0,163.0,184.0,11.0,16.0,23.0,26.0,65.0,162.0,129.0,160.0,148.0,144.0,151.0,181.0,141.0,136.0,138.0,128.0,134.0,119.0,143.0,163.0,164.0,134.0
161.0,179.0,187.0,159.0,141.0,155.0,179.0,168.0,174.0,178.0,197.0,164.0,157.0,202.0,156.0,146.0,159.0,181.0,148.0,135.0,174.0,245.0,225.0,164.0,189.0,171.0,104.0,119.0,150.0,135.0,143.0,134.0,153.0,155.0,125.0,189.0,152.0,148.0,129.0,220.0,223.0,226.0,236.0,225.0,118.0,105.0,61.0,38.0,41.0,70.0,90.0,2.0,0.0,21.0,14.0,123.0,136.0,127.0,134.0,142.0,126.0,142.0,135.0,147.0,135.0,105.0,131.0,132.0,126.0,153.0,142.0,157.0,148.0
200.0,133.0,170.0,195.0,178.0,174.0,143.0,204.0,149.0,121.0,154.0,176.0,179.0,153.0,147.0,155.0,145.0,176.0,169.0,189.0,162.0,225.0,244.0,234.0,173.0,147.0,176.0,165.0,170.0,193.0,119.0,139.0,177.0,165.0,164.0,141.0,160.0,119.0,235.0,224.0,230.0,233.0,236.0,229.0,127.0,65.0,100.0,139.0,119.0,69.0,84.0,6.0,21.0,7.0,21.0,165.0,149.0,124.0,115.0,84.0,120.0,112.0,174.0,134.0,137.0,148.0,99.0,74.0,176.0,152.0,144.0,173.0,160.0
143.0,195.0,166.0,211.0,235.0,145.0,201.0,200.0,207.0,205.0,150.0,169.0,187.0,159.0,165.0,155.0,190.0,197.0,#2,156.0,143.0,162.0,166.0,178.0,191.0,212.0,199.0,145.0,147.0,168.0,116.0,155.0,128.0,144.0,166.0,147.0,158.0,106.0,222.0,205.0,223.0,229.0,232.0,234.0,146.0,106.0,62.0,75.0,77.0,99.0,206.0,11.0,14.0,3.0,66.0,130.0,147.0,176.0,118.0,139.0,125.0,157.0,166.0,187.0,132.0,94.0,#2,115.0,163.0,174.0,144.0,188.0,143.0
176.0,144.0,149.0,152.0,216.0,232.0,199.0,144.0,178.0,118.0,131.0,165.0,192.0,#2,164.0,146.0,157.0,211.0,217.0,203.0,165.0,202.0,195.0,127.0,141.0,212.0,205.0,165.0,134.0,118.0,148.0,#2,109.0,#2,114.0,143.0,145.0,126.0,198.0,209.0,220.0,217.0,244.0,223.0,172.0,141.0,115.0,64.0,67.0,73.0,232.0,18.0,6.0,15.0,114.0,142.0,180.0,144.0,150.0,129.0,81.0,123.0,146.0,157.0,130.0,176.0,130.0,#2,163.0,161.0,171.0,#2,178.0
123.0,157.0,173.0,185.0,182.0,167.0,165.0,150.0,213.0,138.0,126.0,153.0,166.0,148.0,144.0,165.0,140.0,137.0,168.0,162.0,141.0,190.0,203.0,176.0,152.0,136.0,192.0,145.0,150.0,#2,108.0,99.0,84.0,117.0,96.0,142.0,123.0,102.0,184.0,211.0,209.0,224.0,234.0,201.0,164.0,122.0,124.0,90.0,92.0,82.0,202.0,15.0,8.0,6.0,142.0,141.0,118.0,127.0,158.0,144.0,98.0,140.0,127.0,74.0,134.0,153.0,138.0,116.0,129.0,178.0,157.0,189.0,145.0
178.0,154.0,99.0,131.0,155.0,143.0,130.0,218.0,255.0,104.0,136.0,162.0,153.0,152.0,#2,178.0,110.0,142.0,#2,131.0,123.0,148.0,139.0,162.0,208.0,158.0,137.0,135.0,118.0,109.0,124.0,98.0,92.0,111.0,126.0,119.0,130.0,133.0,193.0,223.0,198.0,206.0,204.0,199.0,115.0,#2,124.0,88.0,93.0,97.0,232.0,15.0,24.0,1.0,150.0,#2,141.0,126.0,122.0,130.0,168.0,#3,138.0,143.0,152.0,141.0,119.0,155.0,165.0,143.0,149.0,154.0
171.0,144.0,135.0,164.0,131.0,126.0,132.0,169.0,160.0,146.0,165.0,169.0,254.0,233.0,237.0,169.0,144.0,129.0,147.0,120.0,95.0,141.0,128.0,120.0,181.0,145.0,135.0,#2,102.0,113.0,97.0,106.0,108.0,150.0,120.0,128.0,113.0,200.0,189.0,202.0,#2,197.0,196.0,186.0,106.0,109.0,169.0,105.0,85.0,158.0,203.0,255.0,19.0,7.0,149.0,162.0,152.0,156.0,#2,137.0,138.0,196.0,141.0,156.0,175.0,179.0,173.0,122.0,119.0,153.0,115.0,131.0,153.0
109.0,182.0,169.0,171.0,194.0,160.0,168.0,182.0,134.0,153.0,176.0,200.0,247.0,221.0,231.0,118.0,183.0,194.0,169.0,123.0,108.0,192.0,131.0,141.0,181.0,131.0,125.0,89.0,151.0,98.0,93.0,82.0,54.0,82.0,81.0,96.0,117.0,205.0,207.0,231.0,207.0,196.0,233.0,136.0,129.0,116.0,169.0,71.0,83.0,209.0,231.0,248.0,245.0,6.0,155.0,136.0,192.0,185.0,124.0,139.0,172.0,164.0,128.0,135.0,161.0,148.0,134.0,117.0,128.0,131.0,130.0,123.0,142.0
161.0,93.0,140.0,163.0,208.0,224.0,148.0,170.0,182.0,167.0,151.0,145.0,224.0,226.0,224.0,138.0,147.0,161.0,146.0,167.0,142.0,133.0,153.0,205.0,117.0,160.0,135.0,116.0,79.0,102.0,95.0,90.0,107.0,88.0,106.0,112.0,114.0,212.0,218.0,226.0,222.0,201.0,212.0,139.0,156.0,157.0,128.0,76.0,53.0,215.0,241.0,239.0,255.0,12.0,156.0,159.0,139.0,141.0,131.0,#2,138.0,154.0,144.0,126.0,170.0,172.0,163.0,144.0,130.0,148.0,183.0,161.0,199.0
153.0,150.0,174.0,151.0,140.0,142.0,171.0,188.0,143.0,198.0,175.0,156.0,135.0,156.0,195.0,128.0,160.0,129.0,137.0,165.0,133.0,156.0,139.0,248.0,140.0,133.0,126.0,100.0,88.0,86.0,96.0,83.0,75.0,88.0,107.0,92.0,193.0,195.0,218.0,249.0,221.0,211.0,206.0,146.0,130.0,208.0,144.0,67.0,73.0,225.0,247.0,237.0,239.0,250.0,131.0,161.0,107.0,103.0,114.0,130.0,144.0,139.0,135.0,96.0,123.0,164.0,157.0,177.0,193.0,89.0,154.0,139.0,216.0
143.0,153.0,206.0,170.0,138.0,149.0,154.0,137.0,157.0,131.0,181.0,130.0,135.0,150.0,165.0,189.0,120.0,152.0,150.0,159.0,181.0,153.0,179.0,189.0,166.0,148.0,114.0,87.0,96.0,69.0,77.0,118.0,89.0,82.0,107.0,110.0,198.0,216.0,205.0,201.0,#2,221.0,191.0,137.0,167.0,181.0,182.0,113.0,161.0,232.0,241.0,250.0,243.0,229.0,155.0,124.0,125.0,117.0,128.0,139.0,111.0,149.0,143.0,177.0,137.0,101.0,214.0,185.0,168.0,155.0,141.0,67.0,230.0
145.0,138.0,146.0,153.0,192.0,150.0,192.0,134.0,181.0,185.0,205.0,185.0,199.0,153.0,165.0,147.0,166.0,136.0,171.0,150.0,176.0,186.0,189.0,174.0,190.0,172.0,119.0,76.0,82.0,95.0,99.0,90.0,88.0,93.0,102.0,91.0,180.0,208.0,213.0,194.0,200.0,222.0,196.0,179.0,149.0,128.0,143.0,81.0,222.0,250.0,242.0,244.0,247.0,246.0,217.0,105.0,119.0,121.0,122.0,104.0,154.0,161.0,136.0,107.0,94.0,172.0,157.0,134.0,147.0,195.0,181.0,153.0,142.0
162.0,126.0,174.0,177.0,157.0,122.0,178.0,171.0,140.0,128.0,160.0,180.0,151.0,141.0,146.0,128.0,151.0,162.0,218.0,110.0,159.0,181.0,174.0,147.0,168.0,162.0,103.0,91.0,89.0,75.0,77.0,78.0,66.0,76.0,83.0,112.0,193.0,203.0,213.0,223.0,204.0,189.0,156.0,138.0,108.0,140.0,53.0,43.0,221.0,243.0,241.0,245.0,229.0,228.0,227.0,122.0,189.0,119.0,128.0,153.0,156.0,146.0,174.0,136.0,131.0,112.0,97.0,129.0,159.0,125.0,152.0,151.0,136.0
204.0,216.0,133.0,116.0,165.0,150.0,193.0,147.0,213.0,102.0,121.0,179.0,132.0,137.0,166.0,169.0,159.0,145.0,188.0,122.0,145.0,154.0,171.0,160.0,111.0,123.0,71.0,#2,102.0,90.0,71.0,65.0,92.0,67.0,106.0,122.0,170.0,212.0,73.0,229.0,232.0,141.0,83.0,147.0,106.0,125.0,63.0,151.0,220.0,231.0,233.0,234.0,219.0,223.0,206.0,152.0,220.0,132.0,#2,142.0,145.0,151.0,129.0,118.0,126.0,151.0,172.0,136.0,124.0,147.0,166.0,178.0,156.0
157.0,161.0,104.0,140.0,193.0,201.0,212.0,139.0,129.0,144.0,146.0,159.0,114.0,160.0,139.0,151.0,116.0,143.0,132.0,140.0,149.0,212.0,136.0,194.0,146.0,70.0,88.0,105.0,86.0,80.0,73.0,92.0,41.0,87.0,74.0,161.0,182.0,164.0,57.0,205.0,172.0,93.0,115.0,117.0,111.0,123.0,107.0,137.0,222.0,219.0,218.0,211.0,228.0,204.0,188.0,122.0,119.0,126.0,116.0,144.0,122.0,113.0,104.0,106.0,108.0,145.0,148.0,137.0,145.0,116.0,106.0,126.0,113.0
194.0,144.0,173.0,143.0,129.0,151.0,164.0,139.0,131.0,155.0,147.0,153.0,139.0,147.0,119.0,125.0,138.0,135.0,145.0,188.0,173.0,158.0,109.0,152.0,126.0,62.0,99.0,55.0,88.0,87.0,95.0,63.0,83.0,80.0,84.0,123.0,116.0,100.0,141.0,197.0,192.0,122.0,102.0,149.0,130.0,108.0,76.0,122.0,210.0,212.0,195.0,207.0,217.0,205.0,170.0,131.0,125.0,140.0,118.0,110.0,115.0,113.0,#2,117.0,118.0,124.0,208.0,125.0,163.0,133.0,122.0,129.0,118.0
131.0,123.0,140.0,136.0,146.0,175.0,147.0,149.0,141.0,153.0,158.0,102.0,157.0,228.0,167.0,158.0,185.0,169.0,145.0,146.0,102.0,111.0,127.0,138.0,81.0,87.0,71.0,69.0,76.0,85.0,93.0,75.0,78.0,82.0,122.0,137.0,138.0,106.0,164.0,189.0,157.0,121.0,133.0,163.0,115.0,132.0,120.0,21.0,205.0,210.0,195.0,206.0,207.0,196.0,149.0,103.0,119.0,155.0,112.0,130.0,125.0,97.0,198.0,201.0,100.0,126.0,147.0,174.0,137.0,116.0,154.0,203.0,153.0
158.0,143.0,147.0,161.0,179.0,150.0,138.0,166.0,156.0,134.0,171.0,153.0,166.0,156.0,144.0,139.0,131.0,148.0,149.0,182.0,143.0,150.0,130.0,156.0,97.0,108.0,72.0,87.0,77.0,120.0,98.0,94.0,96.0,76.0,106.0,116.0,132.0,134.0,156.0,186.0,102.0,174.0,170.0,100.0,158.0,97.0,114.0,39.0,198.0,214.0,213.0,234.0,219.0,233.0,182.0,137.0,167.0,208.0,182.0,187.0,101.0,113.0,206.0,193.0,162.0,142.0,125.0,143.0,134.0,177.0,175.0,211.0,191.0
101.0,149.0,253.0,227.0,143.0,175.0,154.0,203.0,136.0,130.0,152.0,167.0,151.0,94.0,78.0,148.0,122.0,119.0,158.0,161.0,134.0,136.0,116.0,126.0,105.0,79.0,80.0,84.0,83.0,87.0,69.0,92.0,74.0,114.0,105.0,88.0,96.0,109.0,106.0,134.0,129.0,158.0,#2,152.0,115.0,127.0,128.0,75.0,210.0,225.0,218.0,232.0,237.0,202.0,192.0,119.0,105.0,107.0,151.0,143.0,126.0,63.0,134.0,196.0,144.0,133.0,225.0,202.0,123.0,106.0,129.0,195.0,172.0
141.0,129.0,159.0,181.0,#2,163.0,135.0,101.0,198.0,171.0,152.0,167.0,152.0,121.0,109.0,#2,128.0,152.0,150.0,154.0,128.0,159.0,109.0,89.0,85.0,57.0,50.0,94.0,100.0,103.0,86.0,98.0,146.0,176.0,202.0,131.0,130.0,125.0,123.0,143.0,135.0,132.0,139.0,129.0,138.0,162.0,108.0,27.0,206.0,205.0,214.0,235.0,247.0,202.0,231.0,140.0,145.0,134.0,144.0,140.0,142.0,113.0,114.0,135.0,136.0,146.0,132.0,147.0,171.0,144.0,128.0,122.0,172.0
156.0,180.0,181.0,146.0,187.0,121.0,174.0,182.0,191.0,154.0,213.0,167.0,161.0,142.0,143.0,130.0,136.0,119.0,152.0,146.0,142.0,124.0,110.0,98.0,81.0,102.0,161.0,124.0,163.0,147.0,99.0,92.0,97.0,86.0,61.0,152.0,129.0,132.0,111.0,155.0,161.0,137.0,133.0,148.0,121.0,146.0,139.0,70.0,192.0,198.0,226.0,204.0,221.0,229.0,217.0,117.0,140.0,132.0,122.0,139.0,151.0,129.0,101.0,115.0,114.0,137.0,153.0,167.0,164.0,190.0,160.0,132.0,144.0
156.0,150.0,187.0,178.0,148.0,163.0,140.0,143.0,155.0,145.0,206.0,145.0,189.0,195.0,159.0,164.0,129.0,173.0,153.0,182.0,145.0,114.0,136.0,103.0,113.0,63.0,178.0,159.0,155.0,142.0,182.0,85.0,119.0,113.0,86.0,107.0,167.0,135.0,131.0,135.0,157.0,143.0,137.0,124.0,135.0,140.0,113.0,116.0,178.0,190.0,202.0,200.0,191.0,210.0,206.0,107.0,139.0,159.0,125.0,151.0,123.0,#3,112.0,118.0,129.0,113.0,161.0,178.0,180.0,153.0,161.0,181.0
149.0,117.0,158.0,#2,151.0,141.0,161.0,142.0,141.0,121.0,152.0,163.0,212.0,176.0,203.0,114.0,72.0,125.0,149.0,187.0,157.0,123.0,128.0,74.0,72.0,127.0,164.0,157.0,142.0,136.0,169.0,125.0,52.0,77.0,79.0,101.0,77.0,#2,135.0,134.0,133.0,137.0,143.0,124.0,127.0,147.0,144.0,154.0,187.0,188.0,193.0,187.0,199.0,216.0,221.0,144.0,131.0,114.0,133.0,95.0,126.0,125.0,112.0,107.0,127.0,124.0,135.0,166.0,137.0,171.0,188.0,201.0,161.0
