215.0,222.0,190.0,221.0,223.0,129.0,#2,146.0,129.0,174.0,149.0,175.0,96.0,174.0,177.0,163.0,188.0,179.0,187.0,189.0,187.0,184.0,147.0,171.0,181.0,207.0,191.0,156.0,146.0,111.0,133.0,93.0,106.0,134.0,70.0,142.0,161.0,208.0,205.0,165.0,158.0,113.0,207.0,178.0,182.0,185.0,189.0,157.0,120.0,171.0,202.0,113.0,146.0,111.0,166.0,162.0,123.0,129.0,115.0,117.0,84.0,218.0,222.0,120.0,87.0,21.0,5.0,27.0,17.0,25.0,114.0,118.0,#2,95.0,124.0,83.0,21.0,28.0,22.0,20.0,69.0,94.0,74.0,69.0,12.0,7.0,79.0,54.0,17.0,47.0,64.0,49.0,55.0,60.0,52.0,55.0,59.0,#3,60.0,59.0,49.0,117.0,111.0,160.0,6.0,32.0,50.0,#2,16.0,14.0,13.0,#2,14.0,1.0,119.0,120.0,61.0,18.0,12.0,16.0,36.0,59.0,52.0,58.0,53.0,51.0,#2,49.0,39.0,38.0,58.0,52.0,62.0,55.0,85.0
226.0,201.0,163.0,168.0,183.0,104.0,144.0,169.0,196.0,195.0,189.0,198.0,72.0,183.0,182.0,138.0,167.0,171.0,165.0,189.0,204.0,161.0,185.0,127.0,155.0,168.0,223.0,202.0,208.0,168.0,122.0,148.0,146.0,184.0,219.0,225.0,233.0,212.0,241.0,219.0,171.0,113.0,227.0,239.0,246.0,233.0,218.0,225.0,240.0,215.0,213.0,203.0,170.0,241.0,209.0,141.0,118.0,122.0,120.0,117.0,85.0,60.0,62.0,73.0,87.0,68.0,78.0,86.0,36.0,67.0,106.0,96.0,11.0,15.0,19.0,21.0,26.0,#2,20.0,19.0,55.0,59.0,118.0,60.0,#2,19.0,68.0,49.0,24.0,21.0,64.0,49.0,55.0,60.0,52.0,56.0,60.0,61.0,60.0,56.0,54.0,55.0,134.0,103.0,162.0,6.0,39.0,56.0,#2,16.0,14.0,7.0,40.0,17.0,3.0,109.0,122.0,99.0,77.0,20.0,18.0,27.0,25.0,99.0,49.0,57.0,51.0,#2,49.0,41.0,85.0,71.0,81.0,69.0,70.0,112.0
180.0,169.0,180.0,186.0,184.0,126.0,140.0,164.0,185.0,141.0,164.0,176.0,84.0,178.0,200.0,192.0,197.0,216.0,220.0,211.0,187.0,213.0,203.0,228.0,244.0,229.0,242.0,229.0,235.0,242.0,246.0,225.0,239.0,87.0,198.0,199.0,206.0,196.0,237.0,230.0,130.0,117.0,244.0,249.0,227.0,241.0,#2,227.0,238.0,246.0,220.0,212.0,160.0,109.0,155.0,134.0,85.0,92.0,85.0,93.0,85.0,196.0,221.0,58.0,56.0,41.0,58.0,60.0,98.0,99.0,127.0,28.0,27.0,24.0,21.0,#2,24.0,84.0,4.0,17.0,8.0,50.0,79.0,33.0,19.0,40.0,62.0,42.0,24.0,17.0,20.0,37.0,44.0,53.0,#2,51.0,53.0,#3,54.0,53.0,60.0,52.0,90.0,165.0,20.0,#2,35.0,13.0,14.0,12.0,13.0,#2,15.0,11.0,91.0,92.0,119.0,41.0,#2,20.0,16.0,14.0,3.0,62.0,57.0,49.0,50.0,47.0,41.0,40.0,73.0,70.0,100.0,81.0,96.0
242.0,238.0,202.0,188.0,193.0,150.0,182.0,178.0,239.0,228.0,214.0,199.0,121.0,166.0,162.0,145.0,186.0,143.0,183.0,204.0,153.0,217.0,238.0,236.0,219.0,232.0,239.0,208.0,218.0,228.0,215.0,192.0,206.0,98.0,124.0,139.0,140.0,124.0,168.0,184.0,130.0,121.0,247.0,243.0,235.0,218.0,219.0,202.0,229.0,236.0,232.0,247.0,168.0,239.0,158.0,96.0,74.0,71.0,65.0,57.0,97.0,200.0,204.0,76.0,10.0,104.0,35.0,26.0,67.0,120.0,30.0,#2,28.0,26.0,25.0,28.0,7.0,144.0,109.0,23.0,15.0,79.0,96.0,23.0,21.0,62.0,58.0,27.0,22.0,19.0,18.0,31.0,37.0,41.0,38.0,35.0,34.0,35.0,36.0,#2,37.0,36.0,41.0,157.0,158.0,29.0,#2,35.0,17.0,12.0,#2,15.0,51.0,12.0,24.0,77.0,88.0,106.0,20.0,18.0,21.0,19.0,17.0,15.0,20.0,14.0,#2,39.0,37.0,31.0,42.0,53.0,64.0,51.0,87.0,80.0
106.0,113.0,#2,110.0,112.0,148.0,123.0,135.0,136.0,122.0,129.0,130.0,96.0,#2,133.0,127.0,129.0,140.0,147.0,143.0,156.0,164.0,177.0,183.0,186.0,197.0,188.0,193.0,#2,198.0,208.0,#2,203.0,131.0,143.0,220.0,229.0,231.0,236.0,235.0,224.0,225.0,230.0,240.0,247.0,246.0,250.0,236.0,244.0,#2,247.0,252.0,157.0,220.0,178.0,208.0,210.0,205.0,203.0,170.0,96.0,196.0,251.0,252.0,253.0,121.0,106.0,94.0,129.0,50.0,#6,0.0,#4,3.0,2.0,7.0,106.0,7.0,3.0,92.0,55.0,6.0,18.0,14.0,16.0,38.0,41.0,#3,42.0,45.0,47.0,45.0,44.0,43.0,#2,44.0,163.0,157.0,#2,3.0,20.0,28.0,112.0,25.0,64.0,101.0,12.0,17.0,92.0,85.0,81.0,110.0,#6,14.0,15.0,#2,21.0,20.0,15.0,36.0,78.0,40.0,32.0,107.0,44.0
173.0,187.0,165.0,171.0,169.0,166.0,192.0,164.0,184.0,216.0,189.0,177.0,103.0,161.0,194.0,208.0,186.0,184.0,177.0,197.0,198.0,211.0,202.0,212.0,211.0,215.0,116.0,169.0,165.0,154.0,156.0,162.0,153.0,107.0,113.0,155.0,166.0,205.0,180.0,161.0,151.0,153.0,163.0,143.0,#2,150.0,152.0,141.0,156.0,155.0,144.0,150.0,120.0,161.0,144.0,156.0,139.0,131.0,119.0,70.0,69.0,78.0,67.0,42.0,107.0,100.0,115.0,135.0,133.0,147.0,163.0,#2,166.0,#2,168.0,171.0,179.0,185.0,187.0,191.0,#2,195.0,161.0,200.0,205.0,138.0,173.0,223.0,211.0,207.0,211.0,212.0,216.0,213.0,207.0,203.0,207.0,205.0,199.0,#2,196.0,194.0,185.0,206.0,148.0,217.0,226.0,216.0,218.0,216.0,215.0,219.0,210.0,215.0,209.0,220.0,53.0,190.0,203.0,#3,202.0,#3,203.0,204.0,211.0,#3,210.0,205.0,203.0,202.0,205.0,213.0,201.0
206.0,187.0,#2,201.0,148.0,164.0,197.0,155.0,193.0,161.0,174.0,191.0,151.0,183.0,210.0,234.0,222.0,249.0,238.0,224.0,236.0,228.0,241.0,247.0,224.0,193.0,240.0,216.0,143.0,141.0,142.0,#2,127.0,93.0,121.0,218.0,139.0,84.0,174.0,211.0,124.0,134.0,244.0,252.0,251.0,252.0,239.0,184.0,207.0,240.0,242.0,244.0,241.0,227.0,122.0,67.0,82.0,130.0,111.0,28.0,95.0,224.0,#2,254.0,246.0,235.0,253.0,212.0,134.0,81.0,113.0,118.0,121.0,120.0,121.0,124.0,126.0,#2,131.0,132.0,135.0,139.0,136.0,112.0,207.0,137.0,128.0,136.0,130.0,127.0,121.0,117.0,114.0,108.0,#2,105.0,98.0,99.0,100.0,#2,114.0,123.0,#2,134.0,140.0,170.0,#2,167.0,158.0,160.0,149.0,148.0,149.0,141.0,135.0,176.0,91.0,147.0,133.0,137.0,140.0,139.0,141.0,140.0,137.0,148.0,139.0,#2,143.0,139.0,134.0,129.0,136.0,143.0,141.0,131.0
196.0,161.0,#2,210.0,176.0,156.0,199.0,151.0,226.0,#2,221.0,207.0,125.0,128.0,241.0,240.0,247.0,242.0,235.0,183.0,208.0,241.0,234.0,240.0,235.0,243.0,203.0,235.0,147.0,171.0,212.0,224.0,206.0,136.0,119.0,106.0,103.0,118.0,168.0,214.0,115.0,134.0,212.0,215.0,237.0,245.0,253.0,176.0,188.0,#2,237.0,216.0,199.0,171.0,100.0,85.0,65.0,133.0,117.0,59.0,102.0,232.0,252.0,220.0,217.0,237.0,#2,236.0,244.0,141.0,59.0,32.0,56.0,46.0,65.0,124.0,123.0,106.0,#2,54.0,17.0,36.0,7.0,8.0,56.0,111.0,37.0,27.0,33.0,36.0,24.0,40.0,38.0,41.0,37.0,17.0,21.0,41.0,32.0,36.0,40.0,30.0,45.0,146.0,99.0,15.0,4.0,3.0,2.0,3.0,#2,0.0,3.0,7.0,1.0,60.0,94.0,72.0,64.0,36.0,58.0,61.0,15.0,1.0,#2,0.0,15.0,#2,33.0,21.0,31.0,45.0,48.0,53.0,86.0,90.0
179.0,201.0,195.0,228.0,124.0,152.0,199.0,155.0,241.0,250.0,251.0,239.0,215.0,126.0,191.0,199.0,223.0,241.0,239.0,215.0,157.0,210.0,199.0,210.0,234.0,179.0,238.0,211.0,179.0,152.0,111.0,135.0,119.0,109.0,105.0,97.0,101.0,99.0,104.0,202.0,87.0,82.0,250.0,255.0,232.0,223.0,229.0,233.0,225.0,204.0,217.0,247.0,134.0,98.0,134.0,81.0,64.0,134.0,114.0,66.0,105.0,228.0,245.0,209.0,221.0,218.0,248.0,235.0,207.0,#2,255.0,239.0,190.0,139.0,146.0,154.0,75.0,162.0,126.0,119.0,#2,149.0,159.0,124.0,90.0,89.0,41.0,#3,44.0,37.0,44.0,56.0,44.0,65.0,64.0,67.0,66.0,98.0,#2,58.0,54.0,22.0,171.0,111.0,42.0,27.0,26.0,29.0,31.0,30.0,33.0,29.0,2.0,192.0,78.0,93.0,219.0,191.0,38.0,41.0,31.0,32.0,25.0,29.0,35.0,42.0,#2,43.0,45.0,50.0,54.0,47.0,58.0,94.0,75.0
228.0,234.0,226.0,246.0,134.0,140.0,178.0,179.0,164.0,233.0,225.0,222.0,237.0,115.0,#2,224.0,222.0,243.0,242.0,207.0,217.0,231.0,241.0,244.0,200.0,215.0,211.0,187.0,144.0,128.0,99.0,115.0,98.0,112.0,97.0,82.0,115.0,64.0,48.0,63.0,71.0,7.0,150.0,226.0,227.0,229.0,235.0,237.0,247.0,249.0,161.0,91.0,105.0,144.0,134.0,81.0,63.0,135.0,112.0,89.0,105.0,233.0,213.0,#2,215.0,213.0,214.0,245.0,240.0,235.0,245.0,248.0,254.0,255.0,#2,254.0,248.0,95.0,82.0,86.0,58.0,33.0,42.0,61.0,80.0,100.0,44.0,55.0,54.0,70.0,75.0,70.0,81.0,85.0,82.0,64.0,54.0,41.0,35.0,#2,48.0,55.0,2.0,164.0,99.0,49.0,38.0,37.0,41.0,43.0,40.0,42.0,46.0,108.0,71.0,87.0,109.0,36.0,148.0,7.0,37.0,39.0,38.0,37.0,42.0,44.0,43.0,#2,45.0,44.0,45.0,54.0,61.0,99.0,122.0,72.0
226.0,200.0,169.0,182.0,#2,148.0,181.0,199.0,220.0,207.0,241.0,231.0,233.0,199.0,247.0,236.0,223.0,227.0,234.0,222.0,170.0,240.0,#2,236.0,231.0,227.0,169.0,221.0,173.0,94.0,72.0,98.0,103.0,113.0,95.0,92.0,158.0,236.0,243.0,162.0,225.0,241.0,192.0,79.0,103.0,180.0,151.0,118.0,72.0,80.0,#2,91.0,129.0,145.0,141.0,87.0,64.0,136.0,112.0,76.0,94.0,110.0,185.0,217.0,211.0,217.0,210.0,255.0,251.0,#2,255.0,211.0,226.0,247.0,254.0,255.0,#2,254.0,227.0,104.0,6.0,55.0,64.0,62.0,106.0,105.0,35.0,36.0,#2,37.0,38.0,37.0,43.0,47.0,#3,45.0,#2,44.0,#3,51.0,3.0,160.0,93.0,52.0,57.0,53.0,60.0,58.0,#2,57.0,43.0,188.0,0.0,92.0,116.0,7.0,1.0,206.0,3.0,49.0,52.0,#2,54.0,61.0,57.0,49.0,50.0,45.0,42.0,51.0,59.0,100.0,115.0,47.0
181.0,226.0,172.0,177.0,163.0,155.0,161.0,193.0,214.0,231.0,229.0,216.0,241.0,115.0,227.0,230.0,222.0,223.0,228.0,200.0,199.0,227.0,184.0,216.0,234.0,210.0,176.0,225.0,218.0,153.0,120.0,141.0,170.0,184.0,103.0,111.0,103.0,131.0,101.0,95.0,113.0,49.0,6.0,58.0,49.0,66.0,49.0,60.0,62.0,69.0,71.0,66.0,107.0,149.0,148.0,83.0,64.0,136.0,106.0,58.0,85.0,115.0,178.0,217.0,221.0,1.0,207.0,249.0,#4,255.0,225.0,221.0,224.0,235.0,251.0,#2,254.0,249.0,255.0,165.0,#2,97.0,88.0,93.0,48.0,42.0,45.0,48.0,#2,52.0,55.0,#2,54.0,#2,55.0,#2,54.0,55.0,68.0,73.0,56.0,146.0,81.0,78.0,82.0,91.0,101.0,56.0,53.0,83.0,122.0,233.0,166.0,86.0,110.0,10.0,37.0,11.0,104.0,#2,56.0,#3,50.0,48.0,53.0,50.0,48.0,#2,44.0,49.0,88.0,105.0,47.0
190.0,212.0,226.0,240.0,178.0,153.0,150.0,193.0,204.0,230.0,207.0,199.0,223.0,87.0,234.0,233.0,250.0,242.0,229.0,218.0,150.0,223.0,181.0,158.0,198.0,219.0,141.0,245.0,231.0,215.0,191.0,225.0,255.0,222.0,118.0,103.0,251.0,186.0,115.0,120.0,100.0,107.0,103.0,110.0,105.0,103.0,106.0,109.0,99.0,98.0,89.0,86.0,108.0,151.0,150.0,67.0,65.0,137.0,95.0,36.0,81.0,113.0,161.0,211.0,198.0,22.0,212.0,255.0,212.0,133.0,180.0,164.0,252.0,246.0,234.0,228.0,214.0,217.0,220.0,251.0,#2,255.0,213.0,132.0,153.0,98.0,77.0,60.0,61.0,55.0,57.0,50.0,#2,56.0,57.0,62.0,63.0,73.0,78.0,81.0,65.0,67.0,4.0,148.0,144.0,212.0,236.0,245.0,208.0,189.0,148.0,157.0,129.0,#2,153.0,123.0,110.0,28.0,33.0,134.0,144.0,100.0,50.0,#3,51.0,52.0,51.0,55.0,66.0,58.0,53.0,54.0,32.0,33.0,50.0
239.0,233.0,#2,239.0,241.0,219.0,210.0,234.0,237.0,249.0,236.0,244.0,250.0,211.0,204.0,193.0,173.0,191.0,251.0,248.0,179.0,243.0,231.0,216.0,237.0,250.0,200.0,254.0,252.0,254.0,#2,252.0,246.0,222.0,86.0,113.0,185.0,117.0,118.0,119.0,#2,93.0,104.0,109.0,107.0,104.0,106.0,105.0,100.0,103.0,98.0,105.0,116.0,#2,153.0,100.0,66.0,139.0,107.0,76.0,74.0,146.0,150.0,213.0,214.0,6.0,225.0,249.0,87.0,76.0,142.0,123.0,#2,252.0,255.0,249.0,207.0,210.0,213.0,207.0,220.0,249.0,244.0,189.0,66.0,75.0,24.0,17.0,53.0,68.0,72.0,64.0,58.0,55.0,#2,47.0,53.0,2.0,8.0,87.0,188.0,240.0,255.0,122.0,145.0,238.0,232.0,216.0,239.0,241.0,246.0,168.0,130.0,145.0,92.0,109.0,99.0,91.0,141.0,46.0,0.0,149.0,55.0,64.0,63.0,61.0,59.0,68.0,70.0,73.0,77.0,79.0,62.0,61.0,60.0,62.0
63.0,72.0,58.0,20.0,21.0,47.0,34.0,9.0,4.0,7.0,9.0,15.0,19.0,23.0,8.0,4.0,3.0,31.0,41.0,61.0,79.0,92.0,107.0,122.0,133.0,123.0,136.0,147.0,151.0,165.0,196.0,208.0,232.0,248.0,102.0,57.0,186.0,229.0,221.0,219.0,212.0,205.0,204.0,202.0,191.0,187.0,185.0,181.0,159.0,128.0,144.0,143.0,145.0,165.0,162.0,96.0,94.0,139.0,121.0,106.0,121.0,111.0,38.0,204.0,213.0,7.0,#2,218.0,126.0,48.0,45.0,120.0,218.0,249.0,245.0,224.0,210.0,204.0,210.0,206.0,210.0,206.0,216.0,240.0,169.0,141.0,131.0,115.0,112.0,93.0,106.0,129.0,143.0,170.0,192.0,200.0,194.0,210.0,193.0,164.0,233.0,223.0,228.0,128.0,149.0,220.0,221.0,224.0,228.0,223.0,226.0,30.0,39.0,38.0,66.0,91.0,89.0,118.0,5.0,23.0,21.0,86.0,52.0,35.0,36.0,39.0,44.0,30.0,44.0,26.0,47.0,67.0,69.0,73.0,76.0,91.0
223.0,201.0,247.0,232.0,205.0,151.0,160.0,224.0,182.0,250.0,253.0,248.0,251.0,211.0,246.0,241.0,235.0,217.0,198.0,215.0,188.0,167.0,202.0,177.0,174.0,159.0,160.0,141.0,154.0,148.0,139.0,215.0,228.0,182.0,133.0,107.0,108.0,80.0,24.0,57.0,61.0,43.0,10.0,11.0,7.0,28.0,57.0,37.0,#2,35.0,18.0,45.0,68.0,87.0,174.0,192.0,147.0,83.0,116.0,121.0,123.0,213.0,235.0,215.0,218.0,190.0,200.0,230.0,208.0,132.0,163.0,209.0,216.0,217.0,218.0,213.0,208.0,199.0,205.0,206.0,#2,207.0,198.0,174.0,#2,99.0,80.0,75.0,71.0,116.0,158.0,191.0,163.0,135.0,145.0,137.0,100.0,43.0,30.0,34.0,222.0,215.0,221.0,128.0,150.0,220.0,221.0,223.0,228.0,224.0,216.0,53.0,37.0,42.0,105.0,67.0,72.0,165.0,4.0,21.0,44.0,98.0,142.0,156.0,123.0,122.0,126.0,129.0,110.0,121.0,90.0,72.0,85.0,69.0,108.0,109.0
233.0,202.0,205.0,254.0,252.0,151.0,154.0,185.0,148.0,254.0,232.0,216.0,212.0,220.0,235.0,239.0,242.0,#2,245.0,243.0,241.0,191.0,208.0,224.0,238.0,245.0,252.0,253.0,252.0,243.0,246.0,185.0,124.0,132.0,133.0,79.0,246.0,243.0,241.0,240.0,232.0,229.0,226.0,223.0,210.0,206.0,204.0,201.0,200.0,154.0,176.0,171.0,168.0,142.0,159.0,137.0,136.0,120.0,109.0,100.0,89.0,71.0,39.0,37.0,45.0,68.0,72.0,94.0,106.0,154.0,167.0,193.0,220.0,232.0,233.0,#2,234.0,235.0,234.0,237.0,231.0,226.0,141.0,208.0,146.0,236.0,241.0,255.0,226.0,190.0,56.0,1.0,2.0,78.0,37.0,7.0,1.0,2.0,4.0,2.0,221.0,219.0,215.0,120.0,168.0,#2,214.0,223.0,227.0,226.0,189.0,#2,55.0,60.0,128.0,74.0,91.0,160.0,2.0,55.0,75.0,124.0,110.0,99.0,100.0,106.0,143.0,152.0,174.0,178.0,116.0,151.0,140.0,116.0,156.0,189.0
251.0,255.0,248.0,255.0,247.0,157.0,150.0,200.0,185.0,249.0,248.0,252.0,240.0,215.0,246.0,231.0,228.0,233.0,242.0,245.0,244.0,252.0,250.0,252.0,#2,253.0,241.0,200.0,168.0,150.0,141.0,139.0,244.0,247.0,42.0,95.0,252.0,250.0,252.0,251.0,250.0,252.0,251.0,#2,254.0,249.0,250.0,#2,249.0,218.0,254.0,252.0,254.0,185.0,252.0,242.0,65.0,61.0,200.0,#2,252.0,239.0,144.0,152.0,146.0,142.0,135.0,129.0,100.0,87.0,99.0,47.0,58.0,44.0,21.0,1.0,6.0,11.0,40.0,34.0,112.0,151.0,111.0,93.0,91.0,116.0,127.0,148.0,161.0,186.0,209.0,225.0,238.0,250.0,249.0,#4,253.0,245.0,254.0,253.0,243.0,154.0,162.0,230.0,229.0,233.0,238.0,236.0,233.0,202.0,190.0,183.0,199.0,52.0,78.0,174.0,172.0,165.0,170.0,192.0,174.0,170.0,156.0,163.0,149.0,143.0,147.0,140.0,128.0,141.0,144.0,134.0,164.0,187.0
241.0,238.0,244.0,254.0,241.0,180.0,147.0,195.0,243.0,130.0,235.0,233.0,#2,207.0,#5,253.0,248.0,251.0,247.0,232.0,201.0,170.0,149.0,139.0,124.0,129.0,133.0,132.0,140.0,159.0,246.0,90.0,82.0,255.0,254.0,#3,253.0,250.0,#4,251.0,#2,252.0,250.0,189.0,254.0,250.0,146.0,187.0,252.0,244.0,54.0,136.0,197.0,250.0,197.0,138.0,94.0,97.0,114.0,60.0,119.0,69.0,55.0,44.0,100.0,229.0,111.0,97.0,155.0,232.0,243.0,245.0,237.0,245.0,209.0,87.0,133.0,136.0,123.0,156.0,162.0,156.0,147.0,136.0,105.0,83.0,77.0,75.0,#2,69.0,29.0,11.0,3.0,1.0,3.0,1.0,18.0,56.0,80.0,111.0,126.0,179.0,186.0,196.0,205.0,212.0,204.0,167.0,206.0,208.0,148.0,172.0,207.0,206.0,197.0,191.0,193.0,188.0,184.0,192.0,#2,189.0,191.0,177.0,174.0,169.0,168.0,#2,161.0,165.0
250.0,253.0,247.0,241.0,243.0,183.0,150.0,179.0,246.0,253.0,247.0,250.0,249.0,192.0,#2,248.0,#2,249.0,247.0,243.0,160.0,122.0,#2,120.0,103.0,99.0,112.0,127.0,153.0,188.0,242.0,249.0,254.0,250.0,60.0,77.0,#2,252.0,251.0,#2,248.0,249.0,#2,251.0,252.0,253.0,252.0,251.0,250.0,196.0,#2,253.0,153.0,187.0,252.0,247.0,54.0,68.0,155.0,178.0,187.0,251.0,16.0,69.0,44.0,56.0,70.0,152.0,20.0,30.0,94.0,171.0,166.0,183.0,233.0,249.0,248.0,227.0,203.0,168.0,167.0,159.0,47.0,28.0,71.0,77.0,0.0,3.0,1.0,0.0,2.0,20.0,27.0,34.0,42.0,47.0,58.0,64.0,75.0,77.0,163.0,154.0,140.0,104.0,112.0,106.0,92.0,95.0,94.0,88.0,92.0,107.0,109.0,93.0,191.0,249.0,254.0,133.0,95.0,94.0,93.0,86.0,52.0,61.0,12.0,40.0,36.0,#2,22.0,1.0,7.0,20.0,15.0,38.0,#2,37.0
252.0,234.0,240.0,237.0,246.0,209.0,147.0,173.0,249.0,237.0,#2,243.0,253.0,147.0,249.0,235.0,249.0,216.0,225.0,82.0,85.0,90.0,84.0,80.0,121.0,197.0,234.0,#4,254.0,255.0,254.0,252.0,93.0,112.0,251.0,#3,252.0,249.0,251.0,#2,252.0,#4,251.0,253.0,194.0,#2,254.0,150.0,171.0,249.0,245.0,45.0,57.0,134.0,156.0,239.0,247.0,6.0,74.0,159.0,213.0,179.0,110.0,60.0,12.0,11.0,76.0,221.0,199.0,162.0,154.0,144.0,163.0,153.0,224.0,201.0,128.0,48.0,13.0,77.0,93.0,14.0,#2,21.0,19.0,21.0,22.0,#3,23.0,#4,24.0,51.0,178.0,206.0,208.0,141.0,182.0,211.0,71.0,8.0,16.0,20.0,30.0,58.0,78.0,87.0,151.0,163.0,181.0,164.0,157.0,101.0,91.0,185.0,213.0,#2,193.0,192.0,181.0,177.0,184.0,177.0,175.0,164.0,165.0,177.0,172.0,183.0
237.0,#3,255.0,232.0,220.0,148.0,164.0,250.0,#3,255.0,253.0,187.0,245.0,253.0,254.0,243.0,36.0,56.0,97.0,147.0,223.0,251.0,#2,255.0,254.0,252.0,253.0,#2,254.0,252.0,251.0,252.0,95.0,114.0,250.0,252.0,#2,253.0,254.0,251.0,250.0,248.0,#4,246.0,251.0,205.0,252.0,254.0,152.0,168.0,#2,251.0,49.0,128.0,163.0,126.0,199.0,250.0,42.0,88.0,241.0,172.0,#3,253.0,251.0,254.0,252.0,142.0,161.0,177.0,131.0,99.0,47.0,97.0,208.0,210.0,170.0,160.0,29.0,64.0,104.0,16.0,#2,21.0,20.0,21.0,22.0,#3,23.0,#5,24.0,23.0,65.0,216.0,147.0,189.0,202.0,0.0,18.0,30.0,34.0,33.0,49.0,64.0,47.0,106.0,168.0,191.0,190.0,85.0,128.0,177.0,225.0,239.0,#2,246.0,248.0,251.0,246.0,238.0,242.0,243.0,236.0,237.0,213.0,240.0,253.0
255.0,253.0,#2,255.0,254.0,251.0,149.0,166.0,243.0,#2,254.0,252.0,248.0,163.0,#2,254.0,249.0,1.0,33.0,93.0,211.0,255.0,254.0,252.0,253.0,254.0,251.0,#2,250.0,252.0,251.0,250.0,#2,251.0,96.0,129.0,239.0,249.0,#3,251.0,250.0,248.0,252.0,254.0,#2,253.0,249.0,253.0,191.0,254.0,253.0,148.0,171.0,253.0,254.0,60.0,132.0,160.0,150.0,249.0,248.0,37.0,122.0,241.0,206.0,253.0,254.0,#3,255.0,114.0,126.0,149.0,156.0,113.0,92.0,23.0,217.0,218.0,206.0,178.0,213.0,193.0,74.0,103.0,17.0,20.0,#2,19.0,#2,21.0,22.0,#5,23.0,24.0,25.0,27.0,16.0,160.0,152.0,194.0,206.0,14.0,35.0,24.0,25.0,30.0,42.0,44.0,23.0,153.0,148.0,178.0,193.0,181.0,191.0,243.0,234.0,236.0,242.0,247.0,245.0,243.0,242.0,#2,244.0,242.0,247.0,250.0,243.0,248.0,242.0
240.0,254.0,#2,252.0,254.0,250.0,155.0,177.0,230.0,253.0,254.0,252.0,255.0,203.0,#2,255.0,126.0,45.0,66.0,157.0,255.0,248.0,252.0,254.0,#2,253.0,250.0,249.0,250.0,253.0,252.0,251.0,254.0,252.0,98.0,119.0,238.0,248.0,#2,251.0,250.0,248.0,249.0,252.0,250.0,#2,252.0,247.0,253.0,199.0,#2,254.0,146.0,157.0,253.0,252.0,61.0,91.0,152.0,217.0,250.0,248.0,82.0,129.0,239.0,221.0,#2,252.0,#2,255.0,248.0,251.0,213.0,223.0,228.0,163.0,197.0,226.0,200.0,205.0,206.0,193.0,#2,204.0,93.0,103.0,18.0,20.0,#2,19.0,#2,21.0,22.0,#5,23.0,25.0,26.0,28.0,7.0,171.0,151.0,193.0,210.0,44.0,29.0,#3,26.0,36.0,44.0,22.0,128.0,106.0,154.0,201.0,190.0,196.0,216.0,#2,244.0,236.0,247.0,#2,246.0,237.0,245.0,241.0,238.0,231.0,225.0,231.0,237.0,242.0
189.0,171.0,163.0,153.0,148.0,141.0,144.0,166.0,150.0,#2,129.0,138.0,153.0,99.0,164.0,170.0,6.0,31.0,48.0,212.0,219.0,215.0,224.0,234.0,240.0,238.0,252.0,249.0,251.0,253.0,247.0,252.0,#2,254.0,105.0,121.0,230.0,250.0,255.0,251.0,250.0,251.0,252.0,238.0,250.0,252.0,250.0,234.0,247.0,250.0,248.0,252.0,144.0,141.0,250.0,253.0,63.0,125.0,145.0,207.0,250.0,245.0,87.0,141.0,246.0,237.0,251.0,253.0,251.0,#2,213.0,216.0,229.0,248.0,240.0,239.0,243.0,237.0,210.0,212.0,196.0,144.0,187.0,161.0,84.0,104.0,14.0,20.0,#3,21.0,#2,22.0,23.0,25.0,23.0,#2,24.0,27.0,24.0,29.0,1.0,170.0,149.0,186.0,210.0,44.0,30.0,#3,26.0,31.0,41.0,30.0,94.0,91.0,136.0,183.0,162.0,204.0,247.0,248.0,246.0,245.0,241.0,247.0,246.0,234.0,220.0,232.0,225.0,237.0,#2,240.0,239.0,240.0
247.0,248.0,239.0,249.0,248.0,250.0,142.0,171.0,201.0,251.0,252.0,249.0,254.0,176.0,250.0,161.0,33.0,49.0,162.0,234.0,224.0,220.0,219.0,214.0,202.0,193.0,186.0,157.0,141.0,124.0,131.0,#2,135.0,138.0,114.0,121.0,153.0,161.0,171.0,178.0,195.0,#2,255.0,254.0,253.0,255.0,254.0,252.0,249.0,251.0,246.0,251.0,152.0,150.0,244.0,252.0,78.0,107.0,143.0,206.0,251.0,246.0,87.0,141.0,247.0,246.0,250.0,252.0,253.0,211.0,#2,214.0,246.0,255.0,253.0,255.0,254.0,200.0,172.0,87.0,5.0,30.0,53.0,105.0,118.0,107.0,18.0,#4,21.0,#2,22.0,23.0,25.0,24.0,#2,26.0,28.0,25.0,30.0,3.0,167.0,154.0,189.0,206.0,106.0,33.0,#4,27.0,35.0,63.0,82.0,91.0,120.0,162.0,140.0,144.0,248.0,247.0,245.0,247.0,225.0,232.0,#3,247.0,245.0,239.0,246.0,248.0,249.0,250.0,247.0
249.0,250.0,251.0,#3,250.0,#2,185.0,199.0,252.0,254.0,252.0,254.0,205.0,222.0,1.0,#2,28.0,252.0,235.0,#4,252.0,254.0,253.0,252.0,254.0,#4,250.0,254.0,247.0,129.0,127.0,208.0,242.0,246.0,238.0,224.0,147.0,139.0,#2,121.0,124.0,136.0,141.0,122.0,148.0,#2,164.0,165.0,169.0,#2,149.0,92.0,107.0,139.0,198.0,253.0,246.0,99.0,129.0,255.0,251.0,255.0,254.0,224.0,206.0,209.0,206.0,254.0,253.0,254.0,255.0,248.0,218.0,93.0,28.0,#2,31.0,91.0,127.0,95.0,78.0,22.0,20.0,27.0,29.0,22.0,37.0,25.0,22.0,20.0,22.0,29.0,27.0,24.0,28.0,36.0,1.0,169.0,171.0,191.0,213.0,8.0,27.0,32.0,31.0,28.0,26.0,30.0,81.0,76.0,95.0,192.0,131.0,58.0,91.0,#2,248.0,250.0,#2,252.0,#2,250.0,247.0,249.0,248.0,245.0,242.0,249.0,244.0,246.0,249.0
249.0,#2,250.0,252.0,#2,251.0,208.0,171.0,196.0,248.0,249.0,251.0,237.0,216.0,220.0,6.0,34.0,61.0,250.0,251.0,253.0,#3,252.0,#2,253.0,252.0,251.0,248.0,#3,251.0,252.0,250.0,144.0,120.0,192.0,249.0,247.0,#2,248.0,250.0,#3,252.0,249.0,251.0,249.0,206.0,247.0,#2,246.0,165.0,170.0,248.0,249.0,231.0,86.0,112.0,139.0,154.0,137.0,96.0,144.0,101.0,125.0,131.0,139.0,141.0,160.0,161.0,228.0,242.0,248.0,249.0,248.0,234.0,190.0,185.0,156.0,150.0,125.0,123.0,110.0,108.0,50.0,0.0,2.0,#5,0.0,#3,2.0,11.0,28.0,34.0,43.0,51.0,1.0,182.0,165.0,197.0,196.0,120.0,35.0,34.0,32.0,30.0,28.0,38.0,113.0,47.0,101.0,217.0,94.0,43.0,76.0,249.0,250.0,251.0,252.0,#2,250.0,251.0,253.0,247.0,245.0,238.0,243.0,#2,253.0,250.0,245.0
254.0,252.0,254.0,248.0,252.0,251.0,229.0,186.0,187.0,207.0,242.0,250.0,246.0,214.0,130.0,35.0,59.0,175.0,250.0,249.0,#3,250.0,251.0,#2,250.0,251.0,250.0,251.0,245.0,252.0,#2,253.0,249.0,157.0,122.0,178.0,248.0,#3,254.0,249.0,252.0,249.0,#2,247.0,210.0,249.0,160.0,250.0,248.0,250.0,175.0,195.0,#2,248.0,252.0,78.0,115.0,137.0,250.0,249.0,105.0,126.0,254.0,253.0,84.0,136.0,86.0,90.0,177.0,195.0,185.0,175.0,152.0,143.0,131.0,128.0,135.0,134.0,124.0,179.0,177.0,170.0,157.0,170.0,175.0,182.0,192.0,199.0,209.0,216.0,215.0,#2,220.0,222.0,226.0,225.0,214.0,208.0,#2,199.0,178.0,162.0,216.0,201.0,188.0,94.0,83.0,69.0,51.0,36.0,35.0,130.0,86.0,97.0,244.0,24.0,34.0,43.0,#5,247.0,#2,237.0,241.0,243.0,241.0,244.0,242.0,243.0,241.0,245.0,248.0
252.0,#2,253.0,255.0,#2,254.0,239.0,191.0,193.0,247.0,252.0,250.0,251.0,239.0,111.0,36.0,52.0,222.0,250.0,#4,249.0,250.0,#6,249.0,#2,250.0,249.0,253.0,180.0,122.0,159.0,253.0,236.0,254.0,243.0,248.0,231.0,253.0,247.0,251.0,253.0,246.0,200.0,252.0,#2,249.0,182.0,180.0,188.0,251.0,254.0,82.0,119.0,136.0,202.0,243.0,105.0,126.0,245.0,253.0,194.0,4.0,35.0,50.0,146.0,#2,206.0,203.0,216.0,108.0,86.0,88.0,34.0,0.0,4.0,30.0,113.0,107.0,78.0,86.0,112.0,119.0,131.0,129.0,143.0,148.0,157.0,160.0,#3,168.0,162.0,156.0,150.0,156.0,161.0,142.0,164.0,#2,137.0,147.0,148.0,146.0,#2,155.0,161.0,162.0,196.0,67.0,104.0,178.0,29.0,34.0,48.0,194.0,195.0,#2,194.0,211.0,229.0,#3,231.0,233.0,238.0,242.0,245.0,244.0,249.0,248.0
126.0,124.0,125.0,129.0,145.0,163.0,178.0,207.0,212.0,214.0,207.0,220.0,229.0,232.0,30.0,38.0,11.0,#2,252.0,254.0,255.0,250.0,253.0,#2,254.0,#2,255.0,#3,254.0,249.0,253.0,250.0,254.0,188.0,118.0,136.0,251.0,247.0,178.0,181.0,209.0,251.0,188.0,252.0,255.0,254.0,249.0,181.0,254.0,#2,251.0,192.0,173.0,190.0,249.0,254.0,81.0,119.0,135.0,201.0,241.0,112.0,133.0,250.0,238.0,81.0,17.0,44.0,14.0,196.0,205.0,212.0,217.0,181.0,26.0,24.0,25.0,#2,23.0,28.0,77.0,86.0,144.0,5.0,29.0,#2,34.0,#2,33.0,#3,27.0,23.0,21.0,18.0,6.0,#5,1.0,161.0,184.0,174.0,41.0,63.0,65.0,79.0,82.0,86.0,90.0,96.0,185.0,89.0,97.0,234.0,15.0,26.0,33.0,215.0,207.0,215.0,213.0,184.0,182.0,180.0,175.0,174.0,178.0,165.0,159.0,157.0,#2,150.0,143.0
141.0,#2,151.0,149.0,156.0,154.0,145.0,158.0,152.0,149.0,148.0,146.0,149.0,144.0,10.0,40.0,60.0,132.0,153.0,141.0,131.0,129.0,131.0,#2,144.0,161.0,#2,155.0,153.0,165.0,186.0,202.0,216.0,230.0,194.0,128.0,136.0,250.0,255.0,249.0,236.0,254.0,228.0,224.0,215.0,255.0,250.0,228.0,143.0,254.0,#2,252.0,197.0,178.0,185.0,247.0,254.0,88.0,121.0,136.0,203.0,212.0,112.0,116.0,199.0,227.0,102.0,57.0,39.0,7.0,210.0,212.0,213.0,219.0,60.0,26.0,25.0,24.0,#2,23.0,28.0,86.0,64.0,154.0,5.0,29.0,#2,21.0,20.0,26.0,#2,28.0,29.0,30.0,31.0,27.0,30.0,33.0,32.0,31.0,32.0,22.0,163.0,177.0,7.0,27.0,25.0,26.0,#2,25.0,33.0,37.0,17.0,168.0,86.0,116.0,252.0,2.0,25.0,33.0,242.0,235.0,243.0,244.0,246.0,239.0,247.0,#2,250.0,249.0,246.0,#2,250.0,247.0,248.0,247.0
134.0,162.0,137.0,143.0,167.0,159.0,169.0,167.0,156.0,154.0,150.0,139.0,146.0,143.0,0.0,36.0,55.0,149.0,160.0,158.0,156.0,146.0,166.0,163.0,150.0,155.0,149.0,143.0,150.0,152.0,154.0,152.0,142.0,#2,141.0,131.0,119.0,150.0,149.0,146.0,145.0,146.0,139.0,132.0,162.0,207.0,215.0,230.0,216.0,242.0,247.0,252.0,253.0,251.0,#2,255.0,254.0,96.0,122.0,140.0,205.0,210.0,110.0,126.0,219.0,232.0,120.0,67.0,59.0,115.0,212.0,163.0,212.0,217.0,5.0,#3,28.0,27.0,22.0,28.0,67.0,44.0,138.0,15.0,22.0,29.0,25.0,26.0,29.0,28.0,26.0,#2,27.0,#2,26.0,25.0,#2,27.0,25.0,33.0,52.0,160.0,112.0,24.0,23.0,#2,22.0,#2,23.0,24.0,33.0,1.0,167.0,102.0,134.0,243.0,0.0,28.0,40.0,249.0,246.0,#2,242.0,#2,244.0,240.0,241.0,245.0,#2,248.0,244.0,238.0,245.0,248.0,246.0
208.0,220.0,226.0,229.0,232.0,221.0,213.0,212.0,205.0,190.0,182.0,168.0,152.0,150.0,11.0,36.0,84.0,150.0,152.0,153.0,144.0,148.0,166.0,163.0,156.0,166.0,152.0,158.0,161.0,147.0,135.0,146.0,141.0,160.0,149.0,134.0,161.0,#2,159.0,163.0,170.0,176.0,163.0,154.0,162.0,133.0,137.0,151.0,95.0,143.0,142.0,131.0,122.0,119.0,115.0,117.0,126.0,96.0,99.0,134.0,189.0,234.0,117.0,114.0,#2,254.0,158.0,208.0,193.0,205.0,6.0,2.0,80.0,214.0,7.0,16.0,20.0,34.0,40.0,42.0,47.0,49.0,115.0,169.0,63.0,#2,28.0,26.0,30.0,29.0,28.0,29.0,30.0,28.0,#5,27.0,24.0,29.0,114.0,183.0,0.0,#2,23.0,#2,22.0,#3,24.0,33.0,1.0,156.0,108.0,142.0,232.0,10.0,28.0,21.0,245.0,241.0,242.0,243.0,#2,244.0,240.0,231.0,235.0,243.0,#2,242.0,245.0,246.0,247.0,246.0
148.0,140.0,118.0,111.0,97.0,75.0,72.0,47.0,20.0,31.0,37.0,55.0,93.0,120.0,14.0,44.0,96.0,180.0,204.0,224.0,221.0,227.0,235.0,229.0,222.0,221.0,212.0,204.0,208.0,187.0,170.0,167.0,150.0,169.0,142.0,138.0,154.0,151.0,160.0,166.0,164.0,169.0,165.0,164.0,169.0,152.0,134.0,154.0,129.0,175.0,156.0,153.0,137.0,132.0,#2,129.0,137.0,95.0,98.0,67.0,127.0,130.0,132.0,140.0,129.0,138.0,133.0,147.0,240.0,247.0,#2,255.0,253.0,252.0,251.0,248.0,239.0,245.0,223.0,199.0,182.0,175.0,153.0,126.0,80.0,3.0,1.0,#2,3.0,4.0,#2,3.0,4.0,11.0,21.0,37.0,38.0,#2,44.0,45.0,37.0,94.0,181.0,1.0,23.0,19.0,24.0,22.0,28.0,30.0,22.0,39.0,5.0,149.0,104.0,164.0,227.0,27.0,30.0,9.0,251.0,245.0,241.0,234.0,246.0,#2,243.0,236.0,244.0,245.0,#3,246.0,250.0,247.0,248.0
152.0,156.0,158.0,149.0,158.0,163.0,161.0,163.0,165.0,152.0,153.0,148.0,152.0,148.0,18.0,40.0,88.0,119.0,106.0,121.0,111.0,93.0,78.0,79.0,82.0,60.0,34.0,32.0,44.0,61.0,86.0,101.0,156.0,185.0,149.0,152.0,226.0,221.0,223.0,227.0,#2,226.0,222.0,212.0,204.0,198.0,191.0,141.0,158.0,150.0,149.0,143.0,#2,138.0,134.0,128.0,148.0,#2,80.0,68.0,136.0,138.0,140.0,145.0,155.0,157.0,135.0,142.0,139.0,127.0,130.0,123.0,113.0,123.0,121.0,123.0,125.0,122.0,#2,139.0,164.0,165.0,187.0,185.0,200.0,252.0,#2,251.0,#2,255.0,251.0,253.0,249.0,247.0,240.0,224.0,211.0,203.0,180.0,164.0,146.0,159.0,178.0,4.0,3.0,1.0,#2,3.0,2.0,#2,4.0,12.0,2.0,142.0,109.0,171.0,207.0,37.0,32.0,10.0,247.0,244.0,240.0,244.0,246.0,249.0,244.0,231.0,243.0,#3,244.0,242.0,246.0,#2,243.0
147.0,148.0,158.0,161.0,162.0,168.0,170.0,177.0,169.0,160.0,156.0,154.0,150.0,158.0,12.0,43.0,116.0,159.0,156.0,162.0,177.0,155.0,150.0,167.0,151.0,153.0,156.0,158.0,163.0,159.0,152.0,154.0,153.0,142.0,113.0,130.0,114.0,99.0,79.0,67.0,29.0,#2,3.0,#2,4.0,6.0,35.0,174.0,230.0,226.0,229.0,231.0,236.0,226.0,225.0,186.0,123.0,48.0,39.0,5.0,126.0,129.0,170.0,168.0,167.0,158.0,135.0,137.0,130.0,140.0,132.0,131.0,135.0,130.0,132.0,135.0,132.0,129.0,122.0,127.0,120.0,140.0,124.0,#2,130.0,137.0,119.0,128.0,140.0,112.0,121.0,115.0,120.0,126.0,146.0,#2,136.0,156.0,152.0,171.0,202.0,220.0,215.0,239.0,244.0,252.0,#3,254.0,251.0,250.0,254.0,239.0,118.0,127.0,202.0,200.0,48.0,30.0,8.0,252.0,246.0,244.0,204.0,222.0,#3,246.0,#2,248.0,244.0,242.0,#2,244.0,247.0,245.0
#2,142.0,157.0,156.0,155.0,159.0,163.0,175.0,169.0,164.0,155.0,148.0,149.0,155.0,13.0,56.0,120.0,163.0,162.0,158.0,164.0,155.0,#3,154.0,152.0,156.0,158.0,159.0,153.0,152.0,165.0,161.0,160.0,167.0,168.0,163.0,168.0,170.0,#2,168.0,175.0,171.0,172.0,164.0,157.0,164.0,156.0,108.0,98.0,96.0,87.0,76.0,70.0,64.0,60.0,89.0,#2,1.0,82.0,178.0,177.0,#2,147.0,148.0,146.0,162.0,135.0,133.0,130.0,132.0,135.0,139.0,134.0,125.0,131.0,137.0,130.0,122.0,132.0,122.0,147.0,110.0,142.0,121.0,127.0,152.0,155.0,141.0,122.0,131.0,134.0,141.0,#2,147.0,#2,129.0,144.0,133.0,120.0,130.0,139.0,131.0,135.0,119.0,129.0,121.0,125.0,140.0,132.0,125.0,123.0,129.0,105.0,115.0,146.0,109.0,26.0,29.0,45.0,205.0,198.0,211.0,240.0,251.0,#4,255.0,253.0,#2,255.0,#2,254.0,255.0,254.0
#2,137.0,140.0,151.0,147.0,152.0,160.0,170.0,169.0,162.0,155.0,151.0,150.0,148.0,14.0,65.0,121.0,155.0,153.0,154.0,149.0,142.0,145.0,151.0,149.0,147.0,142.0,158.0,152.0,145.0,143.0,#2,155.0,173.0,160.0,158.0,128.0,170.0,164.0,165.0,154.0,161.0,171.0,173.0,168.0,162.0,176.0,175.0,172.0,156.0,150.0,146.0,145.0,147.0,130.0,154.0,135.0,166.0,162.0,148.0,141.0,139.0,140.0,138.0,130.0,141.0,158.0,217.0,232.0,228.0,211.0,201.0,196.0,177.0,151.0,156.0,148.0,128.0,107.0,115.0,133.0,148.0,136.0,126.0,140.0,148.0,159.0,131.0,144.0,142.0,147.0,133.0,159.0,135.0,137.0,132.0,124.0,137.0,157.0,122.0,126.0,127.0,134.0,126.0,114.0,126.0,134.0,145.0,147.0,145.0,143.0,142.0,178.0,105.0,117.0,143.0,99.0,21.0,39.0,62.0,134.0,135.0,136.0,141.0,142.0,129.0,142.0,128.0,131.0,115.0,#2,130.0,116.0,121.0,122.0,123.0
#2,132.0,130.0,#2,133.0,135.0,157.0,162.0,163.0,#3,154.0,152.0,157.0,46.0,84.0,116.0,148.0,#2,144.0,147.0,141.0,#2,144.0,#2,145.0,155.0,158.0,149.0,144.0,137.0,148.0,154.0,158.0,152.0,157.0,133.0,157.0,#2,164.0,162.0,166.0,#2,173.0,158.0,155.0,166.0,169.0,171.0,169.0,150.0,147.0,144.0,157.0,166.0,177.0,180.0,138.0,133.0,132.0,134.0,128.0,127.0,126.0,131.0,137.0,141.0,158.0,153.0,1.0,6.0,4.0,1.0,14.0,49.0,90.0,112.0,147.0,195.0,219.0,241.0,225.0,223.0,186.0,220.0,212.0,210.0,187.0,181.0,148.0,140.0,142.0,129.0,126.0,128.0,140.0,126.0,143.0,131.0,140.0,131.0,136.0,129.0,126.0,129.0,141.0,136.0,145.0,#2,153.0,#2,142.0,185.0,99.0,118.0,143.0,85.0,32.0,36.0,82.0,133.0,138.0,136.0,138.0,139.0,137.0,#2,138.0,152.0,121.0,124.0,134.0,145.0,138.0,139.0,141.0
101.0,106.0,120.0,124.0,128.0,134.0,148.0,152.0,150.0,147.0,155.0,162.0,#2,149.0,45.0,75.0,111.0,143.0,#2,148.0,#2,149.0,153.0,151.0,156.0,157.0,159.0,162.0,#2,151.0,153.0,157.0,159.0,160.0,158.0,156.0,138.0,132.0,164.0,162.0,158.0,165.0,#2,170.0,#2,172.0,#3,163.0,167.0,162.0,171.0,196.0,185.0,158.0,143.0,141.0,140.0,123.0,112.0,108.0,109.0,120.0,105.0,115.0,126.0,136.0,144.0,184.0,162.0,144.0,131.0,148.0,135.0,129.0,120.0,123.0,94.0,98.0,112.0,114.0,96.0,117.0,95.0,#2,63.0,56.0,77.0,91.0,114.0,163.0,181.0,195.0,208.0,227.0,239.0,232.0,227.0,231.0,211.0,202.0,197.0,162.0,146.0,123.0,136.0,130.0,127.0,128.0,141.0,119.0,129.0,183.0,90.0,99.0,138.0,65.0,33.0,41.0,93.0,142.0,137.0,130.0,146.0,147.0,144.0,145.0,151.0,142.0,133.0,130.0,132.0,141.0,152.0,139.0,132.0
255.0,#2,251.0,244.0,234.0,218.0,173.0,159.0,141.0,135.0,138.0,133.0,129.0,148.0,54.0,72.0,102.0,136.0,#2,135.0,143.0,145.0,150.0,#2,149.0,150.0,148.0,#2,153.0,152.0,154.0,158.0,162.0,161.0,158.0,155.0,157.0,133.0,156.0,163.0,162.0,161.0,162.0,163.0,#2,165.0,155.0,158.0,157.0,160.0,159.0,153.0,149.0,140.0,#2,129.0,126.0,#2,123.0,116.0,108.0,109.0,108.0,109.0,115.0,126.0,130.0,136.0,153.0,191.0,154.0,148.0,156.0,144.0,141.0,145.0,#2,140.0,#2,132.0,128.0,136.0,143.0,141.0,#2,147.0,144.0,136.0,143.0,146.0,#2,141.0,136.0,131.0,129.0,122.0,106.0,94.0,86.0,84.0,81.0,105.0,132.0,158.0,181.0,192.0,211.0,225.0,237.0,238.0,232.0,213.0,161.0,93.0,110.0,148.0,52.0,32.0,50.0,114.0,173.0,168.0,163.0,149.0,137.0,#2,135.0,160.0,149.0,134.0,131.0,128.0,124.0,135.0,136.0,130.0
93.0,100.0,103.0,115.0,151.0,171.0,212.0,228.0,243.0,246.0,251.0,254.0,249.0,254.0,70.0,76.0,99.0,244.0,233.0,219.0,215.0,206.0,192.0,185.0,178.0,162.0,150.0,146.0,143.0,138.0,129.0,142.0,129.0,135.0,138.0,134.0,145.0,147.0,155.0,159.0,162.0,158.0,164.0,155.0,174.0,160.0,155.0,152.0,164.0,165.0,166.0,164.0,150.0,133.0,127.0,#2,124.0,120.0,118.0,119.0,114.0,113.0,114.0,116.0,123.0,122.0,139.0,131.0,135.0,150.0,185.0,134.0,147.0,148.0,143.0,145.0,141.0,142.0,#2,143.0,158.0,136.0,141.0,139.0,143.0,#2,146.0,142.0,147.0,149.0,147.0,152.0,#2,147.0,142.0,128.0,135.0,142.0,143.0,144.0,146.0,147.0,148.0,#2,151.0,152.0,151.0,145.0,147.0,142.0,116.0,105.0,69.0,100.0,101.0,105.0,44.0,24.0,42.0,100.0,104.0,99.0,104.0,130.0,170.0,171.0,#2,190.0,196.0,209.0,202.0,207.0,#2,204.0,206.0,201.0
110.0,104.0,102.0,116.0,102.0,114.0,109.0,113.0,112.0,#2,98.0,78.0,61.0,63.0,72.0,69.0,104.0,69.0,80.0,102.0,121.0,153.0,164.0,187.0,196.0,204.0,224.0,231.0,235.0,240.0,253.0,252.0,254.0,252.0,#2,253.0,252.0,251.0,222.0,172.0,165.0,#2,155.0,145.0,133.0,132.0,136.0,152.0,154.0,143.0,#2,153.0,151.0,142.0,141.0,136.0,130.0,125.0,120.0,116.0,111.0,106.0,#3,123.0,122.0,131.0,130.0,#2,133.0,25.0,84.0,136.0,139.0,135.0,136.0,144.0,136.0,142.0,143.0,147.0,140.0,132.0,128.0,142.0,#2,147.0,#2,144.0,139.0,#2,143.0,151.0,149.0,142.0,140.0,141.0,143.0,144.0,149.0,147.0,145.0,144.0,145.0,149.0,156.0,160.0,157.0,154.0,163.0,143.0,141.0,91.0,95.0,106.0,125.0,32.0,31.0,29.0,123.0,142.0,138.0,140.0,132.0,118.0,121.0,120.0,108.0,97.0,95.0,86.0,64.0,68.0,60.0,53.0,37.0
92.0,94.0,95.0,97.0,#2,98.0,100.0,#2,106.0,102.0,99.0,97.0,94.0,87.0,75.0,61.0,82.0,87.0,85.0,93.0,100.0,105.0,109.0,113.0,118.0,120.0,118.0,#2,115.0,111.0,112.0,113.0,110.0,109.0,99.0,86.0,98.0,99.0,206.0,213.0,226.0,227.0,234.0,246.0,250.0,254.0,250.0,252.0,253.0,252.0,250.0,254.0,206.0,189.0,178.0,143.0,138.0,128.0,111.0,106.0,101.0,97.0,113.0,122.0,121.0,126.0,129.0,136.0,128.0,136.0,22.0,28.0,24.0,95.0,132.0,140.0,137.0,145.0,139.0,140.0,146.0,140.0,95.0,136.0,134.0,143.0,#2,145.0,#2,142.0,144.0,136.0,148.0,146.0,141.0,139.0,149.0,144.0,150.0,157.0,156.0,#2,161.0,156.0,154.0,152.0,170.0,169.0,170.0,159.0,149.0,143.0,129.0,115.0,126.0,143.0,14.0,30.0,26.0,136.0,158.0,139.0,143.0,#2,152.0,150.0,147.0,165.0,153.0,157.0,138.0,143.0,144.0,131.0,144.0,135.0
#2,86.0,88.0,90.0,#2,92.0,90.0,96.0,97.0,96.0,#2,97.0,94.0,87.0,74.0,61.0,83.0,87.0,85.0,93.0,100.0,105.0,106.0,107.0,99.0,100.0,107.0,108.0,110.0,105.0,109.0,110.0,108.0,#2,107.0,108.0,106.0,114.0,110.0,#3,115.0,113.0,#2,108.0,110.0,99.0,80.0,120.0,148.0,117.0,51.0,78.0,57.0,104.0,148.0,147.0,141.0,134.0,145.0,138.0,141.0,135.0,141.0,149.0,143.0,140.0,136.0,122.0,130.0,112.0,16.0,14.0,27.0,4.0,57.0,116.0,123.0,133.0,126.0,141.0,137.0,97.0,126.0,124.0,133.0,147.0,137.0,139.0,142.0,130.0,158.0,130.0,152.0,137.0,121.0,133.0,140.0,148.0,156.0,164.0,148.0,150.0,#2,151.0,152.0,#2,164.0,168.0,149.0,146.0,139.0,153.0,112.0,134.0,140.0,12.0,27.0,35.0,145.0,150.0,142.0,#2,148.0,152.0,150.0,147.0,#2,149.0,157.0,142.0,140.0,141.0,126.0,139.0,148.0
74.0,81.0,#2,85.0,84.0,86.0,87.0,89.0,#2,90.0,97.0,84.0,92.0,91.0,87.0,64.0,86.0,98.0,86.0,93.0,100.0,#2,101.0,#2,104.0,110.0,92.0,100.0,104.0,103.0,100.0,#3,99.0,95.0,98.0,102.0,101.0,#2,96.0,99.0,#2,105.0,97.0,108.0,161.0,171.0,108.0,33.0,36.0,56.0,37.0,22.0,15.0,61.0,147.0,145.0,125.0,134.0,138.0,141.0,#2,139.0,136.0,#2,143.0,125.0,122.0,127.0,116.0,117.0,4.0,13.0,12.0,19.0,#2,29.0,28.0,129.0,164.0,175.0,124.0,101.0,133.0,141.0,140.0,130.0,129.0,155.0,154.0,126.0,143.0,137.0,135.0,132.0,128.0,115.0,122.0,147.0,146.0,141.0,142.0,140.0,143.0,144.0,148.0,152.0,148.0,145.0,147.0,130.0,134.0,130.0,97.0,137.0,155.0,8.0,35.0,28.0,#2,147.0,137.0,151.0,144.0,#2,150.0,149.0,148.0,154.0,143.0,147.0,134.0,150.0,153.0,#2,150.0
69.0,75.0,76.0,#2,73.0,79.0,82.0,86.0,#2,87.0,91.0,76.0,#2,79.0,80.0,60.0,82.0,97.0,84.0,91.0,94.0,96.0,97.0,99.0,98.0,103.0,92.0,97.0,99.0,97.0,95.0,94.0,#2,96.0,92.0,106.0,88.0,#2,87.0,88.0,101.0,124.0,149.0,38.0,19.0,0.0,14.0,26.0,4.0,8.0,#2,9.0,7.0,15.0,114.0,153.0,134.0,#2,128.0,137.0,138.0,136.0,141.0,#2,137.0,136.0,129.0,131.0,129.0,36.0,45.0,4.0,11.0,13.0,14.0,15.0,19.0,35.0,29.0,105.0,121.0,137.0,117.0,122.0,134.0,128.0,125.0,127.0,128.0,6.0,106.0,#2,130.0,117.0,163.0,124.0,122.0,131.0,122.0,135.0,127.0,128.0,129.0,126.0,128.0,136.0,141.0,136.0,128.0,130.0,119.0,133.0,103.0,92.0,131.0,139.0,35.0,62.0,79.0,149.0,137.0,140.0,142.0,159.0,#2,157.0,147.0,145.0,153.0,160.0,147.0,129.0,138.0,156.0,162.0,150.0
63.0,#2,65.0,64.0,61.0,69.0,73.0,#2,79.0,84.0,79.0,71.0,#2,70.0,80.0,51.0,56.0,93.0,86.0,84.0,80.0,87.0,86.0,87.0,88.0,#2,87.0,91.0,93.0,88.0,86.0,87.0,89.0,92.0,95.0,84.0,143.0,148.0,150.0,152.0,136.0,131.0,134.0,1.0,8.0,10.0,#2,7.0,#2,8.0,7.0,12.0,22.0,103.0,149.0,134.0,127.0,116.0,128.0,132.0,129.0,135.0,139.0,140.0,134.0,136.0,125.0,126.0,127.0,119.0,13.0,8.0,#2,12.0,#2,16.0,#2,15.0,17.0,21.0,2.0,107.0,145.0,112.0,84.0,79.0,93.0,116.0,7.0,72.0,102.0,107.0,150.0,173.0,146.0,44.0,47.0,124.0,123.0,132.0,121.0,123.0,118.0,124.0,130.0,125.0,126.0,120.0,122.0,116.0,121.0,142.0,87.0,118.0,132.0,133.0,12.0,38.0,63.0,148.0,147.0,141.0,152.0,159.0,157.0,154.0,149.0,148.0,150.0,151.0,146.0,135.0,148.0,158.0,#2,150.0
#2,52.0,53.0,#2,65.0,67.0,68.0,73.0,70.0,#2,68.0,65.0,64.0,63.0,74.0,56.0,50.0,88.0,73.0,72.0,73.0,79.0,77.0,#3,79.0,78.0,81.0,86.0,81.0,78.0,79.0,82.0,#2,85.0,84.0,142.0,143.0,149.0,153.0,151.0,146.0,149.0,58.0,7.0,11.0,#2,7.0,#2,8.0,12.0,20.0,93.0,149.0,134.0,137.0,122.0,121.0,123.0,130.0,129.0,135.0,145.0,138.0,132.0,128.0,123.0,#2,122.0,112.0,7.0,9.0,8.0,7.0,#4,12.0,15.0,13.0,8.0,26.0,43.0,204.0,254.0,252.0,254.0,129.0,147.0,136.0,141.0,147.0,130.0,160.0,194.0,95.0,2.0,156.0,125.0,121.0,117.0,119.0,116.0,112.0,117.0,115.0,117.0,124.0,115.0,119.0,128.0,166.0,85.0,114.0,130.0,118.0,#2,34.0,76.0,149.0,160.0,154.0,155.0,151.0,150.0,155.0,#2,152.0,140.0,142.0,#2,137.0,148.0,156.0,150.0,151.0
29.0,36.0,43.0,51.0,50.0,58.0,57.0,61.0,71.0,#2,70.0,62.0,55.0,71.0,76.0,55.0,45.0,89.0,55.0,62.0,65.0,66.0,69.0,71.0,74.0,68.0,70.0,63.0,66.0,68.0,65.0,56.0,#2,62.0,71.0,107.0,140.0,142.0,149.0,151.0,150.0,144.0,137.0,126.0,5.0,12.0,7.0,8.0,7.0,10.0,9.0,27.0,110.0,130.0,141.0,136.0,128.0,121.0,125.0,130.0,134.0,138.0,142.0,139.0,134.0,129.0,119.0,120.0,115.0,109.0,33.0,9.0,#2,8.0,9.0,#2,10.0,12.0,#2,13.0,12.0,16.0,15.0,35.0,1.0,5.0,67.0,136.0,#2,134.0,136.0,144.0,163.0,145.0,163.0,155.0,5.0,244.0,246.0,#2,249.0,253.0,255.0,254.0,#2,255.0,251.0,244.0,237.0,214.0,206.0,195.0,82.0,117.0,133.0,127.0,37.0,43.0,91.0,122.0,119.0,126.0,127.0,#2,125.0,134.0,139.0,147.0,146.0,132.0,134.0,132.0,149.0,161.0,148.0,147.0
22.0,28.0,32.0,#2,28.0,26.0,29.0,25.0,27.0,29.0,25.0,27.0,33.0,30.0,55.0,57.0,47.0,92.0,45.0,52.0,63.0,66.0,69.0,71.0,73.0,78.0,69.0,63.0,60.0,62.0,64.0,56.0,68.0,69.0,52.0,136.0,137.0,129.0,136.0,139.0,137.0,132.0,#2,127.0,93.0,38.0,#2,8.0,10.0,18.0,20.0,0.0,117.0,147.0,141.0,142.0,127.0,122.0,128.0,132.0,134.0,140.0,142.0,135.0,125.0,129.0,105.0,114.0,111.0,108.0,49.0,17.0,7.0,8.0,9.0,#2,10.0,#2,12.0,13.0,16.0,23.0,25.0,35.0,26.0,#2,32.0,105.0,#2,134.0,133.0,142.0,155.0,146.0,163.0,165.0,77.0,95.0,98.0,84.0,87.0,81.0,77.0,75.0,80.0,92.0,103.0,122.0,153.0,168.0,186.0,208.0,113.0,121.0,227.0,169.0,57.0,55.0,139.0,#2,254.0,251.0,253.0,#2,255.0,254.0,208.0,197.0,181.0,172.0,158.0,147.0,140.0,#2,141.0,142.0
0.0,1.0,0.0,2.0,1.0,7.0,25.0,39.0,37.0,30.0,25.0,#2,21.0,17.0,24.0,73.0,54.0,77.0,19.0,21.0,22.0,17.0,19.0,21.0,23.0,26.0,32.0,41.0,47.0,45.0,63.0,43.0,59.0,69.0,86.0,136.0,140.0,135.0,122.0,123.0,#2,122.0,117.0,124.0,102.0,55.0,8.0,9.0,14.0,18.0,27.0,59.0,155.0,148.0,141.0,132.0,123.0,124.0,#2,128.0,133.0,139.0,142.0,129.0,124.0,130.0,102.0,113.0,108.0,103.0,79.0,0.0,8.0,9.0,#2,10.0,#2,12.0,13.0,15.0,23.0,25.0,23.0,21.0,20.0,19.0,4.0,119.0,#2,134.0,139.0,147.0,152.0,145.0,163.0,183.0,186.0,67.0,#2,91.0,95.0,93.0,100.0,99.0,93.0,97.0,98.0,97.0,#2,113.0,120.0,192.0,113.0,125.0,123.0,86.0,36.0,43.0,120.0,89.0,79.0,82.0,84.0,87.0,88.0,167.0,191.0,199.0,213.0,237.0,241.0,244.0,250.0,253.0,#2,254.0
255.0,#2,254.0,255.0,254.0,249.0,235.0,141.0,116.0,90.0,59.0,14.0,4.0,2.0,5.0,70.0,51.0,86.0,4.0,42.0,48.0,44.0,41.0,40.0,39.0,37.0,38.0,34.0,35.0,29.0,21.0,27.0,10.0,3.0,142.0,137.0,142.0,140.0,129.0,123.0,#2,122.0,115.0,93.0,5.0,14.0,9.0,18.0,20.0,19.0,6.0,135.0,148.0,142.0,137.0,134.0,123.0,119.0,#2,128.0,134.0,141.0,135.0,132.0,125.0,110.0,79.0,109.0,103.0,98.0,95.0,14.0,#2,8.0,9.0,10.0,#2,12.0,15.0,#2,22.0,#2,21.0,20.0,16.0,14.0,2.0,143.0,127.0,137.0,146.0,#2,153.0,149.0,154.0,169.0,173.0,182.0,100.0,87.0,#2,93.0,96.0,#2,93.0,97.0,99.0,98.0,86.0,111.0,100.0,180.0,113.0,125.0,108.0,84.0,27.0,47.0,100.0,92.0,93.0,#2,95.0,96.0,111.0,113.0,117.0,#2,114.0,111.0,115.0,101.0,93.0,90.0,79.0,73.0
255.0,249.0,250.0,254.0,249.0,254.0,249.0,#2,255.0,254.0,252.0,#2,254.0,253.0,255.0,34.0,44.0,77.0,254.0,234.0,225.0,204.0,182.0,157.0,138.0,103.0,70.0,45.0,9.0,6.0,4.0,44.0,144.0,149.0,131.0,134.0,148.0,168.0,133.0,123.0,124.0,121.0,105.0,44.0,#3,15.0,23.0,19.0,21.0,84.0,141.0,143.0,141.0,129.0,139.0,127.0,122.0,120.0,127.0,134.0,139.0,133.0,124.0,127.0,104.0,123.0,107.0,96.0,92.0,94.0,49.0,1.0,7.0,#2,9.0,#2,10.0,12.0,22.0,19.0,26.0,30.0,27.0,#2,7.0,11.0,106.0,120.0,140.0,148.0,161.0,169.0,166.0,138.0,170.0,164.0,169.0,170.0,103.0,107.0,86.0,83.0,90.0,88.0,#2,92.0,93.0,101.0,119.0,78.0,173.0,108.0,129.0,104.0,71.0,34.0,67.0,110.0,84.0,91.0,92.0,94.0,99.0,93.0,98.0,104.0,105.0,#2,99.0,105.0,106.0,104.0,102.0,101.0,97.0
151.0,157.0,160.0,181.0,203.0,214.0,254.0,#2,255.0,#4,254.0,253.0,254.0,54.0,52.0,56.0,248.0,252.0,251.0,253.0,255.0,254.0,252.0,254.0,255.0,#2,254.0,255.0,214.0,155.0,154.0,133.0,134.0,143.0,166.0,160.0,174.0,163.0,135.0,120.0,115.0,20.0,#2,14.0,17.0,22.0,27.0,72.0,145.0,131.0,138.0,139.0,129.0,133.0,135.0,128.0,121.0,132.0,135.0,136.0,134.0,128.0,118.0,116.0,113.0,120.0,100.0,#2,93.0,77.0,5.0,7.0,8.0,#2,9.0,#2,10.0,21.0,27.0,23.0,16.0,8.0,#2,7.0,13.0,19.0,63.0,138.0,142.0,158.0,169.0,157.0,155.0,154.0,161.0,168.0,170.0,134.0,108.0,100.0,98.0,92.0,#2,86.0,85.0,86.0,99.0,104.0,80.0,153.0,112.0,125.0,95.0,60.0,26.0,71.0,105.0,92.0,85.0,93.0,#2,98.0,97.0,101.0,102.0,101.0,103.0,97.0,99.0,100.0,98.0,#2,97.0,95.0
#2,255.0,#2,254.0,#2,255.0,228.0,190.0,171.0,170.0,161.0,170.0,185.0,202.0,233.0,76.0,55.0,23.0,#2,255.0,252.0,#3,255.0,253.0,#2,255.0,253.0,255.0,169.0,151.0,168.0,139.0,129.0,138.0,142.0,143.0,147.0,141.0,143.0,115.0,120.0,83.0,15.0,12.0,13.0,18.0,13.0,66.0,140.0,133.0,137.0,#2,141.0,137.0,138.0,134.0,129.0,128.0,135.0,143.0,138.0,135.0,126.0,118.0,117.0,124.0,122.0,111.0,101.0,98.0,86.0,6.0,7.0,#3,8.0,10.0,12.0,13.0,14.0,10.0,#4,8.0,10.0,11.0,8.0,110.0,146.0,160.0,164.0,172.0,141.0,154.0,170.0,173.0,167.0,173.0,120.0,114.0,104.0,99.0,92.0,#2,73.0,84.0,93.0,92.0,72.0,119.0,112.0,110.0,83.0,50.0,23.0,76.0,95.0,94.0,88.0,98.0,#2,100.0,101.0,104.0,102.0,#2,99.0,96.0,97.0,98.0,99.0,#3,95.0
#2,255.0,254.0,#3,255.0,#2,254.0,#2,255.0,250.0,253.0,#2,255.0,248.0,100.0,68.0,57.0,198.0,201.0,171.0,161.0,158.0,147.0,142.0,164.0,169.0,180.0,199.0,156.0,171.0,148.0,120.0,139.0,141.0,140.0,#2,144.0,139.0,140.0,146.0,115.0,34.0,12.0,11.0,#2,12.0,76.0,127.0,126.0,130.0,138.0,#2,142.0,139.0,141.0,135.0,128.0,127.0,134.0,143.0,136.0,130.0,128.0,122.0,121.0,122.0,117.0,100.0,93.0,89.0,56.0,9.0,#2,7.0,#3,8.0,10.0,13.0,#2,14.0,8.0,9.0,8.0,9.0,#2,11.0,13.0,4.0,123.0,156.0,169.0,171.0,153.0,160.0,170.0,171.0,168.0,167.0,185.0,#2,112.0,104.0,101.0,94.0,91.0,90.0,88.0,81.0,74.0,#2,105.0,102.0,99.0,43.0,31.0,84.0,100.0,99.0,93.0,100.0,#2,104.0,100.0,#2,99.0,95.0,#2,97.0,98.0,#2,99.0,97.0,93.0,92.0
255.0,#2,254.0,#2,255.0,252.0,254.0,255.0,254.0,#2,255.0,#3,254.0,255.0,124.0,78.0,39.0,217.0,#5,255.0,254.0,255.0,254.0,201.0,177.0,164.0,139.0,125.0,135.0,88.0,86.0,145.0,135.0,137.0,138.0,139.0,135.0,122.0,92.0,8.0,9.0,22.0,31.0,112.0,118.0,128.0,135.0,#3,139.0,137.0,133.0,104.0,109.0,#2,129.0,138.0,136.0,130.0,132.0,127.0,126.0,117.0,48.0,24.0,19.0,5.0,3.0,#2,6.0,#5,7.0,10.0,8.0,15.0,#4,9.0,#2,10.0,11.0,9.0,21.0,148.0,160.0,173.0,156.0,168.0,#2,171.0,#2,163.0,168.0,163.0,111.0,113.0,109.0,99.0,93.0,84.0,89.0,73.0,100.0,74.0,92.0,76.0,93.0,35.0,38.0,85.0,93.0,97.0,93.0,99.0,107.0,100.0,95.0,#2,91.0,88.0,90.0,91.0,84.0,93.0,#2,94.0,#2,88.0
253.0,#3,255.0,253.0,254.0,#2,255.0,254.0,#2,255.0,#3,254.0,255.0,152.0,83.0,32.0,202.0,#5,255.0,254.0,234.0,151.0,169.0,158.0,145.0,143.0,136.0,123.0,70.0,57.0,66.0,113.0,127.0,132.0,133.0,125.0,118.0,110.0,84.0,34.0,20.0,80.0,109.0,124.0,127.0,133.0,136.0,#2,137.0,135.0,75.0,22.0,60.0,131.0,135.0,137.0,#3,132.0,125.0,119.0,79.0,18.0,13.0,11.0,9.0,#4,6.0,#2,7.0,6.0,#2,7.0,10.0,15.0,12.0,#3,9.0,#2,10.0,#2,9.0,13.0,41.0,161.0,170.0,160.0,171.0,173.0,171.0,#2,160.0,174.0,177.0,74.0,90.0,86.0,85.0,#2,93.0,86.0,76.0,84.0,40.0,68.0,70.0,80.0,35.0,40.0,85.0,90.0,85.0,86.0,98.0,92.0,94.0,88.0,85.0,84.0,82.0,86.0,84.0,77.0,#2,90.0,92.0,#2,84.0
233.0,212.0,191.0,170.0,162.0,160.0,168.0,178.0,218.0,254.0,#2,255.0,254.0,253.0,254.0,182.0,78.0,22.0,204.0,245.0,252.0,251.0,255.0,244.0,155.0,163.0,171.0,156.0,153.0,152.0,137.0,129.0,86.0,54.0,#2,33.0,50.0,68.0,85.0,#2,112.0,#2,97.0,90.0,85.0,84.0,101.0,123.0,125.0,129.0,130.0,133.0,136.0,133.0,74.0,#2,11.0,5.0,110.0,136.0,137.0,#2,132.0,125.0,124.0,115.0,3.0,#3,7.0,#2,8.0,7.0,#2,6.0,#5,7.0,8.0,16.0,20.0,7.0,#2,8.0,#2,9.0,8.0,7.0,8.0,13.0,10.0,162.0,167.0,170.0,175.0,171.0,164.0,162.0,158.0,167.0,96.0,56.0,50.0,59.0,71.0,64.0,56.0,55.0,54.0,49.0,68.0,57.0,70.0,37.0,51.0,86.0,90.0,86.0,#2,80.0,83.0,86.0,74.0,76.0,87.0,89.0,88.0,87.0,#3,86.0,84.0,72.0,83.0
250.0,#2,254.0,#2,255.0,254.0,#3,255.0,210.0,185.0,165.0,145.0,148.0,159.0,134.0,63.0,37.0,201.0,204.0,#2,247.0,157.0,153.0,170.0,166.0,150.0,#3,147.0,121.0,111.0,66.0,34.0,#2,39.0,44.0,63.0,77.0,95.0,76.0,78.0,79.0,83.0,86.0,85.0,123.0,#2,126.0,124.0,128.0,124.0,127.0,130.0,1.0,#2,10.0,5.0,124.0,138.0,137.0,133.0,128.0,131.0,122.0,60.0,19.0,#2,9.0,#2,8.0,#2,7.0,6.0,#2,7.0,#2,6.0,#3,8.0,9.0,33.0,7.0,#2,8.0,#2,9.0,7.0,#3,6.0,17.0,1.0,146.0,176.0,178.0,175.0,165.0,145.0,157.0,141.0,31.0,11.0,20.0,17.0,30.0,26.0,#2,23.0,44.0,83.0,92.0,31.0,63.0,31.0,39.0,74.0,79.0,76.0,72.0,75.0,77.0,81.0,85.0,79.0,#2,83.0,87.0,88.0,82.0,81.0,83.0,79.0,76.0,71.0
255.0,254.0,#3,255.0,#4,254.0,255.0,254.0,255.0,254.0,255.0,253.0,209.0,77.0,62.0,218.0,184.0,240.0,130.0,164.0,156.0,168.0,156.0,147.0,144.0,141.0,132.0,95.0,66.0,39.0,40.0,50.0,49.0,61.0,68.0,71.0,70.0,71.0,73.0,91.0,83.0,87.0,123.0,116.0,128.0,130.0,127.0,102.0,35.0,85.0,128.0,8.0,11.0,10.0,6.0,111.0,139.0,133.0,#2,128.0,127.0,102.0,#2,11.0,#3,8.0,#6,7.0,#2,6.0,7.0,8.0,7.0,16.0,22.0,13.0,#2,7.0,#2,8.0,#3,7.0,#2,8.0,15.0,28.0,62.0,182.0,176.0,169.0,164.0,161.0,109.0,22.0,47.0,56.0,59.0,53.0,45.0,41.0,27.0,52.0,86.0,100.0,5.0,60.0,34.0,41.0,35.0,49.0,44.0,41.0,49.0,#3,56.0,68.0,72.0,73.0,77.0,79.0,77.0,76.0,74.0,75.0,77.0,72.0
254.0,#4,255.0,#4,254.0,255.0,254.0,255.0,254.0,#2,255.0,221.0,66.0,51.0,204.0,167.0,137.0,169.0,156.0,164.0,142.0,139.0,125.0,82.0,60.0,36.0,44.0,41.0,52.0,73.0,96.0,97.0,62.0,55.0,68.0,66.0,91.0,107.0,117.0,92.0,111.0,90.0,113.0,#3,132.0,8.0,13.0,37.0,0.0,13.0,#2,11.0,19.0,62.0,140.0,134.0,128.0,130.0,125.0,31.0,#2,12.0,#2,9.0,8.0,#5,7.0,#4,6.0,7.0,16.0,19.0,13.0,#2,10.0,8.0,7.0,8.0,#3,7.0,8.0,9.0,11.0,17.0,23.0,77.0,186.0,176.0,165.0,161.0,5.0,40.0,183.0,201.0,187.0,172.0,143.0,120.0,78.0,27.0,3.0,4.0,44.0,61.0,42.0,43.0,31.0,28.0,35.0,31.0,27.0,28.0,#2,29.0,26.0,23.0,#3,24.0,28.0,41.0,39.0,#3,40.0
#2,251.0,250.0,#2,255.0,254.0,#4,255.0,254.0,251.0,#2,253.0,255.0,227.0,49.0,58.0,186.0,157.0,167.0,161.0,160.0,134.0,97.0,79.0,49.0,48.0,30.0,42.0,34.0,70.0,87.0,#2,94.0,90.0,67.0,60.0,50.0,86.0,78.0,110.0,85.0,96.0,66.0,15.0,3.0,108.0,132.0,118.0,0.0,#2,12.0,13.0,14.0,12.0,11.0,14.0,34.0,134.0,135.0,134.0,130.0,103.0,17.0,12.0,11.0,9.0,#7,8.0,#2,6.0,5.0,6.0,5.0,12.0,10.0,12.0,9.0,#2,8.0,#4,6.0,#2,9.0,#2,10.0,14.0,17.0,4.0,180.0,165.0,166.0,168.0,0.0,3.0,239.0,252.0,253.0,252.0,#3,253.0,251.0,248.0,254.0,203.0,61.0,165.0,128.0,107.0,76.0,29.0,#2,4.0,2.0,3.0,18.0,39.0,#2,51.0,49.0,47.0,49.0,45.0,36.0,32.0,36.0,33.0
#2,119.0,116.0,132.0,178.0,237.0,233.0,231.0,234.0,236.0,242.0,#2,253.0,#2,254.0,240.0,132.0,135.0,144.0,154.0,148.0,149.0,123.0,94.0,96.0,66.0,58.0,51.0,61.0,22.0,63.0,79.0,90.0,105.0,75.0,95.0,78.0,53.0,42.0,53.0,78.0,108.0,78.0,94.0,0.0,9.0,7.0,19.0,104.0,2.0,19.0,10.0,12.0,13.0,14.0,#2,11.0,12.0,8.0,118.0,138.0,134.0,132.0,112.0,11.0,#2,13.0,9.0,#7,8.0,#3,6.0,5.0,9.0,19.0,9.0,12.0,9.0,#2,8.0,10.0,#3,6.0,#2,9.0,10.0,12.0,#2,13.0,14.0,166.0,171.0,165.0,174.0,19.0,0.0,250.0,#3,252.0,#2,253.0,254.0,251.0,248.0,245.0,249.0,45.0,40.0,246.0,248.0,250.0,252.0,253.0,249.0,251.0,250.0,241.0,232.0,212.0,199.0,185.0,164.0,129.0,68.0,8.0,2.0,3.0,2.0
#4,121.0,114.0,105.0,115.0,97.0,116.0,112.0,106.0,132.0,139.0,155.0,163.0,159.0,127.0,122.0,126.0,134.0,143.0,122.0,102.0,105.0,86.0,93.0,98.0,#2,99.0,107.0,80.0,68.0,77.0,102.0,111.0,113.0,95.0,57.0,43.0,50.0,76.0,89.0,92.0,96.0,14.0,9.0,8.0,13.0,20.0,10.0,#5,12.0,#2,10.0,8.0,14.0,113.0,130.0,134.0,128.0,85.0,19.0,12.0,11.0,#2,9.0,#9,7.0,9.0,19.0,#2,13.0,#2,10.0,8.0,7.0,#4,8.0,#4,10.0,12.0,14.0,24.0,110.0,173.0,175.0,177.0,81.0,7.0,160.0,174.0,202.0,223.0,239.0,242.0,#5,253.0,17.0,33.0,218.0,247.0,254.0,249.0,247.0,249.0,252.0,251.0,250.0,#2,251.0,#4,252.0,250.0,249.0,#2,250.0,248.0
114.0,#2,115.0,121.0,107.0,#2,111.0,113.0,114.0,107.0,104.0,109.0,115.0,119.0,129.0,120.0,133.0,129.0,133.0,132.0,117.0,102.0,114.0,101.0,86.0,93.0,98.0,99.0,100.0,96.0,74.0,56.0,98.0,118.0,114.0,116.0,113.0,71.0,44.0,57.0,102.0,95.0,68.0,85.0,0.0,#3,8.0,14.0,9.0,#3,12.0,13.0,12.0,10.0,11.0,13.0,7.0,108.0,131.0,132.0,#2,126.0,15.0,12.0,11.0,#2,10.0,8.0,#3,7.0,#2,6.0,7.0,8.0,7.0,16.0,12.0,14.0,15.0,12.0,13.0,9.0,7.0,9.0,#3,8.0,#5,10.0,12.0,20.0,59.0,172.0,177.0,178.0,136.0,229.0,255.0,254.0,253.0,248.0,236.0,218.0,199.0,177.0,149.0,129.0,101.0,41.0,45.0,176.0,226.0,136.0,233.0,251.0,254.0,255.0,#5,254.0,253.0,#2,254.0,#4,252.0,251.0
#2,127.0,126.0,129.0,135.0,131.0,119.0,117.0,115.0,116.0,110.0,112.0,117.0,113.0,133.0,139.0,125.0,129.0,112.0,93.0,85.0,84.0,101.0,87.0,85.0,86.0,96.0,95.0,112.0,92.0,69.0,58.0,60.0,117.0,126.0,118.0,112.0,73.0,44.0,34.0,97.0,104.0,77.0,73.0,8.0,9.0,8.0,76.0,1.0,11.0,13.0,#2,10.0,9.0,10.0,#2,12.0,13.0,6.0,121.0,131.0,130.0,126.0,122.0,2.0,#2,12.0,#2,10.0,9.0,#3,8.0,#2,7.0,#2,8.0,7.0,10.0,#2,12.0,13.0,#4,10.0,9.0,#2,11.0,7.0,#2,9.0,6.0,10.0,9.0,8.0,11.0,2.0,170.0,169.0,175.0,155.0,255.0,252.0,254.0,253.0,#2,254.0,#2,253.0,251.0,252.0,249.0,252.0,7.0,0.0,254.0,226.0,201.0,121.0,102.0,111.0,152.0,135.0,155.0,176.0,193.0,204.0,218.0,233.0,246.0,248.0,253.0,#3,255.0
#3,122.0,124.0,122.0,111.0,104.0,105.0,108.0,110.0,#2,111.0,112.0,122.0,110.0,108.0,107.0,87.0,65.0,30.0,9.0,21.0,81.0,67.0,#2,78.0,#2,90.0,92.0,81.0,62.0,48.0,46.0,70.0,121.0,120.0,104.0,51.0,66.0,86.0,90.0,105.0,80.0,51.0,14.0,12.0,13.0,119.0,1.0,#2,13.0,#2,10.0,9.0,10.0,#2,12.0,11.0,21.0,108.0,131.0,126.0,122.0,123.0,98.0,#2,13.0,#2,12.0,10.0,9.0,#2,8.0,#2,7.0,#2,8.0,7.0,#2,13.0,10.0,#3,13.0,11.0,#2,10.0,9.0,8.0,55.0,9.0,14.0,34.0,18.0,8.0,9.0,12.0,2.0,169.0,164.0,170.0,172.0,253.0,#4,254.0,255.0,#2,254.0,252.0,251.0,247.0,245.0,1.0,3.0,254.0,#2,252.0,255.0,251.0,144.0,117.0,215.0,252.0,255.0,254.0,#2,255.0,246.0,235.0,220.0,208.0,194.0,175.0,161.0
118.0,#2,124.0,#2,110.0,114.0,99.0,110.0,#2,113.0,130.0,117.0,114.0,122.0,101.0,92.0,94.0,85.0,41.0,19.0,#2,15.0,52.0,77.0,75.0,76.0,86.0,87.0,94.0,76.0,60.0,51.0,41.0,37.0,78.0,112.0,27.0,58.0,66.0,94.0,106.0,112.0,88.0,65.0,6.0,7.0,41.0,112.0,59.0,16.0,11.0,10.0,12.0,#3,10.0,11.0,10.0,26.0,116.0,125.0,119.0,115.0,111.0,68.0,#2,12.0,8.0,14.0,15.0,3.0,1.0,6.0,11.0,6.0,7.0,8.0,24.0,15.0,9.0,#2,14.0,#3,13.0,#2,11.0,14.0,78.0,85.0,4.0,#2,14.0,15.0,13.0,10.0,11.0,3.0,161.0,156.0,166.0,184.0,255.0,254.0,250.0,249.0,251.0,250.0,254.0,253.0,#2,254.0,253.0,235.0,10.0,31.0,253.0,#2,252.0,#3,253.0,249.0,179.0,115.0,180.0,254.0,253.0,#2,255.0,254.0,#5,255.0
120.0,133.0,124.0,133.0,79.0,100.0,110.0,106.0,123.0,101.0,114.0,#2,127.0,122.0,92.0,76.0,84.0,77.0,41.0,31.0,#2,15.0,23.0,37.0,75.0,77.0,85.0,87.0,#2,82.0,67.0,45.0,28.0,39.0,37.0,30.0,44.0,82.0,111.0,121.0,#2,106.0,90.0,81.0,4.0,1.0,101.0,122.0,84.0,37.0,18.0,#2,13.0,12.0,10.0,12.0,11.0,6.0,75.0,131.0,127.0,124.0,112.0,101.0,11.0,12.0,10.0,8.0,12.0,19.0,117.0,123.0,65.0,10.0,#3,8.0,32.0,89.0,33.0,14.0,6.0,14.0,12.0,#3,11.0,9.0,96.0,106.0,0.0,8.0,9.0,10.0,11.0,13.0,7.0,1.0,141.0,157.0,163.0,181.0,143.0,144.0,163.0,180.0,205.0,220.0,236.0,247.0,248.0,#2,253.0,219.0,33.0,59.0,254.0,#2,250.0,#3,253.0,251.0,#2,255.0,203.0,134.0,159.0,244.0,#7,255.0
122.0,113.0,65.0,90.0,117.0,119.0,102.0,96.0,110.0,111.0,#2,116.0,#2,115.0,101.0,88.0,72.0,50.0,45.0,28.0,11.0,18.0,10.0,12.0,65.0,70.0,80.0,78.0,69.0,#2,52.0,38.0,29.0,30.0,55.0,108.0,72.0,78.0,130.0,105.0,128.0,99.0,83.0,105.0,72.0,73.0,104.0,114.0,85.0,78.0,10.0,16.0,14.0,11.0,9.0,10.0,11.0,12.0,88.0,#2,129.0,126.0,119.0,109.0,0.0,19.0,9.0,17.0,0.0,#2,119.0,#2,120.0,93.0,3.0,0.0,11.0,41.0,93.0,90.0,56.0,57.0,5.0,10.0,9.0,10.0,13.0,62.0,92.0,105.0,0.0,9.0,8.0,9.0,#2,11.0,8.0,5.0,127.0,154.0,159.0,164.0,203.0,#2,255.0,252.0,246.0,239.0,221.0,200.0,180.0,150.0,128.0,96.0,55.0,88.0,171.0,200.0,252.0,#2,254.0,255.0,253.0,#2,255.0,254.0,249.0,227.0,157.0,144.0,204.0,251.0,254.0,#3,255.0
115.0,120.0,109.0,115.0,107.0,108.0,120.0,115.0,118.0,121.0,119.0,116.0,115.0,114.0,109.0,116.0,101.0,38.0,13.0,9.0,15.0,23.0,11.0,12.0,21.0,53.0,54.0,52.0,48.0,46.0,52.0,46.0,38.0,62.0,56.0,105.0,96.0,122.0,114.0,84.0,62.0,71.0,128.0,113.0,106.0,104.0,101.0,97.0,#2,48.0,17.0,#2,14.0,10.0,9.0,12.0,11.0,19.0,67.0,129.0,132.0,126.0,114.0,113.0,112.0,38.0,0.0,6.0,97.0,119.0,120.0,122.0,124.0,127.0,122.0,110.0,86.0,92.0,96.0,82.0,76.0,79.0,19.0,#2,8.0,9.0,11.0,69.0,99.0,92.0,58.0,9.0,8.0,10.0,#3,11.0,12.0,63.0,148.0,152.0,159.0,175.0,208.0,234.0,255.0,254.0,252.0,248.0,252.0,248.0,252.0,251.0,164.0,85.0,141.0,254.0,253.0,189.0,169.0,138.0,133.0,129.0,152.0,167.0,197.0,221.0,234.0,249.0,248.0,187.0,147.0,191.0,#3,255.0
#2,124.0,120.0,112.0,#2,113.0,#2,120.0,118.0,113.0,114.0,116.0,#3,115.0,108.0,76.0,106.0,4.0,15.0,16.0,23.0,28.0,31.0,57.0,51.0,45.0,52.0,56.0,63.0,77.0,66.0,32.0,37.0,44.0,76.0,122.0,114.0,113.0,103.0,105.0,83.0,125.0,113.0,125.0,92.0,98.0,#2,89.0,66.0,37.0,34.0,51.0,10.0,11.0,12.0,13.0,14.0,101.0,130.0,120.0,121.0,120.0,#2,116.0,120.0,119.0,112.0,103.0,106.0,119.0,123.0,125.0,122.0,121.0,112.0,111.0,98.0,85.0,78.0,91.0,84.0,60.0,#3,8.0,9.0,39.0,86.0,89.0,92.0,7.0,#2,8.0,10.0,#2,11.0,10.0,0.0,137.0,144.0,153.0,160.0,179.0,148.0,213.0,232.0,#2,253.0,252.0,250.0,252.0,248.0,127.0,49.0,170.0,254.0,#4,253.0,254.0,#4,253.0,247.0,232.0,221.0,200.0,197.0,176.0,149.0,128.0,160.0,175.0
122.0,121.0,120.0,115.0,112.0,#3,113.0,117.0,121.0,117.0,114.0,113.0,112.0,110.0,58.0,66.0,89.0,82.0,17.0,16.0,13.0,37.0,68.0,62.0,56.0,57.0,68.0,62.0,66.0,64.0,58.0,50.0,43.0,45.0,108.0,128.0,113.0,124.0,135.0,57.0,83.0,108.0,99.0,128.0,#2,106.0,92.0,96.0,110.0,94.0,88.0,25.0,10.0,11.0,#2,13.0,12.0,119.0,118.0,120.0,#2,121.0,120.0,115.0,123.0,121.0,97.0,58.0,99.0,#3,126.0,122.0,116.0,113.0,111.0,92.0,80.0,79.0,97.0,91.0,72.0,5.0,8.0,#2,7.0,0.0,#2,92.0,96.0,6.0,#2,8.0,9.0,#2,10.0,11.0,23.0,70.0,142.0,150.0,154.0,163.0,220.0,218.0,198.0,196.0,238.0,253.0,249.0,250.0,253.0,95.0,45.0,202.0,252.0,251.0,252.0,#2,253.0,254.0,#4,253.0,250.0,255.0,249.0,252.0,254.0,255.0,227.0,135.0,140.0,147.0
112.0,116.0,114.0,115.0,114.0,#2,110.0,112.0,114.0,117.0,111.0,110.0,105.0,106.0,105.0,6.0,74.0,83.0,88.0,59.0,16.0,14.0,11.0,59.0,74.0,71.0,66.0,65.0,72.0,62.0,53.0,49.0,37.0,42.0,62.0,#2,121.0,126.0,93.0,102.0,65.0,100.0,94.0,117.0,124.0,126.0,98.0,76.0,113.0,80.0,115.0,83.0,24.0,11.0,12.0,5.0,1.0,105.0,116.0,117.0,119.0,120.0,123.0,127.0,#2,125.0,2.0,40.0,37.0,96.0,131.0,127.0,125.0,120.0,#2,116.0,107.0,85.0,72.0,99.0,100.0,89.0,58.0,11.0,8.0,0.0,7.0,6.0,98.0,108.0,101.0,65.0,1.0,7.0,8.0,9.0,11.0,10.0,9.0,2.0,137.0,145.0,152.0,157.0,169.0,#2,199.0,188.0,119.0,142.0,234.0,253.0,254.0,48.0,45.0,208.0,245.0,250.0,#3,252.0,253.0,252.0,253.0,252.0,251.0,252.0,#2,251.0,#2,254.0,255.0,249.0,129.0,119.0,230.0
112.0,113.0,114.0,119.0,117.0,115.0,117.0,121.0,117.0,#2,113.0,114.0,109.0,100.0,93.0,1.0,38.0,70.0,94.0,99.0,78.0,3.0,13.0,72.0,82.0,81.0,83.0,64.0,85.0,93.0,84.0,48.0,34.0,41.0,44.0,53.0,65.0,122.0,106.0,77.0,100.0,87.0,92.0,112.0,122.0,120.0,86.0,70.0,107.0,74.0,101.0,106.0,96.0,14.0,12.0,10.0,56.0,95.0,107.0,124.0,116.0,124.0,119.0,44.0,15.0,84.0,0.0,20.0,104.0,133.0,130.0,123.0,119.0,#2,117.0,114.0,94.0,82.0,99.0,107.0,99.0,86.0,58.0,9.0,8.0,7.0,36.0,71.0,102.0,97.0,95.0,88.0,2.0,#2,7.0,8.0,9.0,11.0,17.0,18.0,97.0,144.0,143.0,149.0,163.0,178.0,117.0,113.0,118.0,105.0,119.0,143.0,232.0,4.0,28.0,236.0,#2,249.0,#2,242.0,239.0,238.0,240.0,242.0,243.0,247.0,248.0,249.0,251.0,252.0,254.0,#2,255.0,179.0,133.0,218.0
114.0,116.0,120.0,122.0,129.0,127.0,114.0,109.0,114.0,115.0,#2,109.0,#2,112.0,99.0,46.0,20.0,69.0,82.0,#2,81.0,99.0,55.0,#4,84.0,79.0,78.0,91.0,90.0,78.0,44.0,46.0,49.0,43.0,52.0,71.0,70.0,96.0,#2,111.0,108.0,103.0,133.0,127.0,89.0,61.0,106.0,81.0,99.0,84.0,105.0,17.0,16.0,23.0,50.0,74.0,117.0,62.0,55.0,124.0,0.0,#2,16.0,8.0,9.0,0.0,119.0,120.0,127.0,119.0,116.0,114.0,116.0,97.0,89.0,98.0,109.0,105.0,94.0,86.0,61.0,#2,8.0,4.0,86.0,96.0,98.0,141.0,163.0,158.0,92.0,#2,8.0,7.0,9.0,10.0,11.0,15.0,35.0,138.0,139.0,144.0,156.0,164.0,178.0,128.0,#2,112.0,111.0,#2,110.0,16.0,37.0,122.0,141.0,148.0,154.0,169.0,204.0,234.0,240.0,242.0,244.0,246.0,247.0,243.0,247.0,250.0,#3,253.0,240.0,128.0,141.0
115.0,113.0,122.0,121.0,126.0,111.0,107.0,103.0,88.0,98.0,116.0,115.0,113.0,112.0,111.0,109.0,0.0,8.0,79.0,61.0,42.0,95.0,94.0,96.0,79.0,83.0,63.0,73.0,83.0,96.0,102.0,110.0,91.0,48.0,63.0,43.0,51.0,42.0,99.0,74.0,132.0,120.0,113.0,82.0,126.0,125.0,112.0,49.0,63.0,77.0,48.0,55.0,61.0,11.0,16.0,39.0,41.0,104.0,54.0,16.0,6.0,92.0,6.0,#2,16.0,#2,0.0,34.0,95.0,114.0,120.0,111.0,112.0,110.0,100.0,93.0,104.0,107.0,109.0,103.0,87.0,80.0,0.0,#2,8.0,2.0,#2,104.0,107.0,103.0,87.0,88.0,103.0,#2,17.0,4.0,5.0,8.0,10.0,13.0,0.0,131.0,#2,141.0,149.0,162.0,185.0,128.0,120.0,119.0,114.0,#2,110.0,16.0,25.0,101.0,121.0,109.0,115.0,117.0,115.0,97.0,114.0,127.0,134.0,135.0,147.0,169.0,#2,185.0,172.0,174.0,168.0,189.0,127.0,125.0
109.0,115.0,113.0,119.0,114.0,119.0,118.0,96.0,92.0,107.0,122.0,118.0,#2,107.0,92.0,104.0,40.0,14.0,31.0,64.0,65.0,135.0,127.0,87.0,96.0,69.0,55.0,69.0,90.0,102.0,100.0,102.0,119.0,101.0,63.0,55.0,41.0,48.0,58.0,68.0,127.0,113.0,78.0,69.0,112.0,117.0,112.0,68.0,55.0,59.0,73.0,58.0,24.0,57.0,101.0,46.0,68.0,46.0,#3,11.0,17.0,9.0,0.0,12.0,98.0,119.0,113.0,106.0,89.0,80.0,97.0,95.0,87.0,96.0,105.0,107.0,106.0,107.0,102.0,87.0,80.0,63.0,17.0,14.0,4.0,117.0,106.0,92.0,#2,86.0,84.0,83.0,98.0,34.0,13.0,7.0,4.0,8.0,9.0,16.0,100.0,148.0,142.0,141.0,159.0,178.0,164.0,128.0,119.0,121.0,113.0,104.0,25.0,32.0,70.0,116.0,99.0,104.0,108.0,107.0,110.0,#2,120.0,118.0,117.0,118.0,117.0,128.0,113.0,111.0,119.0,124.0,136.0,150.0,138.0
109.0,117.0,120.0,119.0,113.0,119.0,120.0,#2,107.0,109.0,100.0,93.0,94.0,93.0,99.0,86.0,99.0,1.0,42.0,61.0,4.0,94.0,123.0,129.0,99.0,#2,100.0,91.0,100.0,113.0,110.0,#2,124.0,107.0,51.0,55.0,60.0,66.0,62.0,84.0,124.0,125.0,85.0,69.0,87.0,120.0,117.0,65.0,51.0,80.0,107.0,94.0,93.0,115.0,112.0,#2,124.0,0.0,16.0,#3,11.0,4.0,59.0,14.0,136.0,135.0,133.0,126.0,127.0,105.0,71.0,86.0,99.0,106.0,107.0,#3,106.0,101.0,84.0,77.0,71.0,91.0,1.0,58.0,127.0,79.0,87.0,92.0,93.0,92.0,91.0,90.0,100.0,1.0,21.0,#2,6.0,9.0,8.0,33.0,107.0,144.0,139.0,146.0,169.0,184.0,128.0,132.0,128.0,119.0,86.0,31.0,51.0,72.0,110.0,108.0,122.0,115.0,114.0,116.0,#2,120.0,118.0,116.0,#2,117.0,113.0,121.0,126.0,124.0,125.0,127.0,124.0,132.0
107.0,119.0,123.0,115.0,111.0,119.0,125.0,119.0,103.0,110.0,120.0,113.0,112.0,111.0,114.0,67.0,110.0,101.0,92.0,79.0,77.0,50.0,133.0,130.0,128.0,90.0,111.0,107.0,101.0,126.0,#2,127.0,131.0,109.0,73.0,90.0,79.0,68.0,63.0,73.0,114.0,126.0,108.0,76.0,86.0,100.0,#2,82.0,61.0,79.0,115.0,109.0,81.0,121.0,103.0,31.0,64.0,12.0,14.0,11.0,13.0,14.0,11.0,49.0,130.0,#2,128.0,#2,124.0,#3,121.0,109.0,87.0,103.0,101.0,100.0,104.0,105.0,90.0,86.0,76.0,70.0,101.0,10.0,60.0,127.0,86.0,97.0,104.0,#2,105.0,103.0,#2,100.0,103.0,3.0,9.0,19.0,9.0,10.0,8.0,14.0,101.0,145.0,147.0,153.0,181.0,171.0,134.0,120.0,125.0,57.0,44.0,35.0,71.0,118.0,112.0,106.0,117.0,116.0,120.0,#2,130.0,#2,128.0,127.0,113.0,114.0,111.0,112.0,115.0,119.0,121.0,136.0,133.0
105.0,110.0,105.0,117.0,112.0,135.0,149.0,141.0,143.0,140.0,125.0,91.0,#3,105.0,115.0,121.0,119.0,115.0,106.0,89.0,84.0,67.0,97.0,83.0,82.0,106.0,108.0,114.0,125.0,126.0,127.0,130.0,109.0,88.0,74.0,#2,72.0,90.0,125.0,114.0,121.0,114.0,67.0,90.0,86.0,77.0,62.0,51.0,64.0,107.0,90.0,97.0,93.0,83.0,50.0,78.0,43.0,16.0,#2,13.0,#2,12.0,2.0,121.0,128.0,129.0,125.0,123.0,126.0,127.0,128.0,126.0,107.0,89.0,90.0,96.0,101.0,98.0,#2,90.0,84.0,66.0,96.0,92.0,59.0,113.0,90.0,101.0,108.0,#2,111.0,109.0,108.0,107.0,108.0,104.0,0.0,14.0,9.0,#2,8.0,15.0,1.0,133.0,#2,146.0,157.0,184.0,137.0,129.0,127.0,109.0,82.0,53.0,70.0,107.0,124.0,111.0,110.0,115.0,128.0,132.0,140.0,#2,147.0,149.0,147.0,140.0,132.0,128.0,127.0,122.0,119.0,127.0,128.0
103.0,100.0,105.0,108.0,120.0,132.0,154.0,110.0,140.0,114.0,116.0,123.0,120.0,121.0,123.0,#2,129.0,126.0,121.0,124.0,106.0,91.0,78.0,54.0,39.0,71.0,80.0,93.0,112.0,113.0,127.0,#2,130.0,121.0,113.0,118.0,106.0,109.0,125.0,#2,124.0,125.0,115.0,93.0,78.0,107.0,61.0,70.0,45.0,38.0,44.0,86.0,57.0,106.0,113.0,90.0,78.0,65.0,4.0,12.0,18.0,16.0,14.0,86.0,126.0,133.0,132.0,#2,129.0,132.0,#2,134.0,130.0,124.0,111.0,94.0,82.0,95.0,89.0,90.0,92.0,89.0,58.0,94.0,92.0,89.0,107.0,84.0,102.0,103.0,104.0,105.0,106.0,105.0,104.0,105.0,100.0,104.0,40.0,13.0,8.0,7.0,12.0,19.0,97.0,140.0,143.0,150.0,167.0,189.0,133.0,128.0,98.0,96.0,93.0,91.0,99.0,110.0,120.0,121.0,114.0,119.0,121.0,127.0,141.0,147.0,149.0,150.0,148.0,152.0,157.0,156.0,161.0,153.0,130.0,132.0
100.0,108.0,106.0,121.0,122.0,154.0,147.0,148.0,139.0,148.0,128.0,122.0,123.0,122.0,#2,134.0,152.0,143.0,112.0,93.0,109.0,111.0,83.0,78.0,56.0,107.0,91.0,86.0,#2,114.0,118.0,108.0,133.0,128.0,124.0,115.0,109.0,139.0,124.0,128.0,125.0,124.0,116.0,94.0,84.0,111.0,61.0,69.0,55.0,41.0,49.0,35.0,40.0,99.0,105.0,104.0,105.0,107.0,135.0,114.0,64.0,10.0,98.0,131.0,#2,134.0,#2,135.0,136.0,#2,134.0,135.0,134.0,129.0,126.0,120.0,100.0,87.0,90.0,#2,87.0,83.0,50.0,#2,92.0,96.0,82.0,78.0,84.0,90.0,92.0,91.0,#2,92.0,93.0,91.0,90.0,89.0,93.0,68.0,0.0,#2,6.0,#2,15.0,101.0,136.0,144.0,151.0,166.0,150.0,77.0,105.0,111.0,110.0,109.0,107.0,116.0,120.0,121.0,127.0,113.0,116.0,122.0,119.0,125.0,131.0,135.0,137.0,144.0,146.0,154.0,158.0,126.0,146.0,131.0
93.0,99.0,95.0,115.0,134.0,129.0,114.0,#2,121.0,#2,120.0,122.0,121.0,127.0,124.0,110.0,96.0,103.0,118.0,80.0,50.0,67.0,112.0,91.0,80.0,111.0,93.0,91.0,110.0,111.0,107.0,113.0,120.0,114.0,110.0,111.0,127.0,138.0,113.0,105.0,100.0,64.0,115.0,100.0,96.0,79.0,88.0,56.0,36.0,42.0,27.0,38.0,54.0,35.0,104.0,109.0,103.0,115.0,134.0,#4,137.0,#2,135.0,#2,134.0,#2,135.0,133.0,132.0,#2,131.0,129.0,127.0,126.0,125.0,131.0,99.0,87.0,84.0,81.0,57.0,89.0,88.0,125.0,156.0,152.0,151.0,140.0,132.0,125.0,134.0,133.0,130.0,129.0,121.0,118.0,75.0,83.0,95.0,59.0,4.0,16.0,14.0,1.0,117.0,137.0,136.0,133.0,117.0,128.0,121.0,119.0,#2,120.0,125.0,120.0,123.0,118.0,119.0,130.0,133.0,131.0,128.0,136.0,132.0,140.0,143.0,132.0,121.0,128.0,132.0,#2,135.0,129.0
105.0,87.0,94.0,119.0,127.0,137.0,114.0,#2,121.0,#2,120.0,119.0,117.0,115.0,110.0,97.0,99.0,69.0,58.0,41.0,30.0,29.0,36.0,85.0,98.0,103.0,111.0,106.0,94.0,100.0,97.0,119.0,115.0,108.0,110.0,119.0,138.0,126.0,#2,124.0,120.0,111.0,79.0,105.0,94.0,64.0,68.0,78.0,54.0,29.0,25.0,43.0,29.0,34.0,43.0,47.0,96.0,107.0,126.0,#4,131.0,#4,128.0,129.0,#2,130.0,132.0,#4,130.0,#2,133.0,134.0,133.0,106.0,69.0,78.0,73.0,74.0,117.0,148.0,171.0,167.0,141.0,131.0,133.0,128.0,126.0,#2,124.0,130.0,136.0,135.0,129.0,130.0,129.0,101.0,69.0,51.0,0.0,14.0,9.0,70.0,84.0,91.0,121.0,141.0,128.0,126.0,124.0,120.0,125.0,120.0,128.0,121.0,119.0,126.0,129.0,151.0,148.0,141.0,#2,156.0,145.0,144.0,150.0,134.0,130.0,121.0,118.0,117.0
91.0,104.0,118.0,120.0,125.0,121.0,#2,118.0,119.0,125.0,117.0,114.0,108.0,103.0,94.0,80.0,65.0,49.0,41.0,#2,38.0,36.0,34.0,31.0,104.0,106.0,108.0,114.0,#2,85.0,109.0,123.0,#2,102.0,97.0,107.0,120.0,125.0,120.0,126.0,119.0,108.0,98.0,61.0,100.0,88.0,32.0,52.0,28.0,19.0,24.0,17.0,62.0,45.0,55.0,58.0,96.0,#2,124.0,127.0,125.0,130.0,127.0,#2,125.0,114.0,112.0,121.0,#2,126.0,132.0,134.0,#2,132.0,130.0,126.0,125.0,135.0,141.0,146.0,95.0,61.0,90.0,73.0,93.0,171.0,181.0,178.0,161.0,156.0,140.0,131.0,138.0,130.0,123.0,138.0,127.0,121.0,135.0,147.0,152.0,141.0,157.0,105.0,56.0,4.0,#2,21.0,55.0,68.0,62.0,102.0,121.0,126.0,#2,123.0,122.0,114.0,124.0,107.0,#2,120.0,115.0,139.0,158.0,159.0,164.0,#2,162.0,165.0,#2,155.0,159.0,150.0,142.0,133.0
87.0,114.0,121.0,123.0,110.0,121.0,#2,120.0,114.0,117.0,110.0,105.0,83.0,64.0,49.0,44.0,43.0,38.0,34.0,#2,33.0,31.0,29.0,104.0,105.0,103.0,112.0,104.0,105.0,100.0,120.0,116.0,#2,96.0,#2,103.0,63.0,86.0,126.0,121.0,112.0,102.0,79.0,59.0,57.0,71.0,51.0,59.0,53.0,60.0,61.0,59.0,57.0,55.0,#2,60.0,34.0,24.0,73.0,98.0,113.0,121.0,119.0,#2,116.0,120.0,119.0,120.0,126.0,130.0,128.0,130.0,135.0,136.0,128.0,110.0,108.0,137.0,141.0,139.0,140.0,71.0,93.0,111.0,182.0,186.0,183.0,180.0,177.0,178.0,175.0,158.0,154.0,127.0,120.0,148.0,120.0,116.0,119.0,133.0,154.0,160.0,150.0,132.0,84.0,1.0,9.0,19.0,#2,35.0,51.0,69.0,81.0,132.0,125.0,119.0,121.0,120.0,123.0,114.0,131.0,144.0,151.0,150.0,155.0,158.0,163.0,166.0,169.0,164.0,162.0,160.0,159.0,149.0,146.0,143.0
103.0,101.0,116.0,123.0,118.0,105.0,90.0,82.0,78.0,71.0,#2,62.0,63.0,58.0,54.0,47.0,41.0,36.0,34.0,31.0,#2,30.0,31.0,85.0,106.0,107.0,115.0,96.0,103.0,113.0,#2,57.0,75.0,90.0,88.0,97.0,83.0,3.0,119.0,122.0,94.0,66.0,44.0,54.0,50.0,42.0,39.0,48.0,58.0,31.0,19.0,28.0,31.0,17.0,10.0,21.0,52.0,36.0,39.0,18.0,21.0,67.0,96.0,106.0,103.0,100.0,#2,107.0,125.0,#2,115.0,120.0,127.0,130.0,129.0,100.0,95.0,126.0,142.0,136.0,141.0,55.0,116.0,179.0,181.0,179.0,181.0,167.0,155.0,169.0,166.0,174.0,173.0,151.0,134.0,119.0,133.0,117.0,113.0,115.0,112.0,116.0,115.0,114.0,124.0,82.0,8.0,5.0,6.0,13.0,29.0,14.0,138.0,132.0,121.0,128.0,141.0,155.0,167.0,166.0,#2,165.0,164.0,158.0,167.0,162.0,161.0,149.0,168.0,163.0,164.0,155.0,160.0,153.0,155.0,146.0
#2,103.0,90.0,86.0,82.0,84.0,88.0,70.0,62.0,66.0,59.0,62.0,66.0,59.0,55.0,48.0,41.0,38.0,35.0,33.0,31.0,29.0,36.0,86.0,107.0,108.0,122.0,95.0,112.0,63.0,#2,77.0,59.0,#2,63.0,66.0,71.0,2.0,119.0,97.0,96.0,51.0,63.0,51.0,31.0,29.0,11.0,15.0,14.0,22.0,20.0,19.0,25.0,#2,17.0,24.0,78.0,83.0,42.0,22.0,19.0,81.0,96.0,93.0,90.0,99.0,107.0,106.0,92.0,#2,95.0,94.0,105.0,107.0,101.0,104.0,105.0,120.0,137.0,135.0,137.0,12.0,20.0,143.0,165.0,171.0,185.0,173.0,159.0,140.0,168.0,#2,176.0,182.0,166.0,146.0,126.0,127.0,121.0,111.0,116.0,#2,122.0,125.0,114.0,108.0,8.0,9.0,15.0,23.0,4.0,154.0,143.0,124.0,101.0,113.0,164.0,179.0,#5,178.0,173.0,167.0,171.0,165.0,156.0,160.0,165.0,#2,155.0,161.0,154.0,155.0,139.0
101.0,89.0,74.0,73.0,#2,82.0,80.0,81.0,68.0,60.0,62.0,61.0,62.0,57.0,53.0,46.0,43.0,38.0,34.0,30.0,28.0,23.0,66.0,57.0,93.0,112.0,101.0,98.0,70.0,67.0,70.0,75.0,44.0,41.0,73.0,121.0,110.0,1.0,103.0,45.0,28.0,91.0,105.0,109.0,111.0,107.0,104.0,50.0,23.0,8.0,13.0,14.0,20.0,21.0,19.0,29.0,79.0,73.0,71.0,58.0,28.0,84.0,102.0,106.0,113.0,115.0,114.0,121.0,112.0,#2,97.0,90.0,82.0,83.0,81.0,100.0,116.0,120.0,132.0,127.0,136.0,15.0,13.0,25.0,5.0,104.0,170.0,194.0,162.0,151.0,143.0,171.0,182.0,189.0,182.0,129.0,114.0,124.0,126.0,104.0,109.0,123.0,#2,120.0,125.0,126.0,78.0,19.0,27.0,10.0,168.0,150.0,143.0,109.0,71.0,80.0,124.0,185.0,179.0,175.0,#2,179.0,180.0,181.0,170.0,166.0,164.0,107.0,102.0,84.0,137.0,141.0,172.0,151.0,142.0,133.0
103.0,91.0,81.0,85.0,84.0,80.0,79.0,78.0,79.0,75.0,69.0,63.0,62.0,56.0,51.0,48.0,44.0,40.0,33.0,28.0,24.0,59.0,83.0,34.0,1.0,93.0,99.0,85.0,38.0,59.0,62.0,42.0,35.0,45.0,56.0,96.0,118.0,121.0,108.0,110.0,114.0,120.0,122.0,118.0,111.0,107.0,118.0,109.0,71.0,0.0,#2,13.0,15.0,14.0,16.0,33.0,48.0,75.0,79.0,85.0,80.0,74.0,102.0,96.0,116.0,#2,122.0,123.0,120.0,#2,113.0,106.0,108.0,95.0,96.0,98.0,108.0,119.0,124.0,125.0,109.0,2.0,20.0,30.0,42.0,21.0,74.0,106.0,131.0,144.0,161.0,156.0,181.0,182.0,185.0,184.0,180.0,113.0,116.0,118.0,111.0,112.0,126.0,122.0,119.0,139.0,187.0,79.0,2.0,105.0,129.0,176.0,154.0,121.0,57.0,76.0,94.0,170.0,175.0,170.0,176.0,175.0,174.0,176.0,157.0,108.0,114.0,175.0,157.0,140.0,145.0,155.0,136.0,139.0,144.0,137.0
84.0,81.0,82.0,91.0,92.0,95.0,93.0,81.0,84.0,76.0,64.0,76.0,62.0,56.0,54.0,52.0,48.0,42.0,36.0,29.0,26.0,77.0,57.0,41.0,9.0,12.0,87.0,100.0,63.0,54.0,61.0,68.0,49.0,52.0,66.0,105.0,115.0,116.0,117.0,#2,118.0,121.0,118.0,112.0,114.0,112.0,119.0,122.0,112.0,97.0,59.0,0.0,19.0,#2,14.0,35.0,47.0,#2,61.0,52.0,67.0,80.0,95.0,104.0,110.0,107.0,106.0,109.0,114.0,120.0,#2,113.0,108.0,106.0,102.0,99.0,98.0,115.0,105.0,87.0,62.0,18.0,22.0,20.0,27.0,28.0,33.0,64.0,92.0,104.0,148.0,158.0,167.0,181.0,178.0,185.0,152.0,126.0,137.0,157.0,138.0,133.0,119.0,116.0,113.0,128.0,#2,171.0,149.0,113.0,121.0,131.0,157.0,151.0,39.0,56.0,103.0,177.0,119.0,121.0,155.0,181.0,179.0,177.0,171.0,168.0,124.0,90.0,127.0,165.0,137.0,130.0,144.0,143.0,134.0,141.0
93.0,97.0,86.0,83.0,82.0,80.0,73.0,80.0,73.0,81.0,83.0,74.0,69.0,62.0,59.0,54.0,49.0,38.0,34.0,35.0,69.0,88.0,65.0,23.0,21.0,17.0,97.0,73.0,115.0,94.0,64.0,52.0,42.0,69.0,71.0,121.0,119.0,123.0,124.0,#2,112.0,116.0,107.0,106.0,104.0,109.0,118.0,108.0,102.0,101.0,94.0,104.0,5.0,7.0,14.0,12.0,10.0,#2,17.0,14.0,16.0,15.0,35.0,52.0,53.0,54.0,67.0,77.0,82.0,95.0,102.0,92.0,105.0,99.0,83.0,74.0,78.0,103.0,90.0,92.0,2.0,18.0,22.0,20.0,26.0,29.0,33.0,41.0,56.0,79.0,101.0,121.0,140.0,144.0,169.0,175.0,174.0,170.0,174.0,166.0,173.0,#2,169.0,164.0,#2,157.0,158.0,171.0,168.0,86.0,29.0,57.0,71.0,120.0,132.0,68.0,113.0,188.0,193.0,172.0,150.0,154.0,165.0,169.0,177.0,173.0,170.0,171.0,170.0,157.0,154.0,89.0,114.0,14.0,111.0,137.0
99.0,100.0,#3,88.0,83.0,87.0,74.0,73.0,81.0,71.0,65.0,70.0,66.0,59.0,58.0,44.0,43.0,33.0,49.0,88.0,99.0,85.0,44.0,23.0,6.0,106.0,117.0,106.0,116.0,91.0,71.0,72.0,91.0,83.0,122.0,114.0,128.0,108.0,107.0,99.0,120.0,107.0,97.0,93.0,108.0,101.0,102.0,97.0,104.0,105.0,93.0,99.0,77.0,12.0,13.0,15.0,16.0,#2,17.0,19.0,20.0,21.0,#4,20.0,21.0,18.0,11.0,7.0,1.0,6.0,39.0,50.0,64.0,87.0,67.0,52.0,#2,21.0,20.0,21.0,22.0,#2,23.0,29.0,32.0,29.0,57.0,76.0,95.0,116.0,134.0,146.0,145.0,161.0,135.0,161.0,156.0,160.0,174.0,169.0,145.0,147.0,146.0,161.0,166.0,165.0,178.0,43.0,58.0,44.0,#2,62.0,69.0,127.0,182.0,181.0,179.0,178.0,174.0,180.0,#2,178.0,172.0,169.0,164.0,160.0,163.0,156.0,157.0,142.0,135.0,133.0,130.0
100.0,91.0,99.0,83.0,76.0,77.0,81.0,67.0,#2,71.0,63.0,65.0,64.0,60.0,59.0,57.0,51.0,47.0,38.0,71.0,73.0,#2,96.0,77.0,47.0,3.0,114.0,116.0,122.0,110.0,127.0,90.0,75.0,51.0,115.0,121.0,101.0,106.0,99.0,105.0,121.0,93.0,102.0,80.0,106.0,101.0,109.0,100.0,78.0,85.0,#2,91.0,112.0,108.0,84.0,13.0,15.0,16.0,#2,17.0,19.0,20.0,21.0,#2,20.0,#2,21.0,26.0,24.0,25.0,#2,21.0,18.0,20.0,17.0,14.0,22.0,15.0,9.0,#3,21.0,22.0,25.0,28.0,21.0,26.0,44.0,55.0,52.0,70.0,92.0,100.0,117.0,121.0,115.0,140.0,146.0,139.0,123.0,100.0,80.0,91.0,131.0,154.0,143.0,140.0,154.0,169.0,170.0,175.0,77.0,5.0,32.0,59.0,50.0,147.0,174.0,#2,177.0,178.0,180.0,#2,177.0,175.0,170.0,162.0,159.0,155.0,72.0,157.0,154.0,129.0,133.0,106.0,132.0
89.0,96.0,87.0,72.0,73.0,69.0,57.0,80.0,72.0,81.0,78.0,71.0,66.0,67.0,63.0,57.0,55.0,50.0,45.0,72.0,71.0,79.0,90.0,97.0,76.0,61.0,76.0,111.0,#2,119.0,126.0,118.0,87.0,96.0,124.0,108.0,106.0,125.0,126.0,127.0,134.0,126.0,117.0,100.0,61.0,100.0,92.0,65.0,72.0,79.0,98.0,88.0,86.0,94.0,99.0,19.0,#2,15.0,16.0,15.0,16.0,17.0,20.0,#3,21.0,22.0,#2,27.0,#2,26.0,#2,24.0,23.0,22.0,26.0,28.0,35.0,33.0,43.0,35.0,34.0,35.0,28.0,36.0,48.0,#2,56.0,66.0,76.0,77.0,85.0,93.0,111.0,94.0,101.0,70.0,86.0,87.0,90.0,92.0,88.0,92.0,85.0,87.0,128.0,141.0,150.0,159.0,170.0,172.0,171.0,155.0,3.0,41.0,66.0,27.0,159.0,177.0,179.0,180.0,177.0,178.0,180.0,#3,169.0,157.0,156.0,19.0,163.0,148.0,120.0,117.0,121.0,118.0
93.0,83.0,74.0,73.0,77.0,68.0,81.0,69.0,70.0,68.0,70.0,68.0,67.0,63.0,67.0,#2,55.0,51.0,44.0,47.0,57.0,59.0,76.0,80.0,100.0,#2,78.0,80.0,86.0,94.0,87.0,104.0,129.0,#2,120.0,116.0,115.0,#2,118.0,117.0,100.0,96.0,89.0,68.0,49.0,61.0,74.0,69.0,35.0,43.0,35.0,84.0,36.0,45.0,23.0,19.0,#3,15.0,14.0,15.0,16.0,19.0,20.0,21.0,22.0,#2,23.0,#5,24.0,23.0,22.0,23.0,28.0,29.0,38.0,37.0,40.0,43.0,#2,45.0,46.0,53.0,61.0,59.0,62.0,64.0,63.0,71.0,67.0,69.0,62.0,60.0,#2,65.0,#2,67.0,69.0,74.0,77.0,93.0,74.0,121.0,134.0,146.0,170.0,164.0,141.0,57.0,156.0,162.0,1.0,43.0,47.0,52.0,174.0,175.0,#3,174.0,175.0,171.0,172.0,164.0,155.0,148.0,159.0,139.0,122.0,113.0,114.0,121.0,123.0
84.0,86.0,78.0,85.0,#2,68.0,78.0,69.0,67.0,74.0,62.0,64.0,52.0,66.0,67.0,55.0,#3,57.0,61.0,60.0,36.0,58.0,55.0,87.0,71.0,54.0,64.0,#2,73.0,79.0,76.0,94.0,78.0,52.0,65.0,8.0,#2,6.0,4.0,15.0,18.0,#2,20.0,26.0,56.0,63.0,40.0,28.0,29.0,30.0,#2,31.0,27.0,21.0,20.0,19.0,15.0,#2,13.0,14.0,15.0,17.0,19.0,#5,20.0,22.0,20.0,21.0,23.0,22.0,#3,21.0,#2,20.0,26.0,30.0,29.0,35.0,33.0,52.0,63.0,84.0,99.0,89.0,65.0,59.0,58.0,69.0,58.0,78.0,#2,70.0,74.0,67.0,82.0,75.0,91.0,82.0,86.0,109.0,122.0,129.0,148.0,138.0,132.0,52.0,7.0,114.0,101.0,23.0,4.0,3.0,103.0,166.0,#2,170.0,165.0,162.0,164.0,153.0,152.0,168.0,152.0,134.0,120.0,122.0,118.0,114.0,111.0,117.0,122.0
86.0,74.0,71.0,70.0,66.0,#2,70.0,73.0,77.0,70.0,67.0,60.0,62.0,59.0,53.0,50.0,52.0,64.0,51.0,47.0,43.0,32.0,37.0,41.0,83.0,90.0,83.0,85.0,90.0,73.0,79.0,54.0,21.0,29.0,19.0,25.0,20.0,#3,31.0,25.0,23.0,21.0,22.0,28.0,23.0,31.0,27.0,28.0,#2,29.0,30.0,26.0,#2,28.0,27.0,22.0,19.0,15.0,#3,14.0,16.0,17.0,#3,19.0,17.0,16.0,20.0,16.0,15.0,22.0,#2,20.0,21.0,22.0,21.0,20.0,22.0,26.0,22.0,28.0,31.0,24.0,37.0,124.0,144.0,145.0,127.0,113.0,104.0,93.0,91.0,86.0,68.0,84.0,90.0,86.0,82.0,88.0,94.0,93.0,91.0,90.0,99.0,108.0,101.0,102.0,72.0,24.0,22.0,63.0,29.0,42.0,134.0,151.0,163.0,159.0,166.0,165.0,159.0,160.0,151.0,145.0,146.0,136.0,122.0,120.0,112.0,120.0,109.0,110.0,115.0,100.0,119.0
77.0,78.0,80.0,82.0,75.0,91.0,82.0,72.0,67.0,64.0,60.0,65.0,48.0,58.0,60.0,50.0,55.0,48.0,49.0,42.0,40.0,42.0,40.0,37.0,#2,78.0,73.0,63.0,72.0,59.0,50.0,81.0,84.0,71.0,84.0,47.0,27.0,#2,26.0,#2,27.0,24.0,19.0,21.0,18.0,17.0,16.0,17.0,21.0,24.0,25.0,#2,26.0,24.0,29.0,30.0,28.0,21.0,17.0,14.0,13.0,14.0,16.0,17.0,#3,19.0,#2,17.0,19.0,#2,17.0,19.0,17.0,14.0,24.0,#3,23.0,#2,22.0,20.0,#2,21.0,27.0,29.0,154.0,9.0,144.0,126.0,144.0,135.0,120.0,102.0,91.0,98.0,95.0,84.0,79.0,77.0,#2,70.0,75.0,73.0,76.0,91.0,58.0,57.0,45.0,40.0,28.0,27.0,28.0,23.0,22.0,28.0,117.0,150.0,156.0,158.0,159.0,154.0,128.0,126.0,117.0,113.0,#2,108.0,105.0,115.0,114.0,126.0,115.0,99.0,118.0,108.0
72.0,67.0,#2,82.0,90.0,86.0,75.0,66.0,65.0,49.0,53.0,50.0,44.0,49.0,57.0,48.0,53.0,48.0,#2,44.0,38.0,42.0,40.0,50.0,44.0,48.0,61.0,73.0,41.0,55.0,73.0,75.0,78.0,64.0,41.0,36.0,37.0,35.0,34.0,33.0,30.0,24.0,22.0,21.0,19.0,18.0,#2,16.0,#2,17.0,26.0,#3,23.0,#3,26.0,21.0,14.0,17.0,19.0,#3,20.0,#2,19.0,20.0,#2,19.0,17.0,19.0,20.0,22.0,24.0,27.0,#3,26.0,23.0,21.0,22.0,20.0,19.0,15.0,21.0,11.0,140.0,118.0,78.0,97.0,106.0,172.0,169.0,160.0,104.0,90.0,76.0,58.0,37.0,56.0,55.0,53.0,45.0,70.0,82.0,95.0,69.0,62.0,42.0,36.0,35.0,36.0,30.0,23.0,42.0,40.0,66.0,117.0,#2,137.0,129.0,111.0,116.0,113.0,133.0,121.0,110.0,108.0,105.0,119.0,113.0,114.0,116.0,111.0,99.0,111.0
66.0,77.0,81.0,71.0,77.0,73.0,75.0,77.0,56.0,55.0,53.0,52.0,54.0,#2,62.0,53.0,50.0,46.0,42.0,#2,40.0,27.0,45.0,34.0,29.0,30.0,#2,31.0,33.0,34.0,#2,35.0,40.0,29.0,35.0,#2,38.0,37.0,#2,34.0,31.0,27.0,22.0,21.0,20.0,19.0,20.0,16.0,15.0,#2,24.0,#2,20.0,24.0,#2,21.0,22.0,15.0,#2,16.0,20.0,#4,21.0,#6,20.0,22.0,23.0,22.0,#2,23.0,26.0,27.0,#2,29.0,24.0,19.0,17.0,14.0,20.0,15.0,55.0,101.0,113.0,129.0,135.0,#2,181.0,170.0,77.0,60.0,86.0,64.0,47.0,60.0,65.0,70.0,52.0,74.0,89.0,101.0,102.0,81.0,73.0,53.0,43.0,40.0,45.0,27.0,35.0,59.0,78.0,88.0,100.0,107.0,115.0,110.0,119.0,117.0,104.0,97.0,115.0,126.0,121.0,114.0,118.0,119.0,122.0,121.0,114.0,106.0
63.0,65.0,70.0,87.0,84.0,80.0,82.0,64.0,62.0,61.0,68.0,70.0,66.0,48.0,65.0,50.0,42.0,44.0,40.0,34.0,30.0,34.0,45.0,41.0,42.0,#2,33.0,36.0,#2,34.0,#2,35.0,41.0,35.0,#3,33.0,32.0,33.0,34.0,33.0,28.0,#2,24.0,22.0,#2,21.0,16.0,27.0,24.0,#3,20.0,24.0,#2,21.0,22.0,17.0,#2,19.0,15.0,#3,23.0,22.0,20.0,#2,21.0,22.0,23.0,#3,24.0,23.0,24.0,#2,23.0,22.0,24.0,28.0,24.0,21.0,16.0,14.0,20.0,47.0,128.0,118.0,122.0,145.0,157.0,175.0,176.0,187.0,173.0,49.0,91.0,34.0,48.0,33.0,44.0,66.0,73.0,104.0,98.0,110.0,121.0,#2,87.0,78.0,79.0,63.0,64.0,46.0,51.0,54.0,65.0,101.0,100.0,107.0,105.0,114.0,106.0,114.0,120.0,#2,100.0,116.0,119.0,#2,110.0,113.0,115.0,119.0,115.0,112.0
58.0,73.0,#3,75.0,71.0,72.0,71.0,#3,58.0,56.0,46.0,77.0,72.0,44.0,43.0,42.0,41.0,36.0,51.0,#2,43.0,38.0,37.0,29.0,38.0,#3,34.0,41.0,35.0,52.0,43.0,39.0,30.0,26.0,22.0,35.0,#2,29.0,28.0,#2,27.0,24.0,23.0,29.0,34.0,24.0,20.0,#3,22.0,23.0,#2,22.0,21.0,19.0,#4,21.0,27.0,23.0,#2,24.0,#3,27.0,28.0,27.0,26.0,24.0,29.0,26.0,#3,23.0,24.0,26.0,27.0,24.0,21.0,20.0,40.0,91.0,123.0,127.0,140.0,134.0,155.0,165.0,171.0,169.0,154.0,157.0,#2,100.0,88.0,83.0,#2,92.0,106.0,109.0,135.0,141.0,146.0,133.0,119.0,99.0,98.0,86.0,80.0,76.0,74.0,70.0,72.0,98.0,115.0,118.0,112.0,113.0,114.0,109.0,112.0,119.0,#2,118.0,113.0,#2,114.0,115.0,113.0,#2,115.0,117.0
63.0,68.0,71.0,68.0,64.0,66.0,73.0,76.0,61.0,65.0,58.0,62.0,56.0,69.0,51.0,44.0,46.0,50.0,53.0,57.0,61.0,70.0,54.0,49.0,44.0,37.0,34.0,38.0,40.0,45.0,#2,43.0,47.0,36.0,32.0,29.0,23.0,35.0,38.0,34.0,#2,29.0,#2,30.0,27.0,26.0,#2,22.0,27.0,#6,23.0,#2,24.0,26.0,27.0,26.0,22.0,19.0,24.0,28.0,27.0,28.0,35.0,34.0,#2,28.0,29.0,30.0,#2,31.0,27.0,#2,23.0,24.0,#2,26.0,23.0,22.0,27.0,23.0,41.0,64.0,109.0,127.0,141.0,152.0,149.0,146.0,152.0,154.0,150.0,158.0,137.0,131.0,133.0,128.0,124.0,142.0,104.0,134.0,146.0,128.0,136.0,122.0,107.0,#2,90.0,86.0,90.0,#2,84.0,80.0,75.0,101.0,107.0,117.0,123.0,122.0,111.0,107.0,106.0,113.0,115.0,#3,117.0,119.0,#2,118.0,119.0,115.0,113.0
#3,65.0,64.0,#2,54.0,52.0,55.0,70.0,65.0,61.0,58.0,55.0,57.0,50.0,52.0,#2,55.0,58.0,53.0,62.0,47.0,46.0,#2,48.0,35.0,37.0,38.0,37.0,34.0,38.0,40.0,38.0,36.0,37.0,45.0,43.0,36.0,40.0,35.0,30.0,#2,31.0,30.0,28.0,20.0,21.0,20.0,26.0,#2,22.0,#2,28.0,#2,24.0,23.0,30.0,31.0,30.0,31.0,29.0,22.0,23.0,26.0,28.0,15.0,31.0,35.0,45.0,48.0,27.0,#2,28.0,30.0,26.0,21.0,22.0,#4,23.0,22.0,28.0,29.0,38.0,85.0,92.0,106.0,109.0,101.0,122.0,126.0,125.0,137.0,#2,144.0,140.0,139.0,132.0,88.0,77.0,134.0,148.0,135.0,129.0,118.0,98.0,108.0,99.0,101.0,97.0,105.0,#2,91.0,89.0,90.0,94.0,99.0,104.0,111.0,101.0,118.0,128.0,120.0,110.0,115.0,#2,119.0,117.0,118.0,#2,121.0,135.0,121.0,122.0,114.0
#2,71.0,77.0,75.0,69.0,66.0,58.0,59.0,63.0,61.0,58.0,56.0,48.0,45.0,46.0,48.0,49.0,42.0,45.0,47.0,#2,42.0,39.0,36.0,37.0,40.0,36.0,30.0,33.0,34.0,38.0,40.0,38.0,#2,37.0,36.0,#2,42.0,45.0,41.0,#2,37.0,38.0,35.0,20.0,22.0,23.0,22.0,27.0,#2,24.0,29.0,28.0,27.0,26.0,24.0,26.0,28.0,27.0,33.0,30.0,#2,24.0,26.0,28.0,35.0,27.0,37.0,#2,41.0,38.0,31.0,33.0,27.0,28.0,27.0,26.0,24.0,23.0,#3,22.0,27.0,35.0,57.0,68.0,78.0,80.0,70.0,67.0,53.0,65.0,78.0,85.0,75.0,92.0,103.0,99.0,100.0,93.0,98.0,86.0,100.0,93.0,89.0,101.0,98.0,101.0,113.0,111.0,98.0,108.0,111.0,112.0,110.0,100.0,90.0,110.0,112.0,116.0,115.0,118.0,120.0,121.0,128.0,111.0,#2,109.0,106.0,113.0,114.0,131.0,108.0,114.0,121.0,120.0
82.0,78.0,82.0,78.0,71.0,#2,76.0,74.0,73.0,67.0,57.0,#2,38.0,30.0,45.0,37.0,32.0,35.0,36.0,38.0,44.0,37.0,#3,32.0,31.0,#3,28.0,35.0,36.0,#2,38.0,44.0,41.0,46.0,49.0,#2,45.0,48.0,43.0,37.0,48.0,28.0,24.0,15.0,17.0,23.0,24.0,22.0,28.0,31.0,29.0,23.0,28.0,22.0,29.0,#2,27.0,31.0,30.0,#2,29.0,28.0,29.0,31.0,38.0,33.0,31.0,#2,36.0,35.0,36.0,33.0,28.0,27.0,24.0,26.0,20.0,#2,24.0,29.0,28.0,36.0,66.0,68.0,77.0,86.0,78.0,69.0,61.0,66.0,84.0,89.0,97.0,94.0,86.0,104.0,103.0,110.0,119.0,120.0,105.0,#2,113.0,124.0,106.0,111.0,106.0,108.0,109.0,94.0,#2,101.0,92.0,90.0,100.0,77.0,109.0,124.0,120.0,122.0,127.0,111.0,121.0,105.0,108.0,104.0,97.0,122.0,103.0,115.0,120.0,119.0,126.0,124.0
104.0,95.0,85.0,65.0,76.0,72.0,73.0,74.0,73.0,68.0,66.0,#2,58.0,64.0,56.0,44.0,42.0,32.0,36.0,42.0,40.0,34.0,26.0,27.0,#2,29.0,26.0,28.0,#2,27.0,30.0,36.0,37.0,44.0,42.0,46.0,49.0,45.0,36.0,#2,35.0,#2,31.0,34.0,28.0,25.0,#2,27.0,28.0,30.0,23.0,30.0,28.0,29.0,#2,33.0,29.0,#2,30.0,35.0,36.0,38.0,40.0,37.0,#3,35.0,47.0,31.0,35.0,38.0,33.0,31.0,30.0,#3,29.0,30.0,26.0,29.0,31.0,36.0,33.0,35.0,42.0,55.0,78.0,67.0,101.0,103.0,104.0,89.0,99.0,105.0,95.0,79.0,85.0,88.0,91.0,92.0,99.0,101.0,99.0,94.0,97.0,94.0,#2,105.0,114.0,109.0,105.0,114.0,#2,112.0,109.0,104.0,97.0,121.0,116.0,118.0,115.0,114.0,126.0,111.0,112.0,109.0,111.0,106.0,108.0,110.0,120.0,126.0,120.0,119.0,117.0,119.0
15.0,34.0,73.0,88.0,#2,93.0,95.0,93.0,80.0,64.0,71.0,59.0,55.0,57.0,55.0,51.0,46.0,45.0,46.0,56.0,#2,41.0,39.0,#2,37.0,35.0,#2,31.0,33.0,34.0,35.0,36.0,37.0,41.0,51.0,49.0,43.0,#2,41.0,38.0,34.0,41.0,35.0,38.0,43.0,34.0,27.0,22.0,26.0,32.0,33.0,35.0,30.0,29.0,34.0,32.0,30.0,31.0,34.0,33.0,29.0,30.0,39.0,34.0,40.0,50.0,37.0,38.0,48.0,41.0,34.0,35.0,34.0,31.0,33.0,35.0,33.0,34.0,30.0,27.0,24.0,27.0,40.0,37.0,47.0,52.0,61.0,69.0,85.0,105.0,111.0,#3,115.0,122.0,115.0,#2,107.0,118.0,116.0,129.0,126.0,111.0,#3,91.0,95.0,111.0,#2,99.0,100.0,106.0,#2,116.0,107.0,116.0,109.0,116.0,113.0,120.0,112.0,115.0,109.0,113.0,114.0,119.0,127.0,106.0,107.0,114.0,115.0,134.0,110.0,112.0,99.0,114.0
27.0,28.0,26.0,27.0,24.0,#2,21.0,34.0,46.0,88.0,80.0,95.0,84.0,83.0,61.0,56.0,51.0,45.0,44.0,45.0,44.0,#2,41.0,37.0,#2,38.0,#2,37.0,38.0,42.0,38.0,35.0,#2,41.0,39.0,41.0,44.0,46.0,45.0,44.0,#2,51.0,45.0,48.0,29.0,33.0,#2,27.0,35.0,#3,33.0,34.0,31.0,36.0,35.0,32.0,33.0,34.0,35.0,36.0,44.0,45.0,48.0,43.0,37.0,52.0,#3,48.0,44.0,41.0,40.0,#2,36.0,37.0,33.0,34.0,#2,30.0,26.0,23.0,25.0,34.0,39.0,53.0,66.0,72.0,75.0,86.0,103.0,105.0,115.0,121.0,129.0,128.0,133.0,135.0,133.0,117.0,130.0,129.0,138.0,139.0,124.0,106.0,115.0,106.0,#2,93.0,92.0,103.0,111.0,122.0,123.0,119.0,112.0,114.0,119.0,107.0,116.0,120.0,109.0,107.0,109.0,#2,118.0,108.0,105.0,109.0,117.0,112.0,116.0,121.0,126.0,117.0
#2,23.0,20.0,17.0,23.0,27.0,28.0,26.0,27.0,28.0,#2,29.0,24.0,33.0,52.0,58.0,64.0,85.0,78.0,48.0,77.0,60.0,41.0,48.0,49.0,45.0,42.0,48.0,47.0,43.0,42.0,49.0,45.0,44.0,#2,45.0,44.0,#2,45.0,69.0,#2,62.0,66.0,77.0,74.0,66.0,54.0,38.0,37.0,40.0,43.0,47.0,42.0,41.0,26.0,32.0,25.0,33.0,35.0,#2,45.0,41.0,45.0,47.0,50.0,84.0,48.0,53.0,#2,48.0,60.0,43.0,42.0,40.0,37.0,34.0,31.0,34.0,37.0,38.0,28.0,26.0,29.0,35.0,43.0,52.0,63.0,80.0,81.0,94.0,105.0,122.0,120.0,117.0,113.0,121.0,131.0,#2,128.0,133.0,132.0,131.0,#2,133.0,134.0,132.0,129.0,126.0,127.0,124.0,#2,109.0,99.0,114.0,101.0,104.0,106.0,111.0,113.0,111.0,122.0,108.0,112.0,122.0,120.0,119.0,125.0,113.0,123.0,#2,113.0,126.0,121.0,119.0,117.0,118.0
17.0,#2,19.0,18.0,20.0,21.0,#3,20.0,21.0,23.0,26.0,27.0,29.0,28.0,21.0,25.0,14.0,20.0,38.0,20.0,45.0,57.0,63.0,72.0,71.0,66.0,59.0,#2,48.0,42.0,43.0,#2,45.0,#2,46.0,45.0,46.0,40.0,62.0,78.0,82.0,87.0,91.0,85.0,71.0,72.0,49.0,86.0,56.0,52.0,48.0,51.0,54.0,60.0,53.0,45.0,30.0,#2,49.0,56.0,55.0,50.0,54.0,55.0,53.0,#2,50.0,55.0,#2,50.0,#2,36.0,35.0,34.0,33.0,31.0,29.0,35.0,45.0,51.0,48.0,34.0,36.0,44.0,48.0,51.0,76.0,88.0,101.0,109.0,#2,114.0,119.0,124.0,#2,121.0,120.0,128.0,123.0,112.0,127.0,128.0,129.0,131.0,128.0,127.0,128.0,#2,132.0,123.0,113.0,120.0,106.0,105.0,#2,102.0,104.0,110.0,118.0,122.0,108.0,#2,114.0,115.0,125.0,113.0,120.0,111.0,110.0,121.0,#2,117.0,116.0,114.0,115.0
10.0,12.0,14.0,#4,17.0,#2,16.0,#3,17.0,18.0,20.0,#2,22.0,23.0,20.0,#2,18.0,23.0,#2,27.0,28.0,27.0,26.0,28.0,43.0,55.0,30.0,41.0,23.0,25.0,#2,31.0,#2,30.0,41.0,61.0,66.0,86.0,99.0,96.0,103.0,98.0,99.0,98.0,94.0,#2,103.0,79.0,88.0,93.0,52.0,76.0,64.0,69.0,74.0,49.0,56.0,58.0,59.0,62.0,66.0,57.0,56.0,51.0,56.0,#2,50.0,47.0,46.0,30.0,31.0,34.0,33.0,31.0,29.0,33.0,34.0,35.0,44.0,45.0,27.0,38.0,39.0,46.0,70.0,84.0,93.0,107.0,110.0,113.0,114.0,117.0,100.0,115.0,113.0,122.0,81.0,71.0,115.0,122.0,120.0,121.0,129.0,137.0,140.0,127.0,137.0,131.0,121.0,123.0,120.0,117.0,105.0,98.0,103.0,110.0,107.0,129.0,114.0,134.0,126.0,106.0,99.0,108.0,#2,121.0,124.0,122.0,115.0,110.0,121.0,113.0,127.0
10.0,11.0,13.0,#3,12.0,13.0,15.0,16.0,#2,17.0,16.0,17.0,18.0,21.0,18.0,17.0,#3,18.0,#2,20.0,21.0,22.0,23.0,26.0,35.0,34.0,35.0,58.0,57.0,72.0,65.0,59.0,65.0,46.0,32.0,42.0,55.0,67.0,86.0,98.0,107.0,112.0,114.0,122.0,128.0,133.0,116.0,110.0,113.0,112.0,106.0,94.0,90.0,66.0,63.0,53.0,#2,49.0,63.0,64.0,63.0,57.0,58.0,92.0,75.0,59.0,53.0,52.0,48.0,42.0,36.0,24.0,27.0,26.0,24.0,23.0,35.0,38.0,#2,36.0,38.0,48.0,47.0,41.0,47.0,57.0,69.0,89.0,99.0,107.0,112.0,113.0,121.0,106.0,114.0,83.0,104.0,113.0,101.0,117.0,124.0,134.0,139.0,131.0,137.0,130.0,#2,121.0,120.0,116.0,114.0,116.0,115.0,120.0,113.0,108.0,117.0,114.0,93.0,108.0,136.0,101.0,113.0,126.0,124.0,122.0,119.0,120.0,118.0,125.0,115.0,98.0,#2,114.0
11.0,#2,12.0,9.0,#3,10.0,9.0,11.0,#2,10.0,#2,13.0,10.0,16.0,14.0,13.0,14.0,#2,16.0,14.0,12.0,#2,13.0,14.0,18.0,16.0,24.0,25.0,27.0,30.0,32.0,#2,48.0,53.0,27.0,37.0,51.0,56.0,76.0,74.0,81.0,110.0,120.0,106.0,101.0,138.0,151.0,142.0,139.0,133.0,150.0,122.0,91.0,102.0,87.0,59.0,49.0,36.0,46.0,39.0,49.0,73.0,#2,76.0,71.0,73.0,72.0,69.0,59.0,46.0,44.0,37.0,36.0,20.0,#2,29.0,28.0,27.0,21.0,16.0,30.0,31.0,50.0,54.0,47.0,#2,48.0,67.0,#2,83.0,105.0,#2,110.0,119.0,132.0,109.0,107.0,114.0,110.0,112.0,#2,113.0,117.0,116.0,127.0,128.0,123.0,121.0,122.0,#2,115.0,#2,113.0,114.0,117.0,121.0,109.0,96.0,98.0,102.0,108.0,86.0,#2,112.0,130.0,#2,120.0,124.0,112.0,118.0,120.0,117.0,107.0,118.0,121.0
12.0,#2,13.0,12.0,#3,10.0,9.0,8.0,7.0,8.0,9.0,10.0,14.0,13.0,#7,10.0,#2,12.0,#2,14.0,21.0,23.0,24.0,22.0,23.0,24.0,#2,23.0,58.0,36.0,47.0,53.0,58.0,48.0,58.0,70.0,86.0,108.0,127.0,#2,154.0,157.0,148.0,154.0,122.0,136.0,157.0,85.0,59.0,81.0,51.0,39.0,40.0,34.0,27.0,31.0,35.0,30.0,45.0,53.0,48.0,81.0,57.0,25.0,54.0,36.0,34.0,36.0,17.0,23.0,#2,26.0,#2,22.0,30.0,24.0,26.0,31.0,38.0,43.0,#2,50.0,#2,59.0,64.0,92.0,97.0,95.0,108.0,100.0,122.0,120.0,113.0,120.0,119.0,118.0,#2,116.0,115.0,127.0,128.0,111.0,108.0,110.0,112.0,108.0,107.0,#2,105.0,110.0,118.0,124.0,123.0,114.0,105.0,109.0,114.0,115.0,112.0,122.0,123.0,116.0,104.0,115.0,122.0,117.0,111.0,120.0,#2,122.0
#3,13.0,#2,11.0,#3,12.0,10.0,9.0,8.0,7.0,9.0,8.0,9.0,10.0,#4,9.0,#3,8.0,9.0,8.0,#2,14.0,21.0,#2,20.0,15.0,#2,20.0,29.0,57.0,67.0,52.0,59.0,75.0,79.0,65.0,91.0,85.0,104.0,113.0,114.0,147.0,154.0,159.0,130.0,169.0,161.0,135.0,127.0,119.0,102.0,26.0,32.0,25.0,29.0,28.0,41.0,48.0,13.0,103.0,41.0,22.0,#2,28.0,22.0,34.0,25.0,20.0,14.0,19.0,16.0,17.0,#2,18.0,19.0,13.0,#2,21.0,22.0,29.0,38.0,40.0,41.0,49.0,55.0,71.0,67.0,90.0,80.0,100.0,107.0,100.0,106.0,108.0,87.0,117.0,115.0,111.0,122.0,107.0,86.0,98.0,120.0,104.0,108.0,102.0,100.0,101.0,100.0,97.0,103.0,109.0,114.0,123.0,108.0,86.0,109.0,108.0,126.0,109.0,104.0,116.0,119.0,99.0,112.0,105.0,119.0,131.0,#2,125.0,127.0
#3,14.0,#2,13.0,#4,12.0,#2,13.0,#2,12.0,#3,10.0,#4,9.0,#4,8.0,13.0,14.0,#2,10.0,13.0,17.0,20.0,13.0,#2,17.0,16.0,14.0,4.0,6.0,11.0,3.0,38.0,35.0,73.0,94.0,105.0,129.0,152.0,154.0,134.0,142.0,126.0,119.0,124.0,111.0,91.0,75.0,84.0,26.0,29.0,41.0,67.0,39.0,31.0,3.0,16.0,36.0,34.0,24.0,25.0,34.0,30.0,23.0,25.0,21.0,18.0,14.0,16.0,17.0,18.0,19.0,14.0,#3,21.0,22.0,26.0,29.0,34.0,38.0,47.0,35.0,49.0,65.0,71.0,77.0,84.0,#2,85.0,88.0,85.0,#2,77.0,83.0,93.0,109.0,112.0,102.0,109.0,83.0,91.0,97.0,#2,100.0,99.0,98.0,99.0,108.0,112.0,111.0,117.0,113.0,99.0,108.0,105.0,72.0,106.0,116.0,106.0,108.0,109.0,113.0,123.0,117.0,119.0,118.0,114.0
14.0,#2,15.0,#2,14.0,#8,13.0,10.0,#2,12.0,#4,10.0,#3,9.0,#4,7.0,#2,8.0,11.0,#2,14.0,13.0,10.0,#2,9.0,10.0,9.0,#2,10.0,#2,13.0,#2,14.0,20.0,27.0,5.0,2.0,17.0,70.0,85.0,78.0,87.0,94.0,129.0,106.0,81.0,92.0,#2,77.0,47.0,60.0,113.0,140.0,28.0,41.0,11.0,96.0,60.0,43.0,34.0,32.0,28.0,16.0,15.0,#3,16.0,#2,15.0,14.0,#4,17.0,19.0,22.0,24.0,29.0,32.0,33.0,49.0,31.0,69.0,51.0,#2,52.0,64.0,63.0,59.0,55.0,64.0,70.0,78.0,71.0,86.0,83.0,87.0,93.0,117.0,103.0,#2,101.0,105.0,95.0,100.0,108.0,111.0,117.0,112.0,108.0,96.0,112.0,99.0,114.0,119.0,127.0,123.0,#2,118.0,119.0,113.0,108.0,125.0,115.0,113.0
14.0,#2,15.0,#2,14.0,#8,13.0,#3,12.0,#4,10.0,#2,9.0,8.0,#4,7.0,#2,8.0,7.0,11.0,#2,10.0,#3,9.0,11.0,10.0,#2,11.0,12.0,9.0,8.0,7.0,#2,13.0,14.0,6.0,19.0,24.0,14.0,21.0,7.0,17.0,3.0,0.0,48.0,61.0,70.0,92.0,83.0,68.0,31.0,54.0,38.0,48.0,66.0,84.0,57.0,78.0,94.0,57.0,4.0,10.0,14.0,#2,16.0,15.0,14.0,#2,15.0,#4,16.0,#2,17.0,14.0,15.0,45.0,49.0,25.0,26.0,20.0,28.0,45.0,28.0,50.0,54.0,48.0,62.0,58.0,65.0,64.0,67.0,63.0,67.0,70.0,77.0,69.0,75.0,#2,83.0,97.0,103.0,#2,99.0,108.0,106.0,99.0,98.0,94.0,82.0,101.0,108.0,114.0,111.0,#2,121.0,111.0,115.0,114.0,111.0,113.0,110.0,114.0
25.0,21.0,22.0,#2,20.0,18.0,#2,16.0,15.0,#2,14.0,#2,13.0,11.0,#4,12.0,#2,13.0,#3,9.0,#6,8.0,13.0,#5,9.0,#6,8.0,7.0,#2,8.0,9.0,12.0,#3,10.0,11.0,#3,10.0,#2,9.0,12.0,11.0,#3,13.0,17.0,25.0,52.0,70.0,84.0,64.0,50.0,77.0,73.0,88.0,36.0,47.0,57.0,42.0,41.0,21.0,12.0,13.0,#2,17.0,16.0,#2,17.0,22.0,13.0,#2,16.0,#2,20.0,34.0,24.0,27.0,26.0,28.0,26.0,30.0,32.0,29.0,55.0,45.0,41.0,43.0,42.0,61.0,59.0,57.0,58.0,59.0,70.0,64.0,73.0,63.0,70.0,74.0,79.0,87.0,98.0,103.0,100.0,104.0,98.0,91.0,92.0,104.0,102.0,121.0,109.0,94.0,114.0,126.0,121.0,119.0,90.0,97.0,110.0,117.0
17.0,#2,24.0,#5,23.0,21.0,#2,20.0,19.0,16.0,#5,13.0,#4,14.0,10.0,#2,9.0,#3,8.0,#2,7.0,8.0,#4,9.0,#2,8.0,9.0,#4,8.0,#3,9.0,#8,10.0,9.0,10.0,#2,12.0,#3,13.0,12.0,19.0,#2,20.0,15.0,22.0,19.0,20.0,24.0,17.0,68.0,78.0,86.0,4.0,8.0,13.0,#2,20.0,27.0,#2,16.0,#2,17.0,16.0,15.0,19.0,22.0,21.0,30.0,23.0,24.0,48.0,36.0,4.0,41.0,36.0,39.0,27.0,33.0,48.0,21.0,36.0,35.0,38.0,55.0,#2,52.0,38.0,87.0,63.0,70.0,69.0,62.0,65.0,73.0,79.0,87.0,98.0,97.0,87.0,79.0,#2,84.0,97.0,111.0,#2,108.0,111.0,101.0,88.0,95.0,104.0,112.0,100.0,111.0,104.0
59.0,37.0,#2,43.0,42.0,31.0,19.0,14.0,28.0,32.0,#2,27.0,22.0,21.0,19.0,#3,18.0,#3,15.0,12.0,10.0,#2,9.0,#3,8.0,#2,7.0,8.0,#4,9.0,#2,8.0,9.0,#2,12.0,13.0,#8,10.0,#5,9.0,#2,10.0,#5,12.0,#3,14.0,13.0,12.0,#3,9.0,10.0,#2,11.0,37.0,52.0,59.0,50.0,53.0,49.0,40.0,36.0,30.0,24.0,16.0,28.0,30.0,14.0,24.0,16.0,35.0,38.0,66.0,37.0,36.0,62.0,55.0,63.0,26.0,27.0,36.0,43.0,54.0,39.0,41.0,53.0,40.0,#2,43.0,54.0,63.0,58.0,#2,62.0,60.0,64.0,56.0,72.0,80.0,87.0,95.0,90.0,86.0,115.0,97.0,104.0,107.0,100.0,104.0,124.0,111.0,122.0,108.0,105.0,104.0,103.0,114.0,107.0
34.0,49.0,38.0,41.0,39.0,45.0,50.0,60.0,68.0,54.0,52.0,24.0,20.0,27.0,#4,23.0,#2,20.0,19.0,#3,12.0,11.0,9.0,#5,8.0,#4,9.0,8.0,#2,9.0,#2,13.0,14.0,12.0,#2,9.0,10.0,#2,9.0,#2,10.0,#3,8.0,#4,9.0,#5,10.0,12.0,#2,13.0,#2,12.0,#3,9.0,12.0,11.0,13.0,10.0,23.0,16.0,10.0,6.0,12.0,20.0,34.0,40.0,42.0,45.0,56.0,57.0,70.0,#2,68.0,60.0,70.0,72.0,70.0,67.0,65.0,62.0,69.0,65.0,68.0,54.0,45.0,35.0,39.0,35.0,#2,47.0,46.0,50.0,54.0,49.0,62.0,51.0,54.0,60.0,76.0,68.0,77.0,79.0,83.0,88.0,85.0,83.0,#2,86.0,97.0,99.0,82.0,92.0,105.0,118.0,115.0,116.0,106.0,98.0,97.0,92.0,91.0
39.0,36.0,43.0,29.0,36.0,#2,34.0,33.0,35.0,28.0,24.0,#2,48.0,39.0,31.0,24.0,11.0,25.0,26.0,#2,24.0,25.0,17.0,18.0,14.0,#13,9.0,8.0,#2,7.0,8.0,#4,9.0,8.0,#2,9.0,#2,8.0,#2,9.0,8.0,#3,9.0,10.0,#2,9.0,#2,10.0,12.0,#4,10.0,9.0,10.0,12.0,#2,8.0,10.0,#2,9.0,#2,10.0,12.0,#3,10.0,12.0,13.0,12.0,#3,10.0,#2,23.0,39.0,59.0,72.0,86.0,58.0,#2,56.0,74.0,67.0,62.0,56.0,63.0,62.0,78.0,46.0,44.0,55.0,59.0,78.0,85.0,71.0,59.0,58.0,70.0,#2,73.0,83.0,92.0,85.0,86.0,77.0,79.0,93.0,75.0,85.0,91.0,92.0,99.0,79.0,86.0,#2,83.0,91.0,92.0,81.0,89.0,96.0
39.0,44.0,42.0,39.0,37.0,41.0,42.0,#2,40.0,43.0,39.0,#2,31.0,35.0,39.0,35.0,#2,45.0,56.0,24.0,26.0,33.0,#2,30.0,#13,9.0,#3,8.0,9.0,#3,8.0,9.0,#3,8.0,9.0,#2,8.0,#2,9.0,#4,8.0,#3,9.0,#2,10.0,#2,9.0,#3,10.0,#2,9.0,8.0,7.0,9.0,10.0,#2,9.0,#2,10.0,12.0,#3,10.0,12.0,13.0,12.0,#2,10.0,12.0,13.0,14.0,13.0,18.0,23.0,19.0,13.0,19.0,24.0,35.0,45.0,55.0,65.0,67.0,74.0,70.0,65.0,63.0,65.0,75.0,96.0,86.0,#2,82.0,77.0,83.0,#2,97.0,82.0,108.0,90.0,83.0,73.0,77.0,93.0,100.0,83.0,101.0,112.0,111.0,86.0,92.0,93.0,98.0,96.0,93.0,112.0,108.0,101.0
#106,255.0,254.0,#8,255.0,#2,254.0,#19,255.0
#136,255.0
#22,255.0,253.0,#6,255.0,254.0,250.0,255.0,251.0,#18,255.0,248.0,254.0,#15,255.0,248.0,249.0,#2,255.0,251.0,255.0,254.0,#2,255.0,247.0,250.0,254.0,#3,255.0,254.0,255.0,253.0,255.0,251.0,254.0,255.0,250.0,254.0,255.0,254.0,255.0,253.0,254.0,253.0,#38,255.0
#22,255.0,248.0,#6,255.0,254.0,#12,255.0,254.0,#8,255.0,65.0,#15,255.0,151.0,62.0,255.0,241.0,85.0,121.0,255.0,243.0,81.0,139.0,248.0,80.0,78.0,250.0,123.0,91.0,236.0,254.0,101.0,102.0,255.0,193.0,94.0,196.0,251.0,253.0,61.0,255.0,127.0,93.0,234.0,255.0,109.0,106.0,#35,255.0
#20,255.0,253.0,102.0,123.0,171.0,91.0,253.0,78.0,255.0,68.0,151.0,114.0,146.0,109.0,255.0,111.0,105.0,255.0,70.0,129.0,249.0,99.0,126.0,156.0,102.0,248.0,105.0,114.0,255.0,210.0,95.0,207.0,62.0,254.0,137.0,253.0,222.0,99.0,208.0,198.0,100.0,234.0,254.0,173.0,90.0,155.0,102.0,#2,255.0,91.0,#2,255.0,253.0,201.0,254.0,69.0,#3,255.0,254.0,91.0,254.0,#2,255.0,109.0,250.0,213.0,200.0,255.0,73.0,253.0,91.0,255.0,111.0,91.0,253.0,#2,255.0,99.0,235.0,#2,253.0,239.0,#34,255.0
#20,255.0,226.0,144.0,247.0,253.0,255.0,250.0,78.0,255.0,68.0,#3,255.0,254.0,194.0,114.0,107.0,228.0,69.0,255.0,231.0,149.0,246.0,254.0,248.0,200.0,255.0,249.0,250.0,114.0,#2,255.0,69.0,170.0,#2,255.0,116.0,#2,255.0,116.0,255.0,76.0,255.0,247.0,229.0,248.0,210.0,#2,255.0,91.0,#2,255.0,250.0,127.0,255.0,69.0,255.0,71.0,255.0,249.0,168.0,#2,255.0,143.0,255.0,249.0,207.0,206.0,241.0,111.0,255.0,86.0,220.0,254.0,90.0,#2,255.0,141.0,246.0,214.0,#2,255.0,215.0,#34,255.0
#20,255.0,241.0,255.0,81.0,253.0,251.0,247.0,79.0,255.0,64.0,255.0,239.0,255.0,238.0,232.0,197.0,249.0,255.0,65.0,253.0,241.0,255.0,84.0,255.0,246.0,239.0,225.0,182.0,255.0,81.0,255.0,242.0,57.0,154.0,246.0,255.0,83.0,253.0,242.0,79.0,250.0,107.0,#2,255.0,234.0,253.0,212.0,#2,255.0,91.0,#2,255.0,127.0,#2,255.0,123.0,253.0,79.0,254.0,182.0,#2,255.0,141.0,250.0,255.0,235.0,219.0,212.0,248.0,72.0,255.0,76.0,245.0,255.0,95.0,255.0,146.0,255.0,250.0,254.0,173.0,183.0,#35,255.0
#22,255.0,251.0,#3,255.0,248.0,#3,255.0,250.0,#6,255.0,249.0,254.0,#3,255.0,251.0,255.0,#2,254.0,#3,255.0,247.0,255.0,254.0,255.0,254.0,#10,255.0,253.0,#2,255.0,253.0,254.0,255.0,248.0,#4,255.0,249.0,#3,255.0,253.0,255.0,254.0,255.0,247.0,#2,254.0,#4,255.0,253.0,255.0,254.0,255.0,251.0,250.0,#2,255.0,254.0,#37,255.0
#47,255.0,254.0,#25,255.0,254.0,#3,255.0,253.0,#58,255.0
#136,255.0
