235.0,236.0,239.0,241.0,233.0,242.0,233.0,234.0,#4,241.0,238.0,243.0,246.0,243.0,240.0,242.0,247.0,250.0,#4,244.0,#4,236.0,231.0,232.0,#2,233.0,235.0,238.0,242.0,245.0,246.0,#2,247.0,244.0,229.0,243.0,242.0,245.0,244.0,247.0,192.0,195.0,216.0,218.0,181.0,174.0,117.0,202.0,181.0,218.0,208.0,212.0,206.0,209.0,#2,195.0,213.0,244.0,242.0,253.0,245.0,249.0,241.0,243.0,239.0,248.0,239.0,253.0,237.0,233.0,230.0,239.0,251.0,227.0,229.0,235.0,200.0,189.0,204.0,226.0,231.0,240.0,243.0,255.0,251.0,219.0,237.0,226.0,238.0
224.0,225.0,228.0,230.0,241.0,236.0,239.0,#6,237.0,238.0,235.0,227.0,230.0,231.0,234.0,237.0,#4,233.0,238.0,237.0,235.0,234.0,241.0,242.0,#2,243.0,241.0,#2,240.0,239.0,#2,236.0,238.0,240.0,241.0,239.0,248.0,239.0,242.0,229.0,194.0,198.0,208.0,221.0,179.0,174.0,205.0,232.0,216.0,214.0,194.0,208.0,207.0,203.0,195.0,196.0,199.0,200.0,238.0,250.0,243.0,#2,249.0,#2,247.0,243.0,246.0,220.0,245.0,210.0,220.0,232.0,215.0,229.0,232.0,222.0,180.0,206.0,201.0,238.0,235.0,255.0,243.0,232.0,238.0,226.0,221.0,219.0,209.0
235.0,237.0,239.0,241.0,237.0,227.0,234.0,232.0,#4,237.0,232.0,237.0,240.0,237.0,#4,234.0,#4,229.0,226.0,230.0,236.0,242.0,237.0,#2,238.0,239.0,242.0,241.0,238.0,236.0,250.0,241.0,#2,232.0,233.0,238.0,229.0,#2,236.0,231.0,227.0,212.0,208.0,219.0,174.0,160.0,191.0,232.0,222.0,189.0,187.0,203.0,200.0,189.0,199.0,188.0,191.0,215.0,235.0,241.0,239.0,249.0,238.0,239.0,233.0,229.0,232.0,234.0,207.0,197.0,227.0,221.0,206.0,#2,222.0,180.0,187.0,181.0,210.0,235.0,227.0,245.0,243.0,242.0,182.0,171.0,#2,151.0,231.0
230.0,231.0,233.0,235.0,241.0,245.0,#2,241.0,#4,242.0,239.0,241.0,237.0,229.0,238.0,236.0,234.0,232.0,#4,241.0,240.0,237.0,233.0,229.0,233.0,#2,234.0,235.0,236.0,237.0,239.0,241.0,250.0,241.0,237.0,246.0,241.0,#2,228.0,224.0,248.0,245.0,178.0,166.0,197.0,203.0,#2,202.0,210.0,236.0,224.0,204.0,197.0,210.0,213.0,219.0,216.0,224.0,217.0,192.0,203.0,255.0,241.0,240.0,237.0,238.0,243.0,238.0,232.0,229.0,211.0,226.0,205.0,199.0,180.0,222.0,234.0,227.0,212.0,184.0,225.0,222.0,227.0,228.0,226.0,193.0,226.0,192.0,219.0,206.0,181.0
234.0,231.0,234.0,246.0,236.0,242.0,244.0,237.0,243.0,250.0,252.0,245.0,246.0,238.0,233.0,236.0,242.0,240.0,236.0,#2,234.0,236.0,239.0,242.0,237.0,239.0,241.0,243.0,#4,242.0,230.0,236.0,239.0,233.0,232.0,226.0,228.0,244.0,236.0,228.0,224.0,228.0,220.0,239.0,190.0,171.0,#2,175.0,177.0,178.0,165.0,166.0,#2,167.0,165.0,#2,166.0,167.0,182.0,201.0,190.0,189.0,#2,236.0,235.0,234.0,235.0,241.0,248.0,233.0,245.0,232.0,244.0,218.0,204.0,222.0,235.0,252.0,244.0,235.0,#2,243.0,222.0,200.0,#2,211.0,242.0,227.0,201.0,193.0,208.0,220.0,211.0
232.0,#2,233.0,229.0,238.0,235.0,233.0,235.0,215.0,217.0,225.0,235.0,250.0,246.0,242.0,244.0,235.0,240.0,248.0,255.0,241.0,240.0,239.0,238.0,243.0,242.0,240.0,238.0,#4,231.0,241.0,239.0,237.0,240.0,238.0,231.0,229.0,237.0,239.0,235.0,233.0,236.0,235.0,238.0,209.0,172.0,182.0,183.0,185.0,186.0,#2,184.0,185.0,186.0,184.0,185.0,#2,186.0,192.0,186.0,192.0,199.0,#2,241.0,240.0,239.0,246.0,234.0,229.0,240.0,237.0,248.0,236.0,227.0,247.0,252.0,244.0,#2,243.0,240.0,224.0,217.0,218.0,202.0,168.0,175.0,186.0,220.0,237.0,224.0,238.0,224.0,199.0
222.0,231.0,238.0,236.0,241.0,236.0,235.0,243.0,240.0,233.0,229.0,234.0,232.0,234.0,237.0,238.0,240.0,239.0,237.0,235.0,245.0,243.0,240.0,237.0,244.0,242.0,238.0,#5,235.0,238.0,231.0,229.0,235.0,241.0,236.0,231.0,230.0,231.0,233.0,236.0,237.0,236.0,229.0,236.0,177.0,175.0,176.0,177.0,179.0,#2,187.0,188.0,189.0,#2,188.0,189.0,190.0,180.0,#2,188.0,216.0,#2,245.0,#2,244.0,246.0,243.0,238.0,232.0,248.0,244.0,228.0,239.0,244.0,246.0,232.0,227.0,236.0,245.0,227.0,221.0,199.0,156.0,196.0,181.0,213.0,225.0,229.0,221.0,208.0,197.0,231.0
144.0,143.0,145.0,150.0,152.0,160.0,170.0,175.0,185.0,193.0,205.0,211.0,193.0,208.0,228.0,238.0,251.0,250.0,#2,249.0,235.0,236.0,237.0,239.0,#3,238.0,239.0,#4,238.0,236.0,238.0,239.0,237.0,#2,235.0,234.0,232.0,223.0,230.0,237.0,236.0,245.0,232.0,247.0,156.0,173.0,174.0,175.0,176.0,178.0,179.0,#3,180.0,181.0,#2,182.0,171.0,181.0,196.0,238.0,232.0,#2,231.0,230.0,241.0,237.0,234.0,236.0,241.0,246.0,219.0,216.0,243.0,246.0,233.0,239.0,241.0,202.0,222.0,224.0,191.0,196.0,195.0,196.0,210.0,166.0,183.0,175.0,187.0,222.0,216.0
160.0,155.0,165.0,167.0,171.0,169.0,166.0,164.0,159.0,#2,162.0,156.0,165.0,156.0,150.0,153.0,146.0,148.0,161.0,163.0,177.0,201.0,188.0,200.0,221.0,225.0,232.0,237.0,244.0,245.0,246.0,248.0,252.0,223.0,243.0,228.0,240.0,238.0,236.0,234.0,237.0,229.0,246.0,234.0,223.0,234.0,244.0,144.0,162.0,165.0,160.0,168.0,164.0,165.0,170.0,181.0,168.0,171.0,170.0,172.0,182.0,179.0,250.0,234.0,246.0,243.0,237.0,233.0,241.0,240.0,250.0,238.0,233.0,244.0,240.0,246.0,239.0,242.0,227.0,223.0,217.0,226.0,236.0,221.0,195.0,165.0,175.0,169.0,188.0,152.0,204.0,195.0,135.0,221.0,210.0
153.0,144.0,146.0,142.0,150.0,153.0,158.0,162.0,157.0,160.0,#2,172.0,166.0,159.0,151.0,150.0,154.0,132.0,156.0,149.0,160.0,147.0,161.0,160.0,149.0,150.0,151.0,152.0,154.0,156.0,160.0,163.0,165.0,173.0,168.0,176.0,198.0,201.0,206.0,210.0,225.0,232.0,242.0,241.0,238.0,227.0,220.0,158.0,146.0,#2,149.0,147.0,155.0,154.0,153.0,155.0,158.0,153.0,170.0,158.0,184.0,234.0,233.0,249.0,251.0,247.0,241.0,235.0,226.0,241.0,242.0,240.0,235.0,234.0,237.0,246.0,245.0,241.0,229.0,198.0,217.0,205.0,168.0,228.0,198.0,149.0,130.0,195.0,164.0,182.0,211.0,214.0,242.0,191.0,198.0
131.0,123.0,127.0,124.0,126.0,127.0,128.0,130.0,133.0,122.0,142.0,137.0,132.0,138.0,146.0,151.0,152.0,147.0,157.0,153.0,157.0,131.0,164.0,169.0,#2,177.0,176.0,175.0,185.0,182.0,177.0,173.0,151.0,162.0,152.0,135.0,130.0,129.0,127.0,126.0,133.0,140.0,146.0,158.0,167.0,151.0,154.0,163.0,172.0,157.0,173.0,150.0,134.0,135.0,#2,137.0,147.0,124.0,187.0,241.0,#2,239.0,#2,244.0,237.0,239.0,241.0,243.0,244.0,246.0,230.0,229.0,238.0,251.0,233.0,229.0,242.0,238.0,222.0,225.0,203.0,215.0,200.0,157.0,172.0,177.0,171.0,213.0,168.0,213.0,232.0,172.0,164.0,207.0,208.0
228.0,220.0,224.0,221.0,224.0,219.0,210.0,202.0,176.0,175.0,156.0,138.0,127.0,131.0,130.0,123.0,129.0,121.0,135.0,132.0,130.0,129.0,124.0,#2,141.0,146.0,155.0,162.0,151.0,154.0,160.0,166.0,167.0,#2,169.0,179.0,#4,185.0,176.0,181.0,203.0,196.0,183.0,177.0,175.0,197.0,184.0,209.0,193.0,167.0,165.0,161.0,152.0,139.0,#2,149.0,154.0,165.0,171.0,173.0,185.0,196.0,221.0,225.0,232.0,239.0,237.0,234.0,242.0,247.0,234.0,237.0,242.0,234.0,249.0,245.0,232.0,226.0,235.0,229.0,203.0,214.0,211.0,152.0,198.0,167.0,209.0,208.0,191.0,223.0,193.0,180.0,179.0
231.0,226.0,225.0,232.0,#4,231.0,240.0,233.0,229.0,234.0,243.0,202.0,212.0,218.0,232.0,219.0,228.0,226.0,210.0,198.0,170.0,148.0,134.0,132.0,130.0,127.0,129.0,125.0,136.0,138.0,143.0,138.0,139.0,148.0,145.0,#2,137.0,151.0,140.0,139.0,164.0,160.0,161.0,176.0,179.0,183.0,168.0,189.0,218.0,235.0,182.0,205.0,220.0,#2,173.0,161.0,150.0,158.0,173.0,157.0,143.0,155.0,156.0,165.0,143.0,155.0,147.0,164.0,166.0,175.0,185.0,196.0,226.0,238.0,250.0,251.0,252.0,193.0,212.0,239.0,211.0,198.0,162.0,153.0,165.0,177.0,151.0,215.0,198.0,208.0,185.0,214.0,217.0
229.0,#2,227.0,232.0,#4,231.0,220.0,221.0,219.0,213.0,223.0,214.0,234.0,241.0,233.0,217.0,241.0,231.0,213.0,220.0,225.0,232.0,231.0,233.0,237.0,241.0,242.0,235.0,240.0,238.0,229.0,208.0,191.0,165.0,157.0,145.0,134.0,136.0,128.0,134.0,138.0,139.0,130.0,139.0,143.0,157.0,154.0,146.0,155.0,107.0,150.0,128.0,152.0,156.0,148.0,169.0,160.0,178.0,177.0,175.0,171.0,181.0,#2,174.0,181.0,172.0,173.0,171.0,168.0,173.0,158.0,139.0,132.0,159.0,171.0,176.0,180.0,203.0,181.0,223.0,184.0,200.0,198.0,190.0,138.0,195.0,187.0,172.0,176.0,168.0,216.0,169.0,140.0
237.0,239.0,#6,241.0,235.0,242.0,245.0,239.0,226.0,211.0,215.0,233.0,212.0,225.0,230.0,229.0,237.0,243.0,#2,234.0,240.0,238.0,235.0,232.0,244.0,234.0,233.0,226.0,237.0,234.0,240.0,229.0,243.0,238.0,#2,234.0,231.0,243.0,246.0,181.0,143.0,130.0,127.0,138.0,#2,155.0,130.0,121.0,116.0,#2,129.0,120.0,131.0,127.0,99.0,142.0,122.0,129.0,136.0,151.0,141.0,152.0,154.0,155.0,161.0,175.0,177.0,184.0,188.0,184.0,181.0,178.0,175.0,165.0,161.0,165.0,217.0,255.0,241.0,245.0,196.0,166.0,195.0,223.0,224.0,209.0,190.0,208.0,164.0,150.0,166.0
232.0,238.0,241.0,238.0,#4,237.0,244.0,236.0,226.0,220.0,222.0,#2,209.0,#2,219.0,234.0,205.0,215.0,230.0,212.0,231.0,229.0,233.0,234.0,235.0,237.0,229.0,#2,219.0,213.0,221.0,233.0,223.0,230.0,#2,239.0,240.0,238.0,237.0,235.0,234.0,239.0,237.0,240.0,233.0,144.0,168.0,169.0,146.0,130.0,230.0,228.0,205.0,202.0,226.0,220.0,192.0,150.0,166.0,148.0,124.0,123.0,116.0,108.0,113.0,117.0,114.0,122.0,129.0,126.0,145.0,150.0,149.0,148.0,156.0,159.0,188.0,173.0,170.0,156.0,146.0,170.0,182.0,241.0,238.0,195.0,216.0,155.0,141.0,130.0,148.0,190.0,188.0
#2,235.0,236.0,237.0,#4,231.0,234.0,219.0,236.0,235.0,236.0,237.0,238.0,240.0,234.0,233.0,#2,232.0,226.0,232.0,235.0,213.0,205.0,234.0,227.0,221.0,232.0,225.0,222.0,227.0,225.0,237.0,246.0,239.0,238.0,244.0,247.0,240.0,230.0,229.0,227.0,226.0,234.0,232.0,227.0,195.0,150.0,161.0,153.0,162.0,231.0,233.0,236.0,239.0,250.0,223.0,228.0,229.0,225.0,232.0,208.0,232.0,222.0,215.0,208.0,184.0,177.0,182.0,151.0,127.0,128.0,99.0,120.0,124.0,119.0,135.0,145.0,140.0,160.0,166.0,154.0,164.0,176.0,170.0,184.0,230.0,243.0,240.0,219.0,208.0,156.0,172.0,152.0
#2,234.0,235.0,236.0,#4,243.0,250.0,235.0,240.0,234.0,223.0,227.0,235.0,#2,241.0,240.0,#2,239.0,245.0,229.0,228.0,234.0,231.0,236.0,239.0,228.0,235.0,237.0,238.0,234.0,226.0,236.0,241.0,236.0,234.0,228.0,225.0,232.0,229.0,228.0,227.0,225.0,235.0,233.0,230.0,199.0,151.0,162.0,152.0,161.0,231.0,230.0,229.0,228.0,229.0,202.0,210.0,229.0,218.0,205.0,218.0,220.0,213.0,223.0,225.0,#2,239.0,243.0,235.0,238.0,255.0,246.0,250.0,228.0,170.0,119.0,121.0,112.0,114.0,150.0,185.0,166.0,202.0,189.0,182.0,146.0,144.0,151.0,158.0,184.0,214.0,230.0,242.0
#2,237.0,#2,238.0,#4,244.0,245.0,241.0,#2,247.0,250.0,249.0,247.0,246.0,#2,247.0,246.0,245.0,249.0,240.0,245.0,246.0,245.0,231.0,242.0,230.0,225.0,231.0,233.0,226.0,235.0,238.0,239.0,236.0,230.0,236.0,239.0,232.0,233.0,232.0,231.0,229.0,#2,236.0,235.0,207.0,155.0,164.0,152.0,158.0,237.0,235.0,232.0,229.0,219.0,237.0,231.0,226.0,218.0,234.0,205.0,222.0,226.0,216.0,211.0,235.0,234.0,251.0,243.0,235.0,220.0,221.0,233.0,210.0,220.0,231.0,223.0,215.0,212.0,187.0,134.0,143.0,149.0,138.0,165.0,161.0,169.0,179.0,160.0,131.0,122.0,144.0,151.0
#2,242.0,243.0,#5,244.0,245.0,246.0,#2,245.0,242.0,241.0,239.0,237.0,247.0,246.0,#2,245.0,248.0,240.0,244.0,237.0,249.0,242.0,249.0,247.0,246.0,243.0,241.0,243.0,248.0,246.0,244.0,243.0,245.0,238.0,236.0,242.0,239.0,238.0,237.0,235.0,237.0,238.0,240.0,213.0,158.0,166.0,151.0,155.0,240.0,241.0,242.0,243.0,241.0,233.0,220.0,237.0,240.0,219.0,239.0,222.0,219.0,205.0,203.0,220.0,239.0,238.0,230.0,247.0,229.0,228.0,219.0,181.0,216.0,241.0,231.0,236.0,238.0,156.0,150.0,127.0,132.0,131.0,124.0,127.0,138.0,165.0,178.0,154.0,174.0,197.0,215.0
236.0,247.0,246.0,247.0,252.0,250.0,248.0,#7,246.0,245.0,244.0,247.0,245.0,241.0,238.0,229.0,238.0,248.0,247.0,255.0,243.0,238.0,#2,245.0,#2,246.0,247.0,245.0,#2,246.0,#9,247.0,241.0,255.0,243.0,224.0,172.0,175.0,152.0,164.0,224.0,220.0,223.0,233.0,245.0,252.0,239.0,237.0,235.0,234.0,224.0,206.0,209.0,204.0,220.0,225.0,218.0,193.0,233.0,236.0,248.0,211.0,218.0,232.0,225.0,#2,248.0,219.0,220.0,205.0,198.0,193.0,222.0,224.0,215.0,243.0,237.0,248.0,198.0,204.0,200.0,193.0,191.0
234.0,#2,246.0,#2,250.0,245.0,236.0,229.0,#6,246.0,245.0,244.0,248.0,247.0,245.0,244.0,232.0,239.0,245.0,246.0,243.0,248.0,238.0,241.0,#2,245.0,246.0,247.0,245.0,#2,246.0,#9,247.0,254.0,250.0,254.0,238.0,151.0,172.0,152.0,170.0,240.0,#2,239.0,240.0,247.0,248.0,240.0,244.0,242.0,231.0,222.0,225.0,217.0,214.0,222.0,216.0,192.0,218.0,213.0,191.0,195.0,214.0,184.0,204.0,191.0,236.0,209.0,226.0,202.0,204.0,203.0,210.0,200.0,194.0,173.0,165.0,178.0,159.0,192.0,196.0,191.0,173.0,196.0
250.0,254.0,#2,244.0,#2,242.0,243.0,244.0,#6,246.0,245.0,244.0,#2,246.0,247.0,248.0,#2,239.0,241.0,245.0,244.0,237.0,239.0,226.0,#2,244.0,245.0,246.0,245.0,#2,246.0,#9,247.0,251.0,236.0,251.0,243.0,172.0,187.0,196.0,153.0,229.0,240.0,244.0,230.0,223.0,235.0,246.0,#2,236.0,242.0,245.0,242.0,248.0,249.0,246.0,248.0,245.0,213.0,210.0,153.0,206.0,213.0,184.0,199.0,191.0,179.0,182.0,192.0,199.0,201.0,131.0,128.0,139.0,157.0,160.0,148.0,161.0,185.0,169.0,190.0,182.0,156.0,131.0
214.0,242.0,251.0,242.0,245.0,246.0,247.0,248.0,#6,246.0,245.0,244.0,238.0,239.0,242.0,#2,245.0,240.0,238.0,243.0,241.0,218.0,199.0,233.0,#2,243.0,244.0,#2,245.0,#2,246.0,#9,247.0,246.0,240.0,249.0,251.0,138.0,194.0,196.0,212.0,231.0,234.0,238.0,239.0,241.0,228.0,240.0,254.0,249.0,251.0,#2,253.0,240.0,248.0,240.0,247.0,240.0,245.0,222.0,211.0,228.0,183.0,191.0,160.0,169.0,170.0,163.0,142.0,209.0,184.0,132.0,121.0,117.0,124.0,123.0,120.0,135.0,133.0,197.0,153.0,123.0,149.0,191.0
253.0,246.0,244.0,240.0,252.0,243.0,250.0,249.0,#2,246.0,#2,247.0,236.0,246.0,240.0,235.0,221.0,226.0,233.0,239.0,234.0,237.0,222.0,224.0,232.0,234.0,238.0,242.0,247.0,242.0,248.0,#2,247.0,237.0,246.0,253.0,251.0,250.0,249.0,251.0,241.0,243.0,246.0,249.0,255.0,251.0,242.0,255.0,154.0,189.0,170.0,157.0,225.0,246.0,254.0,247.0,229.0,242.0,240.0,253.0,237.0,#2,255.0,249.0,244.0,246.0,247.0,216.0,215.0,205.0,223.0,241.0,209.0,192.0,168.0,167.0,183.0,202.0,209.0,213.0,154.0,129.0,118.0,98.0,97.0,101.0,125.0,110.0,121.0,133.0,137.0,151.0,139.0,147.0,174.0
236.0,235.0,240.0,235.0,243.0,251.0,238.0,236.0,231.0,234.0,239.0,244.0,247.0,249.0,237.0,236.0,238.0,#2,234.0,241.0,238.0,245.0,240.0,237.0,236.0,237.0,240.0,242.0,241.0,242.0,#2,243.0,247.0,248.0,245.0,240.0,250.0,246.0,245.0,250.0,255.0,254.0,249.0,245.0,251.0,247.0,250.0,172.0,157.0,180.0,157.0,163.0,213.0,#2,247.0,253.0,246.0,244.0,234.0,242.0,246.0,252.0,241.0,229.0,231.0,226.0,234.0,#2,247.0,234.0,224.0,213.0,217.0,179.0,202.0,201.0,188.0,196.0,#2,198.0,171.0,105.0,106.0,93.0,97.0,112.0,104.0,127.0,142.0,136.0,148.0,150.0,154.0,155.0,134.0
244.0,194.0,173.0,210.0,238.0,229.0,227.0,221.0,225.0,229.0,236.0,242.0,245.0,230.0,198.0,187.0,225.0,236.0,243.0,234.0,237.0,239.0,244.0,246.0,#4,247.0,239.0,240.0,#2,241.0,252.0,239.0,252.0,248.0,195.0,222.0,248.0,249.0,253.0,251.0,248.0,246.0,243.0,246.0,242.0,222.0,143.0,192.0,142.0,163.0,184.0,225.0,226.0,241.0,238.0,234.0,237.0,244.0,233.0,253.0,243.0,227.0,201.0,186.0,199.0,217.0,220.0,210.0,199.0,202.0,226.0,214.0,188.0,183.0,196.0,190.0,175.0,169.0,160.0,157.0,122.0,113.0,118.0,119.0,122.0,160.0,148.0,158.0,172.0,161.0,151.0,147.0,123.0
230.0,236.0,245.0,238.0,247.0,#2,244.0,242.0,240.0,241.0,244.0,246.0,245.0,240.0,223.0,227.0,239.0,237.0,#2,235.0,227.0,212.0,222.0,#2,239.0,238.0,236.0,234.0,240.0,231.0,240.0,238.0,230.0,224.0,202.0,208.0,240.0,#2,246.0,235.0,252.0,250.0,248.0,245.0,246.0,253.0,239.0,249.0,145.0,195.0,157.0,161.0,172.0,205.0,222.0,#2,229.0,234.0,252.0,244.0,255.0,202.0,225.0,238.0,219.0,200.0,213.0,232.0,221.0,#2,181.0,220.0,185.0,175.0,171.0,181.0,166.0,147.0,139.0,141.0,134.0,118.0,117.0,122.0,123.0,131.0,148.0,143.0,169.0,155.0,158.0,141.0,128.0,120.0,169.0
187.0,227.0,246.0,245.0,247.0,246.0,245.0,243.0,238.0,252.0,250.0,247.0,239.0,238.0,226.0,237.0,253.0,234.0,229.0,226.0,214.0,192.0,153.0,216.0,231.0,242.0,213.0,223.0,233.0,181.0,192.0,228.0,188.0,238.0,231.0,192.0,213.0,230.0,252.0,235.0,222.0,209.0,214.0,234.0,223.0,235.0,249.0,248.0,151.0,196.0,155.0,157.0,165.0,200.0,230.0,220.0,205.0,187.0,186.0,215.0,227.0,224.0,222.0,#2,212.0,214.0,238.0,217.0,208.0,169.0,165.0,192.0,179.0,186.0,177.0,165.0,121.0,128.0,126.0,134.0,114.0,113.0,114.0,132.0,136.0,145.0,153.0,175.0,172.0,140.0,109.0,132.0,107.0,132.0,138.0
233.0,203.0,214.0,242.0,246.0,245.0,244.0,242.0,234.0,237.0,240.0,164.0,234.0,254.0,234.0,233.0,229.0,230.0,222.0,206.0,230.0,229.0,234.0,224.0,228.0,219.0,223.0,221.0,172.0,213.0,212.0,209.0,147.0,221.0,155.0,236.0,227.0,233.0,216.0,200.0,196.0,227.0,229.0,222.0,205.0,217.0,255.0,243.0,162.0,170.0,112.0,142.0,166.0,190.0,218.0,136.0,76.0,67.0,66.0,80.0,100.0,137.0,185.0,210.0,238.0,205.0,211.0,209.0,229.0,204.0,130.0,143.0,137.0,127.0,114.0,120.0,124.0,138.0,104.0,108.0,97.0,107.0,126.0,134.0,131.0,137.0,138.0,172.0,157.0,101.0,102.0,84.0,94.0,137.0,85.0
245.0,253.0,252.0,245.0,244.0,243.0,242.0,241.0,243.0,250.0,248.0,180.0,208.0,220.0,198.0,227.0,231.0,202.0,203.0,200.0,196.0,235.0,219.0,223.0,215.0,213.0,219.0,228.0,231.0,224.0,215.0,191.0,195.0,196.0,190.0,207.0,226.0,213.0,224.0,239.0,221.0,237.0,224.0,235.0,222.0,192.0,207.0,202.0,168.0,123.0,67.0,60.0,102.0,116.0,60.0,46.0,48.0,43.0,42.0,49.0,45.0,46.0,78.0,163.0,195.0,187.0,#2,209.0,228.0,188.0,140.0,139.0,#2,126.0,103.0,101.0,90.0,89.0,97.0,94.0,102.0,101.0,114.0,111.0,123.0,129.0,150.0,174.0,123.0,104.0,100.0,77.0,109.0,#2,96.0
219.0,238.0,212.0,225.0,243.0,242.0,240.0,239.0,236.0,246.0,227.0,222.0,235.0,193.0,205.0,196.0,218.0,186.0,172.0,170.0,210.0,229.0,238.0,216.0,201.0,199.0,208.0,213.0,174.0,#2,213.0,216.0,231.0,215.0,237.0,218.0,212.0,230.0,229.0,222.0,210.0,234.0,217.0,222.0,211.0,210.0,217.0,196.0,169.0,140.0,167.0,162.0,81.0,59.0,42.0,36.0,27.0,38.0,47.0,#2,45.0,47.0,40.0,75.0,165.0,181.0,172.0,183.0,210.0,162.0,130.0,142.0,90.0,103.0,127.0,92.0,105.0,101.0,92.0,84.0,90.0,95.0,101.0,122.0,124.0,146.0,164.0,140.0,157.0,80.0,99.0,125.0,119.0,101.0,92.0
232.0,233.0,238.0,246.0,170.0,202.0,223.0,215.0,241.0,197.0,214.0,215.0,214.0,207.0,#2,213.0,217.0,#2,208.0,213.0,192.0,131.0,174.0,214.0,189.0,207.0,208.0,201.0,172.0,186.0,197.0,228.0,168.0,208.0,233.0,#2,219.0,199.0,205.0,177.0,170.0,191.0,#2,206.0,201.0,210.0,180.0,112.0,162.0,163.0,116.0,86.0,59.0,35.0,46.0,26.0,37.0,51.0,47.0,44.0,73.0,61.0,51.0,31.0,81.0,197.0,221.0,204.0,173.0,141.0,129.0,140.0,116.0,92.0,100.0,81.0,79.0,78.0,93.0,72.0,77.0,98.0,102.0,100.0,114.0,142.0,145.0,114.0,108.0,102.0,109.0,120.0,113.0,96.0,98.0
179.0,223.0,213.0,206.0,220.0,215.0,218.0,142.0,203.0,229.0,220.0,196.0,190.0,222.0,168.0,191.0,230.0,172.0,200.0,160.0,173.0,227.0,217.0,208.0,210.0,225.0,201.0,202.0,212.0,218.0,183.0,191.0,180.0,169.0,232.0,209.0,189.0,119.0,133.0,162.0,187.0,169.0,152.0,128.0,159.0,112.0,55.0,133.0,178.0,109.0,93.0,55.0,38.0,41.0,24.0,36.0,46.0,63.0,#2,51.0,64.0,68.0,35.0,33.0,39.0,185.0,214.0,173.0,149.0,133.0,114.0,74.0,63.0,93.0,76.0,88.0,68.0,59.0,66.0,64.0,67.0,65.0,85.0,106.0,108.0,115.0,113.0,119.0,120.0,99.0,118.0,107.0,96.0,76.0,84.0
208.0,229.0,236.0,213.0,183.0,236.0,207.0,#2,233.0,227.0,216.0,203.0,186.0,147.0,186.0,211.0,197.0,169.0,223.0,210.0,240.0,219.0,193.0,174.0,231.0,134.0,200.0,175.0,202.0,189.0,148.0,149.0,175.0,86.0,126.0,91.0,70.0,82.0,#2,85.0,82.0,111.0,97.0,106.0,120.0,116.0,134.0,173.0,150.0,92.0,66.0,40.0,56.0,39.0,63.0,82.0,#2,87.0,49.0,75.0,77.0,49.0,42.0,19.0,78.0,178.0,167.0,93.0,78.0,69.0,33.0,91.0,113.0,103.0,101.0,73.0,65.0,86.0,97.0,77.0,73.0,85.0,96.0,91.0,110.0,111.0,105.0,123.0,94.0,107.0,125.0,112.0,90.0,70.0,82.0
166.0,192.0,206.0,216.0,245.0,157.0,200.0,185.0,#2,225.0,209.0,194.0,216.0,207.0,#2,220.0,217.0,240.0,216.0,153.0,199.0,216.0,215.0,180.0,184.0,201.0,209.0,149.0,120.0,200.0,181.0,217.0,195.0,233.0,185.0,165.0,96.0,84.0,92.0,81.0,86.0,73.0,93.0,84.0,85.0,98.0,85.0,96.0,71.0,68.0,61.0,24.0,83.0,169.0,155.0,162.0,132.0,70.0,84.0,56.0,44.0,37.0,29.0,102.0,172.0,179.0,156.0,73.0,81.0,61.0,97.0,106.0,130.0,114.0,102.0,108.0,107.0,110.0,94.0,64.0,57.0,74.0,72.0,85.0,86.0,101.0,103.0,94.0,91.0,112.0,89.0,120.0,87.0,79.0,71.0
220.0,235.0,225.0,223.0,189.0,215.0,173.0,183.0,199.0,220.0,176.0,220.0,207.0,230.0,188.0,221.0,212.0,185.0,179.0,209.0,228.0,222.0,241.0,200.0,251.0,229.0,208.0,191.0,49.0,195.0,215.0,169.0,223.0,199.0,111.0,77.0,66.0,81.0,85.0,100.0,128.0,106.0,126.0,115.0,94.0,70.0,56.0,50.0,66.0,110.0,58.0,32.0,123.0,151.0,#2,172.0,76.0,56.0,52.0,46.0,29.0,64.0,170.0,165.0,166.0,157.0,87.0,74.0,65.0,106.0,90.0,125.0,130.0,91.0,94.0,99.0,91.0,99.0,83.0,93.0,87.0,78.0,76.0,84.0,90.0,110.0,104.0,97.0,102.0,109.0,112.0,132.0,111.0,73.0,64.0
169.0,166.0,188.0,199.0,163.0,174.0,194.0,196.0,207.0,203.0,170.0,223.0,185.0,166.0,225.0,158.0,170.0,206.0,204.0,203.0,216.0,191.0,236.0,217.0,198.0,210.0,207.0,209.0,185.0,176.0,191.0,217.0,197.0,150.0,98.0,85.0,64.0,88.0,108.0,122.0,139.0,141.0,124.0,110.0,85.0,65.0,#2,59.0,77.0,117.0,47.0,52.0,64.0,54.0,72.0,68.0,40.0,62.0,60.0,64.0,155.0,188.0,#2,152.0,147.0,111.0,69.0,80.0,103.0,123.0,#2,105.0,77.0,96.0,105.0,83.0,86.0,79.0,84.0,80.0,113.0,66.0,69.0,83.0,#2,93.0,94.0,84.0,73.0,103.0,98.0,66.0,95.0,81.0,70.0
143.0,137.0,174.0,199.0,156.0,159.0,205.0,234.0,201.0,113.0,170.0,195.0,170.0,186.0,157.0,182.0,114.0,192.0,182.0,165.0,163.0,203.0,166.0,174.0,208.0,200.0,183.0,130.0,111.0,163.0,148.0,197.0,149.0,132.0,111.0,118.0,109.0,111.0,124.0,137.0,146.0,133.0,115.0,90.0,78.0,56.0,45.0,41.0,37.0,29.0,35.0,38.0,34.0,52.0,55.0,61.0,54.0,55.0,65.0,143.0,151.0,140.0,134.0,160.0,131.0,54.0,102.0,115.0,123.0,120.0,130.0,116.0,91.0,87.0,93.0,76.0,65.0,66.0,63.0,53.0,68.0,102.0,79.0,80.0,72.0,88.0,80.0,83.0,99.0,94.0,109.0,63.0,65.0,72.0,69.0
124.0,121.0,141.0,171.0,206.0,214.0,151.0,127.0,145.0,189.0,131.0,190.0,201.0,146.0,98.0,184.0,114.0,115.0,202.0,150.0,67.0,170.0,166.0,186.0,188.0,224.0,223.0,197.0,205.0,225.0,170.0,130.0,102.0,96.0,83.0,91.0,128.0,118.0,128.0,135.0,106.0,104.0,105.0,97.0,87.0,60.0,42.0,32.0,25.0,21.0,25.0,40.0,24.0,35.0,25.0,20.0,59.0,65.0,124.0,164.0,167.0,124.0,166.0,102.0,74.0,92.0,142.0,150.0,154.0,149.0,127.0,109.0,83.0,79.0,65.0,59.0,67.0,60.0,52.0,49.0,44.0,144.0,95.0,73.0,77.0,72.0,65.0,70.0,62.0,71.0,56.0,51.0,59.0,72.0,56.0
126.0,152.0,117.0,171.0,203.0,169.0,114.0,90.0,105.0,171.0,195.0,218.0,172.0,175.0,169.0,149.0,195.0,215.0,160.0,84.0,183.0,209.0,213.0,190.0,150.0,191.0,175.0,208.0,161.0,122.0,115.0,111.0,117.0,119.0,116.0,109.0,118.0,120.0,127.0,113.0,95.0,96.0,88.0,73.0,58.0,42.0,44.0,26.0,37.0,26.0,27.0,62.0,43.0,46.0,33.0,58.0,55.0,98.0,146.0,149.0,141.0,138.0,107.0,74.0,96.0,153.0,162.0,153.0,121.0,123.0,89.0,110.0,85.0,66.0,57.0,63.0,59.0,47.0,43.0,44.0,56.0,187.0,95.0,53.0,44.0,53.0,67.0,#2,90.0,80.0,70.0,51.0,58.0,57.0,45.0
130.0,169.0,186.0,146.0,181.0,148.0,133.0,182.0,123.0,84.0,140.0,126.0,182.0,141.0,190.0,162.0,177.0,200.0,186.0,159.0,158.0,150.0,126.0,168.0,162.0,117.0,118.0,124.0,93.0,96.0,95.0,125.0,117.0,123.0,126.0,123.0,131.0,124.0,119.0,98.0,83.0,70.0,56.0,55.0,40.0,45.0,33.0,23.0,26.0,16.0,48.0,66.0,58.0,50.0,58.0,81.0,67.0,152.0,154.0,139.0,159.0,113.0,89.0,117.0,195.0,179.0,137.0,119.0,121.0,86.0,#2,80.0,64.0,67.0,49.0,40.0,39.0,43.0,39.0,123.0,172.0,203.0,79.0,45.0,43.0,60.0,66.0,76.0,101.0,90.0,64.0,55.0,58.0,59.0,65.0
174.0,170.0,165.0,169.0,131.0,153.0,160.0,123.0,143.0,126.0,117.0,133.0,144.0,134.0,159.0,131.0,101.0,104.0,110.0,117.0,133.0,123.0,90.0,107.0,125.0,92.0,81.0,66.0,68.0,81.0,94.0,107.0,130.0,133.0,132.0,125.0,111.0,102.0,99.0,86.0,63.0,62.0,53.0,40.0,35.0,49.0,33.0,29.0,#2,20.0,67.0,65.0,67.0,61.0,56.0,78.0,100.0,142.0,130.0,140.0,141.0,82.0,139.0,187.0,148.0,135.0,139.0,126.0,82.0,88.0,77.0,69.0,56.0,52.0,48.0,36.0,40.0,29.0,90.0,#2,156.0,126.0,166.0,122.0,46.0,64.0,74.0,95.0,103.0,89.0,76.0,73.0,#2,61.0,63.0
172.0,171.0,181.0,152.0,127.0,133.0,149.0,#2,164.0,135.0,128.0,131.0,146.0,124.0,153.0,135.0,#2,93.0,87.0,45.0,21.0,38.0,79.0,110.0,66.0,59.0,62.0,61.0,64.0,71.0,110.0,121.0,109.0,111.0,108.0,100.0,89.0,75.0,69.0,59.0,62.0,57.0,48.0,37.0,32.0,28.0,30.0,20.0,28.0,46.0,65.0,59.0,75.0,47.0,67.0,53.0,155.0,135.0,152.0,157.0,107.0,163.0,150.0,123.0,83.0,89.0,83.0,98.0,104.0,75.0,70.0,64.0,62.0,#2,58.0,47.0,41.0,86.0,48.0,38.0,53.0,67.0,142.0,70.0,65.0,93.0,98.0,86.0,85.0,#2,80.0,56.0,58.0,63.0,71.0
179.0,114.0,115.0,#2,133.0,106.0,122.0,127.0,98.0,91.0,127.0,113.0,57.0,62.0,40.0,58.0,83.0,65.0,56.0,43.0,60.0,87.0,105.0,89.0,71.0,81.0,68.0,87.0,116.0,118.0,88.0,112.0,101.0,74.0,67.0,66.0,68.0,44.0,37.0,49.0,46.0,48.0,51.0,45.0,#3,36.0,37.0,30.0,71.0,63.0,59.0,70.0,56.0,59.0,54.0,131.0,150.0,133.0,140.0,188.0,162.0,105.0,92.0,88.0,92.0,80.0,84.0,87.0,71.0,72.0,57.0,63.0,53.0,#2,50.0,149.0,169.0,22.0,32.0,38.0,107.0,47.0,39.0,61.0,56.0,120.0,84.0,76.0,66.0,55.0,66.0,53.0,67.0,77.0
153.0,130.0,52.0,115.0,149.0,137.0,117.0,106.0,105.0,113.0,141.0,129.0,106.0,82.0,71.0,41.0,28.0,20.0,#2,26.0,67.0,#2,66.0,70.0,94.0,95.0,93.0,84.0,86.0,69.0,98.0,93.0,68.0,63.0,64.0,54.0,52.0,54.0,58.0,95.0,115.0,129.0,77.0,82.0,44.0,45.0,47.0,49.0,46.0,57.0,53.0,50.0,63.0,57.0,66.0,79.0,141.0,136.0,113.0,204.0,161.0,112.0,127.0,109.0,97.0,69.0,74.0,94.0,81.0,79.0,81.0,79.0,67.0,64.0,54.0,55.0,140.0,82.0,36.0,48.0,35.0,168.0,82.0,42.0,58.0,68.0,97.0,81.0,77.0,58.0,54.0,#2,56.0,58.0,62.0
89.0,#2,127.0,114.0,122.0,126.0,171.0,101.0,136.0,109.0,135.0,165.0,149.0,143.0,115.0,59.0,64.0,49.0,45.0,37.0,41.0,46.0,55.0,60.0,45.0,59.0,91.0,71.0,64.0,59.0,82.0,59.0,55.0,48.0,42.0,50.0,66.0,45.0,101.0,188.0,193.0,190.0,189.0,176.0,52.0,55.0,60.0,64.0,61.0,82.0,84.0,52.0,58.0,64.0,76.0,117.0,137.0,112.0,170.0,139.0,142.0,135.0,126.0,89.0,66.0,83.0,79.0,87.0,89.0,82.0,74.0,65.0,63.0,77.0,58.0,68.0,77.0,47.0,50.0,34.0,115.0,201.0,86.0,61.0,74.0,99.0,80.0,67.0,82.0,68.0,62.0,69.0,71.0,62.0,59.0
128.0,124.0,98.0,96.0,121.0,105.0,91.0,152.0,140.0,148.0,153.0,169.0,#2,148.0,111.0,67.0,39.0,30.0,#2,37.0,52.0,56.0,59.0,57.0,64.0,61.0,68.0,55.0,65.0,63.0,56.0,57.0,55.0,56.0,43.0,48.0,53.0,104.0,#2,193.0,187.0,194.0,183.0,150.0,54.0,58.0,64.0,#2,70.0,87.0,66.0,41.0,63.0,74.0,84.0,142.0,144.0,178.0,150.0,165.0,128.0,98.0,94.0,82.0,103.0,95.0,87.0,85.0,70.0,63.0,60.0,57.0,56.0,55.0,61.0,54.0,55.0,49.0,45.0,71.0,198.0,206.0,156.0,89.0,78.0,71.0,68.0,67.0,53.0,61.0,#2,71.0,68.0,63.0,38.0
121.0,141.0,127.0,128.0,121.0,71.0,87.0,63.0,58.0,81.0,132.0,141.0,148.0,135.0,133.0,120.0,112.0,25.0,40.0,52.0,43.0,55.0,#2,52.0,#2,62.0,46.0,53.0,56.0,29.0,38.0,45.0,44.0,55.0,68.0,64.0,128.0,194.0,176.0,186.0,176.0,183.0,192.0,160.0,61.0,65.0,63.0,71.0,60.0,74.0,78.0,82.0,52.0,75.0,100.0,130.0,215.0,155.0,173.0,101.0,98.0,93.0,102.0,104.0,102.0,94.0,101.0,83.0,74.0,62.0,71.0,59.0,60.0,105.0,183.0,146.0,148.0,70.0,50.0,169.0,190.0,215.0,184.0,87.0,56.0,64.0,65.0,54.0,52.0,61.0,73.0,78.0,76.0,66.0,53.0
166.0,167.0,172.0,145.0,94.0,120.0,79.0,117.0,67.0,53.0,117.0,161.0,125.0,162.0,133.0,139.0,148.0,165.0,75.0,41.0,65.0,67.0,51.0,#3,42.0,37.0,47.0,49.0,42.0,45.0,56.0,51.0,42.0,52.0,56.0,160.0,177.0,179.0,177.0,179.0,176.0,184.0,174.0,48.0,95.0,76.0,52.0,67.0,64.0,53.0,71.0,74.0,67.0,58.0,218.0,170.0,172.0,104.0,91.0,87.0,84.0,89.0,81.0,92.0,114.0,92.0,95.0,98.0,82.0,80.0,73.0,99.0,130.0,180.0,187.0,81.0,34.0,184.0,206.0,211.0,189.0,141.0,66.0,57.0,49.0,50.0,#2,44.0,61.0,56.0,48.0,46.0,54.0,42.0
146.0,147.0,159.0,145.0,108.0,68.0,142.0,103.0,77.0,82.0,125.0,137.0,92.0,126.0,#2,124.0,142.0,157.0,190.0,135.0,144.0,96.0,45.0,60.0,52.0,41.0,38.0,45.0,54.0,52.0,#2,43.0,41.0,48.0,45.0,40.0,182.0,164.0,180.0,169.0,179.0,171.0,175.0,182.0,155.0,176.0,143.0,40.0,65.0,39.0,54.0,60.0,72.0,70.0,96.0,161.0,155.0,112.0,96.0,85.0,89.0,68.0,62.0,71.0,86.0,79.0,74.0,61.0,51.0,37.0,29.0,61.0,60.0,85.0,64.0,62.0,171.0,#2,192.0,201.0,198.0,194.0,163.0,42.0,37.0,36.0,29.0,30.0,42.0,49.0,57.0,38.0,43.0,40.0,44.0
110.0,149.0,162.0,#2,137.0,108.0,87.0,119.0,109.0,111.0,103.0,109.0,106.0,99.0,125.0,127.0,134.0,153.0,166.0,175.0,167.0,170.0,160.0,163.0,109.0,#2,127.0,64.0,57.0,46.0,55.0,52.0,38.0,35.0,42.0,117.0,169.0,170.0,178.0,172.0,#2,174.0,173.0,172.0,#2,179.0,147.0,44.0,55.0,60.0,65.0,55.0,47.0,127.0,128.0,159.0,135.0,97.0,78.0,70.0,77.0,69.0,64.0,75.0,66.0,61.0,54.0,42.0,32.0,22.0,19.0,14.0,26.0,47.0,38.0,66.0,176.0,193.0,201.0,190.0,193.0,194.0,163.0,30.0,33.0,34.0,18.0,36.0,46.0,45.0,37.0,48.0,47.0,44.0,42.0
122.0,92.0,129.0,149.0,154.0,168.0,94.0,115.0,138.0,142.0,110.0,129.0,87.0,84.0,58.0,35.0,26.0,10.0,54.0,127.0,156.0,177.0,159.0,153.0,159.0,150.0,160.0,154.0,148.0,60.0,47.0,57.0,32.0,28.0,72.0,163.0,165.0,167.0,170.0,173.0,177.0,176.0,174.0,173.0,170.0,168.0,147.0,41.0,64.0,46.0,48.0,63.0,117.0,144.0,181.0,99.0,84.0,73.0,65.0,73.0,70.0,65.0,64.0,55.0,51.0,36.0,35.0,28.0,22.0,15.0,19.0,24.0,21.0,12.0,71.0,168.0,177.0,181.0,193.0,#2,196.0,188.0,180.0,32.0,#2,35.0,25.0,31.0,33.0,39.0,40.0,42.0,46.0,43.0,34.0
161.0,184.0,190.0,195.0,120.0,173.0,165.0,168.0,142.0,138.0,145.0,95.0,105.0,82.0,57.0,29.0,31.0,15.0,6.0,31.0,42.0,139.0,170.0,159.0,167.0,157.0,158.0,157.0,159.0,165.0,117.0,48.0,45.0,88.0,161.0,167.0,173.0,172.0,171.0,169.0,173.0,172.0,171.0,169.0,164.0,168.0,155.0,35.0,33.0,42.0,62.0,158.0,143.0,179.0,159.0,113.0,80.0,69.0,60.0,#2,63.0,66.0,53.0,45.0,42.0,38.0,31.0,24.0,#2,18.0,6.0,14.0,26.0,29.0,76.0,159.0,179.0,175.0,194.0,196.0,191.0,186.0,129.0,69.0,#2,34.0,26.0,31.0,32.0,36.0,39.0,45.0,44.0,37.0,41.0
148.0,115.0,72.0,79.0,195.0,194.0,164.0,159.0,154.0,91.0,101.0,51.0,105.0,72.0,64.0,75.0,59.0,63.0,52.0,60.0,46.0,26.0,63.0,145.0,157.0,147.0,134.0,130.0,161.0,156.0,134.0,82.0,142.0,146.0,153.0,162.0,172.0,171.0,167.0,165.0,167.0,166.0,164.0,163.0,158.0,156.0,157.0,88.0,44.0,49.0,190.0,139.0,196.0,153.0,88.0,59.0,64.0,62.0,63.0,68.0,54.0,49.0,41.0,33.0,#2,34.0,30.0,23.0,17.0,8.0,31.0,19.0,13.0,56.0,169.0,167.0,155.0,172.0,196.0,173.0,183.0,181.0,184.0,160.0,92.0,31.0,27.0,30.0,32.0,36.0,31.0,36.0,38.0,41.0,32.0
123.0,#2,101.0,92.0,95.0,122.0,131.0,102.0,139.0,68.0,67.0,113.0,83.0,89.0,77.0,70.0,75.0,69.0,65.0,56.0,72.0,42.0,43.0,27.0,23.0,47.0,43.0,19.0,83.0,169.0,143.0,152.0,149.0,163.0,147.0,148.0,158.0,159.0,160.0,#2,161.0,160.0,159.0,157.0,154.0,145.0,155.0,161.0,164.0,182.0,150.0,231.0,168.0,109.0,78.0,75.0,52.0,50.0,47.0,43.0,51.0,40.0,36.0,29.0,42.0,40.0,35.0,28.0,22.0,20.0,24.0,66.0,132.0,150.0,164.0,188.0,#2,185.0,187.0,179.0,181.0,187.0,186.0,141.0,66.0,29.0,31.0,30.0,31.0,34.0,33.0,34.0,26.0,32.0,24.0
78.0,83.0,76.0,88.0,86.0,59.0,103.0,81.0,56.0,67.0,40.0,75.0,82.0,93.0,85.0,108.0,85.0,80.0,79.0,#2,53.0,70.0,56.0,53.0,44.0,42.0,#2,39.0,12.0,73.0,143.0,155.0,160.0,#2,154.0,153.0,150.0,153.0,157.0,160.0,153.0,164.0,170.0,155.0,162.0,163.0,132.0,163.0,160.0,216.0,179.0,133.0,80.0,64.0,#2,62.0,59.0,47.0,38.0,45.0,37.0,44.0,42.0,39.0,38.0,57.0,48.0,42.0,38.0,57.0,71.0,161.0,159.0,180.0,182.0,185.0,188.0,185.0,179.0,178.0,176.0,183.0,170.0,138.0,41.0,30.0,20.0,25.0,22.0,24.0,31.0,20.0,28.0,26.0,22.0
134.0,78.0,82.0,63.0,71.0,70.0,114.0,29.0,41.0,63.0,69.0,34.0,48.0,73.0,102.0,98.0,82.0,75.0,70.0,63.0,72.0,56.0,75.0,63.0,69.0,61.0,44.0,28.0,19.0,25.0,131.0,145.0,150.0,154.0,155.0,157.0,#2,149.0,#2,148.0,134.0,146.0,153.0,156.0,170.0,152.0,166.0,216.0,240.0,137.0,133.0,62.0,60.0,55.0,56.0,59.0,49.0,40.0,34.0,39.0,49.0,43.0,#2,44.0,45.0,40.0,52.0,36.0,50.0,63.0,140.0,187.0,#2,181.0,182.0,184.0,188.0,183.0,182.0,177.0,175.0,178.0,170.0,142.0,36.0,20.0,30.0,35.0,25.0,26.0,33.0,44.0,25.0,23.0,21.0
225.0,192.0,163.0,147.0,106.0,71.0,65.0,86.0,60.0,99.0,55.0,77.0,96.0,98.0,82.0,104.0,74.0,56.0,98.0,115.0,91.0,97.0,77.0,70.0,68.0,70.0,69.0,66.0,58.0,23.0,123.0,138.0,140.0,152.0,143.0,137.0,148.0,147.0,144.0,142.0,137.0,139.0,#2,144.0,154.0,221.0,253.0,200.0,112.0,104.0,54.0,64.0,55.0,61.0,45.0,38.0,48.0,45.0,43.0,46.0,53.0,49.0,50.0,53.0,56.0,52.0,51.0,62.0,81.0,173.0,190.0,181.0,190.0,184.0,183.0,#2,182.0,#2,178.0,177.0,173.0,166.0,170.0,127.0,66.0,59.0,54.0,48.0,42.0,29.0,24.0,35.0,44.0,37.0,19.0
201.0,203.0,233.0,136.0,112.0,113.0,72.0,123.0,146.0,162.0,145.0,98.0,84.0,103.0,100.0,117.0,74.0,125.0,130.0,114.0,86.0,132.0,69.0,46.0,49.0,74.0,83.0,60.0,64.0,41.0,38.0,75.0,106.0,133.0,129.0,127.0,128.0,129.0,131.0,133.0,145.0,141.0,142.0,209.0,245.0,229.0,210.0,103.0,55.0,76.0,58.0,48.0,62.0,50.0,53.0,37.0,41.0,43.0,#2,46.0,44.0,53.0,56.0,61.0,66.0,76.0,59.0,60.0,100.0,184.0,188.0,193.0,191.0,186.0,184.0,181.0,177.0,180.0,184.0,174.0,171.0,167.0,166.0,164.0,151.0,139.0,129.0,86.0,31.0,27.0,64.0,91.0,60.0,31.0,18.0
194.0,196.0,200.0,204.0,202.0,184.0,140.0,81.0,120.0,153.0,141.0,182.0,133.0,153.0,149.0,108.0,177.0,145.0,116.0,153.0,84.0,71.0,52.0,120.0,105.0,39.0,45.0,56.0,48.0,55.0,56.0,59.0,25.0,57.0,62.0,83.0,80.0,107.0,122.0,131.0,126.0,202.0,253.0,224.0,#2,212.0,197.0,71.0,58.0,69.0,61.0,63.0,45.0,#2,50.0,41.0,37.0,38.0,39.0,41.0,43.0,50.0,63.0,#2,68.0,51.0,40.0,73.0,178.0,191.0,189.0,186.0,183.0,180.0,179.0,177.0,173.0,171.0,183.0,177.0,174.0,175.0,159.0,149.0,141.0,144.0,133.0,107.0,30.0,53.0,163.0,162.0,71.0,57.0,31.0
198.0,196.0,208.0,202.0,192.0,177.0,198.0,195.0,193.0,167.0,164.0,175.0,184.0,154.0,30.0,66.0,57.0,147.0,168.0,125.0,117.0,125.0,147.0,163.0,132.0,184.0,115.0,192.0,101.0,113.0,75.0,71.0,108.0,83.0,84.0,63.0,49.0,46.0,56.0,67.0,229.0,240.0,230.0,215.0,194.0,188.0,158.0,#2,67.0,61.0,54.0,36.0,37.0,43.0,49.0,50.0,34.0,36.0,41.0,45.0,50.0,48.0,53.0,65.0,#2,64.0,56.0,81.0,182.0,188.0,187.0,183.0,181.0,179.0,#2,178.0,175.0,169.0,167.0,170.0,159.0,165.0,139.0,132.0,125.0,133.0,136.0,111.0,65.0,136.0,150.0,161.0,#2,105.0,45.0
151.0,152.0,#2,168.0,187.0,191.0,192.0,159.0,112.0,96.0,182.0,199.0,162.0,183.0,169.0,112.0,84.0,72.0,95.0,78.0,98.0,129.0,125.0,136.0,116.0,118.0,92.0,90.0,150.0,99.0,74.0,56.0,94.0,121.0,96.0,99.0,104.0,93.0,97.0,248.0,239.0,222.0,210.0,191.0,186.0,183.0,74.0,40.0,53.0,47.0,51.0,35.0,47.0,45.0,#2,43.0,36.0,39.0,43.0,46.0,49.0,45.0,48.0,55.0,60.0,55.0,59.0,95.0,175.0,184.0,182.0,179.0,176.0,178.0,176.0,177.0,173.0,#2,166.0,165.0,162.0,150.0,129.0,130.0,135.0,129.0,121.0,126.0,137.0,122.0,160.0,165.0,144.0,117.0,91.0
111.0,120.0,115.0,132.0,174.0,187.0,246.0,#2,239.0,235.0,204.0,164.0,176.0,168.0,155.0,188.0,143.0,112.0,98.0,147.0,96.0,169.0,156.0,106.0,171.0,168.0,108.0,153.0,137.0,113.0,106.0,107.0,139.0,113.0,85.0,120.0,95.0,160.0,226.0,234.0,204.0,190.0,195.0,192.0,178.0,119.0,45.0,48.0,47.0,55.0,54.0,53.0,47.0,42.0,40.0,45.0,47.0,45.0,43.0,40.0,48.0,79.0,135.0,142.0,147.0,149.0,109.0,175.0,182.0,180.0,178.0,175.0,172.0,177.0,175.0,169.0,167.0,165.0,163.0,160.0,138.0,96.0,100.0,111.0,107.0,100.0,102.0,122.0,123.0,145.0,153.0,128.0,137.0,144.0,153.0
75.0,83.0,77.0,86.0,87.0,#2,83.0,91.0,165.0,231.0,207.0,224.0,230.0,220.0,238.0,213.0,131.0,152.0,93.0,172.0,113.0,126.0,93.0,115.0,67.0,144.0,133.0,110.0,114.0,118.0,144.0,139.0,136.0,129.0,122.0,133.0,223.0,244.0,208.0,190.0,194.0,184.0,198.0,178.0,181.0,50.0,43.0,55.0,49.0,53.0,43.0,41.0,53.0,39.0,45.0,47.0,49.0,36.0,#2,29.0,26.0,152.0,160.0,158.0,160.0,157.0,163.0,173.0,181.0,#2,171.0,170.0,169.0,173.0,172.0,175.0,167.0,162.0,158.0,149.0,126.0,84.0,90.0,89.0,94.0,93.0,104.0,108.0,116.0,156.0,155.0,122.0,125.0,154.0,157.0
64.0,69.0,67.0,77.0,79.0,69.0,71.0,93.0,102.0,129.0,175.0,201.0,#2,221.0,222.0,242.0,163.0,135.0,90.0,63.0,138.0,58.0,128.0,87.0,88.0,100.0,67.0,112.0,130.0,124.0,151.0,147.0,116.0,#2,127.0,221.0,204.0,140.0,109.0,143.0,174.0,160.0,133.0,162.0,179.0,111.0,31.0,47.0,30.0,#2,54.0,37.0,42.0,57.0,47.0,39.0,27.0,48.0,5.0,68.0,129.0,138.0,149.0,154.0,157.0,158.0,165.0,168.0,172.0,169.0,#2,168.0,167.0,#2,168.0,166.0,161.0,166.0,154.0,145.0,109.0,98.0,79.0,80.0,84.0,64.0,113.0,88.0,112.0,128.0,153.0,96.0,126.0,143.0,158.0
81.0,80.0,87.0,98.0,109.0,90.0,82.0,100.0,116.0,88.0,87.0,126.0,183.0,213.0,222.0,132.0,140.0,151.0,131.0,92.0,70.0,139.0,186.0,127.0,105.0,71.0,73.0,45.0,68.0,92.0,119.0,122.0,131.0,97.0,201.0,81.0,104.0,70.0,50.0,85.0,66.0,47.0,#2,56.0,96.0,131.0,57.0,31.0,38.0,35.0,46.0,36.0,#2,35.0,45.0,43.0,32.0,41.0,151.0,185.0,156.0,148.0,146.0,158.0,159.0,162.0,164.0,163.0,162.0,#2,165.0,164.0,163.0,161.0,#2,160.0,164.0,162.0,158.0,138.0,136.0,77.0,121.0,103.0,78.0,89.0,87.0,92.0,122.0,143.0,102.0,123.0,116.0,124.0,134.0
86.0,80.0,95.0,106.0,109.0,98.0,93.0,101.0,112.0,95.0,96.0,86.0,88.0,127.0,108.0,113.0,108.0,85.0,132.0,118.0,71.0,88.0,76.0,89.0,115.0,108.0,161.0,120.0,134.0,173.0,182.0,135.0,170.0,151.0,86.0,74.0,63.0,45.0,39.0,68.0,82.0,84.0,144.0,98.0,179.0,171.0,138.0,64.0,93.0,30.0,51.0,45.0,36.0,23.0,22.0,36.0,107.0,205.0,177.0,187.0,175.0,156.0,138.0,150.0,151.0,153.0,157.0,158.0,161.0,#2,162.0,161.0,160.0,155.0,154.0,#2,162.0,161.0,162.0,143.0,133.0,99.0,82.0,87.0,110.0,108.0,78.0,94.0,147.0,165.0,115.0,114.0,95.0,108.0,131.0
94.0,89.0,106.0,114.0,109.0,107.0,102.0,98.0,105.0,107.0,#2,90.0,95.0,99.0,87.0,91.0,102.0,81.0,144.0,158.0,161.0,158.0,108.0,66.0,141.0,97.0,163.0,153.0,124.0,127.0,118.0,123.0,109.0,87.0,88.0,129.0,213.0,234.0,#2,253.0,255.0,254.0,252.0,250.0,248.0,249.0,251.0,252.0,233.0,174.0,99.0,27.0,29.0,39.0,70.0,130.0,168.0,202.0,195.0,183.0,193.0,155.0,137.0,#2,147.0,#2,148.0,152.0,154.0,153.0,158.0,161.0,#2,157.0,162.0,163.0,156.0,155.0,#2,156.0,142.0,122.0,111.0,88.0,85.0,102.0,127.0,143.0,149.0,144.0,119.0,136.0,85.0,103.0,102.0
87.0,92.0,100.0,124.0,#4,110.0,108.0,106.0,92.0,91.0,90.0,99.0,90.0,78.0,84.0,71.0,145.0,176.0,174.0,159.0,162.0,159.0,98.0,86.0,140.0,167.0,158.0,163.0,167.0,178.0,218.0,246.0,255.0,253.0,255.0,254.0,248.0,242.0,#2,243.0,244.0,245.0,243.0,244.0,246.0,247.0,238.0,#2,255.0,213.0,105.0,103.0,82.0,108.0,194.0,209.0,197.0,192.0,173.0,157.0,130.0,137.0,138.0,140.0,142.0,145.0,151.0,152.0,157.0,160.0,156.0,157.0,160.0,153.0,146.0,145.0,129.0,140.0,145.0,122.0,130.0,125.0,127.0,136.0,146.0,149.0,156.0,159.0,114.0,126.0,#2,95.0,104.0
90.0,94.0,95.0,128.0,114.0,115.0,117.0,118.0,114.0,103.0,96.0,94.0,97.0,106.0,105.0,81.0,90.0,68.0,97.0,175.0,145.0,158.0,142.0,151.0,187.0,145.0,187.0,162.0,170.0,202.0,252.0,243.0,249.0,244.0,239.0,241.0,246.0,240.0,239.0,248.0,#4,239.0,234.0,235.0,236.0,238.0,#2,242.0,240.0,243.0,255.0,203.0,86.0,128.0,202.0,200.0,189.0,186.0,181.0,137.0,#2,126.0,129.0,134.0,138.0,143.0,147.0,151.0,155.0,158.0,154.0,153.0,148.0,141.0,134.0,133.0,121.0,136.0,149.0,#3,128.0,127.0,135.0,144.0,149.0,158.0,166.0,146.0,140.0,137.0,84.0,112.0
108.0,93.0,97.0,117.0,120.0,118.0,115.0,113.0,118.0,102.0,100.0,96.0,97.0,98.0,105.0,89.0,81.0,99.0,73.0,186.0,184.0,207.0,200.0,193.0,169.0,171.0,174.0,238.0,244.0,255.0,244.0,243.0,242.0,241.0,240.0,237.0,233.0,229.0,225.0,224.0,232.0,228.0,221.0,216.0,226.0,227.0,228.0,230.0,229.0,239.0,232.0,236.0,235.0,218.0,223.0,168.0,#2,191.0,189.0,182.0,162.0,136.0,122.0,124.0,127.0,134.0,144.0,146.0,148.0,149.0,154.0,156.0,152.0,147.0,144.0,137.0,#2,129.0,131.0,135.0,140.0,142.0,129.0,118.0,130.0,137.0,145.0,144.0,149.0,148.0,130.0,149.0,107.0,125.0,101.0
110.0,96.0,92.0,105.0,112.0,111.0,108.0,106.0,103.0,101.0,105.0,99.0,77.0,86.0,92.0,88.0,86.0,115.0,68.0,152.0,86.0,181.0,198.0,175.0,186.0,221.0,252.0,246.0,241.0,#2,240.0,239.0,237.0,236.0,235.0,233.0,224.0,240.0,235.0,230.0,226.0,227.0,213.0,152.0,202.0,213.0,232.0,229.0,239.0,230.0,232.0,207.0,235.0,182.0,189.0,240.0,170.0,193.0,192.0,187.0,163.0,138.0,124.0,125.0,127.0,134.0,147.0,148.0,149.0,150.0,152.0,153.0,149.0,144.0,135.0,137.0,134.0,125.0,122.0,130.0,136.0,133.0,128.0,#2,124.0,129.0,137.0,145.0,137.0,153.0,158.0,150.0,153.0,133.0,141.0
109.0,103.0,101.0,108.0,111.0,110.0,107.0,105.0,91.0,89.0,92.0,90.0,85.0,77.0,72.0,79.0,69.0,91.0,70.0,192.0,148.0,156.0,212.0,231.0,255.0,249.0,243.0,241.0,239.0,238.0,#2,237.0,235.0,234.0,233.0,231.0,235.0,221.0,229.0,230.0,234.0,238.0,162.0,106.0,120.0,152.0,218.0,238.0,224.0,214.0,180.0,154.0,226.0,221.0,209.0,173.0,208.0,198.0,179.0,188.0,165.0,139.0,126.0,127.0,133.0,136.0,#2,144.0,146.0,147.0,149.0,150.0,147.0,141.0,137.0,139.0,136.0,128.0,116.0,121.0,124.0,122.0,117.0,116.0,117.0,129.0,134.0,137.0,136.0,143.0,150.0,149.0,154.0,#2,143.0
105.0,#2,106.0,108.0,109.0,108.0,106.0,104.0,100.0,93.0,86.0,89.0,81.0,83.0,82.0,#2,75.0,113.0,168.0,172.0,148.0,232.0,252.0,229.0,#2,241.0,240.0,238.0,235.0,#2,234.0,233.0,#2,231.0,229.0,228.0,#2,231.0,223.0,231.0,221.0,239.0,157.0,119.0,129.0,109.0,148.0,229.0,203.0,168.0,121.0,147.0,149.0,209.0,191.0,131.0,163.0,228.0,205.0,185.0,161.0,135.0,123.0,127.0,131.0,135.0,138.0,139.0,142.0,#3,145.0,142.0,137.0,132.0,136.0,134.0,126.0,112.0,110.0,109.0,110.0,114.0,116.0,114.0,116.0,130.0,135.0,136.0,131.0,135.0,141.0,#2,147.0,142.0
#2,100.0,101.0,102.0,108.0,106.0,104.0,#2,102.0,107.0,94.0,75.0,72.0,74.0,#2,76.0,67.0,97.0,126.0,203.0,248.0,240.0,235.0,255.0,#2,237.0,234.0,226.0,232.0,#2,231.0,230.0,228.0,227.0,226.0,224.0,216.0,221.0,220.0,218.0,225.0,183.0,124.0,112.0,131.0,106.0,104.0,206.0,193.0,216.0,176.0,135.0,141.0,125.0,192.0,154.0,176.0,188.0,186.0,175.0,152.0,126.0,117.0,120.0,124.0,127.0,133.0,136.0,#4,142.0,138.0,133.0,128.0,130.0,127.0,118.0,114.0,107.0,102.0,105.0,106.0,112.0,114.0,116.0,125.0,127.0,131.0,126.0,121.0,136.0,143.0,#2,135.0
#2,100.0,101.0,102.0,104.0,109.0,102.0,117.0,#2,109.0,98.0,76.0,61.0,69.0,65.0,80.0,63.0,162.0,255.0,241.0,237.0,236.0,235.0,#3,233.0,#3,232.0,229.0,224.0,#2,220.0,222.0,217.0,210.0,212.0,214.0,208.0,209.0,164.0,156.0,116.0,120.0,123.0,135.0,116.0,187.0,231.0,233.0,213.0,162.0,185.0,173.0,238.0,214.0,232.0,195.0,208.0,161.0,132.0,111.0,117.0,119.0,122.0,125.0,#3,132.0,138.0,137.0,135.0,126.0,125.0,124.0,119.0,#2,117.0,107.0,104.0,100.0,96.0,99.0,101.0,104.0,109.0,115.0,119.0,122.0,125.0,127.0,130.0,132.0,138.0,131.0
#2,101.0,102.0,#2,103.0,100.0,89.0,94.0,95.0,99.0,103.0,78.0,75.0,73.0,66.0,151.0,233.0,255.0,246.0,240.0,236.0,235.0,233.0,232.0,229.0,228.0,#3,227.0,225.0,221.0,218.0,#2,213.0,216.0,212.0,213.0,215.0,210.0,193.0,219.0,165.0,124.0,130.0,126.0,130.0,140.0,139.0,233.0,227.0,241.0,230.0,237.0,226.0,245.0,214.0,240.0,248.0,255.0,201.0,113.0,98.0,105.0,109.0,116.0,121.0,#3,128.0,123.0,122.0,120.0,119.0,118.0,116.0,113.0,112.0,111.0,104.0,102.0,99.0,97.0,100.0,102.0,108.0,111.0,118.0,120.0,117.0,125.0,126.0,132.0,134.0,137.0,131.0
#2,103.0,104.0,105.0,97.0,92.0,94.0,97.0,102.0,96.0,99.0,90.0,91.0,86.0,233.0,237.0,246.0,238.0,232.0,240.0,233.0,232.0,230.0,229.0,226.0,#2,225.0,224.0,#2,223.0,222.0,221.0,214.0,208.0,219.0,#2,215.0,227.0,235.0,210.0,202.0,165.0,133.0,118.0,123.0,124.0,139.0,136.0,235.0,236.0,223.0,231.0,218.0,217.0,175.0,218.0,236.0,231.0,185.0,203.0,99.0,107.0,103.0,102.0,108.0,#4,116.0,112.0,111.0,110.0,108.0,105.0,#2,104.0,103.0,102.0,#4,98.0,102.0,107.0,109.0,115.0,116.0,119.0,108.0,120.0,125.0,123.0,132.0,135.0,131.0
104.0,105.0,#2,106.0,102.0,91.0,96.0,93.0,107.0,108.0,106.0,105.0,201.0,254.0,240.0,235.0,236.0,231.0,237.0,231.0,#2,230.0,228.0,227.0,#2,229.0,228.0,227.0,226.0,227.0,228.0,230.0,229.0,214.0,225.0,217.0,232.0,228.0,219.0,215.0,156.0,165.0,128.0,172.0,183.0,167.0,193.0,181.0,230.0,239.0,219.0,172.0,166.0,157.0,134.0,192.0,204.0,216.0,191.0,236.0,212.0,101.0,94.0,104.0,#5,100.0,#2,97.0,95.0,#2,94.0,#2,96.0,95.0,#2,94.0,95.0,97.0,99.0,103.0,105.0,111.0,#2,112.0,111.0,112.0,103.0,116.0,119.0,124.0,128.0,131.0
110.0,90.0,103.0,105.0,99.0,103.0,99.0,#2,94.0,108.0,122.0,#3,240.0,239.0,237.0,234.0,233.0,231.0,229.0,232.0,#2,230.0,232.0,239.0,237.0,233.0,230.0,228.0,229.0,233.0,235.0,231.0,229.0,226.0,223.0,219.0,198.0,233.0,208.0,217.0,220.0,227.0,235.0,239.0,238.0,236.0,234.0,237.0,196.0,168.0,191.0,207.0,210.0,215.0,219.0,224.0,226.0,232.0,234.0,224.0,216.0,208.0,114.0,100.0,90.0,#2,95.0,86.0,78.0,72.0,81.0,85.0,96.0,77.0,84.0,87.0,88.0,90.0,91.0,94.0,96.0,104.0,102.0,101.0,105.0,#2,99.0,107.0,104.0,97.0,112.0,113.0,123.0,130.0
106.0,#2,99.0,102.0,100.0,105.0,82.0,97.0,87.0,193.0,240.0,243.0,239.0,232.0,229.0,234.0,244.0,243.0,240.0,238.0,#2,239.0,238.0,236.0,#2,234.0,#2,233.0,231.0,230.0,228.0,227.0,226.0,228.0,232.0,236.0,235.0,242.0,241.0,236.0,233.0,239.0,241.0,236.0,232.0,231.0,228.0,226.0,213.0,221.0,224.0,217.0,224.0,222.0,220.0,#2,218.0,219.0,222.0,213.0,214.0,218.0,#2,226.0,#2,223.0,224.0,222.0,215.0,212.0,208.0,205.0,109.0,80.0,76.0,82.0,65.0,#2,80.0,82.0,86.0,89.0,88.0,95.0,101.0,97.0,#2,76.0,88.0,81.0,79.0,97.0,109.0,116.0,125.0
106.0,104.0,96.0,98.0,106.0,95.0,94.0,114.0,245.0,231.0,240.0,242.0,234.0,233.0,237.0,248.0,245.0,243.0,241.0,239.0,230.0,237.0,241.0,#2,238.0,237.0,236.0,234.0,243.0,241.0,238.0,235.0,244.0,242.0,240.0,238.0,240.0,238.0,241.0,247.0,253.0,244.0,235.0,234.0,226.0,224.0,222.0,#2,220.0,219.0,217.0,216.0,206.0,209.0,212.0,216.0,217.0,218.0,219.0,207.0,218.0,223.0,212.0,205.0,208.0,201.0,204.0,207.0,#2,212.0,206.0,212.0,223.0,205.0,163.0,77.0,78.0,79.0,87.0,83.0,75.0,69.0,64.0,72.0,79.0,78.0,75.0,60.0,59.0,#2,60.0,85.0,97.0,102.0,117.0
116.0,98.0,100.0,97.0,92.0,104.0,133.0,255.0,233.0,242.0,239.0,245.0,242.0,246.0,243.0,229.0,207.0,206.0,203.0,201.0,218.0,234.0,249.0,250.0,247.0,242.0,234.0,227.0,221.0,222.0,223.0,224.0,219.0,#2,218.0,217.0,230.0,225.0,227.0,222.0,216.0,222.0,220.0,203.0,200.0,199.0,197.0,195.0,201.0,195.0,191.0,193.0,204.0,206.0,208.0,209.0,#2,210.0,211.0,210.0,207.0,214.0,215.0,219.0,#2,203.0,210.0,192.0,191.0,181.0,193.0,206.0,195.0,207.0,206.0,221.0,161.0,47.0,28.0,27.0,23.0,21.0,25.0,17.0,14.0,22.0,35.0,18.0,14.0,48.0,49.0,57.0,89.0,98.0,110.0
93.0,109.0,103.0,101.0,82.0,177.0,244.0,239.0,236.0,245.0,#2,248.0,238.0,220.0,206.0,210.0,213.0,201.0,210.0,195.0,193.0,196.0,201.0,205.0,186.0,194.0,203.0,204.0,214.0,196.0,193.0,190.0,208.0,184.0,197.0,195.0,194.0,198.0,200.0,196.0,210.0,205.0,198.0,191.0,174.0,182.0,186.0,181.0,182.0,179.0,183.0,195.0,194.0,191.0,185.0,180.0,181.0,179.0,168.0,189.0,193.0,188.0,192.0,209.0,210.0,208.0,204.0,201.0,190.0,197.0,192.0,177.0,180.0,189.0,197.0,204.0,209.0,205.0,124.0,63.0,31.0,47.0,31.0,49.0,37.0,25.0,34.0,28.0,22.0,17.0,19.0,59.0,87.0,100.0,114.0
112.0,100.0,117.0,95.0,215.0,247.0,234.0,242.0,255.0,228.0,213.0,197.0,185.0,184.0,183.0,#2,184.0,192.0,181.0,190.0,#3,186.0,187.0,181.0,184.0,183.0,177.0,170.0,162.0,177.0,170.0,178.0,176.0,171.0,179.0,180.0,177.0,174.0,173.0,174.0,173.0,172.0,171.0,174.0,171.0,170.0,173.0,176.0,184.0,188.0,#2,180.0,177.0,173.0,169.0,167.0,162.0,173.0,169.0,173.0,164.0,179.0,180.0,184.0,186.0,197.0,195.0,190.0,177.0,175.0,#2,173.0,175.0,187.0,194.0,203.0,205.0,212.0,201.0,163.0,97.0,59.0,36.0,31.0,34.0,41.0,47.0,33.0,32.0,28.0,62.0,86.0,95.0,111.0
112.0,100.0,133.0,237.0,234.0,244.0,242.0,238.0,190.0,165.0,172.0,170.0,155.0,#2,160.0,149.0,150.0,151.0,162.0,161.0,150.0,149.0,147.0,146.0,#2,148.0,143.0,134.0,139.0,144.0,134.0,135.0,155.0,156.0,168.0,174.0,163.0,152.0,147.0,157.0,146.0,148.0,151.0,153.0,162.0,155.0,150.0,154.0,172.0,165.0,159.0,160.0,155.0,154.0,152.0,151.0,148.0,152.0,150.0,142.0,153.0,173.0,167.0,174.0,176.0,181.0,187.0,184.0,183.0,181.0,173.0,169.0,171.0,#2,178.0,181.0,190.0,199.0,205.0,200.0,198.0,214.0,182.0,77.0,56.0,59.0,57.0,56.0,40.0,37.0,62.0,72.0,73.0,81.0,107.0
111.0,177.0,231.0,244.0,240.0,237.0,238.0,201.0,157.0,134.0,121.0,126.0,130.0,132.0,133.0,130.0,125.0,137.0,164.0,163.0,117.0,119.0,121.0,124.0,119.0,124.0,129.0,127.0,120.0,129.0,146.0,127.0,149.0,186.0,207.0,206.0,187.0,158.0,133.0,136.0,#2,148.0,149.0,150.0,#2,156.0,152.0,146.0,139.0,136.0,#4,134.0,#2,135.0,132.0,135.0,140.0,150.0,157.0,155.0,160.0,152.0,162.0,160.0,175.0,#2,176.0,177.0,#2,175.0,173.0,179.0,178.0,175.0,177.0,186.0,196.0,206.0,202.0,210.0,231.0,203.0,194.0,151.0,93.0,54.0,45.0,49.0,51.0,#2,52.0,92.0,103.0
220.0,235.0,244.0,234.0,233.0,223.0,209.0,139.0,117.0,111.0,107.0,109.0,102.0,99.0,121.0,101.0,85.0,99.0,126.0,113.0,116.0,122.0,108.0,117.0,100.0,128.0,121.0,#2,114.0,124.0,211.0,106.0,219.0,232.0,231.0,232.0,206.0,203.0,150.0,141.0,126.0,139.0,128.0,141.0,123.0,139.0,132.0,121.0,137.0,127.0,133.0,122.0,133.0,127.0,131.0,125.0,129.0,131.0,133.0,142.0,149.0,146.0,138.0,154.0,143.0,177.0,#4,162.0,164.0,170.0,176.0,174.0,173.0,169.0,171.0,182.0,184.0,187.0,191.0,195.0,196.0,199.0,203.0,207.0,212.0,205.0,196.0,123.0,56.0,51.0,60.0,74.0,99.0
243.0,239.0,231.0,223.0,218.0,224.0,168.0,108.0,111.0,103.0,96.0,95.0,93.0,88.0,94.0,89.0,97.0,105.0,149.0,117.0,157.0,137.0,138.0,121.0,131.0,103.0,110.0,104.0,127.0,192.0,182.0,208.0,225.0,235.0,231.0,233.0,226.0,206.0,158.0,114.0,127.0,115.0,116.0,#2,129.0,#2,116.0,110.0,116.0,112.0,119.0,116.0,121.0,116.0,122.0,117.0,128.0,126.0,130.0,129.0,130.0,134.0,148.0,139.0,141.0,151.0,#3,150.0,157.0,162.0,165.0,167.0,170.0,164.0,169.0,175.0,176.0,180.0,182.0,185.0,187.0,189.0,193.0,199.0,204.0,214.0,207.0,205.0,209.0,208.0,156.0,78.0,48.0,93.0
235.0,225.0,218.0,222.0,213.0,189.0,118.0,100.0,97.0,90.0,#2,83.0,89.0,95.0,85.0,99.0,122.0,142.0,227.0,208.0,195.0,132.0,127.0,134.0,159.0,175.0,125.0,194.0,206.0,224.0,225.0,227.0,230.0,233.0,225.0,230.0,238.0,210.0,126.0,127.0,106.0,116.0,102.0,111.0,101.0,109.0,103.0,104.0,94.0,97.0,100.0,105.0,107.0,103.0,112.0,108.0,118.0,117.0,132.0,126.0,129.0,134.0,131.0,149.0,162.0,161.0,#3,151.0,156.0,159.0,157.0,160.0,166.0,#2,171.0,179.0,176.0,#4,179.0,185.0,187.0,190.0,192.0,180.0,202.0,200.0,#2,201.0,199.0,211.0,158.0,90.0
