#54,255.0,251.0,50.0,168.0,#28,255.0,247.0,253.0,252.0,#2,255.0
#54,255.0,250.0,49.0,152.0,#28,255.0,250.0,254.0,253.0,#2,255.0
#54,255.0,249.0,46.0,124.0,#30,255.0,254.0,253.0,255.0
#54,255.0,249.0,44.0,100.0,#31,255.0,250.0,255.0
#55,255.0,48.0,58.0,#29,255.0,249.0,252.0,#2,255.0
#55,255.0,50.0,54.0,#30,255.0,253.0,254.0,253.0
#55,255.0,55.0,47.0,#28,255.0,246.0,254.0,255.0,249.0,252.0
#55,255.0,59.0,41.0,#28,255.0,253.0,245.0,#2,255.0,209.0
#54,255.0,251.0,77.0,39.0,#20,255.0,#2,253.0,#2,255.0,250.0,255.0,253.0,#2,255.0,252.0,178.0,90.0,63.0
#54,255.0,252.0,93.0,41.0,#22,255.0,249.0,255.0,246.0,255.0,247.0,235.0,125.0,94.0,60.0,44.0,39.0
#55,255.0,120.0,44.0,#20,255.0,247.0,255.0,246.0,#2,255.0,188.0,#2,85.0,53.0,49.0,35.0,59.0,231.0
#55,255.0,144.0,47.0,#20,255.0,252.0,255.0,252.0,152.0,60.0,64.0,45.0,53.0,47.0,144.0,252.0,#2,255.0
#53,255.0,252.0,255.0,173.0,54.0,#13,255.0,250.0,251.0,248.0,242.0,#2,255.0,254.0,220.0,103.0,64.0,54.0,47.0,34.0,76.0,225.0,#5,255.0
#53,255.0,252.0,255.0,184.0,55.0,#13,255.0,252.0,250.0,240.0,253.0,255.0,171.0,83.0,49.0,45.0,29.0,42.0,174.0,255.0,247.0,251.0,#5,255.0
#53,255.0,253.0,255.0,204.0,56.0,#13,255.0,245.0,255.0,236.0,112.0,63.0,58.0,54.0,36.0,67.0,238.0,245.0,255.0,243.0,255.0,247.0,#5,255.0
#53,255.0,253.0,252.0,220.0,57.0,#13,255.0,208.0,92.0,64.0,49.0,48.0,38.0,163.0,255.0,251.0,253.0,252.0,255.0,244.0,255.0,253.0,#5,255.0
#53,255.0,254.0,251.0,228.0,50.0,247.0,246.0,249.0,255.0,241.0,255.0,249.0,254.0,252.0,254.0,255.0,166.0,70.0,56.0,53.0,38.0,85.0,237.0,255.0,247.0,#11,255.0,254.0,255.0
#53,255.0,250.0,255.0,241.0,50.0,231.0,255.0,252.0,253.0,238.0,#3,255.0,225.0,121.0,60.0,53.0,55.0,17.0,165.0,#14,255.0,249.0,250.0,#2,255.0
#56,255.0,58.0,210.0,#5,255.0,193.0,94.0,67.0,44.0,33.0,80.0,241.0,251.0,248.0,#14,255.0,254.0,253.0,255.0,238.0
#54,255.0,244.0,239.0,52.0,201.0,254.0,255.0,242.0,143.0,74.0,69.0,41.0,31.0,155.0,255.0,244.0,248.0,#2,255.0,251.0,#3,255.0,253.0,#8,255.0,252.0,255.0,254.0,210.0,213.0
#49,255.0,247.0,255.0,252.0,251.0,247.0,255.0,60.0,52.0,187.0,227.0,100.0,74.0,50.0,38.0,72.0,234.0,#14,255.0,247.0,255.0,242.0,#3,255.0,233.0,226.0,222.0,228.0,219.0
#50,255.0,253.0,251.0,255.0,244.0,255.0,55.0,56.0,75.0,48.0,49.0,37.0,170.0,255.0,254.0,245.0,#12,255.0,246.0,#2,255.0,251.0,#2,255.0,224.0,225.0,223.0,227.0,232.0,#2,233.0
#49,255.0,254.0,245.0,#3,255.0,156.0,47.0,55.0,66.0,62.0,225.0,248.0,255.0,241.0,255.0,249.0,#12,255.0,254.0,248.0,252.0,242.0,210.0,236.0,224.0,226.0,227.0,233.0,234.0,227.0,223.0
#49,255.0,246.0,255.0,224.0,106.0,76.0,71.0,67.0,43.0,143.0,#4,255.0,241.0,255.0,252.0,#13,255.0,182.0,195.0,199.0,#2,178.0,156.0,153.0,142.0,132.0,118.0,109.0,108.0
#13,255.0,253.0,#7,255.0,254.0,255.0,251.0,255.0,253.0,250.0,246.0,255.0,251.0,255.0,246.0,#9,255.0,248.0,254.0,#4,255.0,253.0,250.0,173.0,74.0,67.0,54.0,26.0,180.0,46.0,33.0,108.0,#2,252.0,#17,255.0,194.0,119.0,134.0,121.0,113.0,139.0,154.0,135.0,130.0,92.0,102.0,84.0,58.0
#14,255.0,#2,251.0,249.0,255.0,244.0,248.0,253.0,#2,255.0,238.0,199.0,86.0,5.0,12.0,44.0,182.0,237.0,#10,255.0,249.0,#2,255.0,250.0,255.0,238.0,144.0,63.0,46.0,59.0,86.0,#3,255.0,50.0,48.0,97.0,254.0,252.0,#17,255.0,245.0,164.0,187.0,228.0,96.0,87.0,78.0,77.0,70.0,83.0,80.0,86.0,77.0
#16,255.0,251.0,250.0,241.0,253.0,224.0,148.0,11.0,36.0,29.0,25.0,22.0,27.0,18.0,125.0,128.0,204.0,250.0,#7,255.0,254.0,255.0,250.0,255.0,212.0,89.0,44.0,55.0,44.0,165.0,#2,255.0,249.0,#2,255.0,47.0,50.0,79.0,255.0,251.0,#18,255.0,237.0,194.0,216.0,128.0,116.0,109.0,118.0,115.0,118.0,111.0,109.0,112.0
#16,255.0,251.0,142.0,108.0,#2,98.0,115.0,128.0,42.0,29.0,27.0,25.0,14.0,26.0,24.0,147.0,238.0,255.0,252.0,#5,255.0,254.0,253.0,245.0,191.0,101.0,51.0,47.0,78.0,255.0,244.0,252.0,255.0,254.0,255.0,254.0,255.0,48.0,39.0,63.0,255.0,250.0,253.0,#17,255.0,247.0,255.0,213.0,133.0,141.0,145.0,138.0,131.0,134.0,135.0,137.0,141.0
255.0,#2,252.0,251.0,254.0,#2,255.0,251.0,255.0,251.0,255.0,247.0,255.0,252.0,248.0,155.0,166.0,122.0,116.0,123.0,54.0,62.0,#2,37.0,23.0,24.0,37.0,18.0,23.0,26.0,13.0,156.0,205.0,255.0,250.0,251.0,#2,255.0,253.0,254.0,134.0,80.0,47.0,44.0,168.0,250.0,#2,254.0,250.0,#6,255.0,41.0,43.0,42.0,254.0,#3,255.0,#2,254.0,#2,255.0,250.0,#3,255.0,204.0,#2,255.0,251.0,248.0,254.0,255.0,254.0,247.0,255.0,235.0,143.0,152.0,149.0,153.0,145.0,157.0,145.0,148.0,130.0
#4,255.0,254.0,#2,255.0,254.0,221.0,255.0,219.0,156.0,87.0,108.0,118.0,131.0,119.0,114.0,149.0,140.0,96.0,11.0,21.0,31.0,23.0,26.0,21.0,22.0,83.0,129.0,130.0,160.0,144.0,183.0,249.0,246.0,255.0,230.0,94.0,60.0,37.0,87.0,253.0,#2,255.0,248.0,#2,255.0,253.0,#2,255.0,254.0,253.0,251.0,254.0,46.0,51.0,39.0,247.0,251.0,255.0,#3,252.0,250.0,255.0,252.0,253.0,248.0,231.0,189.0,229.0,#3,255.0,#2,253.0,254.0,249.0,255.0,208.0,159.0,163.0,151.0,147.0,177.0,152.0,150.0,162.0,107.0
255.0,251.0,252.0,255.0,248.0,255.0,159.0,91.0,82.0,116.0,89.0,84.0,108.0,74.0,113.0,118.0,#2,122.0,123.0,137.0,142.0,58.0,22.0,20.0,21.0,27.0,22.0,32.0,27.0,36.0,15.0,140.0,148.0,255.0,244.0,185.0,55.0,46.0,39.0,188.0,#2,255.0,251.0,255.0,252.0,255.0,254.0,#6,255.0,243.0,246.0,#2,47.0,38.0,109.0,99.0,132.0,135.0,136.0,130.0,117.0,126.0,120.0,#2,127.0,121.0,117.0,129.0,131.0,101.0,119.0,118.0,133.0,167.0,175.0,147.0,162.0,166.0,171.0,#2,163.0,166.0,163.0,160.0,170.0,29.0
254.0,220.0,225.0,249.0,255.0,134.0,99.0,113.0,107.0,53.0,44.0,64.0,102.0,87.0,104.0,107.0,114.0,134.0,140.0,135.0,104.0,25.0,26.0,31.0,92.0,120.0,22.0,39.0,124.0,107.0,111.0,126.0,231.0,126.0,51.0,54.0,87.0,239.0,229.0,231.0,227.0,163.0,122.0,119.0,98.0,118.0,148.0,190.0,215.0,#2,210.0,209.0,208.0,201.0,214.0,42.0,53.0,30.0,91.0,115.0,134.0,98.0,113.0,126.0,125.0,129.0,122.0,128.0,126.0,121.0,109.0,119.0,136.0,99.0,127.0,121.0,144.0,129.0,131.0,121.0,123.0,169.0,172.0,160.0,157.0,169.0,157.0,175.0,155.0,35.0
255.0,250.0,226.0,240.0,205.0,11.0,0.0,154.0,58.0,29.0,51.0,#2,97.0,95.0,100.0,#2,106.0,124.0,131.0,150.0,#2,29.0,26.0,17.0,116.0,129.0,27.0,28.0,42.0,103.0,117.0,131.0,141.0,26.0,180.0,241.0,221.0,230.0,217.0,213.0,139.0,116.0,105.0,114.0,107.0,105.0,102.0,106.0,165.0,#2,218.0,200.0,203.0,208.0,213.0,51.0,56.0,33.0,89.0,121.0,116.0,97.0,108.0,119.0,120.0,128.0,118.0,125.0,122.0,121.0,112.0,129.0,134.0,110.0,117.0,122.0,120.0,125.0,107.0,83.0,74.0,53.0,49.0,43.0,40.0,42.0,55.0,72.0,118.0,76.0
253.0,238.0,251.0,194.0,23.0,29.0,180.0,191.0,58.0,31.0,102.0,119.0,89.0,93.0,96.0,108.0,113.0,125.0,142.0,81.0,#2,20.0,10.0,23.0,79.0,55.0,26.0,28.0,33.0,30.0,131.0,117.0,118.0,213.0,223.0,222.0,240.0,211.0,230.0,213.0,113.0,124.0,145.0,174.0,167.0,140.0,123.0,139.0,146.0,165.0,#2,179.0,176.0,188.0,175.0,58.0,61.0,41.0,114.0,142.0,129.0,120.0,113.0,103.0,98.0,75.0,82.0,63.0,59.0,70.0,117.0,55.0,135.0,146.0,154.0,165.0,173.0,169.0,184.0,173.0,118.0,172.0,170.0,165.0,159.0,155.0,152.0,162.0,141.0,71.0
223.0,255.0,87.0,181.0,20.0,8.0,180.0,17.0,48.0,57.0,120.0,92.0,88.0,83.0,104.0,116.0,121.0,135.0,134.0,9.0,26.0,21.0,26.0,24.0,18.0,20.0,24.0,25.0,29.0,24.0,46.0,142.0,162.0,121.0,143.0,149.0,90.0,87.0,71.0,85.0,67.0,#2,92.0,66.0,70.0,#2,84.0,102.0,119.0,117.0,104.0,#2,95.0,90.0,88.0,44.0,70.0,27.0,93.0,98.0,103.0,129.0,121.0,116.0,120.0,119.0,110.0,111.0,105.0,130.0,125.0,43.0,146.0,115.0,112.0,115.0,127.0,125.0,128.0,133.0,100.0,144.0,153.0,#2,162.0,169.0,160.0,165.0,98.0,116.0
189.0,217.0,195.0,185.0,14.0,60.0,189.0,0.0,33.0,68.0,109.0,86.0,96.0,114.0,42.0,110.0,126.0,124.0,130.0,106.0,27.0,19.0,14.0,28.0,7.0,16.0,23.0,31.0,14.0,22.0,74.0,107.0,54.0,63.0,192.0,114.0,131.0,133.0,149.0,131.0,110.0,81.0,77.0,76.0,64.0,75.0,92.0,93.0,109.0,118.0,117.0,130.0,125.0,#2,116.0,59.0,69.0,30.0,143.0,158.0,149.0,164.0,163.0,156.0,148.0,151.0,149.0,#2,152.0,146.0,155.0,49.0,159.0,152.0,161.0,164.0,#2,156.0,159.0,165.0,107.0,168.0,176.0,179.0,#2,169.0,179.0,158.0,75.0,104.0
205.0,248.0,247.0,139.0,33.0,65.0,76.0,52.0,27.0,28.0,71.0,98.0,95.0,32.0,27.0,102.0,128.0,45.0,6.0,54.0,8.0,41.0,#2,23.0,22.0,21.0,20.0,30.0,15.0,24.0,108.0,17.0,23.0,34.0,72.0,165.0,95.0,114.0,129.0,106.0,116.0,157.0,81.0,176.0,150.0,156.0,150.0,157.0,151.0,147.0,140.0,145.0,143.0,158.0,143.0,58.0,75.0,42.0,175.0,170.0,164.0,165.0,#2,173.0,152.0,168.0,161.0,156.0,160.0,164.0,168.0,38.0,159.0,158.0,#2,169.0,#2,156.0,163.0,151.0,93.0,148.0,154.0,#2,161.0,157.0,150.0,149.0,72.0,106.0
111.0,99.0,97.0,95.0,36.0,53.0,85.0,60.0,26.0,24.0,21.0,101.0,77.0,#2,25.0,78.0,112.0,25.0,31.0,110.0,69.0,110.0,18.0,23.0,#2,22.0,#2,28.0,103.0,29.0,30.0,18.0,15.0,134.0,16.0,43.0,80.0,130.0,126.0,121.0,122.0,146.0,78.0,177.0,161.0,164.0,158.0,165.0,159.0,167.0,159.0,164.0,162.0,165.0,153.0,63.0,82.0,29.0,163.0,160.0,155.0,145.0,152.0,151.0,129.0,167.0,162.0,158.0,159.0,169.0,172.0,42.0,163.0,165.0,154.0,171.0,151.0,152.0,161.0,154.0,100.0,144.0,150.0,#2,157.0,165.0,160.0,157.0,92.0,108.0
110.0,93.0,85.0,113.0,48.0,59.0,73.0,67.0,20.0,26.0,23.0,29.0,79.0,16.0,76.0,101.0,88.0,20.0,28.0,65.0,83.0,16.0,22.0,23.0,#2,22.0,42.0,67.0,96.0,25.0,24.0,19.0,30.0,134.0,47.0,11.0,18.0,82.0,127.0,97.0,118.0,134.0,76.0,176.0,173.0,172.0,166.0,173.0,168.0,170.0,163.0,168.0,166.0,172.0,164.0,65.0,88.0,38.0,174.0,173.0,170.0,163.0,168.0,164.0,140.0,#2,173.0,171.0,168.0,169.0,172.0,42.0,163.0,159.0,165.0,163.0,145.0,160.0,169.0,159.0,104.0,153.0,160.0,#2,166.0,167.0,164.0,157.0,114.0,129.0
115.0,109.0,123.0,119.0,142.0,65.0,121.0,103.0,92.0,12.0,#2,18.0,86.0,54.0,109.0,113.0,22.0,18.0,22.0,21.0,62.0,83.0,#2,23.0,#2,22.0,25.0,80.0,117.0,19.0,21.0,29.0,63.0,131.0,44.0,27.0,19.0,9.0,73.0,121.0,137.0,132.0,80.0,174.0,177.0,173.0,167.0,174.0,#2,169.0,162.0,167.0,165.0,172.0,168.0,62.0,88.0,40.0,177.0,179.0,178.0,168.0,172.0,166.0,140.0,167.0,171.0,170.0,164.0,175.0,178.0,48.0,169.0,#3,162.0,141.0,169.0,175.0,161.0,101.0,163.0,170.0,#2,177.0,167.0,166.0,156.0,#2,131.0
84.0,78.0,104.0,133.0,145.0,67.0,110.0,115.0,86.0,32.0,19.0,21.0,13.0,136.0,128.0,123.0,26.0,38.0,34.0,24.0,44.0,63.0,23.0,13.0,21.0,15.0,20.0,29.0,132.0,24.0,13.0,21.0,125.0,132.0,50.0,17.0,25.0,12.0,15.0,65.0,116.0,143.0,78.0,135.0,177.0,174.0,166.0,174.0,167.0,179.0,173.0,171.0,177.0,#2,183.0,71.0,97.0,41.0,183.0,180.0,173.0,169.0,172.0,161.0,143.0,166.0,#2,169.0,164.0,179.0,174.0,53.0,160.0,146.0,156.0,154.0,133.0,#2,139.0,147.0,97.0,144.0,146.0,150.0,154.0,166.0,145.0,164.0,132.0,124.0
141.0,143.0,140.0,108.0,135.0,64.0,142.0,141.0,121.0,31.0,28.0,20.0,16.0,34.0,129.0,117.0,56.0,28.0,109.0,102.0,71.0,66.0,30.0,24.0,29.0,51.0,24.0,117.0,29.0,25.0,22.0,89.0,133.0,140.0,41.0,19.0,24.0,17.0,22.0,27.0,63.0,129.0,68.0,101.0,149.0,153.0,154.0,166.0,164.0,168.0,169.0,167.0,162.0,170.0,165.0,65.0,95.0,40.0,172.0,168.0,165.0,163.0,169.0,162.0,153.0,164.0,#2,167.0,162.0,182.0,169.0,52.0,159.0,157.0,165.0,163.0,146.0,139.0,153.0,156.0,88.0,156.0,155.0,153.0,152.0,154.0,151.0,147.0,146.0,103.0
124.0,112.0,98.0,104.0,98.0,69.0,109.0,107.0,115.0,43.0,19.0,61.0,27.0,44.0,132.0,119.0,107.0,105.0,92.0,78.0,98.0,109.0,62.0,23.0,26.0,36.0,19.0,137.0,37.0,30.0,120.0,130.0,133.0,141.0,25.0,23.0,#2,27.0,26.0,30.0,22.0,123.0,83.0,118.0,82.0,127.0,140.0,142.0,131.0,120.0,129.0,138.0,136.0,138.0,133.0,58.0,91.0,35.0,148.0,145.0,147.0,149.0,156.0,149.0,152.0,161.0,#2,164.0,159.0,166.0,173.0,48.0,143.0,156.0,160.0,157.0,145.0,141.0,154.0,148.0,93.0,158.0,157.0,155.0,154.0,162.0,151.0,160.0,161.0,54.0
122.0,108.0,119.0,131.0,71.0,95.0,107.0,91.0,94.0,82.0,26.0,110.0,97.0,124.0,134.0,115.0,106.0,97.0,96.0,#2,93.0,105.0,15.0,21.0,19.0,100.0,51.0,122.0,111.0,142.0,121.0,134.0,137.0,127.0,11.0,26.0,23.0,20.0,26.0,25.0,28.0,21.0,91.0,178.0,187.0,155.0,152.0,132.0,135.0,134.0,131.0,129.0,132.0,140.0,132.0,64.0,82.0,29.0,127.0,125.0,131.0,122.0,125.0,112.0,120.0,132.0,#2,135.0,130.0,144.0,133.0,57.0,124.0,111.0,107.0,95.0,81.0,73.0,63.0,49.0,45.0,47.0,57.0,73.0,87.0,103.0,111.0,122.0,125.0,95.0
137.0,146.0,126.0,123.0,153.0,87.0,103.0,113.0,109.0,103.0,26.0,66.0,106.0,131.0,#2,130.0,98.0,82.0,105.0,104.0,97.0,43.0,40.0,22.0,11.0,12.0,119.0,137.0,133.0,143.0,115.0,76.0,110.0,117.0,39.0,44.0,6.0,31.0,20.0,9.0,27.0,#2,15.0,113.0,133.0,122.0,131.0,141.0,157.0,136.0,113.0,144.0,139.0,144.0,135.0,65.0,81.0,37.0,#2,104.0,114.0,100.0,109.0,117.0,116.0,112.0,118.0,122.0,116.0,104.0,118.0,53.0,101.0,108.0,124.0,#2,125.0,#2,113.0,114.0,#2,115.0,126.0,122.0,130.0,144.0,142.0,120.0,136.0,64.0
90.0,88.0,87.0,103.0,109.0,96.0,67.0,50.0,57.0,68.0,32.0,89.0,78.0,103.0,131.0,132.0,126.0,114.0,124.0,103.0,87.0,110.0,16.0,44.0,95.0,100.0,139.0,#2,123.0,112.0,68.0,27.0,69.0,53.0,14.0,34.0,21.0,9.0,16.0,17.0,25.0,20.0,27.0,12.0,139.0,115.0,190.0,176.0,165.0,177.0,187.0,172.0,178.0,153.0,158.0,56.0,84.0,37.0,166.0,172.0,165.0,#2,158.0,153.0,144.0,139.0,130.0,125.0,130.0,127.0,131.0,44.0,119.0,118.0,115.0,101.0,104.0,#2,120.0,119.0,118.0,119.0,118.0,120.0,110.0,115.0,#2,104.0,106.0,71.0
76.0,69.0,97.0,76.0,100.0,96.0,82.0,94.0,79.0,105.0,48.0,8.0,11.0,56.0,129.0,130.0,107.0,#2,113.0,109.0,93.0,83.0,68.0,66.0,68.0,113.0,91.0,78.0,122.0,18.0,21.0,32.0,30.0,24.0,0.0,57.0,99.0,22.0,19.0,15.0,22.0,25.0,29.0,81.0,152.0,127.0,183.0,187.0,181.0,179.0,168.0,180.0,174.0,171.0,172.0,61.0,82.0,43.0,182.0,166.0,180.0,178.0,177.0,176.0,177.0,175.0,174.0,168.0,158.0,159.0,157.0,52.0,154.0,143.0,156.0,154.0,151.0,143.0,138.0,129.0,121.0,126.0,110.0,114.0,115.0,113.0,122.0,114.0,110.0,126.0
83.0,78.0,110.0,120.0,110.0,118.0,111.0,118.0,#2,107.0,35.0,23.0,45.0,122.0,121.0,118.0,78.0,76.0,91.0,95.0,89.0,90.0,0.0,13.0,69.0,65.0,62.0,44.0,97.0,37.0,21.0,12.0,39.0,16.0,144.0,153.0,22.0,11.0,18.0,12.0,52.0,71.0,81.0,99.0,107.0,131.0,144.0,164.0,175.0,170.0,185.0,171.0,172.0,186.0,179.0,123.0,75.0,27.0,186.0,175.0,159.0,155.0,157.0,168.0,184.0,163.0,157.0,146.0,134.0,146.0,153.0,53.0,157.0,138.0,142.0,140.0,154.0,160.0,156.0,148.0,142.0,144.0,160.0,164.0,157.0,162.0,153.0,158.0,141.0,135.0
68.0,53.0,74.0,59.0,74.0,89.0,99.0,105.0,101.0,128.0,85.0,45.0,105.0,108.0,121.0,108.0,101.0,88.0,64.0,65.0,76.0,74.0,69.0,60.0,75.0,64.0,48.0,43.0,104.0,113.0,53.0,104.0,30.0,40.0,139.0,100.0,0.0,27.0,17.0,15.0,28.0,79.0,87.0,111.0,116.0,92.0,95.0,154.0,124.0,135.0,152.0,136.0,150.0,173.0,193.0,152.0,69.0,36.0,155.0,162.0,165.0,166.0,178.0,179.0,185.0,179.0,168.0,162.0,172.0,154.0,159.0,53.0,160.0,154.0,133.0,142.0,131.0,147.0,141.0,150.0,159.0,165.0,143.0,98.0,104.0,144.0,142.0,139.0,136.0,127.0
80.0,74.0,77.0,91.0,93.0,98.0,125.0,139.0,130.0,133.0,105.0,73.0,113.0,110.0,105.0,133.0,123.0,117.0,79.0,75.0,76.0,75.0,73.0,#2,71.0,59.0,50.0,32.0,96.0,144.0,149.0,116.0,7.0,134.0,101.0,81.0,20.0,14.0,16.0,35.0,72.0,108.0,132.0,124.0,105.0,36.0,0.0,120.0,114.0,113.0,122.0,128.0,129.0,126.0,128.0,167.0,75.0,38.0,135.0,139.0,143.0,141.0,155.0,157.0,163.0,169.0,162.0,160.0,167.0,166.0,145.0,97.0,146.0,134.0,154.0,139.0,167.0,163.0,#2,156.0,160.0,164.0,146.0,144.0,132.0,114.0,112.0,109.0,106.0,96.0
88.0,101.0,103.0,100.0,101.0,102.0,114.0,116.0,154.0,142.0,115.0,52.0,107.0,108.0,125.0,133.0,105.0,107.0,79.0,30.0,109.0,126.0,133.0,117.0,125.0,83.0,63.0,41.0,77.0,139.0,154.0,156.0,169.0,123.0,114.0,17.0,5.0,89.0,102.0,108.0,101.0,81.0,121.0,143.0,121.0,57.0,85.0,79.0,99.0,90.0,87.0,97.0,80.0,95.0,94.0,63.0,56.0,48.0,103.0,100.0,109.0,125.0,135.0,129.0,124.0,118.0,130.0,138.0,130.0,136.0,119.0,134.0,143.0,126.0,145.0,116.0,130.0,133.0,129.0,126.0,#2,129.0,127.0,110.0,107.0,108.0,106.0,103.0,100.0,108.0
98.0,91.0,100.0,107.0,108.0,110.0,111.0,148.0,100.0,#2,136.0,104.0,103.0,106.0,125.0,99.0,106.0,116.0,67.0,87.0,132.0,124.0,#2,117.0,116.0,93.0,48.0,55.0,63.0,135.0,140.0,156.0,162.0,#2,115.0,64.0,110.0,194.0,167.0,145.0,150.0,165.0,156.0,130.0,134.0,126.0,121.0,75.0,81.0,93.0,92.0,99.0,93.0,72.0,#2,91.0,46.0,24.0,66.0,67.0,57.0,77.0,86.0,77.0,65.0,74.0,84.0,92.0,90.0,88.0,110.0,113.0,126.0,118.0,107.0,117.0,121.0,125.0,126.0,122.0,127.0,#2,138.0,111.0,101.0,97.0,96.0,92.0,90.0,95.0
98.0,105.0,111.0,121.0,138.0,150.0,132.0,104.0,103.0,122.0,136.0,104.0,93.0,104.0,95.0,91.0,96.0,104.0,123.0,105.0,106.0,113.0,111.0,103.0,102.0,76.0,36.0,62.0,39.0,129.0,145.0,161.0,151.0,112.0,122.0,136.0,127.0,155.0,167.0,141.0,159.0,142.0,#2,132.0,155.0,161.0,92.0,68.0,86.0,78.0,72.0,75.0,52.0,49.0,62.0,45.0,54.0,49.0,53.0,68.0,39.0,50.0,43.0,50.0,44.0,66.0,47.0,#2,67.0,63.0,71.0,82.0,68.0,57.0,60.0,45.0,78.0,73.0,107.0,111.0,93.0,102.0,76.0,68.0,86.0,76.0,86.0,63.0,73.0,67.0
103.0,133.0,137.0,144.0,140.0,175.0,130.0,108.0,97.0,78.0,124.0,109.0,110.0,125.0,89.0,87.0,68.0,76.0,95.0,98.0,84.0,#2,85.0,99.0,94.0,95.0,70.0,77.0,79.0,141.0,142.0,156.0,159.0,117.0,77.0,74.0,89.0,95.0,58.0,70.0,83.0,85.0,107.0,136.0,146.0,136.0,67.0,46.0,23.0,52.0,72.0,51.0,43.0,76.0,88.0,57.0,51.0,44.0,57.0,44.0,50.0,44.0,47.0,50.0,53.0,85.0,109.0,51.0,75.0,102.0,#2,43.0,35.0,60.0,57.0,55.0,39.0,59.0,76.0,41.0,72.0,62.0,64.0,59.0,76.0,63.0,52.0,50.0,63.0,59.0
105.0,117.0,139.0,92.0,124.0,121.0,126.0,147.0,116.0,142.0,145.0,97.0,109.0,122.0,51.0,83.0,77.0,109.0,111.0,114.0,117.0,97.0,101.0,82.0,105.0,113.0,96.0,87.0,92.0,129.0,140.0,150.0,158.0,110.0,64.0,82.0,93.0,94.0,54.0,40.0,114.0,92.0,99.0,111.0,122.0,114.0,113.0,62.0,71.0,#2,55.0,39.0,65.0,68.0,45.0,121.0,57.0,41.0,60.0,57.0,46.0,48.0,96.0,75.0,62.0,55.0,58.0,52.0,55.0,#2,77.0,80.0,97.0,102.0,112.0,123.0,129.0,123.0,124.0,140.0,108.0,120.0,86.0,118.0,109.0,107.0,120.0,109.0,96.0,76.0
106.0,76.0,104.0,68.0,94.0,110.0,126.0,143.0,171.0,144.0,101.0,88.0,98.0,90.0,115.0,86.0,97.0,103.0,113.0,111.0,88.0,101.0,106.0,103.0,110.0,103.0,105.0,108.0,91.0,126.0,141.0,147.0,143.0,87.0,75.0,79.0,95.0,83.0,58.0,68.0,96.0,106.0,97.0,56.0,63.0,73.0,104.0,44.0,104.0,163.0,101.0,100.0,79.0,60.0,133.0,127.0,105.0,60.0,98.0,84.0,81.0,64.0,58.0,94.0,97.0,132.0,102.0,109.0,94.0,59.0,112.0,95.0,92.0,97.0,81.0,69.0,85.0,87.0,107.0,88.0,146.0,119.0,129.0,133.0,150.0,129.0,123.0,144.0,130.0,120.0
99.0,107.0,#3,99.0,112.0,119.0,124.0,122.0,136.0,100.0,92.0,116.0,112.0,89.0,108.0,110.0,#2,89.0,86.0,83.0,103.0,110.0,120.0,139.0,131.0,116.0,106.0,122.0,113.0,146.0,169.0,150.0,84.0,65.0,70.0,87.0,106.0,42.0,92.0,108.0,98.0,89.0,75.0,65.0,66.0,98.0,121.0,148.0,121.0,131.0,154.0,151.0,150.0,94.0,96.0,102.0,92.0,118.0,109.0,71.0,96.0,120.0,109.0,118.0,112.0,128.0,85.0,107.0,92.0,102.0,104.0,76.0,64.0,107.0,93.0,94.0,96.0,118.0,105.0,126.0,108.0,149.0,#2,143.0,137.0,130.0,79.0,108.0,130.0
97.0,#2,88.0,83.0,79.0,94.0,122.0,128.0,122.0,116.0,83.0,95.0,104.0,119.0,108.0,116.0,109.0,119.0,115.0,114.0,118.0,114.0,134.0,136.0,131.0,136.0,129.0,127.0,133.0,120.0,155.0,141.0,139.0,71.0,81.0,38.0,77.0,93.0,42.0,101.0,118.0,102.0,82.0,#2,65.0,66.0,81.0,116.0,142.0,145.0,143.0,139.0,128.0,115.0,129.0,135.0,104.0,101.0,112.0,122.0,111.0,100.0,111.0,116.0,107.0,125.0,131.0,118.0,135.0,127.0,114.0,120.0,95.0,117.0,89.0,107.0,112.0,99.0,143.0,105.0,97.0,125.0,104.0,130.0,#2,117.0,116.0,111.0,127.0,132.0
90.0,96.0,100.0,88.0,89.0,96.0,107.0,120.0,131.0,107.0,92.0,113.0,133.0,121.0,108.0,119.0,121.0,95.0,111.0,#2,107.0,111.0,108.0,104.0,80.0,108.0,118.0,111.0,126.0,123.0,150.0,155.0,132.0,93.0,64.0,66.0,76.0,74.0,50.0,69.0,60.0,68.0,77.0,70.0,65.0,77.0,76.0,102.0,123.0,130.0,135.0,132.0,123.0,144.0,133.0,#2,120.0,134.0,122.0,127.0,140.0,134.0,130.0,146.0,145.0,135.0,129.0,125.0,133.0,117.0,92.0,121.0,136.0,135.0,102.0,79.0,101.0,74.0,98.0,123.0,132.0,113.0,50.0,80.0,85.0,111.0,133.0,127.0,113.0,100.0
93.0,92.0,104.0,105.0,99.0,100.0,91.0,89.0,121.0,102.0,118.0,135.0,138.0,106.0,121.0,118.0,108.0,100.0,128.0,131.0,119.0,106.0,99.0,92.0,112.0,94.0,116.0,127.0,129.0,130.0,133.0,155.0,111.0,86.0,115.0,112.0,96.0,79.0,49.0,70.0,67.0,64.0,65.0,61.0,65.0,59.0,74.0,95.0,130.0,142.0,#2,130.0,#2,133.0,104.0,115.0,90.0,106.0,128.0,138.0,130.0,120.0,107.0,111.0,127.0,133.0,148.0,116.0,132.0,99.0,109.0,120.0,123.0,103.0,58.0,74.0,79.0,113.0,89.0,112.0,88.0,103.0,128.0,#2,126.0,137.0,124.0,122.0,96.0,93.0
72.0,#2,92.0,81.0,100.0,98.0,92.0,95.0,#2,103.0,128.0,146.0,111.0,97.0,107.0,110.0,101.0,103.0,123.0,138.0,122.0,119.0,99.0,109.0,153.0,106.0,127.0,115.0,121.0,117.0,114.0,143.0,75.0,110.0,118.0,89.0,87.0,73.0,79.0,78.0,75.0,71.0,#2,65.0,59.0,60.0,66.0,86.0,113.0,74.0,93.0,128.0,120.0,128.0,126.0,124.0,97.0,134.0,118.0,128.0,136.0,133.0,121.0,146.0,145.0,101.0,111.0,142.0,113.0,123.0,109.0,100.0,109.0,125.0,145.0,142.0,130.0,126.0,92.0,91.0,117.0,123.0,99.0,120.0,131.0,98.0,101.0,92.0,120.0,111.0
92.0,89.0,103.0,92.0,84.0,79.0,94.0,93.0,102.0,105.0,129.0,162.0,127.0,119.0,140.0,130.0,114.0,127.0,145.0,115.0,127.0,151.0,136.0,130.0,99.0,126.0,130.0,135.0,117.0,114.0,108.0,129.0,113.0,90.0,77.0,65.0,76.0,84.0,78.0,76.0,85.0,84.0,71.0,#2,62.0,60.0,70.0,75.0,110.0,99.0,63.0,94.0,110.0,105.0,114.0,142.0,99.0,87.0,104.0,100.0,114.0,118.0,127.0,122.0,113.0,135.0,127.0,129.0,154.0,95.0,101.0,107.0,109.0,116.0,79.0,93.0,90.0,78.0,140.0,117.0,119.0,96.0,108.0,96.0,111.0,87.0,113.0,123.0,85.0,107.0
106.0,94.0,100.0,109.0,123.0,136.0,118.0,133.0,149.0,111.0,133.0,148.0,105.0,117.0,118.0,134.0,139.0,145.0,134.0,155.0,121.0,126.0,103.0,109.0,117.0,127.0,86.0,76.0,91.0,112.0,104.0,143.0,117.0,111.0,118.0,103.0,70.0,83.0,96.0,85.0,87.0,93.0,82.0,57.0,58.0,59.0,70.0,71.0,102.0,97.0,95.0,99.0,96.0,82.0,72.0,81.0,106.0,116.0,117.0,124.0,112.0,121.0,111.0,103.0,91.0,103.0,99.0,107.0,89.0,134.0,125.0,116.0,114.0,119.0,122.0,99.0,112.0,62.0,121.0,87.0,79.0,94.0,88.0,90.0,98.0,87.0,99.0,86.0,97.0,99.0
98.0,94.0,117.0,103.0,71.0,67.0,72.0,75.0,90.0,114.0,138.0,161.0,99.0,122.0,132.0,101.0,#2,114.0,#2,124.0,122.0,119.0,121.0,115.0,99.0,95.0,#2,72.0,73.0,69.0,123.0,143.0,149.0,114.0,131.0,102.0,92.0,109.0,76.0,86.0,85.0,71.0,57.0,52.0,55.0,61.0,63.0,83.0,94.0,139.0,108.0,110.0,124.0,126.0,113.0,102.0,120.0,122.0,121.0,94.0,102.0,110.0,88.0,120.0,119.0,120.0,131.0,113.0,106.0,113.0,122.0,123.0,109.0,92.0,115.0,122.0,105.0,129.0,120.0,114.0,112.0,104.0,102.0,87.0,120.0,81.0,109.0,124.0,97.0,93.0
101.0,117.0,104.0,72.0,57.0,56.0,55.0,77.0,99.0,105.0,144.0,146.0,#2,131.0,154.0,131.0,94.0,123.0,98.0,115.0,131.0,129.0,146.0,111.0,119.0,122.0,110.0,131.0,98.0,111.0,120.0,122.0,164.0,129.0,86.0,133.0,115.0,124.0,102.0,69.0,68.0,58.0,57.0,50.0,56.0,54.0,62.0,61.0,84.0,107.0,99.0,100.0,114.0,108.0,116.0,113.0,110.0,104.0,100.0,75.0,82.0,101.0,125.0,122.0,117.0,100.0,103.0,121.0,117.0,118.0,121.0,138.0,122.0,139.0,136.0,109.0,111.0,117.0,95.0,112.0,134.0,126.0,#2,121.0,130.0,92.0,99.0,104.0,92.0,90.0
105.0,42.0,59.0,73.0,77.0,73.0,98.0,69.0,80.0,127.0,129.0,132.0,125.0,117.0,141.0,114.0,84.0,81.0,96.0,101.0,123.0,124.0,120.0,106.0,108.0,94.0,106.0,109.0,123.0,118.0,132.0,126.0,147.0,75.0,81.0,108.0,128.0,90.0,83.0,63.0,50.0,47.0,55.0,44.0,49.0,50.0,59.0,62.0,84.0,94.0,106.0,104.0,111.0,126.0,92.0,134.0,122.0,136.0,104.0,74.0,56.0,78.0,87.0,101.0,115.0,101.0,95.0,90.0,103.0,124.0,105.0,116.0,117.0,115.0,123.0,103.0,100.0,98.0,137.0,107.0,117.0,143.0,110.0,114.0,92.0,139.0,106.0,107.0,75.0,90.0
84.0,#2,75.0,81.0,80.0,89.0,98.0,109.0,101.0,104.0,116.0,143.0,148.0,120.0,130.0,144.0,82.0,99.0,107.0,109.0,137.0,180.0,143.0,125.0,113.0,107.0,88.0,111.0,117.0,111.0,106.0,109.0,134.0,119.0,102.0,88.0,113.0,#2,97.0,92.0,70.0,#2,36.0,25.0,28.0,33.0,64.0,90.0,86.0,80.0,93.0,119.0,122.0,116.0,99.0,110.0,116.0,91.0,108.0,113.0,119.0,122.0,112.0,118.0,112.0,98.0,120.0,111.0,126.0,101.0,90.0,117.0,98.0,108.0,135.0,130.0,125.0,107.0,104.0,138.0,136.0,98.0,112.0,114.0,103.0,104.0,111.0,119.0,88.0,89.0
75.0,86.0,102.0,92.0,109.0,98.0,90.0,114.0,88.0,96.0,94.0,117.0,133.0,147.0,#2,114.0,#2,109.0,141.0,125.0,101.0,#2,125.0,115.0,126.0,88.0,81.0,96.0,107.0,81.0,71.0,47.0,138.0,148.0,92.0,108.0,83.0,92.0,94.0,96.0,118.0,92.0,97.0,95.0,97.0,112.0,108.0,112.0,121.0,84.0,100.0,89.0,116.0,94.0,100.0,113.0,124.0,105.0,100.0,120.0,122.0,115.0,102.0,#2,110.0,132.0,107.0,115.0,134.0,131.0,120.0,101.0,93.0,99.0,88.0,69.0,100.0,118.0,90.0,87.0,111.0,#2,80.0,94.0,116.0,120.0,117.0,94.0,79.0,88.0
76.0,85.0,96.0,93.0,96.0,102.0,93.0,88.0,108.0,86.0,95.0,99.0,112.0,135.0,133.0,105.0,112.0,111.0,131.0,119.0,132.0,143.0,122.0,87.0,98.0,76.0,62.0,92.0,99.0,105.0,89.0,51.0,95.0,106.0,132.0,66.0,43.0,84.0,#2,105.0,#2,121.0,99.0,115.0,113.0,103.0,116.0,139.0,110.0,119.0,112.0,140.0,122.0,95.0,136.0,133.0,109.0,96.0,#2,131.0,88.0,113.0,111.0,119.0,92.0,129.0,94.0,132.0,128.0,98.0,103.0,84.0,120.0,128.0,144.0,93.0,94.0,82.0,121.0,79.0,97.0,114.0,109.0,115.0,108.0,111.0,106.0,130.0,105.0,132.0
72.0,79.0,72.0,73.0,62.0,77.0,82.0,103.0,85.0,88.0,76.0,127.0,95.0,120.0,149.0,91.0,107.0,116.0,113.0,103.0,#2,88.0,63.0,66.0,81.0,83.0,109.0,52.0,48.0,77.0,#2,65.0,70.0,71.0,79.0,88.0,56.0,92.0,90.0,78.0,71.0,74.0,102.0,119.0,64.0,105.0,93.0,115.0,118.0,113.0,108.0,103.0,84.0,83.0,96.0,83.0,104.0,134.0,118.0,108.0,136.0,122.0,88.0,111.0,86.0,101.0,115.0,97.0,83.0,120.0,95.0,134.0,117.0,78.0,88.0,116.0,109.0,112.0,119.0,136.0,103.0,86.0,115.0,107.0,124.0,86.0,109.0,121.0,111.0,88.0
80.0,68.0,62.0,93.0,90.0,76.0,54.0,81.0,82.0,76.0,71.0,62.0,61.0,120.0,114.0,68.0,63.0,81.0,70.0,99.0,64.0,68.0,93.0,62.0,85.0,101.0,90.0,96.0,86.0,100.0,71.0,86.0,66.0,55.0,66.0,43.0,88.0,80.0,89.0,115.0,99.0,74.0,95.0,77.0,104.0,81.0,95.0,99.0,88.0,67.0,105.0,83.0,88.0,106.0,#2,66.0,70.0,86.0,96.0,100.0,109.0,119.0,66.0,63.0,65.0,96.0,103.0,41.0,53.0,87.0,77.0,79.0,74.0,89.0,87.0,83.0,102.0,126.0,121.0,136.0,123.0,119.0,87.0,99.0,129.0,113.0,127.0,130.0,121.0,101.0
77.0,76.0,64.0,78.0,84.0,66.0,68.0,84.0,73.0,67.0,61.0,129.0,103.0,120.0,88.0,40.0,53.0,44.0,52.0,64.0,101.0,87.0,108.0,111.0,76.0,118.0,113.0,89.0,98.0,100.0,83.0,84.0,82.0,71.0,32.0,#2,33.0,86.0,116.0,97.0,91.0,106.0,83.0,73.0,80.0,52.0,93.0,100.0,64.0,93.0,84.0,85.0,72.0,76.0,79.0,81.0,68.0,53.0,62.0,#2,94.0,81.0,82.0,110.0,104.0,99.0,97.0,116.0,107.0,98.0,89.0,101.0,118.0,90.0,89.0,#2,87.0,91.0,77.0,95.0,102.0,92.0,77.0,113.0,97.0,110.0,108.0,91.0,90.0,115.0
#2,59.0,67.0,#2,68.0,65.0,61.0,72.0,87.0,61.0,59.0,117.0,127.0,117.0,60.0,56.0,59.0,49.0,85.0,92.0,83.0,114.0,108.0,103.0,104.0,63.0,22.0,38.0,105.0,94.0,70.0,81.0,64.0,45.0,62.0,37.0,32.0,33.0,19.0,48.0,42.0,69.0,66.0,83.0,86.0,53.0,66.0,75.0,72.0,85.0,61.0,99.0,74.0,71.0,62.0,98.0,102.0,71.0,#2,89.0,100.0,82.0,85.0,107.0,133.0,103.0,128.0,#2,91.0,87.0,97.0,92.0,110.0,104.0,120.0,85.0,82.0,81.0,98.0,107.0,82.0,99.0,92.0,63.0,122.0,107.0,82.0,75.0,69.0,60.0
64.0,72.0,63.0,73.0,66.0,59.0,58.0,78.0,85.0,67.0,64.0,84.0,67.0,58.0,40.0,28.0,56.0,62.0,68.0,77.0,95.0,93.0,89.0,93.0,71.0,64.0,50.0,61.0,79.0,85.0,94.0,103.0,64.0,76.0,82.0,92.0,77.0,70.0,57.0,32.0,39.0,78.0,90.0,87.0,80.0,96.0,84.0,70.0,74.0,69.0,82.0,102.0,116.0,100.0,82.0,94.0,93.0,105.0,#2,111.0,119.0,108.0,95.0,91.0,96.0,64.0,69.0,78.0,86.0,97.0,100.0,98.0,111.0,121.0,150.0,139.0,97.0,102.0,116.0,81.0,128.0,111.0,107.0,69.0,79.0,95.0,54.0,111.0,89.0,65.0
72.0,71.0,65.0,67.0,60.0,55.0,72.0,63.0,44.0,#2,50.0,27.0,46.0,38.0,64.0,62.0,58.0,49.0,56.0,#2,77.0,61.0,#2,70.0,64.0,74.0,59.0,54.0,93.0,82.0,89.0,118.0,58.0,70.0,88.0,70.0,65.0,67.0,91.0,62.0,38.0,67.0,61.0,75.0,86.0,68.0,#2,85.0,74.0,79.0,78.0,88.0,102.0,90.0,82.0,89.0,102.0,88.0,89.0,73.0,97.0,120.0,108.0,83.0,110.0,#2,106.0,112.0,100.0,103.0,100.0,91.0,89.0,128.0,108.0,118.0,107.0,106.0,90.0,110.0,94.0,83.0,84.0,85.0,89.0,82.0,103.0,106.0,120.0,89.0
75.0,61.0,58.0,63.0,62.0,61.0,72.0,92.0,69.0,46.0,59.0,51.0,54.0,57.0,#2,70.0,59.0,57.0,62.0,79.0,81.0,90.0,61.0,64.0,69.0,82.0,#2,56.0,67.0,77.0,87.0,90.0,66.0,89.0,71.0,66.0,71.0,80.0,96.0,73.0,48.0,70.0,59.0,71.0,72.0,89.0,#2,59.0,64.0,80.0,76.0,85.0,96.0,80.0,84.0,83.0,101.0,92.0,93.0,87.0,52.0,78.0,74.0,68.0,55.0,59.0,82.0,83.0,#2,89.0,100.0,88.0,85.0,96.0,87.0,58.0,55.0,89.0,79.0,83.0,126.0,102.0,87.0,82.0,64.0,59.0,80.0,91.0,73.0,105.0
75.0,81.0,44.0,56.0,62.0,54.0,65.0,56.0,54.0,49.0,64.0,51.0,53.0,57.0,60.0,69.0,51.0,48.0,58.0,60.0,63.0,66.0,60.0,70.0,67.0,74.0,72.0,56.0,63.0,61.0,66.0,#2,65.0,63.0,81.0,66.0,56.0,65.0,81.0,104.0,88.0,104.0,76.0,71.0,82.0,54.0,47.0,49.0,93.0,88.0,95.0,74.0,95.0,92.0,75.0,79.0,81.0,76.0,62.0,90.0,85.0,89.0,62.0,84.0,46.0,42.0,56.0,83.0,82.0,92.0,99.0,73.0,70.0,82.0,96.0,101.0,133.0,102.0,132.0,106.0,64.0,85.0,101.0,78.0,115.0,80.0,68.0,86.0,95.0,106.0
61.0,55.0,44.0,27.0,51.0,#2,58.0,48.0,61.0,71.0,68.0,58.0,59.0,61.0,62.0,60.0,53.0,58.0,54.0,56.0,59.0,62.0,65.0,75.0,56.0,65.0,74.0,75.0,61.0,44.0,40.0,64.0,63.0,73.0,70.0,57.0,48.0,56.0,75.0,47.0,66.0,84.0,74.0,93.0,70.0,86.0,71.0,67.0,82.0,74.0,75.0,56.0,47.0,75.0,79.0,93.0,90.0,71.0,89.0,61.0,50.0,57.0,54.0,63.0,83.0,81.0,71.0,75.0,89.0,96.0,68.0,78.0,#3,93.0,80.0,52.0,76.0,120.0,103.0,108.0,144.0,136.0,113.0,100.0,72.0,115.0,#2,99.0,105.0
64.0,61.0,#2,51.0,#2,62.0,59.0,57.0,53.0,72.0,62.0,55.0,61.0,57.0,53.0,48.0,52.0,55.0,50.0,52.0,55.0,57.0,55.0,59.0,42.0,38.0,43.0,58.0,37.0,53.0,57.0,65.0,58.0,70.0,67.0,68.0,70.0,72.0,68.0,66.0,88.0,90.0,96.0,46.0,85.0,74.0,83.0,59.0,79.0,67.0,68.0,84.0,75.0,92.0,83.0,#2,70.0,94.0,91.0,74.0,46.0,50.0,58.0,49.0,72.0,62.0,77.0,76.0,89.0,#2,84.0,79.0,75.0,72.0,91.0,108.0,125.0,73.0,82.0,56.0,80.0,107.0,97.0,113.0,91.0,130.0,111.0,101.0,71.0,88.0
75.0,66.0,78.0,59.0,69.0,66.0,47.0,41.0,31.0,30.0,41.0,51.0,44.0,54.0,56.0,47.0,#2,42.0,34.0,36.0,39.0,42.0,44.0,61.0,38.0,42.0,43.0,40.0,#2,57.0,56.0,54.0,59.0,65.0,58.0,79.0,83.0,52.0,35.0,73.0,65.0,74.0,79.0,68.0,80.0,102.0,75.0,85.0,69.0,58.0,82.0,65.0,69.0,90.0,98.0,80.0,64.0,67.0,59.0,63.0,67.0,71.0,62.0,98.0,101.0,84.0,70.0,74.0,59.0,40.0,#2,75.0,56.0,84.0,93.0,81.0,74.0,66.0,82.0,86.0,60.0,67.0,44.0,67.0,91.0,109.0,118.0,87.0,110.0,61.0
65.0,52.0,76.0,82.0,84.0,87.0,64.0,52.0,55.0,36.0,35.0,44.0,47.0,43.0,44.0,45.0,36.0,51.0,41.0,38.0,39.0,#2,37.0,39.0,54.0,51.0,32.0,25.0,41.0,38.0,53.0,72.0,71.0,53.0,47.0,77.0,85.0,70.0,73.0,63.0,60.0,69.0,64.0,#2,65.0,64.0,68.0,71.0,65.0,49.0,65.0,60.0,81.0,67.0,78.0,86.0,#2,81.0,86.0,78.0,57.0,#2,66.0,65.0,64.0,60.0,88.0,68.0,75.0,64.0,88.0,74.0,76.0,59.0,67.0,55.0,71.0,86.0,88.0,85.0,73.0,56.0,79.0,70.0,96.0,88.0,99.0,106.0,102.0,88.0
69.0,78.0,80.0,79.0,78.0,90.0,110.0,86.0,66.0,85.0,60.0,41.0,29.0,#2,51.0,43.0,60.0,65.0,41.0,46.0,50.0,56.0,55.0,56.0,33.0,49.0,77.0,60.0,31.0,30.0,59.0,55.0,64.0,69.0,63.0,60.0,58.0,60.0,62.0,67.0,66.0,59.0,64.0,66.0,56.0,62.0,64.0,60.0,62.0,69.0,79.0,53.0,57.0,75.0,80.0,76.0,70.0,78.0,82.0,54.0,55.0,70.0,71.0,67.0,57.0,75.0,83.0,77.0,67.0,68.0,80.0,117.0,119.0,72.0,80.0,88.0,82.0,83.0,80.0,79.0,85.0,67.0,97.0,73.0,103.0,111.0,94.0,88.0,92.0,75.0
62.0,63.0,75.0,72.0,102.0,84.0,117.0,105.0,107.0,60.0,91.0,53.0,107.0,52.0,30.0,44.0,27.0,33.0,35.0,72.0,60.0,68.0,#2,52.0,53.0,35.0,30.0,29.0,48.0,66.0,62.0,73.0,50.0,61.0,64.0,56.0,52.0,50.0,49.0,55.0,63.0,70.0,63.0,58.0,70.0,58.0,64.0,75.0,#2,72.0,52.0,93.0,59.0,73.0,72.0,96.0,65.0,82.0,56.0,65.0,75.0,83.0,73.0,70.0,82.0,63.0,76.0,98.0,68.0,47.0,70.0,69.0,63.0,49.0,70.0,67.0,82.0,71.0,76.0,73.0,64.0,#2,70.0,96.0,119.0,#2,97.0,77.0,71.0,67.0
61.0,58.0,64.0,79.0,97.0,95.0,91.0,94.0,82.0,99.0,76.0,91.0,93.0,78.0,97.0,68.0,54.0,43.0,55.0,42.0,51.0,54.0,36.0,50.0,48.0,32.0,36.0,37.0,44.0,46.0,60.0,73.0,52.0,53.0,51.0,40.0,60.0,#3,64.0,63.0,53.0,60.0,49.0,45.0,54.0,62.0,58.0,59.0,68.0,#3,65.0,51.0,67.0,81.0,72.0,89.0,71.0,46.0,81.0,101.0,95.0,83.0,71.0,69.0,85.0,98.0,58.0,64.0,70.0,80.0,78.0,89.0,#2,85.0,#2,88.0,84.0,80.0,79.0,67.0,83.0,56.0,84.0,64.0,72.0,77.0,71.0,74.0
55.0,67.0,88.0,81.0,94.0,99.0,36.0,69.0,87.0,77.0,99.0,78.0,91.0,89.0,93.0,80.0,82.0,34.0,48.0,53.0,59.0,62.0,43.0,57.0,63.0,56.0,51.0,58.0,53.0,59.0,70.0,48.0,#2,63.0,79.0,67.0,65.0,51.0,#2,64.0,76.0,73.0,68.0,67.0,80.0,71.0,59.0,62.0,64.0,48.0,71.0,127.0,68.0,66.0,55.0,52.0,65.0,54.0,57.0,40.0,34.0,30.0,49.0,65.0,61.0,70.0,66.0,65.0,81.0,62.0,71.0,83.0,#3,74.0,54.0,77.0,42.0,76.0,68.0,81.0,78.0,88.0,67.0,45.0,89.0,95.0,83.0,73.0,69.0
82.0,79.0,72.0,61.0,60.0,94.0,67.0,56.0,66.0,57.0,47.0,83.0,77.0,87.0,78.0,82.0,81.0,75.0,76.0,72.0,54.0,61.0,78.0,77.0,67.0,55.0,57.0,77.0,80.0,70.0,58.0,59.0,41.0,64.0,71.0,53.0,55.0,61.0,#2,63.0,83.0,85.0,79.0,69.0,91.0,64.0,80.0,67.0,56.0,44.0,79.0,74.0,67.0,99.0,62.0,79.0,65.0,66.0,61.0,73.0,77.0,69.0,63.0,65.0,80.0,101.0,85.0,93.0,75.0,73.0,74.0,86.0,81.0,66.0,86.0,62.0,74.0,87.0,77.0,78.0,82.0,93.0,67.0,74.0,71.0,66.0,75.0,73.0,77.0,69.0
54.0,59.0,51.0,57.0,68.0,54.0,73.0,88.0,77.0,55.0,69.0,72.0,#2,60.0,83.0,95.0,70.0,49.0,73.0,98.0,101.0,90.0,71.0,69.0,68.0,78.0,72.0,63.0,73.0,69.0,66.0,62.0,68.0,63.0,71.0,72.0,49.0,42.0,70.0,67.0,56.0,68.0,61.0,44.0,57.0,63.0,59.0,67.0,63.0,80.0,56.0,70.0,80.0,59.0,76.0,64.0,68.0,57.0,61.0,47.0,43.0,51.0,56.0,67.0,79.0,89.0,64.0,50.0,66.0,67.0,94.0,79.0,66.0,70.0,75.0,50.0,66.0,100.0,81.0,110.0,98.0,71.0,83.0,97.0,94.0,71.0,81.0,76.0,74.0,69.0
80.0,#2,65.0,51.0,76.0,73.0,83.0,56.0,65.0,66.0,94.0,58.0,56.0,68.0,81.0,76.0,87.0,68.0,71.0,54.0,63.0,65.0,77.0,83.0,84.0,#2,75.0,67.0,72.0,57.0,48.0,69.0,56.0,59.0,61.0,67.0,77.0,90.0,49.0,#4,67.0,58.0,60.0,59.0,78.0,68.0,#3,74.0,87.0,76.0,66.0,80.0,85.0,80.0,67.0,56.0,59.0,54.0,58.0,64.0,69.0,68.0,83.0,#2,79.0,70.0,65.0,88.0,108.0,61.0,66.0,75.0,71.0,63.0,62.0,84.0,69.0,75.0,64.0,78.0,85.0,72.0,88.0,81.0,67.0,77.0,69.0
69.0,88.0,41.0,85.0,77.0,84.0,89.0,74.0,58.0,67.0,56.0,70.0,72.0,93.0,95.0,53.0,66.0,73.0,94.0,44.0,49.0,46.0,79.0,42.0,75.0,65.0,81.0,72.0,65.0,59.0,48.0,70.0,73.0,74.0,73.0,70.0,74.0,70.0,88.0,#2,74.0,71.0,67.0,69.0,66.0,99.0,69.0,62.0,51.0,49.0,50.0,60.0,50.0,64.0,80.0,77.0,70.0,64.0,82.0,74.0,86.0,84.0,53.0,63.0,74.0,122.0,64.0,#2,71.0,68.0,84.0,74.0,61.0,83.0,63.0,99.0,85.0,63.0,57.0,68.0,71.0,72.0,63.0,70.0,60.0,68.0,61.0,80.0,78.0,65.0
63.0,47.0,55.0,53.0,47.0,62.0,78.0,65.0,60.0,51.0,97.0,89.0,52.0,55.0,42.0,45.0,55.0,56.0,79.0,52.0,#2,44.0,58.0,61.0,55.0,68.0,59.0,76.0,70.0,#2,78.0,56.0,62.0,65.0,67.0,76.0,83.0,71.0,70.0,76.0,83.0,77.0,74.0,65.0,61.0,70.0,67.0,54.0,59.0,55.0,38.0,46.0,65.0,74.0,65.0,75.0,83.0,90.0,44.0,65.0,52.0,64.0,58.0,88.0,73.0,79.0,73.0,74.0,71.0,60.0,51.0,63.0,76.0,64.0,81.0,75.0,51.0,72.0,83.0,62.0,68.0,#2,63.0,73.0,70.0,68.0,85.0,63.0,67.0,65.0
69.0,64.0,51.0,53.0,75.0,56.0,54.0,65.0,66.0,63.0,62.0,51.0,53.0,55.0,47.0,42.0,60.0,54.0,#2,58.0,51.0,54.0,73.0,53.0,58.0,63.0,78.0,68.0,62.0,68.0,69.0,60.0,52.0,53.0,65.0,57.0,62.0,75.0,63.0,71.0,66.0,88.0,65.0,66.0,77.0,#2,76.0,75.0,46.0,56.0,87.0,75.0,56.0,65.0,41.0,93.0,81.0,63.0,86.0,82.0,90.0,61.0,111.0,101.0,79.0,70.0,66.0,74.0,61.0,79.0,72.0,89.0,79.0,47.0,67.0,86.0,78.0,70.0,71.0,68.0,59.0,66.0,71.0,68.0,61.0,76.0,60.0,63.0,56.0,65.0
69.0,63.0,72.0,69.0,67.0,51.0,47.0,78.0,73.0,71.0,63.0,64.0,56.0,61.0,53.0,62.0,56.0,63.0,52.0,#2,56.0,41.0,53.0,83.0,65.0,63.0,75.0,71.0,64.0,67.0,69.0,71.0,75.0,77.0,70.0,64.0,53.0,#2,59.0,57.0,76.0,62.0,60.0,59.0,54.0,57.0,96.0,78.0,66.0,67.0,61.0,81.0,66.0,76.0,49.0,66.0,129.0,66.0,78.0,50.0,62.0,83.0,61.0,59.0,58.0,43.0,68.0,79.0,73.0,61.0,82.0,51.0,60.0,72.0,71.0,79.0,67.0,66.0,#2,59.0,54.0,55.0,67.0,59.0,#2,56.0,78.0,56.0,54.0,65.0
70.0,59.0,45.0,59.0,64.0,61.0,50.0,60.0,59.0,56.0,60.0,65.0,62.0,61.0,57.0,55.0,56.0,59.0,53.0,51.0,55.0,67.0,69.0,66.0,61.0,57.0,71.0,67.0,55.0,63.0,54.0,71.0,63.0,64.0,66.0,76.0,65.0,38.0,57.0,62.0,58.0,64.0,77.0,61.0,67.0,73.0,77.0,61.0,65.0,54.0,39.0,55.0,76.0,66.0,50.0,54.0,52.0,62.0,52.0,90.0,58.0,70.0,54.0,62.0,68.0,100.0,61.0,58.0,56.0,86.0,58.0,81.0,79.0,69.0,88.0,76.0,66.0,76.0,86.0,63.0,78.0,66.0,47.0,46.0,56.0,38.0,71.0,76.0,68.0,61.0
63.0,59.0,72.0,69.0,68.0,67.0,68.0,62.0,60.0,56.0,68.0,60.0,63.0,72.0,61.0,62.0,66.0,61.0,53.0,58.0,64.0,66.0,64.0,61.0,56.0,59.0,57.0,64.0,63.0,61.0,60.0,46.0,51.0,60.0,69.0,81.0,64.0,47.0,56.0,54.0,62.0,71.0,#2,84.0,126.0,80.0,65.0,60.0,#2,70.0,65.0,66.0,56.0,51.0,57.0,71.0,65.0,56.0,72.0,83.0,68.0,57.0,60.0,69.0,62.0,78.0,46.0,50.0,104.0,74.0,65.0,48.0,70.0,60.0,65.0,74.0,71.0,73.0,56.0,63.0,55.0,54.0,59.0,55.0,41.0,52.0,62.0,71.0,37.0,55.0
58.0,70.0,63.0,74.0,66.0,65.0,66.0,63.0,62.0,63.0,60.0,49.0,52.0,50.0,55.0,56.0,62.0,53.0,54.0,62.0,67.0,63.0,59.0,57.0,55.0,56.0,58.0,64.0,61.0,49.0,40.0,45.0,51.0,55.0,57.0,76.0,75.0,50.0,65.0,43.0,59.0,51.0,42.0,63.0,54.0,85.0,71.0,63.0,69.0,#2,63.0,62.0,67.0,59.0,60.0,58.0,60.0,61.0,68.0,49.0,75.0,60.0,59.0,57.0,63.0,38.0,112.0,233.0,104.0,183.0,197.0,199.0,37.0,197.0,119.0,52.0,25.0,150.0,130.0,164.0,199.0,28.0,68.0,216.0,172.0,117.0,221.0,181.0,196.0,52.0
62.0,63.0,77.0,70.0,63.0,53.0,57.0,66.0,64.0,74.0,75.0,63.0,64.0,46.0,60.0,55.0,#3,59.0,56.0,55.0,58.0,59.0,67.0,72.0,66.0,61.0,#2,67.0,56.0,60.0,43.0,69.0,63.0,58.0,81.0,85.0,63.0,51.0,65.0,45.0,77.0,63.0,70.0,52.0,82.0,49.0,55.0,70.0,73.0,82.0,70.0,64.0,46.0,69.0,70.0,#2,63.0,62.0,57.0,72.0,53.0,62.0,55.0,60.0,65.0,64.0,126.0,87.0,135.0,155.0,178.0,88.0,163.0,223.0,42.0,154.0,113.0,80.0,135.0,94.0,45.0,30.0,180.0,147.0,59.0,171.0,164.0,55.0,58.0
33.0,50.0,#3,40.0,#2,41.0,#4,47.0,51.0,46.0,37.0,34.0,51.0,52.0,37.0,34.0,#2,33.0,32.0,10.0,19.0,34.0,46.0,17.0,18.0,#2,19.0,17.0,24.0,36.0,46.0,51.0,46.0,39.0,32.0,19.0,25.0,47.0,#2,45.0,44.0,38.0,42.0,51.0,47.0,46.0,44.0,54.0,55.0,39.0,55.0,23.0,36.0,45.0,#4,41.0,42.0,#2,41.0,40.0,#2,32.0,33.0,34.0,39.0,49.0,60.0,61.0,44.0,46.0,72.0,44.0,23.0,27.0,35.0,41.0,#2,35.0,34.0,33.0,52.0,47.0,39.0,31.0,41.0
