58.0,60.0,80.0,44.0,29.0,19.0,6.0,24.0,1.0,0.0,35.0,2.0,9.0,19.0,22.0,#3,33.0,44.0,63.0,44.0,133.0,106.0,64.0,52.0,91.0,33.0,59.0,117.0,3.0,#2,26.0,67.0,75.0,88.0,108.0,120.0,137.0,119.0,73.0,84.0,65.0,113.0,62.0,143.0,107.0,146.0,143.0,5.0,136.0,#2,81.0,67.0,16.0,4.0,0.0,7.0,1.0,2.0,5.0,0.0,1.0,4.0,6.0,4.0,1.0,0.0,6.0,13.0,16.0,5.0,1.0,2.0,7.0,4.0,130.0,56.0,6.0,23.0,96.0,20.0,152.0,0.0,25.0,70.0,192.0,124.0,47.0,8.0,13.0,9.0,31.0,16.0,10.0,54.0,37.0,71.0,15.0,19.0,3.0,8.0,0.0,16.0,15.0,0.0,18.0,0.0,2.0,0.0,8.0,10.0,7.0,0.0,11.0,21.0,13.0,6.0,4.0,10.0,12.0,43.0
79.0,54.0,74.0,40.0,14.0,22.0,28.0,18.0,39.0,52.0,31.0,16.0,26.0,14.0,17.0,31.0,43.0,61.0,93.0,48.0,57.0,113.0,88.0,53.0,80.0,129.0,67.0,103.0,90.0,6.0,27.0,87.0,70.0,109.0,78.0,130.0,122.0,102.0,116.0,34.0,97.0,101.0,76.0,66.0,54.0,85.0,135.0,107.0,48.0,95.0,94.0,58.0,103.0,3.0,36.0,50.0,9.0,4.0,3.0,5.0,2.0,4.0,6.0,5.0,11.0,14.0,4.0,0.0,16.0,10.0,5.0,3.0,0.0,#2,4.0,134.0,72.0,25.0,1.0,55.0,71.0,158.0,72.0,38.0,91.0,65.0,133.0,6.0,15.0,19.0,5.0,45.0,43.0,50.0,47.0,68.0,75.0,13.0,3.0,11.0,7.0,0.0,4.0,5.0,10.0,16.0,3.0,0.0,15.0,18.0,8.0,0.0,4.0,22.0,11.0,13.0,79.0,17.0,4.0,0.0,101.0
75.0,43.0,80.0,25.0,28.0,22.0,91.0,58.0,98.0,150.0,111.0,41.0,35.0,0.0,36.0,58.0,43.0,69.0,29.0,16.0,29.0,40.0,60.0,71.0,86.0,93.0,103.0,125.0,61.0,74.0,68.0,140.0,44.0,70.0,161.0,139.0,105.0,131.0,133.0,96.0,84.0,87.0,108.0,97.0,113.0,114.0,122.0,133.0,107.0,116.0,114.0,90.0,89.0,0.0,69.0,78.0,59.0,#2,4.0,6.0,4.0,7.0,8.0,6.0,4.0,10.0,1.0,3.0,0.0,22.0,#2,2.0,20.0,2.0,11.0,127.0,77.0,2.0,22.0,27.0,127.0,63.0,89.0,57.0,121.0,131.0,103.0,28.0,6.0,12.0,34.0,40.0,45.0,33.0,18.0,32.0,52.0,26.0,20.0,31.0,2.0,3.0,2.0,5.0,39.0,31.0,3.0,25.0,1.0,10.0,22.0,18.0,23.0,6.0,0.0,2.0,44.0,14.0,22.0,67.0,9.0
31.0,62.0,52.0,29.0,12.0,11.0,97.0,54.0,61.0,74.0,73.0,47.0,147.0,144.0,105.0,59.0,92.0,67.0,66.0,61.0,51.0,117.0,78.0,54.0,62.0,78.0,130.0,116.0,122.0,63.0,89.0,143.0,92.0,85.0,112.0,168.0,102.0,113.0,124.0,107.0,87.0,96.0,59.0,120.0,121.0,137.0,108.0,150.0,113.0,119.0,102.0,77.0,67.0,29.0,70.0,60.0,38.0,4.0,3.0,5.0,#3,6.0,4.0,0.0,4.0,5.0,4.0,9.0,46.0,45.0,9.0,0.0,8.0,9.0,124.0,69.0,3.0,0.0,147.0,165.0,94.0,55.0,89.0,127.0,91.0,41.0,45.0,11.0,7.0,48.0,26.0,43.0,7.0,6.0,23.0,80.0,7.0,56.0,35.0,5.0,0.0,2.0,#2,6.0,8.0,1.0,57.0,2.0,4.0,35.0,17.0,3.0,15.0,18.0,8.0,0.0,29.0,36.0,5.0,59.0
25.0,56.0,55.0,31.0,8.0,18.0,57.0,59.0,65.0,93.0,19.0,96.0,44.0,52.0,81.0,160.0,105.0,108.0,50.0,90.0,82.0,77.0,70.0,59.0,42.0,73.0,113.0,115.0,38.0,68.0,101.0,84.0,47.0,58.0,148.0,154.0,158.0,119.0,144.0,121.0,148.0,95.0,139.0,87.0,102.0,130.0,144.0,131.0,36.0,119.0,125.0,96.0,67.0,20.0,64.0,68.0,49.0,2.0,#2,3.0,#2,4.0,0.0,1.0,0.0,#2,5.0,0.0,3.0,7.0,12.0,10.0,3.0,#2,11.0,114.0,74.0,99.0,16.0,18.0,125.0,70.0,29.0,0.0,13.0,64.0,0.0,82.0,10.0,4.0,61.0,38.0,16.0,0.0,3.0,0.0,67.0,20.0,0.0,62.0,12.0,0.0,3.0,2.0,15.0,8.0,10.0,11.0,1.0,#3,0.0,4.0,7.0,10.0,#2,0.0,37.0,0.0,5.0,15.0
45.0,31.0,33.0,36.0,45.0,2.0,30.0,19.0,60.0,44.0,61.0,54.0,71.0,38.0,47.0,44.0,100.0,106.0,111.0,113.0,88.0,48.0,83.0,23.0,61.0,71.0,53.0,88.0,67.0,111.0,85.0,33.0,59.0,120.0,134.0,64.0,152.0,122.0,110.0,74.0,127.0,16.0,93.0,101.0,110.0,162.0,125.0,138.0,65.0,99.0,98.0,79.0,89.0,7.0,53.0,59.0,64.0,19.0,4.0,5.0,#2,4.0,2.0,1.0,0.0,1.0,2.0,1.0,0.0,10.0,148.0,20.0,36.0,11.0,19.0,116.0,73.0,33.0,69.0,129.0,5.0,6.0,30.0,10.0,7.0,116.0,29.0,34.0,35.0,8.0,32.0,29.0,11.0,7.0,8.0,0.0,19.0,21.0,36.0,11.0,12.0,#2,0.0,7.0,11.0,7.0,4.0,23.0,0.0,#2,1.0,31.0,17.0,24.0,9.0,0.0,6.0,28.0,16.0,8.0,0.0
86.0,93.0,64.0,74.0,80.0,53.0,69.0,72.0,59.0,119.0,33.0,110.0,104.0,84.0,135.0,71.0,64.0,47.0,137.0,38.0,122.0,77.0,112.0,77.0,85.0,45.0,71.0,63.0,59.0,70.0,29.0,71.0,120.0,161.0,131.0,114.0,122.0,155.0,153.0,106.0,105.0,78.0,0.0,158.0,108.0,107.0,159.0,127.0,87.0,74.0,79.0,110.0,81.0,5.0,31.0,9.0,11.0,35.0,5.0,6.0,2.0,4.0,#2,2.0,5.0,14.0,1.0,0.0,2.0,7.0,181.0,0.0,33.0,35.0,25.0,113.0,71.0,20.0,85.0,0.0,23.0,80.0,0.0,21.0,117.0,3.0,37.0,10.0,44.0,3.0,18.0,30.0,28.0,3.0,27.0,5.0,2.0,39.0,55.0,62.0,35.0,16.0,6.0,54.0,46.0,13.0,0.0,22.0,4.0,2.0,1.0,15.0,28.0,9.0,6.0,23.0,78.0,24.0,15.0,2.0,0.0
85.0,65.0,105.0,82.0,71.0,88.0,98.0,99.0,80.0,85.0,115.0,108.0,105.0,90.0,121.0,80.0,107.0,110.0,102.0,83.0,130.0,93.0,60.0,75.0,93.0,141.0,155.0,85.0,68.0,119.0,35.0,70.0,121.0,124.0,140.0,115.0,107.0,135.0,77.0,43.0,69.0,47.0,39.0,34.0,98.0,121.0,67.0,118.0,73.0,33.0,113.0,80.0,29.0,20.0,5.0,0.0,11.0,28.0,5.0,6.0,8.0,2.0,4.0,2.0,1.0,13.0,0.0,1.0,3.0,0.0,162.0,6.0,2.0,33.0,28.0,115.0,90.0,25.0,92.0,22.0,91.0,64.0,3.0,6.0,111.0,5.0,50.0,69.0,51.0,22.0,26.0,31.0,36.0,11.0,51.0,1.0,13.0,#2,10.0,36.0,62.0,5.0,7.0,90.0,6.0,10.0,8.0,12.0,2.0,11.0,8.0,20.0,19.0,0.0,34.0,11.0,56.0,16.0,5.0,9.0,104.0
64.0,79.0,125.0,124.0,82.0,80.0,60.0,98.0,86.0,87.0,86.0,67.0,91.0,83.0,84.0,97.0,113.0,75.0,103.0,125.0,78.0,104.0,111.0,165.0,80.0,137.0,90.0,121.0,135.0,114.0,55.0,139.0,131.0,99.0,70.0,134.0,101.0,96.0,141.0,80.0,73.0,0.0,#2,48.0,106.0,148.0,67.0,110.0,86.0,17.0,71.0,119.0,30.0,2.0,55.0,8.0,58.0,4.0,#2,6.0,5.0,0.0,7.0,1.0,19.0,3.0,2.0,9.0,12.0,69.0,121.0,10.0,18.0,21.0,25.0,115.0,96.0,97.0,35.0,#2,3.0,121.0,8.0,103.0,41.0,6.0,67.0,98.0,1.0,20.0,#2,48.0,10.0,22.0,18.0,11.0,13.0,5.0,9.0,6.0,16.0,37.0,7.0,5.0,#2,2.0,8.0,5.0,0.0,2.0,#3,0.0,26.0,68.0,74.0,48.0,12.0,10.0,102.0,79.0
60.0,80.0,101.0,82.0,125.0,63.0,#2,66.0,76.0,45.0,107.0,97.0,70.0,100.0,101.0,90.0,111.0,109.0,96.0,142.0,47.0,85.0,125.0,170.0,128.0,88.0,123.0,147.0,146.0,171.0,153.0,125.0,155.0,159.0,176.0,167.0,150.0,138.0,170.0,67.0,77.0,50.0,32.0,11.0,70.0,102.0,43.0,134.0,66.0,0.0,59.0,117.0,29.0,24.0,69.0,8.0,62.0,0.0,1.0,7.0,5.0,0.0,8.0,5.0,7.0,0.0,2.0,3.0,21.0,137.0,74.0,27.0,6.0,25.0,47.0,113.0,100.0,0.0,19.0,7.0,26.0,87.0,53.0,106.0,#2,0.0,71.0,76.0,13.0,7.0,38.0,26.0,25.0,21.0,8.0,27.0,26.0,24.0,7.0,11.0,5.0,12.0,22.0,#2,3.0,11.0,23.0,10.0,0.0,45.0,52.0,57.0,36.0,40.0,16.0,82.0,52.0,27.0,44.0,134.0,0.0
64.0,55.0,81.0,118.0,94.0,57.0,86.0,99.0,82.0,100.0,67.0,63.0,69.0,81.0,103.0,79.0,51.0,97.0,101.0,85.0,129.0,147.0,121.0,153.0,119.0,132.0,138.0,#2,108.0,124.0,104.0,134.0,116.0,94.0,133.0,110.0,#2,142.0,175.0,133.0,129.0,130.0,136.0,91.0,160.0,126.0,112.0,83.0,130.0,43.0,94.0,69.0,67.0,0.0,79.0,13.0,39.0,14.0,9.0,8.0,5.0,10.0,0.0,13.0,11.0,0.0,7.0,1.0,5.0,94.0,67.0,6.0,29.0,27.0,43.0,39.0,111.0,19.0,14.0,7.0,41.0,83.0,153.0,47.0,31.0,0.0,62.0,35.0,15.0,3.0,19.0,23.0,49.0,11.0,21.0,71.0,21.0,18.0,0.0,#2,1.0,2.0,17.0,2.0,1.0,26.0,27.0,23.0,33.0,47.0,50.0,37.0,36.0,51.0,81.0,52.0,0.0,13.0,46.0,60.0,130.0
61.0,86.0,45.0,28.0,64.0,85.0,80.0,114.0,95.0,99.0,81.0,75.0,107.0,67.0,63.0,51.0,90.0,56.0,92.0,113.0,138.0,112.0,148.0,125.0,128.0,131.0,130.0,118.0,142.0,158.0,149.0,161.0,131.0,154.0,151.0,115.0,145.0,103.0,139.0,155.0,165.0,184.0,127.0,166.0,151.0,192.0,167.0,142.0,159.0,110.0,154.0,106.0,82.0,17.0,89.0,11.0,48.0,14.0,#2,7.0,4.0,3.0,19.0,12.0,16.0,10.0,6.0,#2,0.0,141.0,10.0,16.0,44.0,45.0,25.0,4.0,67.0,50.0,0.0,7.0,6.0,82.0,125.0,0.0,10.0,0.0,82.0,7.0,5.0,13.0,10.0,64.0,75.0,30.0,25.0,72.0,43.0,12.0,3.0,2.0,#2,4.0,1.0,0.0,16.0,32.0,28.0,1.0,0.0,11.0,18.0,41.0,20.0,0.0,33.0,18.0,63.0,8.0,113.0,2.0,48.0
75.0,56.0,26.0,17.0,30.0,3.0,63.0,87.0,104.0,80.0,101.0,37.0,51.0,14.0,123.0,57.0,58.0,42.0,41.0,75.0,156.0,99.0,161.0,108.0,95.0,113.0,90.0,121.0,85.0,143.0,91.0,64.0,137.0,136.0,123.0,121.0,119.0,103.0,140.0,124.0,112.0,147.0,145.0,190.0,148.0,155.0,176.0,159.0,168.0,126.0,81.0,99.0,116.0,15.0,62.0,40.0,95.0,81.0,25.0,48.0,1.0,0.0,2.0,14.0,#3,8.0,3.0,152.0,183.0,0.0,11.0,35.0,27.0,4.0,159.0,98.0,20.0,0.0,14.0,31.0,69.0,79.0,17.0,#2,0.0,73.0,12.0,10.0,5.0,0.0,25.0,13.0,28.0,40.0,34.0,#2,11.0,6.0,1.0,24.0,15.0,8.0,40.0,31.0,26.0,27.0,9.0,47.0,59.0,32.0,14.0,44.0,18.0,49.0,16.0,34.0,131.0,132.0,78.0,3.0
124.0,118.0,126.0,5.0,37.0,4.0,44.0,105.0,62.0,66.0,49.0,90.0,82.0,144.0,101.0,59.0,62.0,103.0,92.0,114.0,60.0,68.0,1.0,194.0,107.0,147.0,128.0,106.0,134.0,126.0,123.0,150.0,118.0,97.0,135.0,137.0,147.0,168.0,165.0,93.0,159.0,72.0,144.0,114.0,154.0,178.0,166.0,143.0,77.0,158.0,185.0,152.0,172.0,167.0,140.0,157.0,138.0,122.0,70.0,81.0,93.0,89.0,7.0,0.0,15.0,10.0,2.0,22.0,0.0,36.0,0.0,16.0,10.0,21.0,123.0,109.0,81.0,#2,11.0,64.0,57.0,2.0,38.0,17.0,0.0,12.0,95.0,#2,0.0,29.0,242.0,246.0,217.0,7.0,9.0,65.0,55.0,1.0,#2,10.0,5.0,18.0,71.0,42.0,40.0,24.0,15.0,3.0,8.0,34.0,44.0,7.0,1.0,21.0,5.0,10.0,40.0,121.0,45.0,34.0,0.0
57.0,81.0,24.0,91.0,70.0,28.0,29.0,104.0,54.0,65.0,32.0,44.0,106.0,114.0,119.0,99.0,100.0,149.0,56.0,80.0,107.0,99.0,169.0,117.0,123.0,130.0,131.0,148.0,142.0,98.0,173.0,155.0,92.0,102.0,104.0,121.0,140.0,102.0,107.0,98.0,102.0,114.0,117.0,82.0,160.0,105.0,127.0,128.0,156.0,143.0,146.0,#2,144.0,166.0,145.0,96.0,143.0,125.0,124.0,107.0,81.0,52.0,67.0,137.0,24.0,44.0,118.0,33.0,23.0,159.0,27.0,12.0,19.0,11.0,53.0,90.0,74.0,52.0,0.0,74.0,106.0,90.0,56.0,4.0,23.0,7.0,140.0,200.0,239.0,244.0,240.0,234.0,241.0,242.0,23.0,2.0,29.0,0.0,3.0,6.0,22.0,35.0,36.0,62.0,25.0,50.0,58.0,#2,59.0,35.0,45.0,5.0,2.0,19.0,43.0,26.0,111.0,51.0,108.0,132.0,1.0
43.0,103.0,40.0,22.0,0.0,114.0,52.0,44.0,81.0,64.0,59.0,61.0,69.0,108.0,33.0,137.0,85.0,64.0,117.0,145.0,132.0,87.0,148.0,143.0,114.0,80.0,135.0,143.0,125.0,120.0,150.0,84.0,180.0,74.0,129.0,122.0,136.0,135.0,175.0,182.0,167.0,137.0,120.0,157.0,107.0,108.0,24.0,108.0,147.0,165.0,154.0,117.0,154.0,#2,191.0,180.0,166.0,147.0,124.0,122.0,110.0,46.0,95.0,125.0,128.0,134.0,136.0,31.0,85.0,99.0,20.0,12.0,56.0,82.0,50.0,107.0,77.0,105.0,77.0,47.0,61.0,113.0,74.0,5.0,100.0,227.0,246.0,235.0,240.0,244.0,243.0,236.0,245.0,232.0,249.0,135.0,0.0,23.0,25.0,30.0,35.0,12.0,75.0,63.0,51.0,60.0,32.0,27.0,0.0,15.0,47.0,15.0,26.0,19.0,0.0,131.0,7.0,0.0,157.0,11.0,3.0
36.0,#2,35.0,73.0,34.0,26.0,63.0,78.0,80.0,57.0,60.0,80.0,56.0,8.0,76.0,105.0,85.0,93.0,117.0,55.0,62.0,117.0,134.0,55.0,88.0,57.0,84.0,45.0,110.0,153.0,127.0,144.0,89.0,157.0,134.0,107.0,99.0,111.0,169.0,62.0,102.0,108.0,131.0,195.0,168.0,95.0,120.0,111.0,148.0,121.0,151.0,133.0,101.0,114.0,155.0,166.0,124.0,107.0,61.0,109.0,77.0,57.0,156.0,111.0,186.0,158.0,64.0,131.0,129.0,107.0,36.0,51.0,7.0,43.0,31.0,52.0,98.0,77.0,120.0,25.0,#2,11.0,103.0,208.0,237.0,240.0,243.0,#2,246.0,#2,244.0,242.0,#2,236.0,241.0,236.0,244.0,76.0,126.0,134.0,26.0,2.0,8.0,24.0,14.0,12.0,18.0,12.0,4.0,43.0,46.0,41.0,16.0,9.0,3.0,70.0,36.0,10.0,1.0,13.0,0.0
30.0,10.0,34.0,67.0,#2,45.0,67.0,40.0,107.0,40.0,87.0,#2,69.0,106.0,119.0,146.0,119.0,123.0,57.0,62.0,92.0,58.0,89.0,135.0,66.0,129.0,121.0,98.0,112.0,41.0,93.0,133.0,144.0,175.0,120.0,134.0,121.0,158.0,204.0,136.0,135.0,156.0,112.0,93.0,148.0,119.0,134.0,115.0,172.0,45.0,183.0,144.0,159.0,103.0,81.0,131.0,109.0,140.0,89.0,122.0,71.0,48.0,103.0,83.0,156.0,155.0,167.0,137.0,102.0,74.0,13.0,5.0,17.0,0.0,2.0,7.0,18.0,10.0,48.0,39.0,60.0,160.0,246.0,245.0,242.0,244.0,246.0,247.0,#2,243.0,241.0,238.0,235.0,236.0,238.0,242.0,236.0,240.0,224.0,178.0,21.0,18.0,16.0,9.0,0.0,#2,14.0,21.0,17.0,37.0,56.0,37.0,26.0,0.0,132.0,13.0,66.0,6.0,24.0,3.0,12.0
102.0,63.0,78.0,89.0,92.0,87.0,110.0,95.0,86.0,132.0,86.0,120.0,42.0,118.0,52.0,68.0,74.0,43.0,56.0,64.0,66.0,56.0,57.0,120.0,130.0,126.0,139.0,90.0,55.0,90.0,74.0,143.0,69.0,134.0,146.0,89.0,132.0,100.0,192.0,88.0,90.0,86.0,98.0,132.0,170.0,133.0,154.0,121.0,133.0,171.0,132.0,158.0,155.0,144.0,160.0,134.0,114.0,98.0,135.0,82.0,113.0,96.0,110.0,98.0,137.0,147.0,174.0,178.0,177.0,137.0,54.0,27.0,33.0,44.0,20.0,0.0,51.0,82.0,35.0,48.0,#2,233.0,241.0,238.0,239.0,240.0,241.0,242.0,241.0,242.0,#2,237.0,236.0,234.0,237.0,233.0,240.0,233.0,191.0,188.0,198.0,88.0,29.0,30.0,25.0,21.0,7.0,4.0,11.0,14.0,15.0,4.0,16.0,40.0,0.0,2.0,3.0,6.0,31.0,1.0,5.0
156.0,121.0,57.0,70.0,99.0,78.0,81.0,100.0,127.0,103.0,119.0,160.0,169.0,33.0,49.0,11.0,108.0,90.0,111.0,79.0,61.0,64.0,105.0,65.0,171.0,129.0,140.0,112.0,99.0,138.0,77.0,112.0,30.0,50.0,93.0,136.0,66.0,139.0,193.0,182.0,168.0,163.0,67.0,34.0,136.0,153.0,147.0,142.0,154.0,135.0,131.0,98.0,167.0,126.0,162.0,111.0,107.0,136.0,#2,134.0,107.0,87.0,115.0,96.0,102.0,173.0,160.0,193.0,183.0,186.0,191.0,171.0,181.0,105.0,84.0,157.0,153.0,88.0,166.0,255.0,244.0,#2,240.0,247.0,241.0,242.0,244.0,240.0,238.0,236.0,234.0,#2,233.0,232.0,230.0,229.0,231.0,230.0,214.0,208.0,203.0,151.0,80.0,39.0,16.0,35.0,50.0,54.0,5.0,38.0,19.0,14.0,4.0,11.0,16.0,0.0,18.0,51.0,19.0,#2,1.0
51.0,81.0,99.0,107.0,110.0,75.0,150.0,97.0,75.0,106.0,74.0,103.0,64.0,114.0,127.0,139.0,123.0,95.0,101.0,139.0,126.0,155.0,194.0,172.0,158.0,93.0,137.0,128.0,167.0,123.0,105.0,125.0,183.0,140.0,141.0,124.0,145.0,136.0,148.0,136.0,99.0,159.0,200.0,153.0,149.0,121.0,156.0,121.0,97.0,107.0,132.0,135.0,98.0,103.0,75.0,121.0,124.0,70.0,90.0,56.0,144.0,203.0,156.0,111.0,0.0,152.0,162.0,131.0,202.0,185.0,191.0,#2,179.0,197.0,145.0,195.0,196.0,234.0,#2,243.0,#7,242.0,240.0,238.0,239.0,236.0,233.0,229.0,230.0,228.0,226.0,230.0,227.0,222.0,230.0,227.0,195.0,15.0,43.0,26.0,9.0,#2,0.0,69.0,43.0,21.0,38.0,6.0,0.0,1.0,14.0,13.0,17.0,16.0,3.0,7.0
99.0,108.0,20.0,116.0,63.0,55.0,132.0,125.0,157.0,87.0,104.0,116.0,70.0,106.0,44.0,111.0,91.0,182.0,140.0,162.0,114.0,122.0,137.0,150.0,122.0,128.0,183.0,111.0,166.0,118.0,140.0,156.0,133.0,166.0,124.0,127.0,149.0,81.0,121.0,77.0,159.0,158.0,87.0,105.0,148.0,165.0,96.0,118.0,63.0,88.0,93.0,149.0,75.0,134.0,107.0,112.0,99.0,125.0,40.0,86.0,52.0,128.0,148.0,117.0,191.0,162.0,123.0,133.0,127.0,196.0,194.0,169.0,197.0,170.0,173.0,206.0,244.0,243.0,240.0,244.0,#2,242.0,243.0,244.0,245.0,243.0,240.0,237.0,234.0,233.0,#2,229.0,227.0,223.0,230.0,227.0,224.0,225.0,224.0,213.0,225.0,213.0,58.0,28.0,22.0,11.0,71.0,95.0,48.0,39.0,33.0,41.0,25.0,21.0,66.0,19.0,9.0,4.0,23.0,8.0,0.0
60.0,58.0,80.0,115.0,119.0,#2,103.0,94.0,137.0,98.0,103.0,172.0,89.0,115.0,173.0,166.0,110.0,115.0,185.0,135.0,98.0,154.0,122.0,129.0,160.0,159.0,140.0,170.0,138.0,0.0,120.0,50.0,77.0,118.0,103.0,140.0,146.0,116.0,113.0,133.0,84.0,148.0,111.0,145.0,122.0,99.0,39.0,53.0,16.0,137.0,142.0,181.0,102.0,139.0,75.0,121.0,83.0,80.0,94.0,120.0,144.0,80.0,136.0,141.0,146.0,159.0,136.0,157.0,140.0,145.0,158.0,180.0,181.0,171.0,223.0,245.0,239.0,241.0,239.0,#2,242.0,243.0,244.0,246.0,245.0,243.0,241.0,236.0,232.0,231.0,229.0,223.0,222.0,216.0,222.0,228.0,225.0,222.0,218.0,213.0,214.0,225.0,13.0,50.0,11.0,20.0,30.0,47.0,44.0,50.0,38.0,57.0,79.0,77.0,58.0,86.0,14.0,7.0,2.0,8.0,2.0
86.0,73.0,94.0,113.0,93.0,124.0,91.0,62.0,51.0,121.0,149.0,98.0,66.0,103.0,140.0,148.0,108.0,170.0,108.0,95.0,120.0,151.0,157.0,159.0,144.0,173.0,164.0,78.0,120.0,106.0,92.0,140.0,87.0,177.0,88.0,157.0,140.0,107.0,57.0,107.0,127.0,88.0,166.0,173.0,110.0,73.0,59.0,104.0,124.0,140.0,182.0,116.0,69.0,138.0,109.0,#2,119.0,140.0,8.0,149.0,144.0,195.0,124.0,80.0,89.0,73.0,99.0,102.0,123.0,126.0,155.0,169.0,193.0,236.0,235.0,255.0,250.0,253.0,250.0,246.0,#2,247.0,#2,246.0,245.0,244.0,241.0,236.0,#2,233.0,227.0,225.0,224.0,216.0,215.0,220.0,216.0,220.0,219.0,206.0,#2,211.0,60.0,53.0,48.0,30.0,43.0,60.0,80.0,91.0,113.0,60.0,61.0,43.0,46.0,0.0,17.0,0.0,2.0,5.0,8.0
64.0,73.0,104.0,113.0,84.0,139.0,125.0,32.0,138.0,90.0,97.0,104.0,53.0,114.0,61.0,119.0,148.0,133.0,120.0,42.0,159.0,140.0,156.0,118.0,73.0,68.0,179.0,160.0,177.0,156.0,169.0,177.0,202.0,48.0,124.0,123.0,146.0,148.0,116.0,117.0,111.0,101.0,158.0,149.0,141.0,76.0,101.0,200.0,165.0,135.0,149.0,154.0,127.0,121.0,137.0,125.0,157.0,134.0,125.0,177.0,145.0,95.0,130.0,113.0,83.0,116.0,122.0,107.0,146.0,184.0,131.0,180.0,167.0,247.0,249.0,248.0,250.0,#2,248.0,251.0,#2,250.0,246.0,244.0,243.0,242.0,240.0,239.0,235.0,232.0,231.0,226.0,223.0,225.0,216.0,217.0,220.0,214.0,215.0,211.0,204.0,200.0,205.0,63.0,53.0,50.0,73.0,21.0,27.0,65.0,81.0,#2,4.0,8.0,#2,5.0,76.0,12.0,11.0,5.0,0.0
#2,69.0,29.0,48.0,71.0,80.0,97.0,127.0,99.0,120.0,122.0,53.0,83.0,107.0,114.0,12.0,109.0,114.0,68.0,120.0,110.0,109.0,200.0,179.0,134.0,171.0,144.0,76.0,80.0,113.0,109.0,96.0,54.0,138.0,195.0,157.0,153.0,158.0,138.0,149.0,185.0,59.0,165.0,139.0,144.0,139.0,144.0,173.0,180.0,134.0,162.0,155.0,152.0,173.0,195.0,131.0,146.0,151.0,134.0,151.0,108.0,176.0,163.0,97.0,146.0,76.0,159.0,165.0,175.0,158.0,205.0,236.0,251.0,239.0,236.0,242.0,245.0,249.0,251.0,248.0,#2,246.0,247.0,244.0,243.0,241.0,#2,240.0,236.0,235.0,236.0,234.0,229.0,230.0,220.0,212.0,#2,216.0,214.0,206.0,205.0,208.0,207.0,151.0,33.0,50.0,17.0,0.0,36.0,43.0,47.0,34.0,36.0,30.0,8.0,39.0,37.0,60.0,19.0,29.0,33.0
125.0,46.0,101.0,93.0,53.0,88.0,106.0,56.0,72.0,129.0,121.0,138.0,86.0,61.0,107.0,112.0,55.0,112.0,121.0,147.0,83.0,122.0,197.0,93.0,153.0,145.0,109.0,128.0,186.0,73.0,114.0,95.0,180.0,168.0,156.0,205.0,198.0,182.0,190.0,90.0,151.0,179.0,165.0,147.0,82.0,151.0,152.0,143.0,136.0,179.0,170.0,166.0,138.0,166.0,181.0,191.0,181.0,158.0,181.0,174.0,189.0,136.0,174.0,209.0,172.0,188.0,201.0,200.0,217.0,236.0,255.0,250.0,241.0,243.0,238.0,#2,233.0,236.0,241.0,#3,248.0,245.0,243.0,241.0,238.0,236.0,#2,238.0,239.0,240.0,238.0,237.0,231.0,227.0,223.0,219.0,205.0,210.0,195.0,179.0,188.0,209.0,211.0,68.0,0.0,61.0,19.0,8.0,28.0,59.0,64.0,49.0,25.0,10.0,15.0,32.0,69.0,60.0,21.0,1.0
92.0,57.0,58.0,90.0,116.0,132.0,89.0,145.0,131.0,114.0,65.0,94.0,105.0,68.0,83.0,99.0,85.0,107.0,101.0,97.0,136.0,85.0,128.0,83.0,134.0,145.0,110.0,113.0,163.0,170.0,135.0,138.0,160.0,132.0,152.0,125.0,118.0,140.0,#2,156.0,152.0,160.0,169.0,128.0,108.0,140.0,181.0,150.0,167.0,106.0,150.0,177.0,171.0,186.0,193.0,141.0,170.0,163.0,161.0,156.0,147.0,#2,169.0,125.0,190.0,232.0,228.0,241.0,247.0,245.0,239.0,241.0,238.0,240.0,242.0,240.0,237.0,234.0,#2,231.0,239.0,245.0,#2,248.0,245.0,239.0,#3,237.0,241.0,240.0,235.0,230.0,227.0,223.0,215.0,212.0,214.0,197.0,201.0,184.0,179.0,208.0,173.0,93.0,92.0,36.0,29.0,55.0,37.0,50.0,64.0,35.0,5.0,8.0,12.0,18.0,6.0,63.0,42.0,0.0
62.0,48.0,3.0,43.0,52.0,64.0,76.0,44.0,132.0,120.0,153.0,103.0,162.0,101.0,154.0,165.0,106.0,167.0,139.0,156.0,178.0,174.0,144.0,95.0,184.0,139.0,123.0,175.0,127.0,169.0,130.0,152.0,105.0,121.0,130.0,173.0,159.0,164.0,206.0,112.0,108.0,148.0,200.0,146.0,148.0,173.0,132.0,158.0,176.0,121.0,153.0,151.0,181.0,171.0,202.0,125.0,155.0,170.0,202.0,179.0,159.0,134.0,160.0,203.0,216.0,238.0,240.0,242.0,243.0,241.0,240.0,236.0,235.0,232.0,238.0,243.0,241.0,236.0,230.0,225.0,#2,226.0,228.0,234.0,#3,240.0,238.0,234.0,236.0,238.0,237.0,233.0,227.0,218.0,220.0,210.0,203.0,193.0,183.0,195.0,162.0,188.0,216.0,165.0,118.0,141.0,90.0,110.0,0.0,80.0,72.0,53.0,65.0,5.0,16.0,43.0,34.0,41.0,50.0,23.0
100.0,70.0,165.0,74.0,0.0,40.0,24.0,69.0,85.0,66.0,#2,75.0,52.0,164.0,150.0,139.0,147.0,52.0,101.0,145.0,132.0,117.0,138.0,134.0,154.0,166.0,119.0,158.0,171.0,157.0,124.0,88.0,158.0,104.0,151.0,178.0,156.0,181.0,186.0,136.0,132.0,153.0,148.0,177.0,171.0,109.0,77.0,161.0,181.0,129.0,109.0,134.0,167.0,187.0,151.0,137.0,179.0,195.0,164.0,130.0,144.0,152.0,105.0,15.0,232.0,159.0,242.0,243.0,240.0,237.0,236.0,232.0,230.0,227.0,232.0,238.0,241.0,240.0,232.0,230.0,228.0,226.0,225.0,236.0,240.0,241.0,240.0,243.0,242.0,243.0,240.0,233.0,230.0,227.0,222.0,214.0,202.0,192.0,181.0,187.0,179.0,167.0,192.0,188.0,202.0,113.0,143.0,132.0,78.0,113.0,72.0,78.0,66.0,51.0,43.0,3.0,16.0,54.0,75.0,47.0,16.0
59.0,65.0,161.0,0.0,103.0,90.0,91.0,39.0,53.0,132.0,90.0,100.0,66.0,132.0,181.0,66.0,158.0,117.0,99.0,127.0,181.0,160.0,177.0,164.0,94.0,119.0,199.0,180.0,184.0,174.0,194.0,192.0,178.0,81.0,154.0,93.0,113.0,147.0,152.0,82.0,140.0,133.0,107.0,178.0,81.0,121.0,62.0,102.0,97.0,120.0,187.0,160.0,89.0,170.0,155.0,133.0,154.0,159.0,126.0,9.0,85.0,58.0,71.0,77.0,21.0,209.0,243.0,241.0,233.0,231.0,230.0,225.0,223.0,220.0,226.0,234.0,241.0,228.0,238.0,235.0,234.0,233.0,227.0,236.0,237.0,236.0,238.0,#2,236.0,237.0,#2,234.0,220.0,216.0,210.0,206.0,189.0,179.0,152.0,159.0,164.0,162.0,174.0,195.0,209.0,94.0,126.0,127.0,143.0,142.0,101.0,49.0,53.0,16.0,4.0,27.0,0.0,9.0,55.0,81.0,2.0
88.0,40.0,#2,0.0,40.0,4.0,133.0,122.0,133.0,109.0,97.0,127.0,107.0,95.0,129.0,88.0,42.0,93.0,74.0,176.0,64.0,78.0,112.0,137.0,69.0,88.0,129.0,102.0,172.0,148.0,195.0,142.0,134.0,78.0,89.0,124.0,127.0,90.0,179.0,161.0,184.0,186.0,180.0,104.0,132.0,116.0,94.0,60.0,80.0,92.0,132.0,201.0,55.0,69.0,132.0,150.0,#2,143.0,67.0,55.0,142.0,81.0,25.0,52.0,213.0,228.0,244.0,236.0,229.0,223.0,221.0,217.0,215.0,214.0,220.0,240.0,237.0,242.0,#2,243.0,242.0,228.0,220.0,216.0,222.0,219.0,216.0,223.0,222.0,223.0,222.0,218.0,217.0,209.0,203.0,198.0,176.0,171.0,165.0,175.0,149.0,150.0,178.0,177.0,189.0,147.0,136.0,144.0,134.0,95.0,56.0,34.0,21.0,54.0,45.0,8.0,11.0,20.0,15.0,6.0,25.0
54.0,72.0,83.0,78.0,62.0,47.0,49.0,130.0,6.0,52.0,98.0,4.0,147.0,101.0,98.0,135.0,51.0,167.0,85.0,130.0,169.0,133.0,123.0,114.0,139.0,188.0,107.0,143.0,155.0,139.0,99.0,184.0,118.0,147.0,204.0,137.0,145.0,150.0,169.0,175.0,127.0,122.0,94.0,9.0,138.0,61.0,144.0,140.0,123.0,95.0,100.0,164.0,112.0,105.0,64.0,63.0,66.0,95.0,180.0,148.0,162.0,51.0,41.0,210.0,246.0,243.0,235.0,229.0,228.0,220.0,211.0,205.0,#2,210.0,229.0,241.0,228.0,240.0,244.0,243.0,239.0,230.0,211.0,192.0,203.0,206.0,207.0,213.0,217.0,212.0,215.0,#2,213.0,215.0,207.0,203.0,194.0,163.0,167.0,170.0,152.0,154.0,163.0,#2,171.0,122.0,98.0,96.0,91.0,114.0,92.0,90.0,33.0,54.0,116.0,39.0,0.0,17.0,15.0,1.0,10.0
54.0,38.0,67.0,56.0,93.0,84.0,81.0,71.0,63.0,43.0,73.0,105.0,113.0,125.0,85.0,147.0,149.0,94.0,90.0,153.0,151.0,93.0,171.0,98.0,65.0,90.0,153.0,183.0,118.0,181.0,79.0,125.0,75.0,30.0,95.0,109.0,62.0,91.0,128.0,117.0,121.0,116.0,134.0,140.0,132.0,163.0,21.0,34.0,133.0,107.0,57.0,143.0,87.0,41.0,60.0,108.0,124.0,74.0,109.0,118.0,58.0,222.0,242.0,247.0,238.0,239.0,231.0,230.0,223.0,211.0,201.0,198.0,209.0,215.0,224.0,229.0,224.0,#2,237.0,241.0,234.0,226.0,213.0,195.0,164.0,200.0,207.0,210.0,220.0,215.0,202.0,218.0,212.0,211.0,217.0,211.0,207.0,195.0,178.0,173.0,164.0,141.0,151.0,#2,173.0,82.0,108.0,134.0,158.0,111.0,121.0,179.0,101.0,141.0,130.0,174.0,149.0,105.0,31.0,0.0,4.0
38.0,84.0,36.0,77.0,65.0,70.0,58.0,68.0,71.0,82.0,79.0,68.0,96.0,88.0,66.0,57.0,113.0,97.0,136.0,116.0,102.0,130.0,119.0,165.0,121.0,137.0,149.0,137.0,144.0,104.0,80.0,132.0,72.0,107.0,80.0,103.0,202.0,208.0,92.0,102.0,146.0,134.0,155.0,89.0,93.0,119.0,52.0,37.0,96.0,142.0,157.0,70.0,88.0,82.0,39.0,25.0,102.0,93.0,164.0,7.0,142.0,214.0,248.0,246.0,239.0,237.0,227.0,209.0,213.0,205.0,198.0,207.0,218.0,211.0,223.0,215.0,225.0,227.0,240.0,238.0,234.0,227.0,208.0,172.0,156.0,163.0,204.0,#2,207.0,209.0,215.0,207.0,204.0,215.0,212.0,213.0,212.0,210.0,190.0,181.0,167.0,153.0,143.0,156.0,159.0,117.0,156.0,131.0,153.0,149.0,175.0,142.0,162.0,136.0,95.0,105.0,111.0,60.0,78.0,47.0,58.0
#2,2.0,72.0,128.0,61.0,24.0,1.0,56.0,47.0,63.0,52.0,#2,82.0,58.0,37.0,#2,119.0,104.0,132.0,147.0,140.0,192.0,152.0,46.0,54.0,107.0,156.0,60.0,88.0,120.0,87.0,151.0,98.0,110.0,135.0,154.0,108.0,70.0,106.0,161.0,140.0,103.0,113.0,141.0,79.0,114.0,134.0,9.0,139.0,20.0,135.0,48.0,98.0,134.0,81.0,76.0,118.0,100.0,74.0,177.0,143.0,255.0,245.0,241.0,238.0,232.0,224.0,218.0,208.0,215.0,219.0,211.0,207.0,202.0,217.0,201.0,232.0,218.0,239.0,237.0,230.0,222.0,202.0,189.0,160.0,176.0,189.0,194.0,201.0,206.0,192.0,183.0,203.0,200.0,198.0,206.0,205.0,220.0,222.0,190.0,182.0,190.0,141.0,126.0,146.0,#2,163.0,169.0,158.0,156.0,114.0,131.0,121.0,98.0,106.0,108.0,100.0,61.0,48.0,25.0,55.0
105.0,83.0,78.0,31.0,48.0,97.0,144.0,75.0,110.0,68.0,93.0,78.0,72.0,79.0,15.0,100.0,79.0,155.0,137.0,128.0,110.0,134.0,129.0,106.0,63.0,72.0,59.0,25.0,61.0,139.0,63.0,66.0,131.0,72.0,92.0,83.0,130.0,85.0,131.0,140.0,69.0,171.0,189.0,169.0,123.0,94.0,100.0,2.0,116.0,150.0,111.0,101.0,109.0,120.0,150.0,3.0,22.0,34.0,63.0,91.0,229.0,241.0,245.0,236.0,233.0,224.0,213.0,220.0,217.0,223.0,212.0,206.0,191.0,198.0,196.0,176.0,#2,227.0,236.0,234.0,227.0,220.0,204.0,192.0,159.0,180.0,173.0,190.0,193.0,195.0,188.0,203.0,196.0,173.0,199.0,187.0,188.0,208.0,184.0,185.0,191.0,183.0,154.0,121.0,123.0,131.0,143.0,168.0,169.0,128.0,132.0,133.0,101.0,138.0,129.0,152.0,116.0,142.0,98.0,76.0,89.0
150.0,97.0,82.0,83.0,36.0,29.0,14.0,99.0,97.0,149.0,108.0,104.0,80.0,34.0,153.0,137.0,127.0,138.0,129.0,#2,109.0,113.0,88.0,75.0,56.0,74.0,133.0,41.0,50.0,55.0,44.0,145.0,155.0,143.0,16.0,107.0,138.0,135.0,51.0,102.0,97.0,101.0,106.0,204.0,134.0,87.0,166.0,124.0,157.0,136.0,78.0,77.0,164.0,91.0,80.0,105.0,139.0,138.0,144.0,240.0,237.0,239.0,230.0,225.0,227.0,232.0,225.0,229.0,220.0,211.0,199.0,198.0,173.0,183.0,177.0,156.0,199.0,245.0,232.0,221.0,215.0,213.0,203.0,189.0,180.0,178.0,173.0,180.0,194.0,#2,182.0,191.0,197.0,190.0,176.0,191.0,194.0,184.0,202.0,181.0,191.0,178.0,179.0,123.0,99.0,144.0,157.0,125.0,92.0,90.0,141.0,181.0,150.0,124.0,118.0,99.0,146.0,145.0,182.0,157.0,132.0
65.0,0.0,128.0,75.0,63.0,43.0,99.0,89.0,108.0,90.0,131.0,123.0,80.0,86.0,116.0,117.0,152.0,72.0,107.0,30.0,117.0,103.0,87.0,65.0,13.0,23.0,58.0,66.0,100.0,69.0,31.0,74.0,122.0,132.0,159.0,51.0,123.0,0.0,123.0,199.0,195.0,180.0,161.0,179.0,184.0,152.0,168.0,157.0,101.0,92.0,71.0,110.0,170.0,165.0,135.0,147.0,145.0,204.0,#2,238.0,232.0,225.0,217.0,#2,224.0,221.0,228.0,231.0,226.0,212.0,190.0,182.0,150.0,168.0,142.0,134.0,178.0,239.0,226.0,212.0,#2,207.0,201.0,192.0,184.0,173.0,157.0,167.0,171.0,#2,162.0,149.0,177.0,164.0,#2,179.0,171.0,185.0,188.0,183.0,194.0,#2,188.0,161.0,97.0,120.0,138.0,165.0,140.0,120.0,119.0,115.0,112.0,#2,122.0,121.0,120.0,73.0,115.0,110.0,90.0
28.0,6.0,2.0,150.0,65.0,95.0,54.0,101.0,124.0,73.0,124.0,59.0,136.0,100.0,117.0,55.0,69.0,98.0,17.0,114.0,65.0,86.0,127.0,99.0,16.0,10.0,68.0,89.0,14.0,187.0,42.0,62.0,96.0,112.0,40.0,185.0,59.0,96.0,56.0,95.0,139.0,163.0,129.0,177.0,94.0,107.0,47.0,153.0,149.0,122.0,135.0,175.0,184.0,135.0,142.0,190.0,246.0,249.0,240.0,235.0,229.0,221.0,220.0,226.0,225.0,210.0,217.0,#2,222.0,211.0,180.0,154.0,157.0,136.0,155.0,22.0,231.0,228.0,225.0,214.0,208.0,206.0,193.0,177.0,179.0,155.0,154.0,171.0,168.0,162.0,156.0,167.0,171.0,172.0,169.0,161.0,168.0,146.0,156.0,186.0,183.0,172.0,169.0,183.0,135.0,107.0,140.0,151.0,123.0,126.0,165.0,129.0,136.0,87.0,95.0,132.0,31.0,157.0,87.0,109.0,70.0
79.0,97.0,58.0,81.0,105.0,69.0,100.0,69.0,141.0,144.0,72.0,111.0,76.0,69.0,84.0,184.0,64.0,54.0,146.0,124.0,68.0,96.0,112.0,73.0,72.0,91.0,68.0,64.0,19.0,8.0,126.0,0.0,182.0,147.0,101.0,155.0,212.0,147.0,199.0,109.0,155.0,135.0,103.0,170.0,141.0,80.0,116.0,163.0,138.0,165.0,146.0,104.0,199.0,212.0,247.0,#2,245.0,243.0,240.0,236.0,226.0,#2,224.0,228.0,225.0,217.0,214.0,202.0,215.0,209.0,178.0,122.0,114.0,150.0,73.0,0.0,236.0,238.0,231.0,219.0,208.0,203.0,189.0,165.0,180.0,174.0,154.0,155.0,165.0,168.0,142.0,157.0,148.0,122.0,150.0,138.0,155.0,128.0,131.0,144.0,175.0,163.0,171.0,158.0,176.0,171.0,121.0,57.0,136.0,208.0,159.0,152.0,121.0,140.0,154.0,113.0,58.0,65.0,119.0,75.0,95.0
67.0,57.0,91.0,73.0,57.0,40.0,72.0,137.0,174.0,133.0,187.0,104.0,58.0,115.0,40.0,75.0,118.0,207.0,56.0,113.0,123.0,78.0,91.0,70.0,21.0,59.0,88.0,13.0,54.0,31.0,8.0,114.0,132.0,142.0,129.0,169.0,125.0,218.0,210.0,163.0,97.0,130.0,186.0,182.0,140.0,139.0,191.0,204.0,195.0,196.0,180.0,193.0,#3,248.0,#2,247.0,241.0,235.0,231.0,227.0,225.0,219.0,222.0,225.0,200.0,204.0,206.0,199.0,182.0,129.0,136.0,137.0,90.0,20.0,29.0,235.0,255.0,226.0,222.0,206.0,199.0,187.0,189.0,184.0,174.0,161.0,180.0,157.0,141.0,123.0,134.0,135.0,122.0,111.0,127.0,123.0,124.0,137.0,127.0,146.0,142.0,157.0,167.0,165.0,157.0,211.0,200.0,169.0,179.0,148.0,136.0,121.0,116.0,80.0,53.0,20.0,76.0,98.0,137.0,63.0
36.0,88.0,140.0,144.0,53.0,9.0,111.0,147.0,55.0,79.0,148.0,59.0,128.0,0.0,125.0,8.0,88.0,72.0,171.0,161.0,103.0,85.0,79.0,36.0,57.0,70.0,73.0,138.0,66.0,130.0,159.0,137.0,102.0,162.0,131.0,97.0,183.0,164.0,124.0,192.0,151.0,132.0,131.0,150.0,140.0,139.0,115.0,163.0,162.0,135.0,197.0,255.0,#2,244.0,246.0,244.0,241.0,236.0,234.0,228.0,225.0,223.0,218.0,219.0,216.0,200.0,199.0,190.0,168.0,129.0,137.0,149.0,54.0,35.0,54.0,106.0,252.0,240.0,229.0,221.0,208.0,201.0,198.0,177.0,166.0,179.0,169.0,172.0,145.0,133.0,#2,129.0,119.0,117.0,109.0,103.0,105.0,100.0,126.0,127.0,130.0,136.0,119.0,149.0,141.0,132.0,144.0,131.0,151.0,114.0,162.0,100.0,144.0,140.0,107.0,78.0,47.0,74.0,120.0,#2,102.0
63.0,44.0,0.0,134.0,100.0,80.0,40.0,49.0,24.0,155.0,98.0,136.0,28.0,170.0,74.0,126.0,130.0,118.0,2.0,118.0,44.0,13.0,99.0,75.0,44.0,122.0,143.0,114.0,117.0,180.0,154.0,159.0,95.0,133.0,121.0,124.0,96.0,106.0,127.0,123.0,147.0,191.0,139.0,121.0,122.0,136.0,82.0,128.0,188.0,226.0,247.0,249.0,240.0,251.0,244.0,238.0,234.0,232.0,233.0,225.0,224.0,220.0,218.0,213.0,202.0,185.0,187.0,160.0,118.0,149.0,136.0,20.0,46.0,24.0,55.0,188.0,192.0,233.0,230.0,218.0,210.0,200.0,193.0,181.0,175.0,177.0,160.0,117.0,114.0,119.0,124.0,117.0,108.0,102.0,97.0,95.0,94.0,86.0,99.0,112.0,126.0,108.0,113.0,106.0,116.0,105.0,166.0,136.0,168.0,142.0,134.0,124.0,143.0,153.0,86.0,119.0,94.0,154.0,117.0,101.0,78.0
81.0,51.0,89.0,117.0,124.0,163.0,154.0,159.0,137.0,126.0,133.0,105.0,150.0,0.0,128.0,116.0,56.0,68.0,133.0,138.0,#2,156.0,176.0,179.0,207.0,128.0,122.0,113.0,174.0,151.0,147.0,113.0,174.0,202.0,149.0,132.0,154.0,130.0,143.0,163.0,179.0,88.0,110.0,145.0,109.0,110.0,153.0,107.0,248.0,244.0,241.0,249.0,239.0,240.0,237.0,233.0,226.0,227.0,228.0,210.0,212.0,202.0,204.0,202.0,180.0,157.0,155.0,105.0,118.0,81.0,64.0,43.0,35.0,51.0,76.0,90.0,225.0,218.0,223.0,222.0,211.0,214.0,202.0,207.0,202.0,186.0,152.0,141.0,#2,115.0,105.0,101.0,105.0,91.0,76.0,60.0,64.0,71.0,93.0,76.0,91.0,96.0,83.0,88.0,106.0,133.0,86.0,82.0,116.0,149.0,92.0,84.0,79.0,98.0,77.0,105.0,141.0,129.0,125.0,67.0,83.0
55.0,61.0,55.0,94.0,33.0,102.0,40.0,60.0,49.0,102.0,81.0,77.0,24.0,110.0,116.0,136.0,59.0,84.0,124.0,145.0,60.0,125.0,113.0,92.0,165.0,155.0,117.0,190.0,220.0,175.0,121.0,111.0,94.0,127.0,179.0,127.0,112.0,171.0,107.0,183.0,111.0,102.0,178.0,38.0,149.0,87.0,232.0,242.0,243.0,237.0,#2,239.0,232.0,221.0,209.0,214.0,#2,215.0,213.0,224.0,202.0,192.0,180.0,163.0,148.0,149.0,143.0,110.0,112.0,50.0,#2,54.0,68.0,93.0,65.0,203.0,194.0,205.0,187.0,212.0,219.0,213.0,218.0,208.0,195.0,174.0,157.0,132.0,136.0,119.0,102.0,99.0,92.0,68.0,59.0,42.0,53.0,59.0,67.0,75.0,68.0,69.0,91.0,117.0,133.0,89.0,80.0,95.0,141.0,112.0,38.0,135.0,97.0,124.0,123.0,58.0,#2,106.0,132.0,103.0,73.0
65.0,52.0,69.0,64.0,71.0,58.0,6.0,79.0,68.0,101.0,76.0,73.0,109.0,167.0,116.0,77.0,7.0,101.0,147.0,29.0,134.0,73.0,160.0,113.0,165.0,125.0,129.0,103.0,138.0,201.0,148.0,168.0,86.0,98.0,165.0,188.0,162.0,163.0,187.0,160.0,#2,143.0,162.0,112.0,130.0,255.0,247.0,245.0,231.0,238.0,227.0,#2,218.0,212.0,201.0,194.0,200.0,202.0,208.0,210.0,194.0,184.0,150.0,147.0,126.0,112.0,96.0,120.0,123.0,88.0,75.0,82.0,83.0,74.0,73.0,145.0,161.0,157.0,164.0,#2,210.0,213.0,207.0,202.0,183.0,174.0,172.0,153.0,152.0,143.0,136.0,128.0,122.0,84.0,41.0,35.0,42.0,57.0,88.0,116.0,135.0,136.0,142.0,155.0,165.0,121.0,127.0,135.0,98.0,146.0,129.0,144.0,102.0,98.0,75.0,116.0,142.0,160.0,112.0,110.0,135.0
129.0,35.0,18.0,44.0,84.0,57.0,42.0,71.0,88.0,142.0,73.0,43.0,130.0,78.0,92.0,40.0,81.0,111.0,175.0,17.0,125.0,19.0,98.0,157.0,180.0,100.0,170.0,140.0,167.0,106.0,127.0,110.0,157.0,132.0,117.0,200.0,162.0,80.0,132.0,105.0,217.0,124.0,139.0,219.0,252.0,232.0,240.0,235.0,228.0,219.0,#2,222.0,201.0,190.0,186.0,172.0,177.0,186.0,169.0,173.0,166.0,143.0,122.0,132.0,99.0,94.0,112.0,165.0,122.0,99.0,75.0,71.0,57.0,78.0,88.0,94.0,114.0,127.0,149.0,164.0,195.0,190.0,176.0,#2,160.0,165.0,146.0,148.0,#2,140.0,#2,127.0,131.0,137.0,134.0,148.0,173.0,189.0,185.0,192.0,205.0,192.0,186.0,166.0,130.0,126.0,120.0,125.0,163.0,184.0,191.0,145.0,63.0,62.0,119.0,82.0,84.0,42.0,112.0,111.0,95.0
58.0,62.0,153.0,108.0,52.0,41.0,97.0,104.0,2.0,68.0,52.0,77.0,17.0,26.0,165.0,72.0,51.0,116.0,47.0,225.0,101.0,81.0,137.0,146.0,172.0,128.0,111.0,140.0,127.0,128.0,121.0,134.0,163.0,141.0,132.0,198.0,145.0,52.0,183.0,210.0,186.0,173.0,237.0,242.0,243.0,239.0,232.0,224.0,214.0,216.0,223.0,204.0,191.0,171.0,160.0,165.0,138.0,125.0,124.0,138.0,131.0,120.0,116.0,112.0,95.0,104.0,216.0,226.0,115.0,107.0,94.0,74.0,69.0,67.0,72.0,80.0,91.0,104.0,103.0,116.0,176.0,206.0,210.0,215.0,228.0,226.0,227.0,216.0,181.0,#2,126.0,132.0,138.0,131.0,146.0,187.0,202.0,205.0,196.0,202.0,209.0,202.0,190.0,173.0,153.0,126.0,97.0,124.0,118.0,105.0,114.0,139.0,140.0,131.0,136.0,118.0,50.0,59.0,72.0,79.0,69.0
183.0,87.0,72.0,68.0,62.0,50.0,79.0,47.0,80.0,63.0,87.0,0.0,76.0,134.0,52.0,148.0,50.0,96.0,77.0,56.0,43.0,134.0,150.0,127.0,93.0,143.0,117.0,164.0,168.0,179.0,113.0,184.0,0.0,151.0,192.0,195.0,164.0,172.0,125.0,189.0,226.0,247.0,242.0,243.0,238.0,227.0,221.0,216.0,218.0,205.0,216.0,210.0,196.0,168.0,143.0,113.0,114.0,81.0,90.0,106.0,120.0,116.0,92.0,90.0,111.0,227.0,233.0,229.0,131.0,109.0,92.0,76.0,63.0,60.0,62.0,78.0,125.0,244.0,243.0,252.0,236.0,233.0,221.0,230.0,214.0,216.0,208.0,205.0,218.0,231.0,222.0,#2,224.0,227.0,221.0,215.0,217.0,221.0,227.0,226.0,229.0,200.0,171.0,159.0,124.0,93.0,68.0,169.0,127.0,147.0,92.0,85.0,112.0,127.0,140.0,131.0,104.0,78.0,125.0,112.0,109.0
104.0,86.0,126.0,102.0,83.0,110.0,90.0,45.0,69.0,28.0,43.0,74.0,150.0,146.0,74.0,152.0,95.0,153.0,59.0,147.0,139.0,131.0,119.0,94.0,110.0,112.0,96.0,193.0,123.0,152.0,141.0,155.0,169.0,74.0,141.0,210.0,126.0,225.0,242.0,238.0,237.0,#2,240.0,239.0,229.0,209.0,192.0,188.0,190.0,201.0,172.0,192.0,168.0,152.0,148.0,115.0,77.0,70.0,77.0,102.0,92.0,88.0,110.0,122.0,245.0,248.0,238.0,232.0,164.0,124.0,88.0,72.0,70.0,68.0,71.0,77.0,160.0,242.0,247.0,244.0,203.0,165.0,157.0,129.0,100.0,99.0,80.0,78.0,142.0,180.0,217.0,213.0,215.0,227.0,229.0,231.0,228.0,#2,227.0,224.0,234.0,190.0,173.0,140.0,116.0,78.0,59.0,168.0,152.0,127.0,126.0,149.0,118.0,214.0,98.0,140.0,174.0,71.0,31.0,155.0,157.0
33.0,108.0,16.0,131.0,64.0,50.0,7.0,176.0,129.0,99.0,58.0,63.0,31.0,127.0,102.0,65.0,96.0,144.0,68.0,48.0,127.0,82.0,83.0,118.0,116.0,136.0,169.0,94.0,103.0,131.0,123.0,149.0,135.0,180.0,212.0,243.0,239.0,236.0,234.0,245.0,239.0,242.0,234.0,225.0,213.0,198.0,184.0,145.0,164.0,152.0,171.0,153.0,162.0,106.0,97.0,88.0,79.0,55.0,75.0,93.0,91.0,114.0,106.0,235.0,242.0,252.0,255.0,245.0,198.0,115.0,82.0,78.0,70.0,67.0,71.0,78.0,219.0,250.0,199.0,159.0,156.0,143.0,75.0,59.0,48.0,#2,45.0,85.0,83.0,114.0,157.0,204.0,213.0,212.0,223.0,225.0,227.0,226.0,228.0,227.0,242.0,240.0,167.0,120.0,80.0,81.0,65.0,148.0,158.0,68.0,#2,123.0,140.0,166.0,89.0,76.0,64.0,66.0,71.0,50.0,87.0
103.0,46.0,49.0,67.0,104.0,46.0,77.0,126.0,188.0,140.0,103.0,64.0,67.0,97.0,163.0,115.0,120.0,150.0,119.0,135.0,51.0,103.0,73.0,129.0,176.0,142.0,112.0,151.0,54.0,172.0,184.0,228.0,240.0,#2,238.0,234.0,239.0,237.0,238.0,239.0,230.0,222.0,218.0,187.0,183.0,181.0,121.0,110.0,147.0,153.0,119.0,120.0,127.0,95.0,58.0,64.0,65.0,66.0,78.0,91.0,112.0,107.0,254.0,251.0,239.0,234.0,253.0,248.0,141.0,101.0,90.0,78.0,66.0,67.0,77.0,46.0,255.0,245.0,173.0,158.0,148.0,136.0,96.0,47.0,42.0,37.0,26.0,27.0,36.0,65.0,94.0,126.0,169.0,196.0,211.0,207.0,220.0,231.0,#2,225.0,221.0,224.0,239.0,226.0,132.0,35.0,73.0,180.0,204.0,179.0,170.0,153.0,88.0,50.0,66.0,76.0,55.0,53.0,50.0,125.0,71.0
64.0,51.0,59.0,105.0,145.0,144.0,171.0,158.0,171.0,204.0,205.0,160.0,87.0,149.0,121.0,150.0,178.0,176.0,148.0,142.0,158.0,149.0,199.0,101.0,154.0,122.0,203.0,211.0,250.0,234.0,245.0,237.0,235.0,236.0,234.0,236.0,232.0,233.0,228.0,208.0,203.0,177.0,156.0,138.0,141.0,150.0,98.0,49.0,97.0,94.0,110.0,98.0,58.0,#2,81.0,45.0,47.0,69.0,95.0,116.0,121.0,227.0,229.0,251.0,255.0,185.0,198.0,243.0,133.0,98.0,87.0,66.0,62.0,72.0,76.0,73.0,255.0,187.0,165.0,142.0,114.0,88.0,53.0,41.0,30.0,26.0,24.0,20.0,28.0,19.0,32.0,58.0,109.0,148.0,166.0,181.0,203.0,211.0,219.0,196.0,176.0,197.0,187.0,200.0,212.0,219.0,92.0,53.0,67.0,59.0,112.0,85.0,114.0,116.0,65.0,60.0,74.0,56.0,66.0,86.0,81.0
88.0,117.0,113.0,100.0,136.0,158.0,169.0,117.0,166.0,115.0,64.0,58.0,112.0,20.0,120.0,164.0,151.0,204.0,202.0,183.0,201.0,192.0,219.0,233.0,231.0,245.0,231.0,235.0,232.0,#2,234.0,240.0,#2,233.0,226.0,215.0,211.0,203.0,185.0,163.0,142.0,119.0,111.0,100.0,104.0,83.0,87.0,64.0,53.0,38.0,35.0,58.0,#2,39.0,56.0,60.0,73.0,90.0,99.0,166.0,249.0,234.0,240.0,245.0,255.0,78.0,72.0,62.0,58.0,84.0,#2,62.0,70.0,71.0,81.0,122.0,250.0,217.0,170.0,111.0,79.0,55.0,34.0,32.0,24.0,20.0,22.0,23.0,14.0,7.0,25.0,#2,49.0,87.0,111.0,147.0,171.0,174.0,181.0,184.0,198.0,215.0,137.0,180.0,178.0,221.0,88.0,110.0,128.0,157.0,85.0,122.0,102.0,88.0,57.0,65.0,48.0,46.0,43.0,45.0,81.0
133.0,88.0,125.0,99.0,73.0,72.0,79.0,96.0,99.0,135.0,187.0,168.0,193.0,246.0,194.0,209.0,218.0,210.0,216.0,225.0,214.0,230.0,229.0,228.0,229.0,232.0,234.0,221.0,216.0,217.0,#2,223.0,210.0,217.0,205.0,186.0,175.0,149.0,129.0,103.0,86.0,92.0,72.0,69.0,58.0,61.0,53.0,62.0,58.0,55.0,62.0,54.0,56.0,68.0,81.0,76.0,105.0,103.0,221.0,249.0,242.0,253.0,131.0,42.0,27.0,56.0,48.0,51.0,59.0,36.0,31.0,54.0,65.0,70.0,82.0,171.0,244.0,221.0,184.0,123.0,82.0,68.0,43.0,23.0,18.0,24.0,23.0,24.0,17.0,15.0,18.0,31.0,8.0,42.0,153.0,184.0,188.0,170.0,175.0,190.0,201.0,152.0,109.0,149.0,205.0,243.0,214.0,121.0,175.0,160.0,131.0,165.0,37.0,102.0,90.0,71.0,#2,64.0,62.0,69.0,65.0
70.0,49.0,62.0,72.0,116.0,173.0,195.0,204.0,#2,216.0,218.0,189.0,172.0,80.0,98.0,90.0,141.0,133.0,134.0,131.0,179.0,136.0,175.0,171.0,187.0,184.0,177.0,201.0,206.0,205.0,210.0,201.0,180.0,159.0,157.0,109.0,99.0,86.0,72.0,75.0,64.0,73.0,56.0,68.0,70.0,78.0,163.0,106.0,0.0,43.0,56.0,156.0,85.0,88.0,51.0,125.0,#2,115.0,217.0,238.0,245.0,120.0,72.0,67.0,#2,65.0,57.0,53.0,94.0,103.0,71.0,25.0,32.0,57.0,75.0,209.0,245.0,221.0,186.0,155.0,107.0,111.0,116.0,115.0,92.0,62.0,47.0,5.0,8.0,#2,45.0,10.0,154.0,187.0,163.0,96.0,85.0,86.0,100.0,118.0,146.0,135.0,139.0,187.0,214.0,236.0,#2,231.0,131.0,137.0,94.0,56.0,60.0,145.0,142.0,60.0,88.0,82.0,79.0,80.0,42.0
62.0,75.0,83.0,143.0,193.0,208.0,213.0,223.0,228.0,182.0,81.0,46.0,137.0,24.0,30.0,32.0,62.0,63.0,56.0,62.0,59.0,39.0,75.0,119.0,134.0,139.0,186.0,188.0,190.0,181.0,165.0,140.0,139.0,108.0,74.0,76.0,60.0,41.0,50.0,42.0,98.0,166.0,145.0,94.0,89.0,71.0,116.0,61.0,69.0,76.0,66.0,205.0,159.0,75.0,11.0,125.0,229.0,117.0,231.0,233.0,234.0,51.0,73.0,74.0,68.0,70.0,64.0,55.0,84.0,108.0,117.0,91.0,44.0,50.0,73.0,198.0,232.0,228.0,194.0,169.0,142.0,130.0,118.0,121.0,130.0,152.0,157.0,145.0,133.0,123.0,146.0,222.0,149.0,58.0,55.0,53.0,62.0,70.0,76.0,87.0,80.0,116.0,191.0,217.0,225.0,230.0,231.0,226.0,166.0,68.0,96.0,86.0,90.0,182.0,138.0,152.0,139.0,121.0,67.0,15.0,109.0
71.0,113.0,83.0,161.0,193.0,212.0,229.0,227.0,196.0,95.0,53.0,7.0,146.0,73.0,38.0,54.0,65.0,39.0,59.0,15.0,14.0,23.0,85.0,95.0,101.0,140.0,133.0,145.0,158.0,109.0,105.0,109.0,56.0,61.0,48.0,45.0,61.0,76.0,83.0,114.0,160.0,56.0,132.0,106.0,105.0,197.0,73.0,131.0,64.0,162.0,173.0,169.0,143.0,71.0,179.0,235.0,60.0,180.0,201.0,199.0,132.0,72.0,60.0,65.0,62.0,67.0,64.0,50.0,77.0,118.0,116.0,121.0,91.0,34.0,63.0,209.0,236.0,233.0,216.0,180.0,156.0,139.0,132.0,164.0,150.0,136.0,146.0,184.0,202.0,219.0,160.0,19.0,47.0,87.0,98.0,59.0,40.0,8.0,0.0,5.0,47.0,106.0,189.0,224.0,226.0,234.0,231.0,221.0,222.0,226.0,219.0,208.0,197.0,156.0,206.0,183.0,126.0,149.0,92.0,116.0,46.0
102.0,65.0,124.0,179.0,196.0,209.0,212.0,224.0,163.0,40.0,31.0,21.0,144.0,11.0,39.0,41.0,17.0,44.0,19.0,8.0,14.0,23.0,44.0,63.0,76.0,100.0,79.0,81.0,96.0,55.0,63.0,34.0,46.0,54.0,66.0,100.0,89.0,99.0,103.0,118.0,91.0,75.0,92.0,89.0,39.0,40.0,150.0,57.0,5.0,158.0,126.0,133.0,174.0,194.0,169.0,111.0,132.0,160.0,146.0,178.0,7.0,10.0,126.0,52.0,60.0,63.0,66.0,50.0,79.0,110.0,118.0,126.0,119.0,76.0,45.0,201.0,#2,236.0,194.0,191.0,162.0,143.0,151.0,148.0,154.0,203.0,238.0,242.0,248.0,#2,246.0,252.0,238.0,236.0,240.0,#2,237.0,248.0,#2,236.0,208.0,177.0,152.0,217.0,243.0,242.0,240.0,238.0,225.0,220.0,227.0,147.0,188.0,175.0,146.0,206.0,138.0,153.0,116.0,93.0,83.0
107.0,101.0,157.0,195.0,208.0,190.0,209.0,194.0,145.0,63.0,69.0,96.0,131.0,3.0,27.0,16.0,11.0,26.0,7.0,24.0,#2,30.0,37.0,34.0,35.0,60.0,58.0,47.0,37.0,50.0,55.0,47.0,68.0,103.0,97.0,158.0,147.0,85.0,141.0,140.0,104.0,188.0,151.0,143.0,130.0,12.0,9.0,77.0,173.0,22.0,69.0,31.0,167.0,117.0,207.0,146.0,0.0,143.0,116.0,121.0,34.0,156.0,0.0,46.0,52.0,#2,59.0,61.0,88.0,108.0,116.0,119.0,135.0,111.0,57.0,131.0,225.0,240.0,204.0,170.0,172.0,170.0,134.0,123.0,160.0,245.0,250.0,#2,246.0,#2,245.0,244.0,242.0,240.0,241.0,242.0,234.0,237.0,236.0,232.0,236.0,96.0,114.0,242.0,245.0,239.0,237.0,238.0,234.0,225.0,218.0,215.0,177.0,136.0,135.0,103.0,78.0,0.0,127.0,78.0,103.0
77.0,103.0,128.0,189.0,203.0,#2,204.0,197.0,170.0,33.0,1.0,9.0,71.0,0.0,#2,5.0,17.0,27.0,16.0,19.0,15.0,20.0,13.0,35.0,19.0,26.0,41.0,24.0,42.0,20.0,76.0,184.0,189.0,207.0,186.0,120.0,91.0,156.0,128.0,135.0,144.0,80.0,113.0,90.0,82.0,18.0,6.0,104.0,0.0,43.0,50.0,212.0,93.0,182.0,117.0,88.0,184.0,124.0,158.0,59.0,0.0,174.0,25.0,21.0,38.0,#2,43.0,65.0,93.0,#2,111.0,123.0,141.0,147.0,129.0,132.0,239.0,209.0,205.0,192.0,172.0,180.0,150.0,141.0,169.0,252.0,#2,248.0,#2,247.0,#2,246.0,247.0,246.0,242.0,237.0,238.0,228.0,241.0,174.0,248.0,247.0,229.0,216.0,197.0,216.0,209.0,#3,238.0,228.0,209.0,190.0,158.0,184.0,191.0,16.0,36.0,130.0,145.0,92.0
68.0,70.0,99.0,159.0,170.0,177.0,175.0,164.0,129.0,37.0,13.0,15.0,0.0,115.0,22.0,#2,28.0,57.0,58.0,32.0,11.0,27.0,19.0,18.0,11.0,22.0,36.0,39.0,83.0,197.0,223.0,206.0,219.0,222.0,247.0,239.0,251.0,222.0,247.0,187.0,31.0,49.0,56.0,50.0,51.0,49.0,36.0,77.0,161.0,30.0,144.0,2.0,80.0,5.0,25.0,51.0,4.0,115.0,178.0,124.0,170.0,5.0,12.0,26.0,23.0,30.0,33.0,67.0,88.0,106.0,113.0,126.0,128.0,146.0,117.0,223.0,240.0,226.0,202.0,201.0,190.0,205.0,165.0,174.0,254.0,242.0,247.0,#2,249.0,248.0,247.0,246.0,242.0,236.0,#2,233.0,231.0,236.0,145.0,75.0,198.0,230.0,171.0,140.0,16.0,2.0,1.0,42.0,152.0,209.0,214.0,213.0,171.0,167.0,130.0,147.0,104.0,61.0,65.0,97.0,65.0
27.0,65.0,35.0,95.0,140.0,189.0,151.0,156.0,109.0,77.0,35.0,27.0,29.0,141.0,5.0,18.0,22.0,51.0,24.0,36.0,20.0,8.0,16.0,7.0,28.0,39.0,24.0,65.0,47.0,98.0,38.0,84.0,20.0,143.0,55.0,106.0,112.0,82.0,53.0,103.0,95.0,59.0,42.0,60.0,62.0,60.0,103.0,0.0,118.0,68.0,83.0,136.0,139.0,88.0,48.0,56.0,76.0,73.0,128.0,82.0,174.0,18.0,4.0,9.0,12.0,16.0,43.0,65.0,81.0,91.0,100.0,107.0,125.0,114.0,178.0,255.0,237.0,203.0,205.0,177.0,197.0,209.0,229.0,201.0,233.0,#2,247.0,249.0,248.0,247.0,246.0,243.0,241.0,239.0,238.0,234.0,237.0,139.0,92.0,237.0,222.0,113.0,0.0,#2,10.0,3.0,8.0,16.0,59.0,179.0,206.0,203.0,181.0,176.0,156.0,137.0,57.0,103.0,56.0,#2,88.0
14.0,32.0,43.0,50.0,72.0,101.0,138.0,136.0,145.0,137.0,128.0,89.0,39.0,8.0,96.0,21.0,22.0,56.0,8.0,19.0,44.0,15.0,20.0,32.0,41.0,100.0,107.0,117.0,165.0,137.0,148.0,193.0,166.0,190.0,99.0,10.0,36.0,99.0,8.0,43.0,50.0,24.0,6.0,30.0,9.0,4.0,41.0,66.0,156.0,0.0,72.0,148.0,0.0,25.0,2.0,41.0,58.0,7.0,65.0,160.0,#2,1.0,23.0,0.0,7.0,3.0,#2,43.0,44.0,49.0,71.0,83.0,61.0,188.0,252.0,229.0,211.0,#2,197.0,223.0,200.0,218.0,210.0,196.0,234.0,249.0,247.0,246.0,244.0,243.0,245.0,241.0,249.0,242.0,239.0,252.0,145.0,81.0,252.0,247.0,203.0,61.0,#2,12.0,4.0,8.0,3.0,8.0,40.0,188.0,194.0,193.0,179.0,194.0,152.0,157.0,64.0,114.0,#2,104.0,36.0
9.0,14.0,44.0,52.0,73.0,81.0,135.0,139.0,164.0,#2,136.0,119.0,48.0,44.0,162.0,1.0,10.0,45.0,33.0,0.0,60.0,30.0,37.0,49.0,1.0,21.0,56.0,136.0,180.0,149.0,132.0,102.0,2.0,130.0,167.0,64.0,34.0,6.0,39.0,57.0,36.0,60.0,37.0,64.0,10.0,48.0,23.0,11.0,91.0,86.0,73.0,177.0,17.0,50.0,41.0,29.0,38.0,25.0,5.0,185.0,138.0,69.0,25.0,42.0,47.0,11.0,51.0,68.0,123.0,193.0,210.0,217.0,#2,255.0,237.0,180.0,203.0,195.0,189.0,192.0,221.0,213.0,217.0,243.0,111.0,246.0,248.0,245.0,#2,244.0,246.0,254.0,246.0,237.0,244.0,142.0,84.0,232.0,233.0,231.0,201.0,103.0,12.0,3.0,7.0,8.0,#2,4.0,57.0,171.0,175.0,197.0,194.0,119.0,108.0,146.0,62.0,93.0,145.0,158.0,144.0
19.0,43.0,106.0,158.0,185.0,152.0,117.0,161.0,163.0,158.0,169.0,112.0,53.0,22.0,68.0,15.0,29.0,28.0,18.0,0.0,95.0,43.0,52.0,99.0,47.0,55.0,8.0,10.0,58.0,31.0,62.0,8.0,105.0,74.0,116.0,0.0,98.0,106.0,18.0,63.0,45.0,0.0,33.0,11.0,27.0,36.0,11.0,128.0,133.0,138.0,65.0,171.0,5.0,27.0,14.0,5.0,0.0,104.0,153.0,15.0,185.0,18.0,14.0,28.0,5.0,7.0,109.0,249.0,255.0,228.0,237.0,241.0,244.0,247.0,245.0,219.0,196.0,195.0,197.0,206.0,217.0,214.0,239.0,215.0,206.0,241.0,249.0,247.0,246.0,247.0,248.0,241.0,244.0,251.0,184.0,78.0,201.0,240.0,235.0,229.0,193.0,141.0,24.0,8.0,5.0,7.0,60.0,17.0,54.0,164.0,174.0,128.0,179.0,169.0,172.0,156.0,137.0,101.0,114.0,146.0,16.0
26.0,81.0,122.0,153.0,141.0,117.0,111.0,132.0,151.0,137.0,138.0,151.0,97.0,58.0,0.0,113.0,#2,18.0,29.0,35.0,73.0,30.0,9.0,95.0,22.0,3.0,6.0,9.0,0.0,17.0,0.0,51.0,0.0,20.0,9.0,188.0,16.0,42.0,31.0,4.0,3.0,20.0,29.0,90.0,103.0,133.0,187.0,68.0,170.0,132.0,0.0,116.0,102.0,152.0,1.0,46.0,135.0,146.0,192.0,169.0,217.0,61.0,114.0,97.0,33.0,39.0,205.0,255.0,121.0,254.0,235.0,#2,227.0,233.0,240.0,211.0,173.0,184.0,206.0,227.0,212.0,227.0,47.0,0.0,143.0,252.0,251.0,#3,247.0,246.0,242.0,253.0,212.0,95.0,168.0,251.0,249.0,235.0,221.0,199.0,185.0,55.0,6.0,7.0,6.0,3.0,8.0,99.0,118.0,191.0,145.0,121.0,126.0,125.0,138.0,46.0,102.0,84.0,69.0,122.0
31.0,116.0,128.0,105.0,77.0,65.0,110.0,84.0,91.0,120.0,110.0,104.0,83.0,57.0,25.0,121.0,0.0,22.0,0.0,67.0,50.0,89.0,29.0,10.0,41.0,11.0,0.0,9.0,6.0,13.0,98.0,173.0,122.0,0.0,206.0,20.0,16.0,17.0,22.0,10.0,178.0,183.0,114.0,150.0,70.0,211.0,0.0,115.0,58.0,155.0,130.0,177.0,146.0,179.0,18.0,117.0,166.0,179.0,190.0,184.0,172.0,109.0,160.0,148.0,57.0,185.0,134.0,118.0,229.0,244.0,220.0,210.0,209.0,#2,224.0,174.0,172.0,203.0,231.0,233.0,232.0,77.0,50.0,241.0,247.0,252.0,246.0,#2,247.0,#2,248.0,#2,242.0,105.0,104.0,246.0,248.0,237.0,234.0,229.0,210.0,194.0,68.0,8.0,5.0,4.0,10.0,75.0,188.0,218.0,196.0,167.0,129.0,99.0,78.0,134.0,74.0,85.0,104.0,105.0,167.0
60.0,0.0,41.0,45.0,27.0,96.0,51.0,38.0,82.0,73.0,46.0,17.0,36.0,35.0,29.0,3.0,103.0,23.0,0.0,14.0,32.0,120.0,#2,7.0,0.0,12.0,0.0,13.0,28.0,27.0,5.0,32.0,130.0,178.0,156.0,54.0,0.0,21.0,18.0,0.0,95.0,124.0,158.0,132.0,202.0,199.0,220.0,104.0,83.0,147.0,224.0,110.0,185.0,151.0,5.0,194.0,63.0,207.0,92.0,108.0,104.0,180.0,181.0,156.0,142.0,154.0,114.0,192.0,149.0,236.0,231.0,240.0,245.0,252.0,220.0,192.0,232.0,239.0,229.0,119.0,95.0,164.0,254.0,245.0,249.0,#2,248.0,245.0,250.0,251.0,244.0,255.0,112.0,71.0,255.0,250.0,241.0,233.0,229.0,230.0,212.0,176.0,29.0,11.0,8.0,3.0,90.0,197.0,230.0,201.0,199.0,162.0,131.0,106.0,115.0,136.0,109.0,125.0,101.0,139.0,78.0
58.0,22.0,0.0,3.0,77.0,51.0,64.0,85.0,43.0,20.0,25.0,36.0,15.0,4.0,9.0,28.0,126.0,0.0,3.0,2.0,28.0,99.0,48.0,12.0,0.0,3.0,28.0,7.0,1.0,7.0,#2,0.0,127.0,22.0,116.0,187.0,148.0,59.0,47.0,10.0,145.0,97.0,0.0,73.0,90.0,117.0,38.0,43.0,141.0,190.0,201.0,178.0,148.0,189.0,135.0,171.0,119.0,171.0,163.0,157.0,34.0,90.0,144.0,150.0,153.0,56.0,129.0,170.0,146.0,246.0,252.0,240.0,#2,250.0,251.0,203.0,110.0,14.0,40.0,55.0,190.0,255.0,251.0,245.0,248.0,#2,249.0,251.0,252.0,236.0,250.0,134.0,98.0,171.0,230.0,241.0,234.0,210.0,211.0,228.0,227.0,139.0,0.0,2.0,9.0,69.0,217.0,231.0,211.0,209.0,194.0,150.0,113.0,92.0,96.0,91.0,40.0,39.0,99.0,68.0,76.0
87.0,72.0,7.0,80.0,12.0,104.0,35.0,6.0,18.0,15.0,19.0,7.0,1.0,#2,0.0,2.0,0.0,140.0,#2,0.0,101.0,9.0,10.0,57.0,120.0,18.0,0.0,3.0,12.0,27.0,50.0,222.0,218.0,130.0,48.0,11.0,129.0,171.0,173.0,159.0,162.0,160.0,156.0,135.0,#2,138.0,72.0,106.0,100.0,112.0,75.0,201.0,176.0,136.0,108.0,24.0,187.0,206.0,165.0,150.0,207.0,88.0,109.0,126.0,103.0,120.0,188.0,195.0,179.0,222.0,243.0,222.0,248.0,250.0,251.0,254.0,255.0,232.0,228.0,218.0,249.0,254.0,246.0,#2,247.0,249.0,250.0,246.0,241.0,253.0,167.0,115.0,92.0,#2,255.0,235.0,230.0,220.0,214.0,216.0,228.0,173.0,22.0,9.0,72.0,210.0,225.0,#2,207.0,203.0,186.0,146.0,96.0,69.0,70.0,68.0,79.0,71.0,66.0,30.0,98.0
102.0,104.0,121.0,11.0,108.0,5.0,6.0,16.0,63.0,76.0,74.0,63.0,30.0,5.0,0.0,35.0,0.0,77.0,#2,115.0,102.0,#2,114.0,0.0,146.0,122.0,150.0,165.0,156.0,139.0,118.0,135.0,36.0,2.0,136.0,5.0,115.0,1.0,120.0,144.0,166.0,171.0,157.0,185.0,150.0,182.0,199.0,147.0,129.0,158.0,176.0,224.0,130.0,118.0,116.0,217.0,193.0,133.0,81.0,138.0,116.0,83.0,117.0,153.0,151.0,189.0,130.0,138.0,86.0,144.0,164.0,219.0,#2,239.0,244.0,249.0,253.0,244.0,242.0,250.0,#2,245.0,#2,248.0,237.0,249.0,253.0,249.0,248.0,196.0,105.0,16.0,225.0,239.0,248.0,236.0,235.0,233.0,234.0,229.0,226.0,200.0,86.0,137.0,218.0,232.0,212.0,206.0,198.0,178.0,177.0,111.0,56.0,48.0,52.0,56.0,31.0,54.0,113.0,159.0,124.0
121.0,50.0,101.0,99.0,83.0,0.0,3.0,5.0,0.0,49.0,0.0,12.0,0.0,37.0,95.0,72.0,67.0,75.0,82.0,125.0,126.0,143.0,113.0,178.0,162.0,120.0,113.0,131.0,113.0,62.0,16.0,93.0,162.0,180.0,165.0,67.0,61.0,132.0,48.0,96.0,166.0,140.0,186.0,179.0,128.0,173.0,4.0,48.0,112.0,189.0,25.0,142.0,198.0,135.0,165.0,12.0,170.0,226.0,126.0,161.0,104.0,138.0,147.0,131.0,153.0,194.0,111.0,169.0,195.0,130.0,102.0,111.0,125.0,231.0,239.0,244.0,247.0,#2,245.0,247.0,#2,244.0,245.0,239.0,244.0,#2,250.0,242.0,231.0,112.0,67.0,110.0,255.0,249.0,238.0,239.0,231.0,225.0,231.0,226.0,218.0,198.0,182.0,217.0,238.0,193.0,200.0,210.0,201.0,186.0,159.0,103.0,55.0,49.0,59.0,#2,65.0,184.0,77.0,115.0,2.0
195.0,39.0,0.0,50.0,135.0,37.0,16.0,0.0,34.0,57.0,#2,0.0,74.0,129.0,166.0,198.0,191.0,207.0,#2,180.0,130.0,109.0,146.0,112.0,97.0,100.0,101.0,82.0,114.0,112.0,104.0,133.0,174.0,171.0,177.0,162.0,158.0,143.0,187.0,152.0,216.0,132.0,89.0,101.0,149.0,167.0,169.0,150.0,80.0,50.0,177.0,142.0,102.0,89.0,130.0,217.0,0.0,99.0,169.0,146.0,159.0,130.0,135.0,68.0,202.0,162.0,152.0,193.0,148.0,181.0,190.0,148.0,129.0,45.0,153.0,238.0,253.0,242.0,248.0,242.0,243.0,242.0,243.0,#2,242.0,244.0,246.0,249.0,131.0,101.0,73.0,252.0,251.0,242.0,239.0,231.0,230.0,227.0,215.0,204.0,194.0,208.0,215.0,230.0,216.0,207.0,199.0,200.0,190.0,167.0,116.0,57.0,51.0,72.0,87.0,86.0,4.0,109.0,144.0,141.0,109.0
189.0,153.0,117.0,138.0,199.0,11.0,60.0,94.0,156.0,149.0,155.0,#2,162.0,86.0,107.0,93.0,89.0,114.0,94.0,105.0,155.0,125.0,69.0,0.0,2.0,58.0,59.0,49.0,70.0,39.0,11.0,49.0,41.0,61.0,108.0,22.0,128.0,191.0,150.0,114.0,80.0,64.0,185.0,190.0,163.0,164.0,87.0,181.0,175.0,111.0,172.0,154.0,0.0,241.0,191.0,59.0,216.0,154.0,123.0,131.0,197.0,124.0,99.0,149.0,218.0,94.0,146.0,143.0,166.0,129.0,120.0,235.0,149.0,176.0,114.0,237.0,236.0,243.0,247.0,237.0,244.0,#2,243.0,247.0,248.0,245.0,246.0,153.0,100.0,80.0,173.0,247.0,248.0,239.0,234.0,230.0,222.0,213.0,201.0,207.0,222.0,216.0,224.0,221.0,207.0,200.0,193.0,178.0,158.0,154.0,86.0,58.0,79.0,85.0,80.0,115.0,44.0,11.0,125.0,88.0,138.0
161.0,124.0,55.0,5.0,166.0,0.0,72.0,85.0,59.0,92.0,98.0,66.0,79.0,113.0,115.0,76.0,86.0,57.0,97.0,114.0,55.0,78.0,104.0,78.0,57.0,72.0,38.0,149.0,76.0,102.0,43.0,47.0,71.0,2.0,159.0,101.0,184.0,117.0,145.0,181.0,135.0,65.0,84.0,124.0,17.0,185.0,182.0,160.0,124.0,141.0,174.0,167.0,206.0,158.0,162.0,236.0,89.0,119.0,232.0,71.0,183.0,145.0,134.0,186.0,160.0,122.0,129.0,102.0,81.0,85.0,122.0,124.0,167.0,172.0,154.0,67.0,241.0,226.0,208.0,230.0,239.0,250.0,#2,247.0,255.0,248.0,156.0,96.0,193.0,14.0,255.0,245.0,243.0,237.0,232.0,217.0,206.0,197.0,210.0,229.0,242.0,235.0,221.0,204.0,193.0,183.0,173.0,153.0,160.0,72.0,80.0,118.0,94.0,80.0,120.0,128.0,50.0,73.0,0.0,67.0,106.0
70.0,119.0,143.0,117.0,80.0,52.0,14.0,94.0,127.0,95.0,58.0,135.0,143.0,67.0,97.0,117.0,58.0,57.0,51.0,110.0,107.0,130.0,122.0,50.0,15.0,70.0,132.0,0.0,126.0,74.0,94.0,99.0,95.0,160.0,142.0,133.0,107.0,148.0,182.0,122.0,157.0,197.0,200.0,172.0,160.0,187.0,111.0,0.0,42.0,169.0,177.0,189.0,192.0,207.0,107.0,7.0,223.0,86.0,0.0,226.0,194.0,149.0,192.0,197.0,159.0,156.0,159.0,93.0,147.0,128.0,182.0,159.0,156.0,111.0,62.0,168.0,190.0,191.0,207.0,210.0,246.0,243.0,248.0,254.0,255.0,212.0,100.0,208.0,30.0,162.0,248.0,249.0,243.0,233.0,225.0,224.0,218.0,210.0,227.0,239.0,234.0,228.0,222.0,206.0,178.0,171.0,151.0,134.0,95.0,84.0,71.0,118.0,77.0,138.0,108.0,76.0,119.0,114.0,118.0,64.0,57.0
27.0,158.0,162.0,168.0,149.0,107.0,147.0,5.0,22.0,102.0,105.0,117.0,8.0,59.0,97.0,74.0,72.0,71.0,95.0,139.0,89.0,58.0,66.0,86.0,57.0,134.0,79.0,97.0,81.0,78.0,63.0,155.0,142.0,151.0,123.0,88.0,130.0,150.0,194.0,133.0,121.0,190.0,150.0,185.0,189.0,149.0,97.0,149.0,122.0,12.0,58.0,131.0,186.0,97.0,112.0,110.0,178.0,188.0,193.0,201.0,190.0,213.0,131.0,192.0,120.0,102.0,112.0,63.0,56.0,175.0,114.0,147.0,193.0,91.0,109.0,20.0,106.0,138.0,199.0,213.0,227.0,246.0,247.0,245.0,231.0,102.0,149.0,80.0,86.0,251.0,252.0,249.0,244.0,239.0,225.0,217.0,223.0,227.0,233.0,239.0,229.0,222.0,212.0,199.0,172.0,152.0,125.0,95.0,86.0,105.0,103.0,91.0,137.0,132.0,136.0,99.0,43.0,106.0,128.0,87.0,113.0
141.0,114.0,112.0,160.0,167.0,173.0,165.0,170.0,131.0,10.0,159.0,165.0,187.0,191.0,175.0,150.0,148.0,37.0,22.0,56.0,105.0,38.0,50.0,169.0,111.0,90.0,118.0,97.0,67.0,63.0,33.0,190.0,154.0,134.0,176.0,92.0,134.0,161.0,141.0,119.0,108.0,97.0,125.0,168.0,138.0,150.0,181.0,132.0,152.0,159.0,152.0,178.0,94.0,132.0,72.0,107.0,130.0,141.0,68.0,157.0,187.0,207.0,188.0,57.0,209.0,200.0,122.0,25.0,42.0,114.0,1.0,87.0,136.0,112.0,12.0,120.0,181.0,203.0,196.0,200.0,251.0,248.0,247.0,248.0,134.0,99.0,163.0,38.0,232.0,241.0,#2,243.0,240.0,236.0,221.0,223.0,225.0,#3,231.0,219.0,213.0,211.0,203.0,192.0,157.0,144.0,127.0,128.0,117.0,93.0,156.0,136.0,132.0,156.0,104.0,65.0,57.0,91.0,68.0,97.0
63.0,#2,20.0,90.0,53.0,32.0,0.0,66.0,84.0,144.0,168.0,177.0,164.0,192.0,179.0,185.0,195.0,194.0,193.0,201.0,190.0,179.0,154.0,116.0,118.0,87.0,26.0,51.0,114.0,47.0,84.0,136.0,142.0,214.0,165.0,137.0,144.0,98.0,156.0,148.0,189.0,183.0,157.0,90.0,141.0,89.0,56.0,85.0,63.0,90.0,204.0,73.0,77.0,146.0,152.0,181.0,84.0,86.0,50.0,185.0,114.0,#2,160.0,164.0,153.0,111.0,94.0,206.0,199.0,182.0,140.0,184.0,149.0,112.0,115.0,210.0,204.0,187.0,220.0,208.0,254.0,241.0,255.0,116.0,77.0,183.0,60.0,214.0,249.0,242.0,246.0,243.0,239.0,214.0,229.0,228.0,229.0,236.0,229.0,227.0,213.0,215.0,205.0,200.0,193.0,175.0,162.0,125.0,97.0,104.0,143.0,169.0,125.0,129.0,77.0,66.0,41.0,62.0,64.0,4.0,94.0
117.0,25.0,22.0,26.0,104.0,56.0,35.0,66.0,61.0,38.0,154.0,8.0,87.0,29.0,121.0,175.0,177.0,197.0,170.0,165.0,189.0,170.0,189.0,190.0,197.0,210.0,193.0,174.0,166.0,96.0,181.0,102.0,88.0,73.0,104.0,111.0,76.0,65.0,95.0,150.0,155.0,106.0,141.0,145.0,112.0,62.0,99.0,128.0,152.0,92.0,138.0,75.0,110.0,148.0,117.0,84.0,30.0,113.0,126.0,167.0,196.0,173.0,107.0,123.0,128.0,157.0,171.0,157.0,59.0,86.0,189.0,106.0,134.0,121.0,164.0,240.0,212.0,199.0,240.0,242.0,246.0,255.0,121.0,47.0,194.0,8.0,129.0,249.0,246.0,248.0,246.0,242.0,241.0,237.0,230.0,#2,228.0,205.0,201.0,209.0,213.0,217.0,207.0,196.0,193.0,173.0,166.0,148.0,109.0,158.0,168.0,172.0,121.0,96.0,80.0,55.0,53.0,51.0,11.0,72.0,64.0
79.0,80.0,61.0,59.0,25.0,71.0,113.0,117.0,11.0,44.0,16.0,134.0,156.0,153.0,82.0,55.0,72.0,66.0,93.0,69.0,79.0,43.0,98.0,14.0,0.0,6.0,46.0,47.0,76.0,106.0,124.0,195.0,145.0,135.0,148.0,154.0,192.0,63.0,50.0,107.0,139.0,147.0,124.0,173.0,61.0,160.0,196.0,72.0,97.0,89.0,114.0,128.0,0.0,81.0,105.0,60.0,56.0,44.0,127.0,170.0,132.0,189.0,79.0,59.0,223.0,149.0,109.0,149.0,154.0,145.0,132.0,134.0,140.0,128.0,190.0,226.0,224.0,213.0,247.0,252.0,248.0,150.0,14.0,104.0,13.0,186.0,241.0,238.0,#3,245.0,243.0,238.0,234.0,219.0,220.0,206.0,173.0,167.0,175.0,#2,184.0,186.0,172.0,177.0,158.0,152.0,#2,142.0,167.0,115.0,138.0,119.0,116.0,91.0,26.0,102.0,69.0,123.0,70.0,63.0
111.0,124.0,94.0,102.0,83.0,107.0,118.0,44.0,131.0,144.0,74.0,78.0,105.0,68.0,39.0,104.0,12.0,42.0,77.0,69.0,106.0,93.0,136.0,155.0,167.0,188.0,127.0,50.0,62.0,9.0,137.0,88.0,155.0,143.0,107.0,186.0,180.0,215.0,198.0,53.0,142.0,#2,103.0,26.0,45.0,93.0,133.0,141.0,207.0,101.0,60.0,104.0,143.0,112.0,79.0,152.0,121.0,102.0,109.0,79.0,188.0,131.0,195.0,164.0,#2,134.0,107.0,125.0,136.0,159.0,157.0,148.0,147.0,137.0,223.0,237.0,209.0,219.0,218.0,229.0,169.0,6.0,55.0,47.0,233.0,229.0,240.0,242.0,245.0,#2,246.0,244.0,237.0,230.0,232.0,206.0,197.0,176.0,179.0,162.0,163.0,152.0,158.0,153.0,162.0,149.0,141.0,130.0,134.0,135.0,116.0,110.0,105.0,98.0,76.0,117.0,67.0,89.0,123.0,62.0,52.0
100.0,79.0,8.0,133.0,127.0,75.0,90.0,100.0,90.0,35.0,42.0,110.0,108.0,37.0,84.0,171.0,115.0,80.0,28.0,72.0,175.0,139.0,103.0,133.0,115.0,59.0,36.0,30.0,71.0,61.0,74.0,105.0,115.0,85.0,119.0,108.0,133.0,90.0,20.0,218.0,165.0,191.0,0.0,71.0,116.0,177.0,22.0,61.0,139.0,92.0,178.0,139.0,100.0,3.0,157.0,132.0,92.0,146.0,135.0,94.0,155.0,122.0,78.0,130.0,134.0,#2,119.0,151.0,155.0,145.0,151.0,150.0,147.0,192.0,233.0,215.0,226.0,208.0,193.0,186.0,31.0,26.0,102.0,235.0,233.0,230.0,235.0,242.0,247.0,243.0,240.0,243.0,237.0,226.0,224.0,219.0,209.0,188.0,193.0,#2,197.0,185.0,191.0,182.0,187.0,181.0,155.0,139.0,142.0,145.0,86.0,79.0,62.0,#2,149.0,101.0,47.0,35.0,24.0,36.0,0.0
157.0,4.0,104.0,121.0,55.0,126.0,150.0,176.0,198.0,199.0,158.0,53.0,121.0,187.0,212.0,177.0,154.0,146.0,164.0,156.0,142.0,136.0,149.0,110.0,129.0,132.0,88.0,114.0,147.0,172.0,179.0,188.0,173.0,68.0,150.0,39.0,146.0,140.0,175.0,89.0,168.0,162.0,198.0,167.0,150.0,86.0,65.0,164.0,2.0,52.0,140.0,58.0,146.0,130.0,150.0,128.0,137.0,121.0,93.0,99.0,149.0,108.0,169.0,116.0,95.0,111.0,144.0,156.0,140.0,131.0,144.0,149.0,150.0,194.0,224.0,218.0,205.0,198.0,164.0,30.0,28.0,107.0,239.0,230.0,216.0,214.0,234.0,239.0,236.0,233.0,239.0,238.0,234.0,#2,221.0,219.0,208.0,196.0,197.0,191.0,183.0,187.0,182.0,184.0,171.0,162.0,168.0,153.0,143.0,134.0,107.0,105.0,167.0,77.0,84.0,70.0,33.0,16.0,36.0,40.0,60.0
8.0,137.0,142.0,168.0,176.0,111.0,90.0,44.0,13.0,78.0,36.0,105.0,116.0,187.0,135.0,147.0,171.0,182.0,209.0,216.0,180.0,88.0,104.0,42.0,117.0,116.0,75.0,95.0,113.0,60.0,63.0,24.0,17.0,128.0,185.0,156.0,166.0,115.0,89.0,109.0,126.0,195.0,141.0,209.0,144.0,104.0,61.0,24.0,158.0,64.0,155.0,154.0,140.0,126.0,182.0,81.0,102.0,159.0,165.0,133.0,196.0,68.0,96.0,150.0,84.0,133.0,125.0,132.0,#2,136.0,144.0,145.0,164.0,228.0,211.0,190.0,131.0,158.0,23.0,24.0,123.0,227.0,225.0,214.0,217.0,228.0,234.0,#3,232.0,239.0,241.0,235.0,220.0,223.0,217.0,209.0,211.0,199.0,190.0,188.0,187.0,111.0,98.0,108.0,120.0,104.0,93.0,101.0,125.0,93.0,171.0,163.0,0.0,5.0,39.0,99.0,31.0,39.0,13.0,18.0
170.0,106.0,91.0,72.0,109.0,82.0,96.0,12.0,21.0,54.0,76.0,12.0,0.0,81.0,100.0,59.0,26.0,34.0,104.0,121.0,14.0,146.0,200.0,97.0,52.0,92.0,38.0,124.0,102.0,128.0,97.0,77.0,97.0,135.0,99.0,144.0,156.0,169.0,148.0,138.0,143.0,131.0,221.0,187.0,178.0,169.0,150.0,144.0,152.0,141.0,91.0,109.0,123.0,119.0,10.0,192.0,15.0,48.0,101.0,142.0,151.0,#2,130.0,89.0,112.0,124.0,108.0,95.0,129.0,133.0,118.0,127.0,162.0,198.0,225.0,172.0,148.0,19.0,37.0,158.0,233.0,241.0,209.0,205.0,216.0,#2,231.0,#2,230.0,229.0,227.0,#2,231.0,227.0,223.0,217.0,209.0,203.0,198.0,195.0,169.0,151.0,31.0,45.0,30.0,0.0,23.0,#2,20.0,53.0,70.0,95.0,7.0,78.0,59.0,73.0,72.0,75.0,0.0,31.0,0.0
95.0,10.0,142.0,132.0,55.0,59.0,60.0,40.0,141.0,130.0,106.0,46.0,65.0,81.0,110.0,112.0,118.0,158.0,96.0,113.0,24.0,77.0,42.0,38.0,145.0,139.0,189.0,68.0,89.0,68.0,97.0,111.0,86.0,70.0,77.0,100.0,72.0,44.0,116.0,86.0,103.0,56.0,0.0,53.0,129.0,152.0,134.0,137.0,122.0,77.0,138.0,195.0,168.0,138.0,145.0,84.0,186.0,173.0,8.0,126.0,131.0,162.0,66.0,124.0,111.0,98.0,108.0,120.0,114.0,123.0,#2,139.0,175.0,207.0,200.0,42.0,98.0,26.0,140.0,243.0,224.0,217.0,191.0,210.0,#2,223.0,225.0,214.0,229.0,219.0,224.0,221.0,228.0,212.0,229.0,221.0,204.0,200.0,183.0,190.0,173.0,147.0,1.0,84.0,135.0,136.0,126.0,103.0,#2,76.0,0.0,71.0,73.0,51.0,45.0,75.0,45.0,0.0,2.0,0.0,93.0
53.0,58.0,0.0,90.0,117.0,51.0,50.0,71.0,44.0,127.0,27.0,24.0,6.0,81.0,65.0,77.0,141.0,116.0,106.0,80.0,60.0,115.0,88.0,79.0,29.0,10.0,56.0,65.0,40.0,136.0,62.0,124.0,157.0,80.0,125.0,91.0,147.0,123.0,93.0,125.0,71.0,133.0,129.0,135.0,97.0,212.0,0.0,79.0,53.0,46.0,79.0,172.0,119.0,120.0,80.0,45.0,120.0,170.0,228.0,236.0,228.0,71.0,128.0,122.0,98.0,107.0,95.0,124.0,147.0,129.0,133.0,142.0,200.0,163.0,189.0,25.0,28.0,132.0,255.0,243.0,233.0,190.0,196.0,199.0,211.0,218.0,212.0,216.0,213.0,221.0,214.0,220.0,208.0,215.0,211.0,206.0,210.0,208.0,195.0,177.0,172.0,168.0,155.0,146.0,128.0,96.0,90.0,30.0,70.0,72.0,189.0,135.0,0.0,8.0,100.0,35.0,2.0,19.0,27.0,56.0,33.0
89.0,109.0,131.0,54.0,1.0,162.0,121.0,91.0,#2,156.0,87.0,92.0,111.0,159.0,163.0,104.0,39.0,36.0,69.0,37.0,45.0,30.0,102.0,125.0,148.0,125.0,108.0,125.0,131.0,98.0,189.0,163.0,122.0,75.0,28.0,122.0,139.0,127.0,124.0,172.0,156.0,152.0,84.0,18.0,31.0,18.0,178.0,152.0,154.0,90.0,163.0,73.0,92.0,116.0,99.0,137.0,190.0,157.0,184.0,163.0,245.0,211.0,138.0,58.0,93.0,85.0,82.0,122.0,139.0,125.0,115.0,144.0,186.0,188.0,146.0,110.0,101.0,250.0,223.0,248.0,229.0,195.0,171.0,192.0,200.0,210.0,209.0,220.0,230.0,#2,228.0,223.0,215.0,217.0,215.0,211.0,208.0,199.0,192.0,172.0,162.0,150.0,164.0,121.0,96.0,103.0,77.0,65.0,58.0,109.0,114.0,67.0,73.0,9.0,128.0,1.0,42.0,62.0,77.0,10.0,12.0
34.0,56.0,141.0,166.0,140.0,145.0,143.0,181.0,133.0,22.0,137.0,94.0,39.0,4.0,65.0,52.0,59.0,36.0,7.0,#2,39.0,#2,34.0,45.0,86.0,95.0,118.0,91.0,113.0,107.0,142.0,175.0,176.0,105.0,160.0,108.0,95.0,134.0,174.0,185.0,100.0,55.0,60.0,50.0,88.0,126.0,139.0,75.0,149.0,60.0,94.0,93.0,122.0,21.0,#2,127.0,175.0,243.0,132.0,76.0,197.0,235.0,181.0,184.0,52.0,89.0,123.0,120.0,128.0,113.0,118.0,185.0,192.0,115.0,89.0,40.0,193.0,219.0,230.0,237.0,209.0,175.0,197.0,166.0,194.0,208.0,#2,223.0,231.0,235.0,228.0,220.0,#2,222.0,220.0,223.0,222.0,214.0,198.0,197.0,150.0,143.0,114.0,92.0,128.0,119.0,66.0,140.0,64.0,81.0,31.0,58.0,61.0,141.0,1.0,20.0,3.0,1.0,120.0,59.0,2.0
159.0,136.0,76.0,67.0,76.0,104.0,135.0,181.0,180.0,101.0,1.0,0.0,53.0,57.0,43.0,35.0,32.0,18.0,32.0,13.0,43.0,35.0,#2,4.0,141.0,152.0,135.0,57.0,71.0,90.0,127.0,121.0,113.0,#2,170.0,162.0,175.0,108.0,97.0,98.0,141.0,149.0,126.0,150.0,101.0,98.0,0.0,#2,178.0,87.0,83.0,134.0,119.0,134.0,113.0,97.0,116.0,180.0,181.0,235.0,205.0,175.0,231.0,204.0,85.0,42.0,96.0,140.0,130.0,125.0,153.0,131.0,91.0,120.0,17.0,31.0,102.0,230.0,228.0,231.0,233.0,168.0,182.0,156.0,198.0,217.0,222.0,230.0,234.0,225.0,221.0,216.0,207.0,225.0,229.0,217.0,214.0,210.0,#2,184.0,169.0,160.0,90.0,117.0,121.0,137.0,127.0,93.0,111.0,52.0,76.0,57.0,72.0,29.0,49.0,0.0,36.0,71.0,104.0,3.0,62.0
7.0,66.0,#2,10.0,14.0,57.0,28.0,4.0,5.0,74.0,114.0,133.0,122.0,43.0,8.0,35.0,12.0,22.0,20.0,2.0,3.0,29.0,0.0,48.0,80.0,20.0,83.0,79.0,118.0,134.0,118.0,92.0,102.0,86.0,124.0,134.0,111.0,109.0,99.0,47.0,77.0,85.0,190.0,239.0,163.0,126.0,145.0,112.0,195.0,205.0,159.0,166.0,143.0,155.0,174.0,173.0,74.0,105.0,103.0,104.0,213.0,255.0,206.0,214.0,135.0,168.0,100.0,81.0,#2,112.0,89.0,86.0,84.0,85.0,48.0,28.0,63.0,211.0,236.0,#2,227.0,198.0,158.0,180.0,222.0,232.0,226.0,215.0,216.0,206.0,218.0,210.0,218.0,225.0,222.0,223.0,219.0,187.0,190.0,167.0,155.0,162.0,146.0,130.0,126.0,167.0,177.0,145.0,127.0,80.0,70.0,49.0,40.0,51.0,2.0,63.0,151.0,65.0,0.0,42.0,60.0
100.0,105.0,112.0,68.0,44.0,49.0,25.0,0.0,69.0,62.0,41.0,0.0,43.0,126.0,231.0,132.0,4.0,38.0,26.0,2.0,17.0,0.0,63.0,57.0,134.0,37.0,101.0,121.0,120.0,171.0,117.0,110.0,80.0,76.0,14.0,59.0,99.0,#2,123.0,62.0,104.0,188.0,142.0,171.0,54.0,177.0,202.0,191.0,131.0,188.0,107.0,#2,123.0,121.0,93.0,87.0,66.0,107.0,45.0,49.0,133.0,23.0,198.0,174.0,134.0,131.0,63.0,58.0,55.0,58.0,81.0,67.0,9.0,14.0,11.0,3.0,39.0,186.0,228.0,240.0,214.0,194.0,160.0,201.0,218.0,216.0,219.0,211.0,206.0,195.0,217.0,224.0,225.0,217.0,226.0,220.0,213.0,185.0,188.0,187.0,159.0,151.0,157.0,121.0,132.0,#2,162.0,139.0,104.0,115.0,156.0,48.0,90.0,10.0,2.0,30.0,67.0,92.0,117.0,101.0,61.0
6.0,60.0,66.0,70.0,30.0,106.0,43.0,100.0,63.0,95.0,112.0,123.0,80.0,36.0,81.0,100.0,204.0,152.0,24.0,79.0,68.0,132.0,46.0,55.0,116.0,95.0,138.0,117.0,#2,138.0,191.0,112.0,76.0,82.0,60.0,92.0,0.0,50.0,116.0,78.0,123.0,118.0,74.0,172.0,173.0,205.0,138.0,134.0,163.0,194.0,86.0,46.0,89.0,127.0,80.0,97.0,89.0,61.0,85.0,63.0,94.0,70.0,39.0,128.0,142.0,140.0,88.0,66.0,0.0,3.0,19.0,17.0,29.0,3.0,0.0,37.0,50.0,188.0,227.0,232.0,187.0,167.0,144.0,177.0,210.0,205.0,212.0,211.0,187.0,183.0,198.0,209.0,213.0,219.0,211.0,208.0,204.0,201.0,177.0,180.0,160.0,144.0,105.0,63.0,157.0,175.0,171.0,133.0,69.0,105.0,101.0,111.0,104.0,3.0,21.0,68.0,47.0,67.0,46.0,64.0,95.0
61.0,29.0,1.0,7.0,35.0,0.0,135.0,110.0,68.0,40.0,11.0,2.0,66.0,92.0,177.0,188.0,180.0,199.0,215.0,7.0,57.0,107.0,104.0,73.0,131.0,132.0,69.0,160.0,171.0,90.0,118.0,94.0,63.0,57.0,98.0,48.0,54.0,46.0,42.0,7.0,130.0,29.0,47.0,105.0,108.0,110.0,111.0,50.0,119.0,76.0,78.0,27.0,5.0,122.0,163.0,158.0,169.0,167.0,147.0,86.0,65.0,90.0,88.0,140.0,195.0,178.0,78.0,13.0,16.0,28.0,19.0,80.0,45.0,3.0,12.0,40.0,47.0,199.0,215.0,213.0,179.0,147.0,116.0,170.0,211.0,200.0,211.0,208.0,200.0,181.0,197.0,196.0,204.0,200.0,212.0,199.0,192.0,180.0,171.0,165.0,151.0,113.0,82.0,161.0,181.0,137.0,66.0,158.0,144.0,40.0,4.0,32.0,5.0,19.0,5.0,0.0,1.0,6.0,4.0,0.0,100.0
33.0,27.0,6.0,36.0,19.0,133.0,10.0,39.0,10.0,45.0,89.0,76.0,2.0,115.0,3.0,0.0,53.0,56.0,148.0,240.0,130.0,0.0,88.0,84.0,49.0,111.0,129.0,128.0,151.0,127.0,139.0,83.0,78.0,116.0,54.0,76.0,17.0,33.0,21.0,42.0,146.0,220.0,152.0,12.0,110.0,172.0,157.0,243.0,201.0,131.0,204.0,107.0,156.0,129.0,157.0,172.0,168.0,13.0,131.0,0.0,159.0,122.0,80.0,136.0,159.0,141.0,87.0,82.0,14.0,48.0,178.0,182.0,40.0,49.0,29.0,41.0,50.0,172.0,211.0,178.0,182.0,145.0,134.0,170.0,186.0,197.0,194.0,195.0,192.0,197.0,198.0,#2,195.0,190.0,205.0,198.0,159.0,162.0,175.0,178.0,99.0,140.0,133.0,146.0,206.0,173.0,58.0,5.0,128.0,13.0,14.0,9.0,34.0,78.0,56.0,165.0,46.0,8.0,63.0,35.0,94.0
20.0,23.0,24.0,29.0,76.0,102.0,46.0,#2,1.0,93.0,13.0,101.0,144.0,52.0,79.0,94.0,5.0,104.0,36.0,74.0,183.0,221.0,47.0,40.0,99.0,72.0,134.0,112.0,74.0,61.0,88.0,166.0,101.0,123.0,73.0,51.0,61.0,60.0,51.0,23.0,35.0,7.0,57.0,230.0,145.0,12.0,0.0,144.0,123.0,215.0,113.0,126.0,132.0,176.0,170.0,168.0,135.0,172.0,33.0,138.0,52.0,101.0,181.0,140.0,68.0,128.0,99.0,117.0,129.0,60.0,120.0,107.0,67.0,53.0,3.0,46.0,66.0,156.0,196.0,227.0,172.0,108.0,115.0,153.0,150.0,165.0,188.0,168.0,179.0,192.0,176.0,174.0,180.0,187.0,168.0,151.0,180.0,174.0,171.0,148.0,151.0,77.0,143.0,218.0,176.0,136.0,84.0,77.0,32.0,8.0,59.0,9.0,56.0,24.0,72.0,40.0,70.0,82.0,48.0,96.0,41.0
19.0,11.0,18.0,53.0,105.0,61.0,65.0,46.0,53.0,14.0,75.0,116.0,65.0,50.0,29.0,31.0,105.0,35.0,101.0,36.0,74.0,44.0,21.0,8.0,70.0,62.0,82.0,98.0,125.0,66.0,48.0,117.0,112.0,119.0,103.0,6.0,3.0,0.0,6.0,1.0,27.0,40.0,90.0,177.0,173.0,216.0,#2,157.0,170.0,135.0,186.0,150.0,155.0,160.0,163.0,134.0,209.0,157.0,180.0,77.0,10.0,7.0,83.0,135.0,177.0,110.0,75.0,104.0,105.0,57.0,255.0,87.0,138.0,106.0,25.0,26.0,82.0,166.0,217.0,177.0,179.0,105.0,117.0,141.0,143.0,155.0,154.0,161.0,168.0,179.0,186.0,173.0,171.0,156.0,171.0,#2,176.0,169.0,149.0,127.0,99.0,68.0,80.0,110.0,150.0,86.0,61.0,36.0,141.0,0.0,13.0,66.0,26.0,103.0,152.0,136.0,16.0,94.0,100.0,74.0,83.0
0.0,14.0,52.0,94.0,43.0,#2,89.0,27.0,0.0,91.0,88.0,2.0,10.0,12.0,4.0,15.0,53.0,79.0,98.0,74.0,33.0,53.0,135.0,42.0,13.0,103.0,106.0,133.0,126.0,166.0,125.0,136.0,95.0,84.0,26.0,3.0,7.0,0.0,19.0,26.0,0.0,74.0,169.0,188.0,155.0,93.0,188.0,20.0,120.0,168.0,140.0,19.0,53.0,111.0,206.0,226.0,211.0,175.0,99.0,206.0,108.0,5.0,122.0,69.0,56.0,103.0,62.0,57.0,126.0,62.0,208.0,95.0,113.0,163.0,10.0,87.0,82.0,148.0,200.0,195.0,156.0,74.0,99.0,103.0,92.0,111.0,129.0,171.0,186.0,192.0,203.0,193.0,187.0,163.0,168.0,157.0,154.0,135.0,120.0,40.0,35.0,36.0,34.0,53.0,101.0,3.0,8.0,58.0,125.0,140.0,92.0,0.0,173.0,113.0,94.0,68.0,126.0,108.0,72.0,95.0,103.0
6.0,16.0,8.0,127.0,113.0,68.0,25.0,38.0,101.0,89.0,43.0,31.0,37.0,74.0,46.0,53.0,82.0,44.0,134.0,104.0,86.0,104.0,123.0,75.0,74.0,23.0,68.0,107.0,122.0,117.0,100.0,63.0,62.0,80.0,29.0,57.0,42.0,17.0,2.0,145.0,249.0,110.0,2.0,183.0,58.0,113.0,77.0,36.0,0.0,145.0,212.0,122.0,88.0,37.0,11.0,155.0,216.0,192.0,208.0,57.0,195.0,53.0,86.0,63.0,50.0,105.0,65.0,74.0,55.0,47.0,131.0,112.0,99.0,138.0,6.0,58.0,69.0,123.0,175.0,162.0,77.0,32.0,54.0,67.0,119.0,165.0,177.0,199.0,200.0,194.0,168.0,194.0,197.0,147.0,133.0,120.0,100.0,72.0,47.0,45.0,44.0,1.0,80.0,82.0,148.0,5.0,58.0,#2,0.0,101.0,148.0,84.0,114.0,102.0,104.0,141.0,4.0,54.0,69.0,49.0,0.0
10.0,17.0,9.0,0.0,17.0,82.0,59.0,24.0,21.0,63.0,49.0,24.0,64.0,93.0,25.0,72.0,0.0,106.0,82.0,171.0,139.0,68.0,113.0,98.0,196.0,129.0,73.0,135.0,19.0,22.0,42.0,116.0,0.0,59.0,84.0,114.0,62.0,112.0,227.0,121.0,38.0,136.0,142.0,22.0,134.0,92.0,152.0,122.0,73.0,61.0,46.0,204.0,199.0,68.0,101.0,172.0,56.0,116.0,209.0,189.0,174.0,153.0,105.0,123.0,150.0,123.0,61.0,58.0,44.0,61.0,76.0,85.0,51.0,147.0,37.0,26.0,72.0,119.0,149.0,121.0,44.0,31.0,87.0,136.0,#2,156.0,176.0,200.0,186.0,179.0,189.0,164.0,123.0,110.0,51.0,25.0,33.0,24.0,39.0,26.0,33.0,11.0,152.0,172.0,129.0,151.0,129.0,112.0,116.0,81.0,82.0,234.0,12.0,42.0,111.0,101.0,139.0,41.0,56.0,24.0,57.0
4.0,13.0,55.0,68.0,66.0,63.0,48.0,53.0,62.0,49.0,65.0,107.0,82.0,63.0,5.0,4.0,118.0,89.0,184.0,159.0,68.0,105.0,94.0,173.0,114.0,139.0,1.0,0.0,48.0,70.0,27.0,194.0,50.0,23.0,68.0,87.0,137.0,183.0,178.0,131.0,83.0,84.0,70.0,115.0,97.0,112.0,17.0,41.0,100.0,102.0,99.0,1.0,71.0,177.0,203.0,114.0,0.0,99.0,65.0,113.0,160.0,187.0,202.0,50.0,46.0,141.0,66.0,40.0,59.0,42.0,91.0,63.0,43.0,13.0,33.0,55.0,60.0,149.0,136.0,85.0,38.0,23.0,#2,128.0,164.0,169.0,188.0,176.0,144.0,153.0,115.0,73.0,44.0,35.0,25.0,0.0,25.0,176.0,5.0,13.0,28.0,47.0,159.0,40.0,9.0,94.0,145.0,9.0,46.0,47.0,69.0,137.0,116.0,111.0,39.0,63.0,94.0,136.0,74.0,91.0,80.0
29.0,44.0,4.0,57.0,46.0,65.0,1.0,68.0,42.0,65.0,81.0,50.0,0.0,38.0,31.0,137.0,132.0,202.0,122.0,82.0,62.0,2.0,165.0,24.0,42.0,63.0,101.0,92.0,47.0,122.0,142.0,137.0,33.0,102.0,178.0,95.0,63.0,204.0,159.0,200.0,98.0,78.0,81.0,73.0,79.0,105.0,142.0,73.0,120.0,97.0,10.0,121.0,130.0,109.0,47.0,91.0,189.0,205.0,137.0,20.0,90.0,196.0,114.0,201.0,139.0,164.0,99.0,41.0,#2,33.0,40.0,50.0,67.0,159.0,125.0,89.0,79.0,114.0,117.0,48.0,37.0,21.0,100.0,156.0,161.0,154.0,141.0,59.0,99.0,79.0,36.0,4.0,1.0,5.0,20.0,59.0,94.0,41.0,176.0,170.0,145.0,109.0,2.0,39.0,95.0,85.0,98.0,126.0,87.0,116.0,21.0,114.0,161.0,99.0,113.0,102.0,116.0,138.0,88.0,63.0,47.0
10.0,17.0,16.0,13.0,4.0,6.0,14.0,29.0,70.0,22.0,83.0,100.0,113.0,87.0,118.0,109.0,107.0,104.0,102.0,61.0,44.0,146.0,0.0,59.0,14.0,123.0,28.0,27.0,57.0,0.0,175.0,49.0,121.0,58.0,85.0,105.0,81.0,179.0,178.0,198.0,169.0,40.0,216.0,163.0,93.0,159.0,93.0,51.0,86.0,104.0,38.0,156.0,160.0,84.0,55.0,38.0,124.0,63.0,58.0,145.0,148.0,127.0,203.0,152.0,147.0,189.0,102.0,58.0,2.0,120.0,100.0,59.0,75.0,36.0,16.0,13.0,75.0,133.0,87.0,29.0,28.0,36.0,112.0,139.0,136.0,121.0,37.0,47.0,34.0,0.0,1.0,5.0,#3,3.0,10.0,8.0,27.0,2.0,177.0,125.0,104.0,99.0,124.0,0.0,37.0,78.0,126.0,94.0,7.0,138.0,7.0,246.0,82.0,84.0,97.0,130.0,68.0,95.0,0.0,6.0
40.0,41.0,48.0,0.0,42.0,44.0,0.0,66.0,26.0,104.0,130.0,84.0,99.0,60.0,146.0,53.0,121.0,25.0,159.0,92.0,61.0,2.0,14.0,61.0,96.0,80.0,118.0,84.0,137.0,126.0,83.0,76.0,39.0,104.0,58.0,118.0,99.0,128.0,202.0,164.0,230.0,2.0,0.0,23.0,36.0,140.0,174.0,107.0,147.0,109.0,199.0,178.0,175.0,127.0,25.0,48.0,64.0,115.0,140.0,152.0,49.0,197.0,201.0,192.0,179.0,183.0,143.0,76.0,28.0,54.0,33.0,31.0,36.0,103.0,16.0,60.0,101.0,129.0,41.0,35.0,36.0,82.0,137.0,91.0,61.0,33.0,23.0,0.0,8.0,#3,0.0,1.0,#2,0.0,1.0,#2,0.0,4.0,90.0,85.0,165.0,121.0,53.0,9.0,168.0,34.0,28.0,126.0,137.0,78.0,3.0,175.0,120.0,110.0,41.0,11.0,50.0,71.0,65.0,79.0
40.0,33.0,26.0,62.0,45.0,52.0,67.0,80.0,89.0,11.0,129.0,105.0,154.0,88.0,86.0,53.0,55.0,103.0,133.0,74.0,0.0,49.0,121.0,87.0,117.0,143.0,135.0,122.0,102.0,143.0,141.0,119.0,0.0,49.0,9.0,71.0,95.0,88.0,157.0,190.0,201.0,146.0,0.0,48.0,122.0,57.0,121.0,79.0,180.0,110.0,171.0,148.0,113.0,127.0,53.0,144.0,127.0,91.0,41.0,122.0,105.0,35.0,131.0,195.0,189.0,156.0,138.0,81.0,34.0,29.0,73.0,51.0,19.0,36.0,54.0,45.0,74.0,68.0,39.0,38.0,42.0,29.0,35.0,33.0,17.0,3.0,0.0,103.0,19.0,7.0,#2,0.0,1.0,2.0,1.0,#3,0.0,61.0,158.0,184.0,174.0,137.0,165.0,206.0,204.0,146.0,94.0,170.0,101.0,54.0,64.0,71.0,114.0,112.0,66.0,98.0,72.0,51.0,42.0,59.0
67.0,73.0,79.0,82.0,74.0,54.0,74.0,102.0,78.0,83.0,137.0,115.0,3.0,73.0,66.0,96.0,61.0,173.0,141.0,112.0,121.0,111.0,0.0,37.0,86.0,0.0,88.0,120.0,112.0,19.0,3.0,85.0,1.0,57.0,89.0,101.0,50.0,81.0,119.0,212.0,164.0,206.0,152.0,155.0,170.0,160.0,196.0,154.0,106.0,92.0,124.0,125.0,165.0,182.0,142.0,68.0,92.0,7.0,153.0,172.0,113.0,143.0,56.0,113.0,224.0,181.0,140.0,94.0,41.0,27.0,41.0,34.0,37.0,33.0,48.0,58.0,141.0,98.0,32.0,38.0,34.0,37.0,7.0,0.0,1.0,#2,0.0,97.0,72.0,10.0,#3,0.0,16.0,125.0,147.0,162.0,167.0,129.0,86.0,201.0,157.0,48.0,130.0,59.0,123.0,41.0,153.0,122.0,135.0,75.0,70.0,19.0,196.0,80.0,112.0,120.0,49.0,78.0,151.0,78.0
65.0,96.0,8.0,10.0,24.0,7.0,129.0,97.0,130.0,93.0,123.0,94.0,31.0,141.0,119.0,53.0,96.0,112.0,78.0,57.0,74.0,92.0,142.0,87.0,82.0,114.0,116.0,22.0,146.0,80.0,141.0,105.0,151.0,161.0,148.0,131.0,93.0,123.0,92.0,136.0,120.0,216.0,176.0,187.0,144.0,180.0,41.0,62.0,104.0,15.0,181.0,182.0,193.0,105.0,62.0,68.0,23.0,130.0,19.0,161.0,85.0,87.0,113.0,114.0,141.0,158.0,145.0,111.0,60.0,36.0,21.0,25.0,43.0,32.0,53.0,105.0,107.0,47.0,41.0,26.0,39.0,0.0,4.0,1.0,4.0,11.0,78.0,1.0,62.0,102.0,174.0,168.0,33.0,7.0,107.0,58.0,151.0,146.0,156.0,131.0,137.0,68.0,124.0,122.0,136.0,81.0,70.0,127.0,0.0,21.0,42.0,85.0,92.0,110.0,124.0,93.0,75.0,96.0,99.0,96.0,150.0
107.0,4.0,86.0,0.0,26.0,85.0,55.0,33.0,68.0,49.0,62.0,96.0,148.0,87.0,24.0,45.0,31.0,72.0,38.0,72.0,30.0,59.0,124.0,64.0,169.0,117.0,80.0,142.0,101.0,133.0,173.0,141.0,191.0,160.0,107.0,4.0,118.0,122.0,141.0,155.0,162.0,21.0,200.0,165.0,120.0,220.0,185.0,188.0,206.0,196.0,183.0,102.0,28.0,#2,9.0,65.0,160.0,127.0,97.0,121.0,171.0,118.0,28.0,124.0,187.0,172.0,146.0,115.0,54.0,7.0,35.0,28.0,6.0,40.0,114.0,82.0,115.0,39.0,36.0,10.0,0.0,2.0,0.0,3.0,7.0,2.0,103.0,137.0,193.0,102.0,67.0,140.0,160.0,174.0,206.0,#2,216.0,217.0,132.0,102.0,8.0,12.0,39.0,86.0,79.0,26.0,40.0,138.0,132.0,146.0,90.0,160.0,131.0,162.0,45.0,93.0,34.0,116.0,56.0,92.0,103.0
82.0,74.0,98.0,119.0,100.0,121.0,59.0,9.0,32.0,107.0,103.0,89.0,79.0,58.0,82.0,84.0,153.0,83.0,113.0,99.0,74.0,68.0,70.0,46.0,98.0,153.0,220.0,76.0,131.0,158.0,140.0,122.0,184.0,103.0,4.0,30.0,#2,0.0,77.0,92.0,168.0,121.0,176.0,154.0,121.0,164.0,116.0,195.0,194.0,193.0,190.0,166.0,#2,116.0,126.0,133.0,152.0,107.0,122.0,50.0,183.0,167.0,196.0,109.0,93.0,210.0,129.0,114.0,80.0,158.0,46.0,19.0,5.0,64.0,100.0,113.0,116.0,55.0,6.0,#2,0.0,80.0,41.0,37.0,23.0,71.0,134.0,147.0,158.0,128.0,123.0,173.0,164.0,149.0,176.0,163.0,147.0,128.0,139.0,97.0,113.0,86.0,84.0,68.0,100.0,87.0,124.0,149.0,146.0,120.0,136.0,133.0,105.0,85.0,106.0,60.0,143.0,167.0,50.0,68.0,57.0
13.0,45.0,0.0,43.0,72.0,35.0,46.0,61.0,63.0,76.0,90.0,75.0,80.0,76.0,49.0,5.0,4.0,0.0,74.0,18.0,7.0,85.0,103.0,125.0,73.0,0.0,160.0,45.0,58.0,17.0,184.0,52.0,69.0,230.0,237.0,136.0,87.0,53.0,117.0,143.0,103.0,164.0,149.0,125.0,113.0,63.0,39.0,42.0,59.0,34.0,75.0,129.0,171.0,160.0,167.0,212.0,193.0,202.0,174.0,150.0,159.0,141.0,173.0,160.0,134.0,160.0,194.0,141.0,89.0,21.0,115.0,73.0,10.0,85.0,101.0,105.0,69.0,44.0,0.0,5.0,7.0,4.0,35.0,116.0,64.0,94.0,137.0,162.0,196.0,177.0,126.0,100.0,143.0,136.0,162.0,137.0,138.0,208.0,143.0,158.0,188.0,208.0,212.0,204.0,185.0,172.0,119.0,133.0,#2,173.0,140.0,1.0,53.0,92.0,84.0,121.0,117.0,109.0,1.0,86.0,25.0
42.0,61.0,56.0,44.0,12.0,17.0,11.0,1.0,21.0,46.0,18.0,31.0,41.0,59.0,37.0,79.0,57.0,50.0,12.0,50.0,91.0,66.0,73.0,65.0,82.0,139.0,47.0,28.0,105.0,70.0,122.0,217.0,221.0,36.0,126.0,220.0,184.0,150.0,95.0,155.0,93.0,162.0,126.0,86.0,80.0,75.0,13.0,2.0,108.0,153.0,120.0,117.0,0.0,68.0,118.0,39.0,74.0,30.0,95.0,159.0,107.0,164.0,45.0,126.0,137.0,217.0,170.0,108.0,126.0,28.0,15.0,0.0,21.0,72.0,85.0,97.0,42.0,56.0,72.0,90.0,18.0,126.0,80.0,213.0,232.0,236.0,226.0,215.0,175.0,100.0,34.0,139.0,105.0,75.0,21.0,0.0,121.0,114.0,52.0,47.0,44.0,172.0,147.0,84.0,151.0,96.0,89.0,69.0,124.0,99.0,199.0,121.0,#2,0.0,24.0,17.0,59.0,41.0,9.0,5.0,36.0
24.0,76.0,24.0,22.0,37.0,31.0,25.0,44.0,5.0,47.0,#2,78.0,68.0,100.0,90.0,9.0,13.0,74.0,20.0,59.0,109.0,59.0,143.0,129.0,90.0,97.0,6.0,60.0,72.0,50.0,25.0,80.0,120.0,109.0,208.0,200.0,159.0,198.0,146.0,143.0,79.0,184.0,155.0,50.0,22.0,47.0,20.0,5.0,39.0,112.0,66.0,78.0,113.0,224.0,96.0,164.0,149.0,144.0,155.0,91.0,121.0,166.0,130.0,84.0,104.0,224.0,5.0,220.0,61.0,78.0,2.0,13.0,24.0,65.0,68.0,56.0,46.0,0.0,142.0,218.0,216.0,232.0,153.0,127.0,81.0,153.0,51.0,97.0,125.0,139.0,219.0,106.0,121.0,170.0,8.0,28.0,115.0,127.0,6.0,1.0,132.0,58.0,154.0,172.0,94.0,166.0,109.0,43.0,23.0,7.0,6.0,124.0,164.0,12.0,189.0,45.0,0.0,7.0,6.0,53.0,92.0
55.0,40.0,0.0,92.0,155.0,78.0,41.0,63.0,88.0,20.0,32.0,91.0,94.0,31.0,28.0,16.0,14.0,108.0,88.0,33.0,59.0,118.0,142.0,75.0,78.0,96.0,37.0,28.0,58.0,23.0,40.0,73.0,93.0,13.0,114.0,183.0,188.0,202.0,97.0,155.0,164.0,89.0,13.0,2.0,42.0,39.0,35.0,20.0,15.0,1.0,0.0,134.0,66.0,153.0,167.0,118.0,205.0,32.0,138.0,112.0,205.0,95.0,115.0,132.0,85.0,195.0,2.0,136.0,211.0,94.0,23.0,12.0,9.0,18.0,43.0,36.0,9.0,0.0,145.0,0.0,38.0,60.0,54.0,29.0,130.0,78.0,107.0,73.0,138.0,147.0,71.0,89.0,172.0,99.0,129.0,146.0,168.0,152.0,188.0,92.0,29.0,41.0,92.0,146.0,143.0,77.0,66.0,128.0,164.0,180.0,61.0,65.0,36.0,147.0,198.0,0.0,23.0,#2,9.0,7.0,35.0
54.0,35.0,41.0,94.0,63.0,78.0,127.0,111.0,67.0,77.0,101.0,73.0,45.0,100.0,42.0,43.0,132.0,82.0,69.0,105.0,134.0,126.0,145.0,117.0,72.0,8.0,168.0,1.0,40.0,59.0,0.0,94.0,51.0,35.0,94.0,85.0,152.0,159.0,39.0,160.0,151.0,192.0,131.0,66.0,45.0,51.0,#2,41.0,17.0,8.0,44.0,121.0,144.0,129.0,103.0,105.0,108.0,229.0,213.0,173.0,66.0,70.0,79.0,54.0,180.0,177.0,17.0,131.0,76.0,121.0,61.0,30.0,21.0,12.0,#2,3.0,25.0,124.0,33.0,4.0,34.0,3.0,64.0,125.0,0.0,78.0,116.0,164.0,0.0,43.0,52.0,69.0,120.0,108.0,105.0,135.0,93.0,185.0,95.0,88.0,70.0,130.0,113.0,197.0,158.0,163.0,149.0,116.0,37.0,0.0,68.0,93.0,130.0,120.0,121.0,134.0,98.0,86.0,51.0,33.0,57.0
0.0,56.0,62.0,121.0,158.0,181.0,193.0,140.0,55.0,61.0,60.0,18.0,84.0,68.0,125.0,10.0,113.0,68.0,54.0,46.0,113.0,46.0,#2,124.0,35.0,22.0,86.0,15.0,42.0,82.0,151.0,137.0,0.0,87.0,62.0,151.0,154.0,91.0,158.0,155.0,186.0,207.0,206.0,217.0,140.0,8.0,44.0,14.0,0.0,127.0,78.0,141.0,113.0,114.0,88.0,140.0,115.0,113.0,172.0,226.0,250.0,196.0,110.0,164.0,151.0,162.0,6.0,214.0,56.0,47.0,160.0,63.0,35.0,17.0,12.0,0.0,106.0,184.0,156.0,196.0,165.0,204.0,167.0,111.0,136.0,167.0,7.0,130.0,51.0,46.0,19.0,67.0,11.0,38.0,122.0,150.0,97.0,107.0,63.0,129.0,103.0,70.0,12.0,226.0,107.0,94.0,73.0,110.0,59.0,50.0,38.0,151.0,157.0,74.0,115.0,67.0,117.0,92.0,98.0,58.0,79.0
98.0,156.0,113.0,63.0,113.0,15.0,49.0,57.0,66.0,12.0,10.0,40.0,80.0,73.0,72.0,99.0,65.0,79.0,66.0,99.0,38.0,80.0,30.0,81.0,53.0,26.0,60.0,118.0,57.0,127.0,74.0,126.0,129.0,102.0,114.0,161.0,104.0,150.0,163.0,110.0,107.0,168.0,206.0,226.0,177.0,179.0,164.0,107.0,153.0,146.0,156.0,125.0,149.0,83.0,86.0,80.0,89.0,60.0,143.0,110.0,208.0,219.0,200.0,116.0,126.0,146.0,83.0,211.0,107.0,129.0,157.0,169.0,88.0,9.0,5.0,9.0,80.0,141.0,114.0,78.0,102.0,115.0,65.0,101.0,133.0,126.0,81.0,34.0,124.0,113.0,55.0,18.0,45.0,25.0,69.0,151.0,61.0,21.0,36.0,35.0,201.0,16.0,6.0,215.0,76.0,112.0,8.0,25.0,8.0,75.0,5.0,155.0,135.0,83.0,16.0,114.0,59.0,111.0,104.0,109.0,134.0
49.0,11.0,20.0,#2,0.0,92.0,83.0,68.0,8.0,34.0,9.0,19.0,76.0,82.0,84.0,75.0,88.0,29.0,32.0,81.0,32.0,62.0,82.0,13.0,76.0,89.0,98.0,125.0,73.0,44.0,10.0,48.0,35.0,90.0,7.0,225.0,67.0,100.0,88.0,106.0,16.0,48.0,115.0,174.0,204.0,196.0,156.0,145.0,135.0,81.0,153.0,139.0,224.0,162.0,90.0,101.0,69.0,112.0,176.0,183.0,102.0,133.0,111.0,201.0,91.0,139.0,135.0,203.0,0.0,163.0,113.0,190.0,206.0,168.0,139.0,154.0,19.0,101.0,39.0,79.0,69.0,163.0,106.0,116.0,147.0,76.0,42.0,106.0,61.0,100.0,47.0,78.0,82.0,15.0,144.0,8.0,48.0,44.0,35.0,166.0,11.0,73.0,21.0,154.0,137.0,94.0,43.0,105.0,3.0,61.0,0.0,168.0,89.0,67.0,19.0,17.0,13.0,116.0,73.0,80.0,73.0
35.0,3.0,0.0,100.0,95.0,59.0,57.0,29.0,68.0,0.0,25.0,113.0,35.0,80.0,62.0,82.0,55.0,16.0,30.0,45.0,36.0,51.0,50.0,53.0,1.0,95.0,14.0,112.0,60.0,36.0,122.0,1.0,0.0,93.0,142.0,136.0,49.0,175.0,112.0,104.0,111.0,104.0,149.0,116.0,118.0,184.0,150.0,19.0,76.0,116.0,140.0,88.0,218.0,175.0,110.0,2.0,136.0,5.0,155.0,122.0,53.0,108.0,137.0,117.0,66.0,169.0,148.0,172.0,139.0,120.0,163.0,192.0,220.0,197.0,166.0,206.0,108.0,125.0,150.0,105.0,154.0,3.0,105.0,164.0,142.0,132.0,172.0,98.0,72.0,66.0,106.0,127.0,109.0,95.0,31.0,25.0,138.0,69.0,9.0,48.0,39.0,63.0,7.0,59.0,195.0,73.0,80.0,98.0,133.0,112.0,86.0,161.0,60.0,56.0,55.0,9.0,47.0,108.0,29.0,87.0,102.0
33.0,29.0,56.0,48.0,92.0,19.0,9.0,21.0,41.0,58.0,86.0,41.0,113.0,31.0,107.0,142.0,55.0,8.0,57.0,126.0,42.0,35.0,25.0,50.0,131.0,20.0,86.0,122.0,88.0,10.0,49.0,108.0,85.0,109.0,63.0,134.0,113.0,115.0,92.0,33.0,28.0,41.0,86.0,60.0,129.0,201.0,137.0,5.0,69.0,0.0,11.0,142.0,149.0,111.0,208.0,141.0,115.0,140.0,113.0,170.0,80.0,120.0,71.0,196.0,87.0,8.0,172.0,177.0,69.0,138.0,122.0,66.0,231.0,209.0,150.0,187.0,159.0,138.0,231.0,217.0,181.0,113.0,138.0,121.0,129.0,164.0,146.0,145.0,142.0,117.0,#2,96.0,114.0,121.0,80.0,133.0,159.0,149.0,131.0,129.0,61.0,6.0,4.0,6.0,220.0,7.0,72.0,120.0,144.0,89.0,95.0,158.0,38.0,46.0,12.0,72.0,25.0,46.0,37.0,145.0,51.0
113.0,121.0,120.0,95.0,46.0,35.0,121.0,79.0,101.0,41.0,160.0,81.0,48.0,47.0,11.0,61.0,74.0,122.0,7.0,52.0,10.0,28.0,25.0,20.0,53.0,130.0,40.0,70.0,84.0,16.0,40.0,68.0,109.0,89.0,87.0,40.0,111.0,98.0,101.0,117.0,33.0,43.0,156.0,63.0,118.0,106.0,216.0,6.0,11.0,56.0,215.0,200.0,74.0,135.0,123.0,92.0,90.0,76.0,135.0,100.0,167.0,196.0,227.0,127.0,117.0,95.0,197.0,180.0,35.0,31.0,167.0,164.0,135.0,91.0,80.0,49.0,120.0,#2,0.0,142.0,161.0,131.0,76.0,112.0,72.0,118.0,157.0,132.0,118.0,106.0,80.0,24.0,97.0,116.0,173.0,79.0,57.0,160.0,114.0,2.0,70.0,48.0,#2,0.0,194.0,53.0,81.0,101.0,66.0,52.0,138.0,151.0,74.0,156.0,34.0,0.0,96.0,98.0,76.0,71.0,114.0
12.0,4.0,42.0,62.0,92.0,45.0,32.0,66.0,59.0,54.0,154.0,84.0,43.0,83.0,0.0,158.0,84.0,37.0,47.0,6.0,77.0,2.0,66.0,81.0,16.0,102.0,112.0,34.0,127.0,11.0,1.0,95.0,102.0,136.0,90.0,72.0,150.0,89.0,132.0,91.0,55.0,47.0,142.0,121.0,159.0,83.0,192.0,86.0,44.0,80.0,101.0,191.0,99.0,180.0,101.0,151.0,88.0,103.0,57.0,87.0,108.0,212.0,127.0,133.0,22.0,188.0,170.0,186.0,9.0,111.0,135.0,199.0,52.0,81.0,160.0,145.0,140.0,108.0,197.0,118.0,38.0,141.0,123.0,130.0,124.0,169.0,12.0,176.0,145.0,156.0,161.0,158.0,137.0,75.0,109.0,20.0,123.0,158.0,188.0,211.0,206.0,152.0,52.0,25.0,131.0,121.0,69.0,106.0,30.0,8.0,149.0,107.0,15.0,18.0,3.0,0.0,96.0,78.0,79.0,58.0,39.0
37.0,102.0,168.0,63.0,55.0,86.0,89.0,30.0,95.0,59.0,24.0,91.0,101.0,56.0,81.0,47.0,58.0,27.0,0.0,56.0,18.0,0.0,44.0,34.0,36.0,97.0,105.0,52.0,133.0,94.0,21.0,58.0,1.0,141.0,37.0,71.0,98.0,113.0,85.0,73.0,111.0,58.0,182.0,107.0,143.0,54.0,132.0,86.0,92.0,#2,163.0,170.0,96.0,1.0,179.0,234.0,137.0,118.0,19.0,106.0,92.0,105.0,125.0,90.0,141.0,150.0,187.0,165.0,0.0,50.0,107.0,132.0,232.0,213.0,171.0,160.0,133.0,102.0,11.0,116.0,113.0,#2,130.0,124.0,153.0,105.0,169.0,137.0,164.0,189.0,206.0,209.0,212.0,222.0,228.0,223.0,201.0,173.0,182.0,29.0,124.0,150.0,61.0,113.0,120.0,201.0,117.0,83.0,79.0,116.0,174.0,54.0,1.0,138.0,18.0,28.0,48.0,67.0,15.0,107.0,174.0
42.0,67.0,18.0,4.0,53.0,86.0,122.0,119.0,40.0,38.0,28.0,67.0,116.0,31.0,121.0,53.0,11.0,47.0,92.0,67.0,0.0,88.0,0.0,56.0,78.0,106.0,93.0,110.0,156.0,41.0,25.0,47.0,30.0,48.0,44.0,31.0,91.0,53.0,47.0,50.0,100.0,181.0,157.0,187.0,55.0,176.0,185.0,201.0,184.0,172.0,149.0,58.0,129.0,6.0,103.0,204.0,64.0,104.0,133.0,9.0,132.0,163.0,176.0,149.0,106.0,82.0,153.0,108.0,5.0,91.0,63.0,98.0,175.0,199.0,175.0,174.0,186.0,69.0,58.0,4.0,225.0,201.0,200.0,197.0,182.0,198.0,195.0,191.0,194.0,156.0,121.0,87.0,85.0,50.0,158.0,13.0,23.0,60.0,71.0,103.0,151.0,71.0,50.0,64.0,13.0,221.0,4.0,49.0,104.0,99.0,178.0,20.0,136.0,26.0,52.0,8.0,96.0,127.0,175.0,65.0,52.0
56.0,19.0,92.0,86.0,99.0,117.0,85.0,53.0,42.0,93.0,30.0,51.0,21.0,53.0,42.0,6.0,18.0,9.0,103.0,68.0,77.0,9.0,30.0,36.0,33.0,64.0,76.0,41.0,155.0,8.0,4.0,44.0,33.0,25.0,9.0,0.0,24.0,118.0,82.0,104.0,184.0,180.0,222.0,111.0,120.0,127.0,52.0,66.0,192.0,117.0,155.0,162.0,137.0,35.0,47.0,107.0,89.0,82.0,115.0,143.0,19.0,115.0,131.0,99.0,49.0,0.0,106.0,113.0,17.0,70.0,174.0,172.0,111.0,169.0,216.0,162.0,157.0,216.0,79.0,25.0,24.0,67.0,50.0,15.0,78.0,64.0,70.0,119.0,3.0,26.0,4.0,43.0,142.0,162.0,0.0,11.0,67.0,61.0,92.0,130.0,38.0,50.0,126.0,118.0,163.0,178.0,41.0,59.0,73.0,114.0,134.0,28.0,50.0,125.0,132.0,70.0,13.0,85.0,78.0,96.0,118.0
26.0,43.0,50.0,89.0,92.0,55.0,90.0,42.0,35.0,63.0,22.0,26.0,56.0,25.0,34.0,42.0,0.0,30.0,66.0,88.0,57.0,6.0,67.0,100.0,110.0,55.0,88.0,5.0,142.0,22.0,8.0,64.0,34.0,22.0,10.0,134.0,172.0,133.0,116.0,94.0,29.0,161.0,132.0,0.0,62.0,135.0,114.0,144.0,210.0,205.0,178.0,41.0,47.0,12.0,46.0,50.0,77.0,91.0,73.0,165.0,161.0,39.0,82.0,0.0,73.0,142.0,170.0,106.0,72.0,124.0,144.0,138.0,#2,159.0,207.0,67.0,110.0,177.0,176.0,41.0,34.0,76.0,66.0,110.0,131.0,109.0,67.0,0.0,154.0,70.0,23.0,149.0,127.0,204.0,223.0,159.0,4.0,74.0,138.0,79.0,77.0,117.0,9.0,76.0,104.0,95.0,144.0,48.0,97.0,122.0,85.0,90.0,65.0,76.0,126.0,67.0,31.0,28.0,109.0,43.0,12.0
15.0,17.0,82.0,83.0,14.0,86.0,139.0,11.0,37.0,19.0,48.0,67.0,19.0,2.0,41.0,23.0,47.0,42.0,46.0,26.0,50.0,44.0,53.0,64.0,41.0,82.0,105.0,111.0,94.0,52.0,163.0,155.0,104.0,16.0,146.0,142.0,161.0,148.0,191.0,148.0,122.0,120.0,71.0,181.0,173.0,143.0,128.0,158.0,181.0,96.0,21.0,3.0,150.0,61.0,94.0,40.0,92.0,159.0,124.0,147.0,104.0,126.0,62.0,167.0,104.0,128.0,124.0,114.0,0.0,88.0,82.0,12.0,90.0,81.0,75.0,66.0,50.0,29.0,106.0,40.0,49.0,18.0,79.0,#2,140.0,164.0,#2,175.0,129.0,111.0,146.0,104.0,121.0,19.0,106.0,201.0,175.0,147.0,122.0,148.0,17.0,3.0,21.0,143.0,65.0,124.0,192.0,70.0,85.0,94.0,89.0,34.0,11.0,62.0,94.0,90.0,71.0,23.0,58.0,19.0,6.0
47.0,30.0,0.0,44.0,68.0,87.0,122.0,17.0,12.0,26.0,21.0,48.0,54.0,107.0,42.0,45.0,26.0,22.0,14.0,18.0,9.0,60.0,79.0,54.0,21.0,83.0,82.0,106.0,127.0,52.0,12.0,2.0,11.0,94.0,51.0,42.0,73.0,99.0,27.0,68.0,57.0,93.0,63.0,130.0,148.0,133.0,71.0,50.0,102.0,108.0,78.0,154.0,85.0,137.0,123.0,45.0,160.0,73.0,54.0,139.0,54.0,55.0,50.0,0.0,111.0,113.0,132.0,126.0,0.0,127.0,155.0,218.0,131.0,128.0,94.0,138.0,167.0,44.0,98.0,0.0,33.0,90.0,31.0,112.0,137.0,110.0,99.0,33.0,122.0,96.0,139.0,155.0,146.0,173.0,150.0,183.0,160.0,147.0,132.0,58.0,62.0,0.0,86.0,#2,42.0,130.0,115.0,49.0,11.0,47.0,63.0,0.0,119.0,76.0,41.0,71.0,80.0,12.0,118.0,170.0,152.0
#24,255.0,252.0,#3,255.0,243.0,#2,255.0,252.0,255.0,254.0,#12,255.0,254.0,251.0,#8,255.0,250.0,255.0,250.0,#15,255.0,249.0,#8,255.0,252.0,#5,255.0,248.0,#4,255.0,253.0,#3,255.0,252.0,#2,255.0,236.0,#8,255.0,251.0,#6,255.0,240.0,#3,255.0
#11,255.0,251.0,#18,255.0,250.0,#10,255.0,254.0,#6,255.0,254.0,#8,255.0,253.0,#43,255.0,252.0,#9,255.0,253.0,#9,255.0
#40,255.0,254.0,#4,255.0,253.0,255.0,251.0,#15,255.0,252.0,#14,255.0,254.0,255.0,253.0,#15,255.0,252.0,254.0,#23,255.0
#36,255.0,254.0,#3,255.0,237.0,255.0,243.0,#3,255.0,254.0,243.0,255.0,248.0,255.0,250.0,255.0,248.0,#6,255.0,254.0,#5,255.0,82.0,#6,255.0,149.0,65.0,254.0,255.0,117.0,131.0,72.0,252.0,255.0,192.0,87.0,172.0,255.0,110.0,130.0,255.0,198.0,104.0,224.0,255.0,112.0,121.0,135.0,81.0,219.0,255.0,81.0,115.0,#20,255.0
#36,255.0,232.0,105.0,124.0,255.0,158.0,106.0,255.0,93.0,254.0,96.0,191.0,100.0,174.0,121.0,230.0,101.0,125.0,255.0,84.0,116.0,239.0,123.0,129.0,175.0,122.0,107.0,130.0,187.0,95.0,212.0,67.0,230.0,140.0,184.0,101.0,223.0,106.0,255.0,91.0,255.0,233.0,237.0,255.0,100.0,255.0,244.0,76.0,255.0,105.0,232.0,242.0,249.0,232.0,79.0,255.0,70.0,234.0,235.0,240.0,#2,255.0,111.0,253.0,255.0,173.0,#20,255.0
#35,255.0,252.0,227.0,143.0,239.0,255.0,233.0,255.0,254.0,75.0,255.0,61.0,255.0,245.0,#2,255.0,192.0,101.0,110.0,232.0,61.0,255.0,216.0,144.0,229.0,255.0,245.0,255.0,243.0,96.0,#2,255.0,50.0,152.0,249.0,#2,255.0,70.0,233.0,255.0,91.0,253.0,#3,255.0,85.0,255.0,227.0,116.0,255.0,110.0,215.0,#2,255.0,219.0,94.0,250.0,94.0,214.0,#4,255.0,127.0,248.0,255.0,177.0,241.0,#19,255.0
#36,255.0,241.0,255.0,95.0,#3,255.0,249.0,92.0,255.0,66.0,255.0,241.0,255.0,238.0,245.0,200.0,#2,255.0,58.0,255.0,241.0,255.0,95.0,255.0,242.0,177.0,255.0,93.0,255.0,239.0,56.0,157.0,237.0,244.0,81.0,112.0,#2,255.0,94.0,#2,255.0,245.0,255.0,95.0,#2,255.0,80.0,255.0,77.0,255.0,178.0,176.0,255.0,114.0,255.0,112.0,255.0,170.0,181.0,#2,255.0,92.0,241.0,255.0,162.0,247.0,#19,255.0
#35,255.0,251.0,255.0,252.0,#7,255.0,239.0,#8,255.0,229.0,251.0,255.0,252.0,#2,255.0,248.0,253.0,250.0,#2,255.0,253.0,250.0,#8,255.0,241.0,#4,255.0,247.0,#4,255.0,249.0,252.0,255.0,249.0,#6,255.0,254.0,#4,255.0,252.0,#20,255.0
#41,255.0,253.0,#7,255.0,249.0,#11,255.0,254.0,#13,255.0,251.0,#7,255.0,252.0,#15,255.0,246.0,#21,255.0
#42,255.0,253.0,#6,255.0,253.0,#10,255.0,253.0,#7,255.0,252.0,#6,255.0,254.0,#2,255.0,254.0,#16,255.0,252.0,#2,255.0,254.0,#22,255.0
