185.0,163.0,112.0,61.0,42.0,47.0,57.0,47.0,38.0,31.0,25.0,16.0,#2,20.0,26.0,13.0,20.0,18.0,23.0,24.0,19.0,18.0,21.0,19.0,23.0,17.0,14.0,23.0,#2,22.0,14.0,27.0,25.0,24.0,17.0,19.0,21.0,20.0,14.0,20.0,14.0,16.0,10.0,22.0,33.0,51.0,60.0,63.0,59.0,56.0,79.0,78.0,83.0,79.0,81.0,94.0,83.0,71.0,68.0,78.0,113.0,138.0,118.0,124.0,119.0,129.0,136.0,130.0,135.0,131.0,143.0,136.0,124.0,117.0,208.0,179.0,135.0,130.0,137.0,142.0,150.0,#2,139.0,115.0,131.0,160.0,138.0,209.0,173.0,101.0,115.0,81.0,100.0,97.0,104.0,106.0,110.0,127.0,126.0,136.0,100.0,77.0,141.0,66.0,#2,94.0,129.0,176.0,115.0,122.0,108.0,166.0,155.0,126.0,103.0,114.0,126.0,155.0,143.0,188.0,154.0,158.0,216.0,#2,197.0,177.0,109.0,102.0,99.0,98.0,146.0,159.0,184.0
192.0,168.0,163.0,#2,59.0,52.0,50.0,42.0,39.0,29.0,22.0,11.0,15.0,22.0,23.0,#2,21.0,29.0,36.0,38.0,31.0,30.0,35.0,33.0,24.0,26.0,31.0,41.0,44.0,39.0,22.0,12.0,18.0,19.0,13.0,14.0,17.0,12.0,14.0,39.0,52.0,55.0,49.0,52.0,36.0,48.0,57.0,54.0,52.0,56.0,70.0,74.0,84.0,87.0,94.0,100.0,107.0,106.0,94.0,76.0,102.0,114.0,110.0,88.0,94.0,111.0,133.0,149.0,158.0,157.0,#2,139.0,130.0,139.0,131.0,125.0,141.0,139.0,128.0,143.0,130.0,137.0,150.0,132.0,130.0,136.0,121.0,216.0,144.0,112.0,88.0,99.0,93.0,113.0,111.0,114.0,104.0,109.0,101.0,114.0,129.0,68.0,162.0,103.0,94.0,74.0,170.0,156.0,116.0,115.0,142.0,149.0,147.0,146.0,142.0,127.0,147.0,158.0,178.0,167.0,162.0,202.0,160.0,149.0,120.0,134.0,118.0,125.0,122.0,83.0,88.0,139.0,126.0
191.0,182.0,178.0,116.0,60.0,47.0,40.0,38.0,26.0,9.0,6.0,10.0,20.0,27.0,#2,30.0,#2,33.0,45.0,47.0,44.0,40.0,39.0,#2,34.0,61.0,71.0,#2,57.0,64.0,61.0,28.0,20.0,10.0,3.0,5.0,7.0,6.0,5.0,15.0,41.0,46.0,40.0,50.0,48.0,57.0,55.0,53.0,56.0,63.0,61.0,68.0,74.0,88.0,100.0,#2,101.0,105.0,104.0,100.0,82.0,#3,85.0,92.0,103.0,107.0,120.0,130.0,156.0,159.0,150.0,131.0,138.0,143.0,150.0,140.0,119.0,146.0,134.0,148.0,111.0,135.0,130.0,127.0,138.0,131.0,158.0,134.0,82.0,90.0,107.0,55.0,96.0,108.0,98.0,99.0,96.0,81.0,89.0,91.0,63.0,116.0,97.0,74.0,91.0,164.0,181.0,96.0,137.0,121.0,141.0,152.0,145.0,146.0,169.0,163.0,142.0,161.0,140.0,167.0,177.0,205.0,197.0,147.0,137.0,130.0,204.0,241.0,253.0,204.0,196.0,105.0
190.0,182.0,175.0,169.0,134.0,60.0,33.0,31.0,27.0,24.0,22.0,29.0,40.0,#2,43.0,53.0,56.0,50.0,52.0,55.0,53.0,50.0,51.0,47.0,49.0,63.0,85.0,80.0,63.0,108.0,114.0,60.0,42.0,26.0,20.0,21.0,24.0,26.0,27.0,43.0,53.0,54.0,56.0,64.0,67.0,58.0,#3,70.0,55.0,50.0,70.0,72.0,83.0,108.0,#3,112.0,117.0,121.0,113.0,96.0,85.0,86.0,89.0,93.0,87.0,#2,96.0,115.0,129.0,143.0,130.0,134.0,143.0,145.0,140.0,117.0,133.0,117.0,168.0,125.0,138.0,136.0,150.0,122.0,139.0,149.0,138.0,94.0,105.0,102.0,117.0,129.0,131.0,91.0,102.0,105.0,88.0,79.0,86.0,109.0,127.0,87.0,86.0,78.0,184.0,147.0,95.0,93.0,121.0,144.0,138.0,152.0,156.0,140.0,124.0,140.0,139.0,133.0,134.0,151.0,136.0,159.0,174.0,183.0,197.0,255.0,217.0,255.0,235.0,191.0,190.0
194.0,188.0,173.0,168.0,164.0,158.0,126.0,89.0,76.0,67.0,58.0,49.0,54.0,63.0,81.0,61.0,87.0,49.0,54.0,57.0,59.0,62.0,59.0,56.0,53.0,77.0,82.0,84.0,82.0,59.0,60.0,63.0,57.0,54.0,55.0,57.0,60.0,64.0,68.0,74.0,77.0,73.0,85.0,86.0,75.0,55.0,43.0,40.0,49.0,61.0,51.0,59.0,68.0,82.0,90.0,101.0,112.0,116.0,117.0,121.0,124.0,120.0,115.0,83.0,70.0,73.0,86.0,85.0,#2,99.0,93.0,122.0,128.0,133.0,153.0,129.0,166.0,119.0,103.0,148.0,172.0,138.0,135.0,123.0,136.0,127.0,135.0,129.0,131.0,110.0,117.0,110.0,127.0,123.0,127.0,122.0,115.0,122.0,101.0,83.0,81.0,128.0,146.0,99.0,90.0,79.0,199.0,99.0,104.0,106.0,122.0,125.0,143.0,166.0,177.0,180.0,137.0,145.0,170.0,174.0,148.0,152.0,154.0,139.0,101.0,188.0,206.0,251.0,187.0,255.0,245.0,178.0,188.0
193.0,183.0,178.0,170.0,167.0,164.0,163.0,159.0,154.0,143.0,97.0,111.0,115.0,120.0,114.0,68.0,60.0,61.0,65.0,#2,69.0,72.0,69.0,75.0,81.0,87.0,80.0,87.0,66.0,83.0,82.0,76.0,70.0,72.0,#2,65.0,70.0,74.0,73.0,76.0,82.0,#2,81.0,70.0,62.0,47.0,57.0,59.0,48.0,49.0,53.0,62.0,72.0,78.0,89.0,#2,90.0,101.0,108.0,116.0,127.0,126.0,127.0,142.0,113.0,57.0,76.0,69.0,73.0,74.0,80.0,95.0,100.0,118.0,131.0,116.0,153.0,107.0,104.0,145.0,154.0,143.0,137.0,138.0,126.0,130.0,128.0,109.0,133.0,124.0,120.0,135.0,#2,129.0,116.0,133.0,129.0,135.0,145.0,142.0,127.0,126.0,158.0,116.0,107.0,90.0,202.0,76.0,85.0,99.0,117.0,132.0,124.0,170.0,165.0,176.0,166.0,150.0,143.0,175.0,108.0,104.0,139.0,169.0,115.0,166.0,167.0,255.0,207.0,255.0,206.0,122.0,183.0
193.0,189.0,181.0,173.0,171.0,161.0,156.0,150.0,148.0,140.0,126.0,124.0,147.0,128.0,117.0,73.0,78.0,64.0,62.0,70.0,76.0,75.0,#2,65.0,83.0,93.0,91.0,84.0,78.0,82.0,97.0,93.0,75.0,74.0,77.0,68.0,78.0,85.0,81.0,80.0,87.0,84.0,81.0,72.0,71.0,66.0,74.0,79.0,61.0,#2,68.0,71.0,75.0,82.0,99.0,100.0,#2,87.0,88.0,103.0,104.0,113.0,115.0,122.0,123.0,75.0,59.0,66.0,70.0,77.0,88.0,90.0,92.0,104.0,106.0,97.0,119.0,101.0,93.0,120.0,139.0,146.0,143.0,119.0,111.0,124.0,138.0,136.0,129.0,131.0,119.0,143.0,132.0,219.0,199.0,109.0,134.0,128.0,139.0,129.0,127.0,110.0,160.0,117.0,134.0,109.0,191.0,70.0,93.0,116.0,126.0,130.0,131.0,142.0,161.0,150.0,146.0,156.0,141.0,168.0,147.0,139.0,122.0,83.0,139.0,159.0,169.0,171.0,209.0,180.0,162.0,177.0,136.0
195.0,190.0,185.0,177.0,175.0,169.0,161.0,150.0,145.0,148.0,130.0,140.0,136.0,131.0,134.0,81.0,77.0,76.0,75.0,73.0,77.0,79.0,71.0,45.0,53.0,73.0,78.0,72.0,69.0,128.0,138.0,122.0,104.0,96.0,122.0,86.0,89.0,#2,84.0,#2,83.0,93.0,91.0,84.0,89.0,91.0,87.0,74.0,61.0,63.0,67.0,71.0,76.0,88.0,103.0,110.0,116.0,113.0,99.0,92.0,#2,105.0,116.0,122.0,118.0,117.0,105.0,87.0,65.0,85.0,86.0,89.0,86.0,82.0,84.0,87.0,93.0,98.0,93.0,114.0,145.0,164.0,156.0,144.0,161.0,#2,145.0,171.0,130.0,119.0,121.0,142.0,156.0,173.0,144.0,138.0,140.0,141.0,148.0,140.0,128.0,131.0,161.0,128.0,122.0,116.0,167.0,77.0,109.0,116.0,113.0,#2,129.0,150.0,178.0,163.0,142.0,138.0,144.0,140.0,93.0,150.0,130.0,166.0,157.0,133.0,179.0,180.0,156.0,147.0,166.0,165.0,159.0
194.0,187.0,182.0,177.0,176.0,173.0,171.0,173.0,157.0,143.0,128.0,146.0,135.0,141.0,128.0,97.0,93.0,94.0,80.0,85.0,93.0,96.0,80.0,108.0,121.0,115.0,117.0,91.0,101.0,122.0,#2,119.0,109.0,116.0,139.0,127.0,128.0,125.0,#2,127.0,119.0,112.0,103.0,90.0,94.0,95.0,105.0,95.0,78.0,76.0,66.0,70.0,97.0,98.0,115.0,114.0,113.0,119.0,98.0,119.0,109.0,152.0,162.0,169.0,165.0,166.0,170.0,179.0,178.0,192.0,91.0,69.0,79.0,#2,81.0,89.0,104.0,82.0,115.0,118.0,158.0,155.0,153.0,138.0,140.0,131.0,132.0,149.0,122.0,149.0,162.0,148.0,159.0,154.0,157.0,149.0,169.0,#2,161.0,148.0,145.0,148.0,139.0,120.0,145.0,137.0,132.0,105.0,113.0,117.0,125.0,119.0,126.0,146.0,158.0,174.0,164.0,134.0,128.0,152.0,122.0,119.0,91.0,141.0,175.0,140.0,158.0,181.0,159.0,169.0,154.0,187.0,157.0
195.0,190.0,189.0,182.0,183.0,178.0,175.0,171.0,161.0,142.0,143.0,121.0,112.0,111.0,124.0,140.0,130.0,124.0,137.0,132.0,114.0,92.0,115.0,138.0,148.0,118.0,134.0,120.0,131.0,137.0,#2,119.0,118.0,120.0,127.0,135.0,130.0,139.0,140.0,137.0,144.0,149.0,141.0,124.0,131.0,122.0,128.0,115.0,118.0,113.0,106.0,91.0,115.0,118.0,117.0,111.0,129.0,136.0,134.0,150.0,157.0,155.0,163.0,169.0,168.0,186.0,185.0,175.0,180.0,190.0,215.0,174.0,103.0,69.0,72.0,81.0,86.0,92.0,114.0,123.0,137.0,136.0,145.0,132.0,122.0,127.0,130.0,128.0,131.0,165.0,166.0,164.0,163.0,162.0,153.0,159.0,158.0,#2,155.0,167.0,149.0,168.0,108.0,121.0,110.0,119.0,102.0,127.0,129.0,121.0,130.0,111.0,124.0,146.0,151.0,148.0,149.0,141.0,109.0,154.0,155.0,103.0,147.0,158.0,131.0,139.0,137.0,173.0,#2,159.0,170.0,161.0,158.0
196.0,195.0,192.0,186.0,184.0,181.0,171.0,174.0,166.0,152.0,145.0,149.0,144.0,136.0,153.0,148.0,151.0,137.0,118.0,111.0,126.0,100.0,140.0,132.0,142.0,114.0,131.0,130.0,137.0,140.0,#2,127.0,131.0,140.0,135.0,148.0,133.0,137.0,148.0,151.0,150.0,146.0,153.0,139.0,143.0,130.0,88.0,104.0,107.0,111.0,103.0,141.0,138.0,#2,132.0,119.0,116.0,128.0,138.0,159.0,179.0,170.0,161.0,152.0,160.0,162.0,157.0,169.0,175.0,174.0,192.0,#2,207.0,208.0,82.0,72.0,86.0,110.0,126.0,151.0,154.0,135.0,137.0,142.0,165.0,196.0,228.0,213.0,164.0,160.0,164.0,154.0,163.0,152.0,179.0,168.0,149.0,243.0,242.0,179.0,137.0,87.0,97.0,124.0,78.0,#2,102.0,118.0,132.0,126.0,137.0,111.0,124.0,138.0,148.0,146.0,145.0,128.0,97.0,158.0,151.0,61.0,109.0,143.0,166.0,137.0,155.0,166.0,158.0,163.0,152.0,137.0,132.0
197.0,192.0,190.0,189.0,187.0,175.0,173.0,172.0,169.0,164.0,171.0,154.0,129.0,134.0,137.0,#2,148.0,153.0,136.0,147.0,141.0,136.0,150.0,145.0,125.0,138.0,119.0,116.0,149.0,#3,137.0,138.0,135.0,147.0,153.0,#2,145.0,149.0,#2,156.0,140.0,146.0,147.0,144.0,146.0,138.0,143.0,127.0,121.0,130.0,125.0,97.0,152.0,136.0,108.0,101.0,120.0,144.0,165.0,190.0,174.0,168.0,155.0,157.0,155.0,163.0,160.0,173.0,198.0,194.0,200.0,204.0,182.0,177.0,202.0,146.0,118.0,125.0,140.0,#3,141.0,142.0,138.0,179.0,204.0,231.0,192.0,200.0,164.0,138.0,147.0,162.0,236.0,203.0,218.0,166.0,213.0,198.0,196.0,192.0,142.0,113.0,149.0,216.0,128.0,113.0,134.0,142.0,140.0,#2,137.0,134.0,138.0,115.0,136.0,133.0,147.0,123.0,132.0,145.0,94.0,126.0,150.0,188.0,165.0,140.0,138.0,161.0,144.0,136.0,151.0
195.0,198.0,195.0,189.0,180.0,175.0,170.0,168.0,150.0,176.0,166.0,173.0,172.0,147.0,143.0,146.0,166.0,141.0,158.0,153.0,143.0,151.0,142.0,130.0,134.0,112.0,92.0,200.0,202.0,126.0,135.0,150.0,145.0,155.0,154.0,151.0,161.0,160.0,162.0,154.0,159.0,154.0,149.0,151.0,168.0,156.0,133.0,129.0,122.0,141.0,143.0,#2,148.0,147.0,139.0,145.0,141.0,146.0,140.0,138.0,201.0,182.0,116.0,142.0,156.0,141.0,145.0,159.0,148.0,146.0,214.0,153.0,202.0,213.0,218.0,213.0,208.0,202.0,174.0,110.0,98.0,135.0,150.0,132.0,111.0,124.0,#2,142.0,132.0,147.0,#2,164.0,131.0,179.0,228.0,201.0,205.0,158.0,147.0,186.0,#2,184.0,199.0,239.0,212.0,205.0,157.0,128.0,140.0,138.0,151.0,144.0,155.0,131.0,135.0,128.0,129.0,117.0,147.0,157.0,152.0,136.0,140.0,131.0,127.0,138.0,#2,140.0,139.0,144.0,153.0,154.0,161.0
197.0,196.0,195.0,191.0,179.0,174.0,172.0,167.0,151.0,#2,183.0,177.0,138.0,136.0,147.0,138.0,135.0,133.0,142.0,165.0,148.0,152.0,151.0,128.0,127.0,103.0,142.0,165.0,168.0,152.0,147.0,143.0,139.0,150.0,131.0,143.0,158.0,163.0,173.0,156.0,165.0,178.0,180.0,158.0,160.0,168.0,178.0,140.0,152.0,140.0,155.0,183.0,172.0,134.0,130.0,172.0,#2,155.0,193.0,170.0,234.0,184.0,130.0,146.0,167.0,158.0,#2,160.0,154.0,146.0,142.0,154.0,160.0,194.0,209.0,217.0,#2,216.0,219.0,198.0,155.0,134.0,142.0,139.0,121.0,119.0,144.0,149.0,162.0,143.0,149.0,146.0,144.0,128.0,142.0,172.0,208.0,211.0,224.0,203.0,237.0,213.0,225.0,192.0,193.0,199.0,172.0,138.0,139.0,163.0,128.0,183.0,180.0,165.0,164.0,149.0,121.0,142.0,146.0,136.0,149.0,136.0,116.0,120.0,116.0,124.0,126.0,129.0,144.0,138.0,137.0,187.0,170.0
192.0,195.0,191.0,#2,187.0,#2,180.0,165.0,153.0,180.0,173.0,154.0,155.0,134.0,128.0,129.0,155.0,121.0,127.0,124.0,152.0,155.0,140.0,165.0,154.0,144.0,182.0,152.0,159.0,122.0,126.0,127.0,145.0,158.0,137.0,148.0,164.0,160.0,159.0,169.0,162.0,155.0,158.0,157.0,161.0,157.0,180.0,153.0,148.0,140.0,146.0,129.0,131.0,142.0,138.0,146.0,124.0,161.0,143.0,144.0,140.0,151.0,145.0,149.0,151.0,153.0,149.0,145.0,144.0,150.0,165.0,160.0,187.0,188.0,206.0,216.0,214.0,#2,216.0,200.0,203.0,186.0,149.0,130.0,148.0,145.0,147.0,160.0,163.0,176.0,167.0,140.0,136.0,143.0,194.0,188.0,182.0,178.0,211.0,231.0,211.0,236.0,203.0,204.0,192.0,191.0,230.0,196.0,165.0,142.0,136.0,241.0,183.0,160.0,157.0,154.0,141.0,130.0,133.0,#2,136.0,115.0,121.0,117.0,120.0,124.0,125.0,133.0,#2,138.0,144.0,165.0,149.0
181.0,188.0,195.0,189.0,191.0,182.0,189.0,177.0,149.0,168.0,153.0,147.0,132.0,140.0,141.0,127.0,117.0,130.0,145.0,151.0,164.0,147.0,155.0,152.0,159.0,155.0,#2,157.0,142.0,135.0,134.0,143.0,141.0,132.0,145.0,137.0,157.0,171.0,177.0,184.0,212.0,174.0,184.0,165.0,153.0,163.0,161.0,160.0,134.0,161.0,138.0,160.0,155.0,#2,137.0,144.0,150.0,138.0,149.0,141.0,161.0,146.0,141.0,145.0,155.0,159.0,142.0,#2,154.0,143.0,144.0,175.0,174.0,165.0,180.0,190.0,195.0,199.0,198.0,212.0,196.0,195.0,193.0,169.0,153.0,149.0,154.0,149.0,159.0,148.0,157.0,139.0,132.0,142.0,106.0,118.0,123.0,107.0,120.0,175.0,229.0,202.0,216.0,171.0,164.0,163.0,212.0,196.0,214.0,94.0,174.0,159.0,154.0,155.0,156.0,#2,139.0,132.0,120.0,118.0,131.0,138.0,116.0,118.0,#3,121.0,135.0,149.0,135.0,139.0,130.0,109.0
174.0,178.0,187.0,184.0,186.0,182.0,179.0,169.0,179.0,201.0,164.0,149.0,159.0,143.0,140.0,145.0,152.0,175.0,162.0,153.0,151.0,183.0,165.0,149.0,161.0,158.0,151.0,165.0,158.0,112.0,100.0,109.0,133.0,99.0,128.0,144.0,168.0,167.0,166.0,193.0,235.0,180.0,161.0,166.0,152.0,158.0,175.0,190.0,183.0,180.0,161.0,159.0,147.0,171.0,177.0,174.0,183.0,169.0,#2,167.0,163.0,153.0,#2,160.0,#2,164.0,160.0,195.0,191.0,143.0,154.0,150.0,133.0,160.0,174.0,168.0,158.0,166.0,165.0,156.0,148.0,143.0,176.0,153.0,147.0,106.0,187.0,149.0,129.0,122.0,133.0,132.0,130.0,147.0,161.0,156.0,157.0,154.0,158.0,130.0,192.0,143.0,127.0,135.0,190.0,105.0,169.0,184.0,246.0,249.0,187.0,219.0,173.0,155.0,153.0,148.0,133.0,129.0,120.0,116.0,131.0,112.0,106.0,104.0,141.0,123.0,120.0,154.0,137.0,123.0,140.0,130.0,170.0
205.0,203.0,196.0,185.0,#2,174.0,165.0,159.0,158.0,154.0,170.0,179.0,142.0,135.0,136.0,143.0,158.0,150.0,145.0,165.0,159.0,164.0,151.0,139.0,97.0,121.0,145.0,122.0,108.0,117.0,92.0,91.0,114.0,118.0,135.0,157.0,156.0,162.0,180.0,172.0,198.0,189.0,#2,205.0,174.0,175.0,177.0,170.0,181.0,180.0,139.0,136.0,182.0,185.0,135.0,114.0,172.0,198.0,166.0,167.0,168.0,166.0,170.0,161.0,127.0,139.0,150.0,193.0,213.0,136.0,161.0,159.0,122.0,155.0,128.0,144.0,150.0,143.0,163.0,162.0,131.0,138.0,112.0,131.0,137.0,128.0,139.0,134.0,131.0,147.0,134.0,178.0,155.0,147.0,146.0,147.0,150.0,153.0,151.0,166.0,163.0,174.0,112.0,116.0,129.0,145.0,114.0,126.0,183.0,180.0,229.0,173.0,139.0,158.0,164.0,131.0,141.0,131.0,120.0,111.0,134.0,129.0,107.0,115.0,127.0,125.0,134.0,154.0,138.0,127.0,132.0,146.0,148.0
198.0,200.0,196.0,186.0,187.0,180.0,172.0,#2,159.0,186.0,153.0,168.0,162.0,152.0,139.0,150.0,159.0,146.0,141.0,99.0,166.0,164.0,127.0,46.0,115.0,160.0,139.0,141.0,#2,154.0,160.0,167.0,143.0,140.0,144.0,157.0,166.0,170.0,164.0,168.0,181.0,149.0,156.0,176.0,170.0,164.0,174.0,202.0,205.0,197.0,148.0,173.0,200.0,145.0,163.0,168.0,#2,166.0,163.0,154.0,153.0,156.0,167.0,154.0,164.0,166.0,147.0,241.0,239.0,187.0,181.0,196.0,192.0,126.0,150.0,142.0,149.0,161.0,45.0,47.0,85.0,141.0,167.0,141.0,142.0,137.0,160.0,121.0,159.0,126.0,201.0,145.0,159.0,163.0,141.0,143.0,134.0,137.0,122.0,155.0,157.0,129.0,147.0,150.0,165.0,174.0,130.0,159.0,175.0,163.0,185.0,138.0,180.0,165.0,157.0,147.0,143.0,147.0,146.0,148.0,128.0,148.0,124.0,132.0,131.0,128.0,136.0,134.0,137.0,135.0,133.0,137.0,129.0
200.0,195.0,190.0,187.0,183.0,179.0,166.0,158.0,160.0,185.0,191.0,187.0,164.0,144.0,149.0,165.0,180.0,163.0,167.0,183.0,93.0,65.0,73.0,136.0,168.0,150.0,158.0,136.0,137.0,148.0,136.0,139.0,134.0,123.0,146.0,161.0,169.0,158.0,152.0,147.0,160.0,161.0,170.0,#2,173.0,147.0,169.0,194.0,180.0,204.0,186.0,183.0,172.0,169.0,186.0,185.0,182.0,181.0,166.0,155.0,151.0,147.0,160.0,169.0,167.0,159.0,160.0,182.0,164.0,163.0,164.0,138.0,150.0,135.0,146.0,127.0,148.0,168.0,110.0,99.0,108.0,111.0,147.0,117.0,133.0,122.0,160.0,144.0,148.0,156.0,155.0,146.0,169.0,175.0,156.0,161.0,156.0,154.0,143.0,145.0,142.0,116.0,193.0,153.0,201.0,168.0,157.0,141.0,140.0,152.0,218.0,213.0,220.0,158.0,177.0,175.0,159.0,161.0,154.0,148.0,141.0,142.0,132.0,123.0,129.0,130.0,133.0,129.0,#2,126.0,127.0,128.0,142.0
197.0,194.0,188.0,184.0,185.0,180.0,171.0,168.0,160.0,191.0,196.0,190.0,189.0,181.0,187.0,170.0,183.0,#2,166.0,169.0,166.0,165.0,167.0,164.0,163.0,164.0,169.0,145.0,135.0,143.0,123.0,143.0,149.0,145.0,157.0,153.0,180.0,151.0,145.0,154.0,160.0,161.0,153.0,177.0,188.0,173.0,193.0,187.0,148.0,149.0,168.0,#2,176.0,175.0,181.0,137.0,153.0,165.0,161.0,173.0,156.0,152.0,141.0,159.0,155.0,151.0,156.0,163.0,147.0,126.0,142.0,93.0,131.0,108.0,114.0,103.0,146.0,157.0,82.0,113.0,86.0,144.0,159.0,116.0,125.0,124.0,141.0,139.0,159.0,166.0,137.0,173.0,156.0,162.0,137.0,119.0,149.0,174.0,150.0,145.0,129.0,187.0,194.0,132.0,168.0,152.0,157.0,195.0,199.0,171.0,153.0,158.0,#2,153.0,149.0,134.0,144.0,173.0,166.0,168.0,164.0,138.0,124.0,129.0,150.0,116.0,129.0,125.0,121.0,119.0,128.0,117.0,121.0
198.0,197.0,191.0,187.0,177.0,175.0,169.0,165.0,161.0,196.0,188.0,#2,169.0,161.0,159.0,155.0,168.0,156.0,139.0,147.0,145.0,133.0,150.0,160.0,173.0,159.0,166.0,164.0,173.0,113.0,145.0,124.0,102.0,139.0,148.0,153.0,149.0,196.0,241.0,225.0,#2,168.0,183.0,166.0,173.0,172.0,170.0,172.0,157.0,163.0,158.0,165.0,197.0,184.0,161.0,152.0,149.0,175.0,169.0,173.0,175.0,#2,172.0,166.0,164.0,154.0,161.0,168.0,155.0,141.0,131.0,148.0,127.0,131.0,97.0,94.0,148.0,163.0,90.0,83.0,90.0,127.0,134.0,121.0,122.0,134.0,129.0,137.0,133.0,144.0,104.0,140.0,163.0,117.0,131.0,137.0,119.0,152.0,171.0,165.0,162.0,133.0,158.0,133.0,156.0,167.0,145.0,163.0,170.0,157.0,158.0,137.0,156.0,160.0,152.0,145.0,143.0,155.0,160.0,162.0,154.0,153.0,140.0,142.0,143.0,121.0,119.0,120.0,121.0,103.0,123.0,127.0,118.0
198.0,196.0,#2,190.0,187.0,177.0,166.0,161.0,172.0,183.0,175.0,171.0,152.0,149.0,159.0,152.0,122.0,129.0,125.0,136.0,152.0,147.0,159.0,154.0,149.0,132.0,151.0,153.0,148.0,159.0,151.0,158.0,157.0,151.0,147.0,140.0,172.0,169.0,133.0,181.0,159.0,#2,163.0,175.0,164.0,147.0,#2,144.0,157.0,168.0,154.0,156.0,152.0,155.0,151.0,142.0,161.0,113.0,142.0,166.0,186.0,183.0,192.0,185.0,140.0,163.0,180.0,161.0,165.0,192.0,#2,172.0,143.0,116.0,123.0,113.0,127.0,89.0,132.0,97.0,129.0,135.0,147.0,131.0,129.0,130.0,97.0,#2,115.0,131.0,133.0,#2,120.0,167.0,152.0,157.0,156.0,146.0,166.0,170.0,163.0,171.0,161.0,152.0,153.0,142.0,154.0,160.0,154.0,159.0,175.0,173.0,161.0,162.0,169.0,159.0,158.0,166.0,154.0,139.0,157.0,161.0,170.0,149.0,140.0,149.0,119.0,116.0,115.0,112.0,143.0,148.0,136.0
195.0,192.0,#2,188.0,183.0,176.0,180.0,172.0,164.0,171.0,162.0,152.0,151.0,143.0,142.0,132.0,180.0,135.0,150.0,141.0,150.0,149.0,146.0,150.0,148.0,150.0,145.0,143.0,142.0,143.0,152.0,140.0,147.0,149.0,150.0,162.0,161.0,163.0,145.0,200.0,177.0,149.0,164.0,167.0,165.0,179.0,183.0,160.0,166.0,164.0,174.0,189.0,167.0,169.0,177.0,153.0,155.0,139.0,152.0,149.0,140.0,145.0,163.0,174.0,198.0,199.0,210.0,213.0,201.0,172.0,142.0,140.0,163.0,117.0,150.0,143.0,133.0,121.0,151.0,130.0,124.0,90.0,104.0,110.0,103.0,127.0,92.0,90.0,82.0,118.0,113.0,116.0,147.0,135.0,149.0,146.0,159.0,141.0,156.0,155.0,160.0,149.0,163.0,156.0,#2,159.0,152.0,165.0,176.0,181.0,160.0,164.0,169.0,172.0,183.0,187.0,188.0,185.0,180.0,169.0,167.0,160.0,177.0,159.0,163.0,151.0,140.0,132.0,115.0,126.0,134.0,126.0,122.0
198.0,194.0,189.0,184.0,175.0,173.0,172.0,163.0,151.0,153.0,167.0,153.0,#2,145.0,125.0,136.0,111.0,148.0,#2,150.0,173.0,145.0,#2,148.0,146.0,148.0,#2,147.0,151.0,138.0,146.0,144.0,123.0,127.0,125.0,134.0,146.0,158.0,145.0,142.0,177.0,164.0,146.0,176.0,171.0,160.0,171.0,176.0,174.0,176.0,178.0,179.0,182.0,179.0,172.0,174.0,161.0,152.0,149.0,147.0,159.0,147.0,#2,159.0,166.0,#2,168.0,145.0,159.0,150.0,149.0,138.0,#2,150.0,#2,143.0,#2,154.0,110.0,119.0,105.0,98.0,75.0,76.0,122.0,60.0,#2,58.0,76.0,104.0,120.0,129.0,141.0,131.0,129.0,131.0,140.0,141.0,153.0,167.0,165.0,200.0,179.0,177.0,186.0,189.0,167.0,164.0,197.0,163.0,138.0,141.0,172.0,180.0,198.0,186.0,190.0,189.0,190.0,189.0,187.0,181.0,170.0,153.0,141.0,145.0,120.0,128.0,137.0,138.0,136.0,129.0,121.0
197.0,194.0,#2,190.0,180.0,179.0,157.0,150.0,149.0,150.0,#2,180.0,159.0,153.0,143.0,147.0,165.0,144.0,154.0,153.0,156.0,142.0,149.0,146.0,138.0,136.0,163.0,151.0,139.0,149.0,127.0,114.0,106.0,105.0,110.0,140.0,162.0,164.0,182.0,183.0,192.0,175.0,169.0,139.0,148.0,169.0,178.0,156.0,159.0,161.0,152.0,168.0,#2,179.0,169.0,165.0,151.0,161.0,143.0,150.0,155.0,169.0,161.0,169.0,172.0,169.0,165.0,153.0,151.0,155.0,161.0,137.0,149.0,133.0,117.0,135.0,149.0,136.0,112.0,126.0,55.0,64.0,94.0,#2,67.0,78.0,#2,57.0,65.0,127.0,109.0,111.0,117.0,111.0,118.0,129.0,150.0,139.0,150.0,155.0,140.0,159.0,174.0,172.0,181.0,158.0,165.0,176.0,185.0,170.0,155.0,158.0,191.0,188.0,184.0,180.0,178.0,182.0,189.0,191.0,192.0,185.0,182.0,168.0,175.0,129.0,134.0,135.0,136.0,132.0,#2,142.0,124.0
#2,195.0,189.0,184.0,167.0,155.0,162.0,145.0,141.0,156.0,174.0,176.0,183.0,180.0,165.0,138.0,164.0,163.0,154.0,144.0,138.0,143.0,149.0,148.0,141.0,#2,143.0,156.0,144.0,139.0,143.0,110.0,118.0,133.0,165.0,162.0,130.0,176.0,158.0,196.0,211.0,228.0,151.0,181.0,217.0,202.0,178.0,167.0,155.0,159.0,#2,167.0,158.0,182.0,168.0,169.0,164.0,167.0,151.0,153.0,157.0,167.0,190.0,193.0,194.0,189.0,182.0,181.0,153.0,151.0,145.0,#2,157.0,141.0,136.0,122.0,128.0,129.0,95.0,109.0,56.0,83.0,32.0,39.0,51.0,37.0,47.0,28.0,54.0,93.0,76.0,102.0,128.0,125.0,139.0,153.0,169.0,135.0,128.0,142.0,153.0,141.0,137.0,159.0,190.0,183.0,167.0,166.0,168.0,160.0,144.0,128.0,172.0,209.0,190.0,184.0,189.0,192.0,186.0,190.0,189.0,193.0,185.0,199.0,191.0,187.0,161.0,134.0,143.0,145.0,134.0,144.0,130.0
194.0,180.0,185.0,178.0,169.0,150.0,139.0,161.0,151.0,164.0,184.0,176.0,166.0,168.0,155.0,162.0,139.0,167.0,201.0,207.0,202.0,186.0,153.0,135.0,125.0,141.0,138.0,#2,153.0,144.0,147.0,115.0,114.0,119.0,134.0,137.0,156.0,127.0,149.0,170.0,122.0,161.0,162.0,143.0,141.0,151.0,160.0,#2,158.0,152.0,145.0,160.0,145.0,158.0,159.0,#2,157.0,156.0,157.0,151.0,150.0,170.0,181.0,192.0,196.0,193.0,189.0,187.0,172.0,156.0,139.0,155.0,154.0,165.0,152.0,118.0,108.0,90.0,131.0,90.0,67.0,50.0,34.0,25.0,28.0,33.0,18.0,55.0,75.0,82.0,83.0,96.0,106.0,126.0,136.0,135.0,136.0,140.0,139.0,145.0,149.0,159.0,167.0,144.0,152.0,169.0,149.0,141.0,152.0,157.0,146.0,136.0,124.0,119.0,189.0,185.0,177.0,172.0,#2,186.0,182.0,178.0,169.0,167.0,#2,173.0,132.0,138.0,129.0,134.0,127.0,140.0,146.0
198.0,183.0,171.0,156.0,162.0,145.0,146.0,172.0,184.0,188.0,#2,179.0,184.0,179.0,173.0,155.0,207.0,200.0,207.0,#2,209.0,198.0,171.0,157.0,154.0,151.0,174.0,138.0,134.0,158.0,149.0,159.0,129.0,181.0,197.0,184.0,151.0,#2,143.0,147.0,141.0,149.0,152.0,170.0,#3,154.0,146.0,144.0,152.0,#2,160.0,162.0,161.0,156.0,154.0,163.0,133.0,#2,147.0,141.0,150.0,162.0,178.0,185.0,172.0,204.0,#2,195.0,194.0,154.0,144.0,137.0,152.0,70.0,117.0,121.0,119.0,117.0,131.0,73.0,43.0,12.0,20.0,43.0,36.0,58.0,66.0,54.0,33.0,65.0,100.0,104.0,107.0,113.0,111.0,121.0,118.0,108.0,120.0,131.0,129.0,142.0,144.0,155.0,145.0,161.0,164.0,128.0,130.0,143.0,139.0,146.0,118.0,101.0,#2,147.0,174.0,159.0,148.0,143.0,157.0,150.0,131.0,108.0,101.0,128.0,125.0,117.0,124.0,132.0,143.0,139.0
193.0,187.0,170.0,158.0,169.0,155.0,156.0,184.0,183.0,200.0,190.0,176.0,167.0,161.0,172.0,157.0,134.0,219.0,179.0,195.0,201.0,208.0,#2,198.0,178.0,151.0,145.0,140.0,134.0,138.0,145.0,147.0,119.0,248.0,238.0,248.0,239.0,155.0,146.0,177.0,161.0,157.0,#2,159.0,158.0,150.0,152.0,159.0,158.0,152.0,118.0,149.0,153.0,148.0,154.0,153.0,166.0,171.0,155.0,154.0,142.0,163.0,162.0,161.0,139.0,155.0,185.0,167.0,147.0,175.0,172.0,169.0,160.0,132.0,117.0,142.0,132.0,103.0,153.0,142.0,109.0,40.0,42.0,23.0,66.0,45.0,63.0,80.0,66.0,26.0,43.0,36.0,101.0,60.0,97.0,167.0,179.0,208.0,216.0,206.0,205.0,211.0,210.0,#2,212.0,199.0,188.0,156.0,125.0,126.0,96.0,121.0,150.0,111.0,93.0,137.0,171.0,154.0,155.0,152.0,147.0,111.0,115.0,124.0,140.0,102.0,142.0,122.0,126.0,150.0,160.0,154.0,145.0
198.0,186.0,173.0,172.0,131.0,153.0,169.0,186.0,198.0,192.0,178.0,184.0,169.0,159.0,137.0,147.0,136.0,172.0,#2,181.0,202.0,197.0,178.0,137.0,130.0,134.0,136.0,128.0,120.0,139.0,141.0,140.0,115.0,135.0,76.0,110.0,60.0,126.0,150.0,127.0,133.0,160.0,155.0,147.0,162.0,157.0,154.0,160.0,152.0,151.0,160.0,158.0,160.0,144.0,150.0,162.0,160.0,168.0,150.0,#2,164.0,163.0,158.0,160.0,167.0,158.0,206.0,221.0,202.0,199.0,193.0,175.0,165.0,177.0,185.0,156.0,130.0,123.0,107.0,124.0,#2,120.0,30.0,50.0,47.0,45.0,61.0,55.0,84.0,104.0,97.0,136.0,51.0,165.0,207.0,183.0,206.0,203.0,194.0,215.0,209.0,210.0,211.0,214.0,204.0,206.0,214.0,203.0,189.0,155.0,117.0,111.0,116.0,150.0,130.0,#2,89.0,112.0,104.0,96.0,82.0,132.0,137.0,142.0,125.0,133.0,140.0,135.0,183.0,177.0,145.0,133.0,149.0
200.0,195.0,186.0,177.0,185.0,159.0,161.0,185.0,197.0,187.0,175.0,182.0,165.0,155.0,154.0,153.0,137.0,122.0,134.0,168.0,188.0,143.0,130.0,134.0,109.0,131.0,129.0,117.0,119.0,127.0,129.0,158.0,141.0,137.0,151.0,129.0,147.0,155.0,149.0,166.0,135.0,147.0,142.0,149.0,157.0,160.0,151.0,159.0,148.0,153.0,152.0,150.0,156.0,147.0,143.0,159.0,136.0,142.0,168.0,156.0,160.0,177.0,184.0,161.0,159.0,141.0,190.0,191.0,177.0,188.0,192.0,151.0,173.0,161.0,172.0,175.0,178.0,156.0,166.0,177.0,149.0,138.0,87.0,39.0,91.0,222.0,110.0,152.0,60.0,255.0,136.0,114.0,111.0,179.0,199.0,147.0,186.0,196.0,189.0,198.0,195.0,174.0,205.0,207.0,219.0,210.0,208.0,209.0,203.0,136.0,93.0,98.0,71.0,132.0,101.0,102.0,135.0,120.0,106.0,139.0,#2,151.0,135.0,109.0,143.0,142.0,153.0,160.0,142.0,#2,156.0,192.0,176.0
190.0,185.0,172.0,168.0,147.0,185.0,172.0,186.0,195.0,188.0,190.0,177.0,213.0,189.0,168.0,151.0,137.0,125.0,134.0,124.0,135.0,142.0,144.0,132.0,119.0,127.0,113.0,110.0,125.0,121.0,132.0,140.0,144.0,142.0,135.0,147.0,157.0,153.0,155.0,134.0,139.0,136.0,147.0,154.0,173.0,182.0,166.0,172.0,160.0,#2,147.0,154.0,150.0,140.0,141.0,151.0,149.0,147.0,149.0,175.0,202.0,195.0,196.0,204.0,201.0,166.0,164.0,169.0,170.0,154.0,145.0,148.0,155.0,159.0,170.0,179.0,166.0,168.0,180.0,147.0,148.0,160.0,151.0,146.0,97.0,60.0,147.0,151.0,163.0,166.0,139.0,161.0,165.0,120.0,137.0,162.0,169.0,204.0,202.0,178.0,189.0,144.0,113.0,71.0,99.0,151.0,161.0,116.0,206.0,213.0,185.0,126.0,90.0,114.0,141.0,79.0,127.0,128.0,137.0,148.0,134.0,139.0,143.0,153.0,142.0,146.0,155.0,129.0,138.0,166.0,163.0,162.0,172.0
191.0,184.0,171.0,144.0,147.0,135.0,158.0,180.0,182.0,191.0,192.0,193.0,202.0,182.0,166.0,167.0,149.0,143.0,134.0,133.0,128.0,131.0,154.0,133.0,128.0,108.0,119.0,129.0,119.0,134.0,126.0,123.0,138.0,150.0,153.0,147.0,146.0,140.0,128.0,140.0,151.0,157.0,141.0,156.0,172.0,165.0,155.0,153.0,147.0,151.0,156.0,146.0,147.0,146.0,138.0,152.0,132.0,139.0,156.0,142.0,170.0,181.0,172.0,166.0,167.0,160.0,156.0,161.0,166.0,164.0,162.0,158.0,149.0,153.0,154.0,188.0,178.0,#2,157.0,183.0,168.0,157.0,135.0,136.0,162.0,170.0,188.0,183.0,164.0,153.0,164.0,159.0,148.0,166.0,140.0,172.0,186.0,166.0,151.0,168.0,191.0,206.0,180.0,193.0,232.0,183.0,176.0,189.0,206.0,210.0,215.0,213.0,184.0,124.0,138.0,145.0,156.0,134.0,139.0,134.0,118.0,#2,132.0,165.0,155.0,140.0,152.0,190.0,169.0,147.0,162.0,165.0,163.0
191.0,189.0,165.0,162.0,149.0,158.0,153.0,168.0,179.0,181.0,184.0,170.0,181.0,173.0,163.0,#2,147.0,145.0,141.0,155.0,141.0,140.0,130.0,164.0,161.0,132.0,117.0,153.0,145.0,129.0,145.0,161.0,143.0,130.0,132.0,123.0,137.0,#2,139.0,138.0,148.0,152.0,198.0,205.0,151.0,178.0,146.0,147.0,152.0,#2,155.0,157.0,#2,146.0,129.0,140.0,152.0,159.0,149.0,145.0,157.0,159.0,138.0,139.0,131.0,151.0,158.0,167.0,165.0,#2,169.0,167.0,149.0,151.0,150.0,152.0,156.0,163.0,159.0,152.0,150.0,149.0,153.0,147.0,148.0,157.0,162.0,151.0,141.0,131.0,149.0,150.0,152.0,173.0,#2,153.0,138.0,176.0,165.0,124.0,142.0,160.0,174.0,199.0,182.0,196.0,182.0,176.0,165.0,188.0,201.0,214.0,220.0,174.0,147.0,148.0,143.0,139.0,133.0,136.0,118.0,122.0,113.0,150.0,#2,145.0,126.0,140.0,151.0,157.0,150.0,138.0,136.0
192.0,185.0,175.0,152.0,158.0,139.0,153.0,144.0,171.0,#2,167.0,175.0,183.0,168.0,159.0,157.0,#2,159.0,155.0,161.0,#3,151.0,155.0,158.0,152.0,139.0,151.0,143.0,146.0,130.0,#2,133.0,122.0,115.0,109.0,125.0,111.0,149.0,151.0,145.0,135.0,169.0,161.0,145.0,171.0,160.0,149.0,148.0,147.0,146.0,128.0,136.0,147.0,156.0,152.0,142.0,132.0,151.0,194.0,149.0,141.0,150.0,178.0,163.0,166.0,167.0,176.0,157.0,#2,164.0,160.0,165.0,176.0,184.0,176.0,166.0,#2,155.0,152.0,155.0,159.0,153.0,148.0,145.0,147.0,160.0,152.0,159.0,150.0,155.0,159.0,179.0,157.0,#2,136.0,147.0,140.0,139.0,121.0,197.0,190.0,164.0,193.0,192.0,#2,193.0,178.0,183.0,196.0,205.0,206.0,213.0,195.0,159.0,142.0,135.0,151.0,147.0,149.0,140.0,134.0,147.0,144.0,154.0,141.0,119.0,120.0,134.0,130.0,120.0,135.0,138.0
185.0,176.0,165.0,155.0,163.0,158.0,155.0,165.0,179.0,192.0,155.0,147.0,155.0,145.0,166.0,160.0,146.0,151.0,163.0,178.0,169.0,171.0,183.0,151.0,160.0,166.0,159.0,148.0,135.0,131.0,144.0,125.0,169.0,156.0,188.0,66.0,143.0,#2,97.0,142.0,132.0,125.0,140.0,135.0,157.0,155.0,166.0,150.0,151.0,136.0,146.0,131.0,163.0,147.0,141.0,149.0,146.0,190.0,196.0,189.0,151.0,140.0,163.0,154.0,170.0,174.0,202.0,190.0,163.0,197.0,198.0,202.0,204.0,#2,189.0,171.0,173.0,161.0,163.0,169.0,160.0,152.0,153.0,162.0,168.0,139.0,161.0,151.0,163.0,148.0,138.0,171.0,166.0,165.0,197.0,151.0,146.0,165.0,146.0,171.0,154.0,148.0,132.0,142.0,128.0,140.0,148.0,175.0,163.0,203.0,208.0,210.0,208.0,209.0,205.0,198.0,123.0,109.0,93.0,111.0,147.0,132.0,124.0,104.0,133.0,142.0,128.0,161.0,129.0,131.0,126.0,142.0,150.0
187.0,185.0,191.0,184.0,167.0,147.0,154.0,174.0,178.0,167.0,171.0,164.0,145.0,151.0,153.0,151.0,145.0,149.0,156.0,154.0,#2,189.0,186.0,161.0,172.0,179.0,189.0,155.0,145.0,141.0,140.0,152.0,140.0,144.0,137.0,118.0,79.0,143.0,125.0,140.0,137.0,156.0,135.0,144.0,168.0,150.0,157.0,134.0,153.0,144.0,143.0,145.0,150.0,146.0,145.0,150.0,147.0,153.0,152.0,160.0,156.0,162.0,178.0,158.0,134.0,157.0,151.0,186.0,219.0,167.0,174.0,181.0,165.0,184.0,162.0,164.0,165.0,162.0,156.0,159.0,138.0,116.0,161.0,145.0,159.0,155.0,163.0,147.0,149.0,159.0,150.0,151.0,159.0,181.0,165.0,152.0,159.0,169.0,176.0,159.0,142.0,172.0,134.0,145.0,157.0,170.0,166.0,172.0,170.0,162.0,183.0,199.0,213.0,208.0,213.0,173.0,152.0,130.0,141.0,149.0,141.0,135.0,#2,137.0,138.0,113.0,156.0,147.0,127.0,111.0,151.0,124.0,141.0
188.0,176.0,#2,178.0,160.0,147.0,165.0,156.0,175.0,162.0,158.0,144.0,140.0,146.0,152.0,170.0,173.0,175.0,157.0,174.0,172.0,141.0,157.0,143.0,154.0,159.0,165.0,133.0,149.0,156.0,140.0,137.0,158.0,144.0,152.0,181.0,184.0,226.0,141.0,135.0,142.0,139.0,147.0,134.0,145.0,149.0,157.0,156.0,152.0,150.0,155.0,154.0,127.0,139.0,135.0,130.0,134.0,140.0,147.0,146.0,156.0,155.0,145.0,177.0,217.0,187.0,194.0,208.0,200.0,182.0,167.0,166.0,161.0,178.0,140.0,179.0,155.0,140.0,156.0,157.0,159.0,155.0,148.0,158.0,154.0,158.0,164.0,153.0,130.0,153.0,100.0,128.0,140.0,133.0,140.0,148.0,157.0,149.0,158.0,157.0,158.0,165.0,158.0,162.0,166.0,168.0,120.0,136.0,122.0,200.0,178.0,182.0,190.0,185.0,189.0,208.0,186.0,170.0,148.0,140.0,#2,127.0,143.0,115.0,118.0,166.0,158.0,147.0,127.0,145.0,133.0,154.0,156.0
185.0,181.0,172.0,171.0,168.0,155.0,153.0,165.0,172.0,149.0,147.0,151.0,159.0,147.0,#2,159.0,167.0,149.0,183.0,170.0,173.0,183.0,167.0,152.0,145.0,133.0,134.0,157.0,146.0,140.0,139.0,158.0,132.0,125.0,132.0,188.0,172.0,192.0,220.0,151.0,145.0,120.0,134.0,140.0,157.0,147.0,150.0,153.0,144.0,147.0,143.0,147.0,141.0,145.0,148.0,144.0,142.0,156.0,142.0,164.0,156.0,160.0,161.0,174.0,204.0,210.0,185.0,178.0,189.0,195.0,161.0,163.0,168.0,179.0,140.0,149.0,156.0,158.0,151.0,162.0,151.0,148.0,155.0,140.0,146.0,143.0,147.0,158.0,150.0,152.0,166.0,152.0,140.0,155.0,#2,161.0,146.0,193.0,156.0,148.0,138.0,152.0,140.0,150.0,147.0,170.0,167.0,157.0,136.0,147.0,168.0,163.0,171.0,170.0,178.0,208.0,#2,213.0,184.0,138.0,133.0,154.0,143.0,159.0,146.0,181.0,152.0,157.0,139.0,149.0,150.0,153.0,125.0
178.0,184.0,178.0,168.0,176.0,156.0,170.0,179.0,174.0,177.0,159.0,161.0,150.0,156.0,173.0,131.0,146.0,157.0,148.0,162.0,149.0,156.0,184.0,146.0,148.0,139.0,143.0,146.0,135.0,139.0,144.0,150.0,152.0,150.0,142.0,210.0,221.0,205.0,223.0,203.0,136.0,129.0,#2,130.0,149.0,143.0,144.0,150.0,146.0,142.0,144.0,156.0,154.0,132.0,135.0,143.0,141.0,150.0,145.0,173.0,159.0,177.0,149.0,170.0,186.0,#2,187.0,196.0,167.0,176.0,179.0,159.0,207.0,232.0,173.0,164.0,174.0,162.0,168.0,157.0,138.0,125.0,138.0,131.0,138.0,141.0,174.0,164.0,175.0,162.0,163.0,164.0,158.0,165.0,166.0,160.0,172.0,178.0,165.0,170.0,164.0,153.0,158.0,179.0,147.0,166.0,165.0,159.0,178.0,236.0,216.0,165.0,192.0,197.0,203.0,200.0,202.0,204.0,207.0,211.0,150.0,#2,151.0,141.0,119.0,167.0,171.0,222.0,168.0,149.0,151.0,109.0,137.0
187.0,181.0,186.0,166.0,157.0,156.0,161.0,169.0,172.0,171.0,160.0,158.0,166.0,174.0,137.0,149.0,140.0,151.0,142.0,#2,149.0,145.0,140.0,156.0,148.0,135.0,137.0,130.0,135.0,133.0,134.0,152.0,150.0,151.0,138.0,194.0,227.0,193.0,229.0,213.0,119.0,144.0,148.0,145.0,148.0,129.0,127.0,147.0,157.0,155.0,#2,151.0,129.0,156.0,144.0,145.0,160.0,156.0,157.0,130.0,166.0,149.0,162.0,184.0,166.0,170.0,173.0,179.0,159.0,167.0,164.0,177.0,172.0,199.0,203.0,146.0,162.0,169.0,162.0,156.0,150.0,167.0,151.0,147.0,161.0,#2,165.0,148.0,162.0,142.0,148.0,152.0,155.0,142.0,159.0,#2,156.0,162.0,155.0,162.0,178.0,191.0,195.0,185.0,191.0,222.0,194.0,232.0,236.0,158.0,165.0,185.0,186.0,#2,179.0,193.0,194.0,196.0,194.0,182.0,140.0,138.0,130.0,134.0,139.0,152.0,151.0,160.0,130.0,140.0,135.0,119.0,126.0
185.0,177.0,#2,173.0,154.0,171.0,184.0,163.0,168.0,143.0,148.0,147.0,150.0,138.0,147.0,148.0,156.0,131.0,167.0,145.0,138.0,181.0,199.0,163.0,141.0,138.0,135.0,133.0,144.0,136.0,129.0,133.0,116.0,144.0,134.0,142.0,239.0,205.0,233.0,236.0,112.0,154.0,142.0,138.0,141.0,148.0,142.0,158.0,159.0,147.0,150.0,156.0,136.0,181.0,146.0,149.0,#2,141.0,135.0,136.0,144.0,134.0,159.0,152.0,150.0,137.0,136.0,159.0,151.0,150.0,181.0,192.0,182.0,170.0,168.0,173.0,167.0,161.0,154.0,132.0,139.0,159.0,157.0,169.0,152.0,151.0,159.0,163.0,171.0,163.0,165.0,154.0,#2,155.0,161.0,164.0,163.0,167.0,160.0,157.0,169.0,160.0,159.0,155.0,173.0,186.0,255.0,215.0,219.0,230.0,190.0,173.0,185.0,188.0,201.0,205.0,204.0,#2,209.0,202.0,157.0,137.0,128.0,133.0,153.0,148.0,165.0,154.0,160.0,156.0,136.0,#2,150.0
#2,185.0,184.0,162.0,152.0,159.0,154.0,174.0,165.0,158.0,164.0,143.0,131.0,136.0,140.0,144.0,140.0,156.0,174.0,162.0,184.0,163.0,134.0,132.0,141.0,147.0,142.0,128.0,131.0,140.0,141.0,132.0,#2,146.0,153.0,138.0,242.0,230.0,225.0,248.0,114.0,136.0,137.0,139.0,137.0,140.0,122.0,134.0,143.0,153.0,157.0,153.0,139.0,148.0,146.0,147.0,143.0,141.0,144.0,136.0,141.0,149.0,153.0,168.0,177.0,167.0,177.0,169.0,170.0,149.0,167.0,177.0,176.0,183.0,188.0,178.0,170.0,154.0,167.0,168.0,144.0,150.0,153.0,155.0,153.0,147.0,156.0,151.0,164.0,166.0,169.0,151.0,158.0,150.0,148.0,155.0,145.0,150.0,160.0,164.0,160.0,155.0,182.0,159.0,158.0,201.0,167.0,169.0,183.0,188.0,177.0,182.0,170.0,185.0,182.0,195.0,194.0,203.0,209.0,216.0,221.0,176.0,132.0,139.0,136.0,132.0,144.0,131.0,121.0,115.0,135.0,136.0,140.0
196.0,182.0,176.0,175.0,160.0,185.0,177.0,180.0,163.0,153.0,160.0,156.0,143.0,139.0,154.0,153.0,169.0,160.0,161.0,176.0,175.0,174.0,192.0,106.0,140.0,126.0,128.0,149.0,144.0,114.0,151.0,153.0,147.0,158.0,143.0,134.0,194.0,242.0,218.0,246.0,89.0,155.0,124.0,163.0,158.0,162.0,160.0,148.0,158.0,164.0,#2,153.0,176.0,155.0,143.0,150.0,138.0,146.0,125.0,129.0,148.0,158.0,143.0,127.0,139.0,#2,115.0,163.0,140.0,148.0,169.0,157.0,153.0,#2,152.0,147.0,152.0,132.0,150.0,159.0,178.0,167.0,169.0,174.0,153.0,154.0,159.0,157.0,160.0,153.0,142.0,156.0,161.0,171.0,187.0,182.0,159.0,164.0,165.0,154.0,138.0,152.0,159.0,168.0,162.0,159.0,169.0,156.0,180.0,169.0,170.0,159.0,191.0,181.0,182.0,189.0,188.0,197.0,204.0,#2,212.0,210.0,133.0,115.0,128.0,123.0,126.0,124.0,128.0,142.0,139.0,144.0,116.0
184.0,181.0,172.0,169.0,152.0,171.0,203.0,184.0,187.0,177.0,159.0,161.0,134.0,115.0,113.0,126.0,150.0,165.0,166.0,154.0,163.0,158.0,132.0,145.0,135.0,141.0,128.0,139.0,150.0,139.0,138.0,#2,148.0,154.0,168.0,158.0,152.0,254.0,236.0,232.0,156.0,146.0,173.0,145.0,169.0,136.0,140.0,174.0,157.0,168.0,162.0,178.0,151.0,159.0,147.0,143.0,142.0,136.0,128.0,137.0,131.0,153.0,140.0,139.0,144.0,158.0,155.0,159.0,150.0,145.0,152.0,165.0,163.0,#2,175.0,156.0,161.0,168.0,155.0,160.0,177.0,168.0,157.0,148.0,151.0,168.0,141.0,134.0,153.0,144.0,161.0,176.0,190.0,176.0,168.0,169.0,#2,152.0,161.0,#2,165.0,169.0,165.0,163.0,178.0,167.0,181.0,159.0,147.0,156.0,164.0,171.0,188.0,193.0,182.0,184.0,179.0,190.0,206.0,210.0,209.0,130.0,147.0,215.0,202.0,169.0,117.0,158.0,147.0,139.0,128.0,155.0,163.0
192.0,184.0,159.0,152.0,151.0,173.0,190.0,214.0,185.0,173.0,176.0,167.0,122.0,125.0,122.0,149.0,127.0,165.0,143.0,139.0,150.0,155.0,161.0,142.0,125.0,122.0,108.0,145.0,133.0,147.0,152.0,144.0,150.0,151.0,131.0,133.0,149.0,148.0,255.0,196.0,255.0,162.0,156.0,164.0,139.0,156.0,161.0,148.0,158.0,166.0,154.0,162.0,149.0,134.0,138.0,137.0,143.0,138.0,147.0,136.0,124.0,135.0,128.0,144.0,131.0,146.0,123.0,134.0,153.0,139.0,141.0,158.0,163.0,156.0,160.0,175.0,163.0,157.0,164.0,175.0,169.0,166.0,171.0,165.0,172.0,166.0,161.0,166.0,142.0,154.0,165.0,157.0,165.0,145.0,134.0,154.0,150.0,160.0,158.0,157.0,156.0,154.0,152.0,147.0,152.0,160.0,173.0,164.0,143.0,163.0,170.0,173.0,185.0,189.0,186.0,178.0,172.0,187.0,#2,212.0,207.0,217.0,146.0,190.0,192.0,252.0,189.0,120.0,131.0,146.0,182.0,110.0,136.0
193.0,183.0,184.0,170.0,160.0,166.0,203.0,190.0,151.0,195.0,200.0,162.0,176.0,153.0,173.0,134.0,175.0,156.0,185.0,166.0,158.0,161.0,119.0,92.0,97.0,107.0,125.0,137.0,153.0,122.0,121.0,115.0,146.0,137.0,147.0,140.0,169.0,129.0,179.0,228.0,236.0,255.0,146.0,125.0,142.0,162.0,127.0,159.0,145.0,167.0,178.0,161.0,144.0,160.0,132.0,149.0,141.0,151.0,116.0,136.0,140.0,147.0,142.0,147.0,136.0,144.0,135.0,158.0,157.0,159.0,178.0,152.0,155.0,152.0,161.0,173.0,156.0,166.0,165.0,168.0,170.0,185.0,172.0,160.0,154.0,176.0,162.0,165.0,166.0,162.0,159.0,164.0,161.0,162.0,144.0,150.0,#2,152.0,170.0,161.0,155.0,157.0,158.0,152.0,156.0,137.0,157.0,147.0,162.0,170.0,177.0,165.0,173.0,181.0,195.0,182.0,173.0,178.0,192.0,206.0,209.0,193.0,172.0,#2,143.0,181.0,120.0,127.0,136.0,141.0,131.0,134.0,151.0
202.0,190.0,184.0,172.0,181.0,189.0,161.0,216.0,200.0,174.0,204.0,172.0,149.0,143.0,149.0,159.0,141.0,135.0,144.0,148.0,157.0,235.0,51.0,79.0,88.0,93.0,134.0,127.0,147.0,169.0,107.0,128.0,113.0,154.0,132.0,150.0,169.0,160.0,140.0,199.0,223.0,219.0,233.0,127.0,148.0,152.0,167.0,180.0,161.0,154.0,167.0,183.0,161.0,145.0,154.0,142.0,149.0,124.0,141.0,155.0,153.0,147.0,144.0,147.0,121.0,168.0,150.0,158.0,159.0,150.0,143.0,150.0,154.0,158.0,157.0,149.0,154.0,146.0,175.0,181.0,126.0,153.0,151.0,132.0,168.0,194.0,174.0,151.0,152.0,151.0,153.0,148.0,134.0,157.0,165.0,167.0,177.0,160.0,157.0,141.0,163.0,147.0,162.0,135.0,154.0,161.0,154.0,148.0,152.0,151.0,159.0,162.0,159.0,174.0,187.0,186.0,181.0,177.0,166.0,173.0,#2,202.0,199.0,147.0,114.0,145.0,#2,129.0,140.0,129.0,130.0,141.0,146.0
194.0,184.0,178.0,160.0,177.0,157.0,170.0,187.0,188.0,210.0,193.0,150.0,151.0,139.0,142.0,119.0,142.0,156.0,142.0,#2,147.0,219.0,37.0,82.0,81.0,84.0,136.0,177.0,163.0,166.0,182.0,125.0,121.0,104.0,142.0,143.0,160.0,144.0,140.0,132.0,206.0,220.0,215.0,173.0,153.0,171.0,154.0,179.0,188.0,158.0,191.0,163.0,158.0,169.0,152.0,171.0,166.0,154.0,162.0,170.0,148.0,145.0,134.0,130.0,158.0,142.0,133.0,170.0,215.0,174.0,166.0,159.0,149.0,156.0,139.0,151.0,157.0,171.0,157.0,163.0,159.0,167.0,185.0,202.0,149.0,142.0,141.0,143.0,147.0,165.0,155.0,153.0,149.0,134.0,140.0,158.0,190.0,148.0,160.0,124.0,130.0,150.0,157.0,147.0,162.0,163.0,157.0,156.0,161.0,159.0,164.0,163.0,166.0,162.0,172.0,175.0,176.0,184.0,183.0,188.0,203.0,#2,206.0,201.0,188.0,126.0,118.0,129.0,130.0,140.0,145.0,138.0,150.0
194.0,185.0,171.0,145.0,168.0,182.0,192.0,183.0,176.0,174.0,177.0,174.0,169.0,150.0,152.0,121.0,123.0,145.0,167.0,156.0,201.0,35.0,77.0,66.0,62.0,97.0,56.0,63.0,143.0,138.0,172.0,166.0,105.0,137.0,129.0,144.0,#2,153.0,156.0,169.0,141.0,231.0,224.0,188.0,163.0,147.0,157.0,158.0,#2,184.0,190.0,151.0,160.0,163.0,155.0,172.0,153.0,169.0,146.0,136.0,125.0,138.0,159.0,177.0,136.0,132.0,131.0,144.0,166.0,178.0,141.0,158.0,155.0,158.0,170.0,148.0,163.0,162.0,186.0,191.0,207.0,214.0,208.0,207.0,153.0,157.0,150.0,155.0,161.0,173.0,167.0,146.0,164.0,146.0,138.0,148.0,183.0,163.0,149.0,128.0,137.0,143.0,129.0,150.0,135.0,134.0,141.0,149.0,145.0,151.0,165.0,#2,169.0,#2,166.0,172.0,173.0,178.0,176.0,175.0,182.0,193.0,208.0,202.0,205.0,214.0,148.0,125.0,146.0,164.0,148.0,143.0,139.0
194.0,185.0,186.0,155.0,187.0,203.0,206.0,191.0,172.0,174.0,171.0,181.0,156.0,145.0,142.0,133.0,156.0,158.0,#2,157.0,181.0,24.0,61.0,74.0,67.0,122.0,45.0,68.0,130.0,150.0,111.0,170.0,72.0,159.0,117.0,127.0,139.0,149.0,171.0,141.0,158.0,153.0,170.0,157.0,170.0,175.0,161.0,166.0,183.0,169.0,168.0,165.0,170.0,155.0,156.0,169.0,161.0,150.0,148.0,133.0,178.0,180.0,174.0,140.0,138.0,147.0,153.0,154.0,150.0,144.0,142.0,152.0,144.0,151.0,148.0,146.0,#2,147.0,142.0,135.0,151.0,181.0,183.0,198.0,163.0,151.0,159.0,165.0,161.0,#3,149.0,144.0,148.0,158.0,162.0,167.0,126.0,148.0,158.0,150.0,142.0,137.0,128.0,132.0,135.0,152.0,159.0,148.0,153.0,162.0,159.0,147.0,159.0,161.0,155.0,161.0,176.0,#2,182.0,181.0,186.0,192.0,203.0,207.0,206.0,209.0,183.0,177.0,179.0,172.0,160.0,145.0
192.0,182.0,183.0,157.0,165.0,183.0,202.0,183.0,180.0,184.0,181.0,170.0,172.0,163.0,151.0,163.0,142.0,127.0,132.0,164.0,96.0,48.0,28.0,57.0,50.0,116.0,135.0,160.0,173.0,116.0,114.0,153.0,99.0,105.0,142.0,122.0,161.0,152.0,141.0,161.0,126.0,137.0,152.0,138.0,#2,164.0,144.0,149.0,148.0,162.0,149.0,166.0,153.0,132.0,156.0,154.0,153.0,157.0,167.0,169.0,172.0,128.0,153.0,162.0,150.0,133.0,160.0,120.0,145.0,135.0,141.0,153.0,161.0,146.0,#2,159.0,155.0,#2,149.0,126.0,151.0,#2,112.0,130.0,103.0,146.0,172.0,185.0,165.0,152.0,165.0,147.0,152.0,151.0,152.0,151.0,135.0,154.0,158.0,131.0,136.0,155.0,137.0,154.0,#2,152.0,158.0,145.0,150.0,158.0,146.0,137.0,136.0,147.0,159.0,#2,154.0,174.0,157.0,176.0,185.0,187.0,188.0,192.0,198.0,211.0,212.0,213.0,192.0,193.0,194.0,184.0,181.0
185.0,189.0,194.0,181.0,160.0,196.0,201.0,218.0,176.0,157.0,166.0,169.0,170.0,152.0,157.0,125.0,141.0,177.0,175.0,137.0,138.0,51.0,68.0,64.0,58.0,65.0,145.0,152.0,137.0,64.0,112.0,133.0,117.0,119.0,133.0,100.0,139.0,152.0,145.0,139.0,152.0,155.0,131.0,146.0,153.0,143.0,145.0,154.0,156.0,173.0,165.0,161.0,154.0,159.0,160.0,149.0,142.0,157.0,149.0,141.0,#2,148.0,140.0,143.0,134.0,156.0,154.0,#2,142.0,140.0,127.0,137.0,144.0,153.0,150.0,159.0,153.0,145.0,159.0,148.0,146.0,143.0,150.0,138.0,141.0,152.0,154.0,166.0,164.0,155.0,153.0,147.0,157.0,141.0,135.0,155.0,158.0,162.0,184.0,197.0,202.0,145.0,157.0,154.0,168.0,158.0,#2,161.0,169.0,152.0,144.0,150.0,149.0,163.0,153.0,155.0,161.0,151.0,152.0,158.0,179.0,202.0,197.0,199.0,204.0,208.0,#2,212.0,217.0,188.0,163.0,192.0,203.0
186.0,183.0,182.0,167.0,162.0,208.0,192.0,191.0,172.0,159.0,#2,146.0,135.0,148.0,159.0,123.0,153.0,142.0,149.0,165.0,137.0,85.0,95.0,97.0,52.0,85.0,93.0,103.0,111.0,208.0,250.0,237.0,213.0,222.0,161.0,130.0,#2,156.0,154.0,157.0,144.0,139.0,163.0,155.0,156.0,154.0,153.0,159.0,#2,160.0,142.0,155.0,156.0,152.0,153.0,156.0,149.0,153.0,162.0,159.0,141.0,162.0,143.0,136.0,135.0,172.0,150.0,147.0,146.0,158.0,137.0,142.0,147.0,150.0,136.0,144.0,166.0,162.0,157.0,145.0,155.0,158.0,153.0,143.0,149.0,167.0,164.0,120.0,140.0,133.0,158.0,154.0,148.0,208.0,255.0,206.0,126.0,131.0,127.0,162.0,146.0,150.0,168.0,159.0,168.0,153.0,151.0,149.0,141.0,143.0,157.0,155.0,158.0,174.0,191.0,172.0,147.0,151.0,152.0,155.0,159.0,172.0,184.0,193.0,200.0,206.0,207.0,211.0,206.0,219.0,188.0,152.0,143.0
182.0,174.0,179.0,180.0,174.0,177.0,195.0,196.0,180.0,159.0,174.0,169.0,159.0,147.0,155.0,173.0,212.0,236.0,180.0,154.0,148.0,89.0,108.0,140.0,115.0,44.0,101.0,221.0,223.0,111.0,124.0,97.0,89.0,101.0,107.0,148.0,135.0,#2,146.0,137.0,156.0,169.0,144.0,156.0,150.0,138.0,142.0,152.0,168.0,139.0,119.0,149.0,145.0,160.0,141.0,162.0,165.0,#2,173.0,154.0,148.0,135.0,127.0,119.0,134.0,137.0,144.0,166.0,151.0,178.0,145.0,143.0,139.0,133.0,149.0,156.0,152.0,151.0,138.0,133.0,142.0,138.0,133.0,130.0,155.0,156.0,158.0,152.0,157.0,171.0,156.0,157.0,151.0,138.0,124.0,181.0,176.0,198.0,172.0,158.0,139.0,168.0,155.0,184.0,165.0,142.0,139.0,149.0,142.0,154.0,162.0,165.0,158.0,163.0,181.0,180.0,153.0,147.0,121.0,147.0,165.0,167.0,190.0,192.0,201.0,206.0,209.0,208.0,206.0,203.0,215.0,205.0,182.0
186.0,176.0,160.0,155.0,166.0,176.0,194.0,183.0,181.0,183.0,176.0,154.0,170.0,184.0,169.0,139.0,142.0,149.0,153.0,135.0,130.0,93.0,111.0,124.0,167.0,58.0,255.0,97.0,90.0,110.0,120.0,138.0,135.0,#2,133.0,129.0,127.0,130.0,122.0,125.0,146.0,153.0,157.0,143.0,157.0,154.0,163.0,153.0,158.0,151.0,132.0,#2,147.0,167.0,161.0,189.0,174.0,154.0,168.0,149.0,143.0,131.0,151.0,143.0,123.0,136.0,148.0,152.0,131.0,138.0,127.0,144.0,120.0,136.0,133.0,145.0,161.0,138.0,131.0,142.0,135.0,149.0,154.0,152.0,148.0,139.0,143.0,156.0,154.0,149.0,159.0,146.0,147.0,156.0,161.0,#2,160.0,181.0,178.0,154.0,145.0,140.0,148.0,153.0,145.0,134.0,148.0,145.0,147.0,153.0,147.0,#3,161.0,147.0,154.0,160.0,#2,161.0,164.0,158.0,176.0,174.0,194.0,188.0,198.0,#2,207.0,210.0,214.0,213.0,210.0,211.0
185.0,170.0,159.0,163.0,161.0,186.0,166.0,179.0,166.0,147.0,159.0,162.0,155.0,150.0,214.0,121.0,164.0,149.0,152.0,138.0,126.0,132.0,86.0,27.0,107.0,196.0,102.0,121.0,133.0,138.0,136.0,140.0,137.0,136.0,131.0,129.0,#2,127.0,132.0,128.0,126.0,140.0,153.0,152.0,166.0,#2,140.0,166.0,148.0,159.0,141.0,142.0,157.0,149.0,157.0,163.0,158.0,162.0,143.0,148.0,167.0,154.0,125.0,133.0,129.0,133.0,141.0,123.0,#2,137.0,117.0,140.0,136.0,132.0,129.0,157.0,147.0,150.0,138.0,142.0,153.0,140.0,144.0,124.0,118.0,141.0,149.0,152.0,149.0,142.0,154.0,153.0,156.0,150.0,158.0,160.0,162.0,157.0,169.0,160.0,147.0,150.0,140.0,145.0,144.0,148.0,137.0,156.0,206.0,162.0,148.0,150.0,142.0,147.0,145.0,159.0,165.0,166.0,154.0,#2,151.0,164.0,181.0,193.0,198.0,202.0,206.0,203.0,204.0,209.0,212.0,210.0,209.0
184.0,177.0,170.0,163.0,#2,164.0,169.0,157.0,150.0,162.0,172.0,196.0,167.0,155.0,124.0,145.0,154.0,166.0,146.0,139.0,130.0,85.0,43.0,92.0,96.0,102.0,135.0,171.0,140.0,138.0,133.0,134.0,132.0,134.0,137.0,#2,138.0,#2,137.0,139.0,127.0,126.0,148.0,169.0,163.0,159.0,170.0,144.0,163.0,155.0,164.0,146.0,170.0,149.0,169.0,#2,155.0,195.0,210.0,187.0,160.0,148.0,169.0,141.0,139.0,120.0,113.0,133.0,145.0,126.0,116.0,132.0,137.0,139.0,137.0,164.0,137.0,150.0,141.0,151.0,161.0,160.0,150.0,157.0,161.0,158.0,159.0,168.0,176.0,160.0,149.0,138.0,144.0,149.0,156.0,157.0,159.0,167.0,164.0,156.0,155.0,154.0,140.0,150.0,155.0,150.0,157.0,168.0,167.0,157.0,150.0,154.0,135.0,136.0,138.0,147.0,141.0,138.0,134.0,142.0,162.0,152.0,163.0,191.0,190.0,191.0,195.0,199.0,205.0,206.0,209.0,212.0,205.0
170.0,166.0,147.0,145.0,159.0,173.0,162.0,165.0,186.0,176.0,169.0,175.0,181.0,149.0,#2,133.0,118.0,163.0,144.0,127.0,121.0,82.0,111.0,108.0,220.0,255.0,233.0,153.0,124.0,130.0,138.0,135.0,134.0,137.0,138.0,143.0,#3,149.0,146.0,142.0,132.0,122.0,151.0,159.0,#2,154.0,140.0,150.0,137.0,147.0,137.0,176.0,200.0,201.0,199.0,161.0,155.0,181.0,200.0,167.0,147.0,163.0,188.0,227.0,249.0,255.0,251.0,255.0,170.0,142.0,144.0,198.0,162.0,132.0,137.0,#2,146.0,152.0,143.0,148.0,157.0,154.0,152.0,154.0,170.0,162.0,153.0,170.0,158.0,146.0,#2,141.0,155.0,159.0,154.0,151.0,162.0,169.0,171.0,160.0,153.0,151.0,149.0,148.0,155.0,165.0,149.0,141.0,134.0,121.0,146.0,148.0,144.0,#2,143.0,149.0,141.0,147.0,155.0,153.0,167.0,193.0,197.0,#3,184.0,192.0,198.0,202.0,207.0,209.0,205.0
163.0,156.0,146.0,141.0,159.0,179.0,168.0,165.0,164.0,188.0,158.0,129.0,158.0,109.0,125.0,151.0,163.0,137.0,133.0,138.0,146.0,154.0,146.0,159.0,255.0,133.0,106.0,127.0,131.0,133.0,130.0,#2,127.0,131.0,136.0,140.0,146.0,152.0,162.0,153.0,151.0,136.0,135.0,130.0,127.0,131.0,124.0,154.0,194.0,171.0,181.0,248.0,255.0,249.0,255.0,254.0,253.0,255.0,250.0,253.0,#2,255.0,251.0,#2,255.0,241.0,168.0,246.0,255.0,123.0,81.0,105.0,137.0,135.0,128.0,148.0,137.0,127.0,147.0,151.0,150.0,162.0,146.0,163.0,161.0,148.0,139.0,136.0,148.0,157.0,151.0,143.0,145.0,155.0,#2,161.0,149.0,142.0,150.0,152.0,156.0,162.0,144.0,168.0,172.0,142.0,160.0,167.0,176.0,161.0,154.0,138.0,161.0,154.0,146.0,142.0,153.0,144.0,157.0,149.0,154.0,153.0,162.0,183.0,188.0,185.0,182.0,189.0,185.0,195.0,200.0,202.0,203.0
177.0,161.0,157.0,159.0,155.0,169.0,172.0,161.0,155.0,187.0,161.0,184.0,148.0,124.0,96.0,88.0,125.0,136.0,142.0,144.0,176.0,150.0,160.0,231.0,179.0,93.0,113.0,117.0,122.0,126.0,127.0,128.0,129.0,128.0,131.0,137.0,148.0,157.0,172.0,178.0,187.0,148.0,131.0,124.0,129.0,113.0,118.0,106.0,142.0,150.0,146.0,172.0,206.0,255.0,252.0,#2,255.0,254.0,251.0,250.0,251.0,254.0,255.0,249.0,250.0,255.0,216.0,239.0,255.0,152.0,103.0,117.0,143.0,135.0,141.0,140.0,137.0,134.0,151.0,134.0,161.0,169.0,167.0,168.0,159.0,162.0,#2,163.0,161.0,152.0,153.0,139.0,145.0,155.0,157.0,156.0,153.0,144.0,143.0,157.0,163.0,152.0,157.0,169.0,171.0,157.0,161.0,162.0,179.0,167.0,#2,164.0,159.0,165.0,156.0,152.0,155.0,160.0,147.0,154.0,156.0,158.0,147.0,188.0,189.0,190.0,172.0,179.0,180.0,186.0,191.0,199.0,202.0
170.0,168.0,170.0,158.0,154.0,169.0,135.0,146.0,162.0,170.0,156.0,161.0,146.0,145.0,142.0,178.0,171.0,159.0,142.0,170.0,165.0,159.0,135.0,246.0,110.0,95.0,86.0,119.0,121.0,116.0,118.0,131.0,#2,135.0,139.0,146.0,157.0,166.0,169.0,179.0,232.0,243.0,225.0,218.0,243.0,250.0,176.0,163.0,146.0,148.0,170.0,153.0,151.0,247.0,255.0,253.0,252.0,255.0,252.0,255.0,253.0,245.0,248.0,250.0,255.0,254.0,255.0,251.0,255.0,244.0,237.0,216.0,171.0,167.0,157.0,147.0,149.0,150.0,147.0,137.0,#2,152.0,144.0,151.0,156.0,163.0,160.0,161.0,152.0,153.0,166.0,155.0,#2,144.0,#2,142.0,145.0,155.0,147.0,165.0,173.0,171.0,187.0,173.0,160.0,167.0,165.0,174.0,172.0,159.0,158.0,172.0,173.0,152.0,155.0,#2,158.0,#2,148.0,156.0,#2,159.0,152.0,168.0,190.0,198.0,179.0,190.0,186.0,190.0,186.0,199.0,200.0
176.0,177.0,162.0,176.0,175.0,158.0,149.0,145.0,147.0,142.0,118.0,144.0,147.0,134.0,143.0,180.0,148.0,137.0,142.0,164.0,137.0,163.0,139.0,255.0,117.0,75.0,119.0,121.0,127.0,125.0,118.0,130.0,124.0,123.0,135.0,145.0,163.0,179.0,178.0,229.0,114.0,214.0,241.0,248.0,239.0,196.0,168.0,196.0,201.0,188.0,182.0,162.0,146.0,137.0,147.0,154.0,158.0,155.0,177.0,199.0,219.0,248.0,250.0,249.0,255.0,250.0,245.0,255.0,220.0,252.0,255.0,215.0,142.0,104.0,134.0,#2,142.0,137.0,138.0,141.0,139.0,133.0,149.0,155.0,148.0,163.0,148.0,155.0,156.0,136.0,139.0,148.0,145.0,#3,146.0,145.0,160.0,157.0,159.0,167.0,170.0,185.0,174.0,168.0,159.0,163.0,164.0,158.0,154.0,158.0,172.0,141.0,147.0,157.0,167.0,156.0,149.0,155.0,159.0,154.0,156.0,155.0,157.0,168.0,181.0,188.0,202.0,#2,194.0,186.0,#2,189.0
181.0,168.0,142.0,156.0,172.0,152.0,151.0,156.0,161.0,132.0,160.0,147.0,164.0,144.0,180.0,173.0,171.0,157.0,148.0,140.0,#2,129.0,213.0,124.0,60.0,85.0,112.0,125.0,132.0,141.0,139.0,131.0,121.0,115.0,123.0,144.0,165.0,188.0,196.0,224.0,245.0,218.0,195.0,180.0,155.0,151.0,142.0,132.0,97.0,58.0,57.0,52.0,67.0,83.0,#2,85.0,99.0,95.0,91.0,82.0,104.0,122.0,143.0,115.0,160.0,197.0,225.0,255.0,154.0,#2,218.0,118.0,54.0,96.0,141.0,#2,140.0,139.0,120.0,109.0,122.0,158.0,144.0,143.0,156.0,150.0,167.0,161.0,#2,158.0,144.0,149.0,151.0,149.0,153.0,147.0,142.0,155.0,154.0,156.0,160.0,158.0,155.0,159.0,156.0,147.0,189.0,151.0,137.0,154.0,175.0,156.0,157.0,162.0,166.0,135.0,120.0,144.0,165.0,161.0,152.0,153.0,#3,154.0,153.0,170.0,198.0,212.0,193.0,194.0,189.0,184.0
186.0,173.0,148.0,156.0,170.0,172.0,155.0,168.0,172.0,164.0,155.0,159.0,180.0,142.0,171.0,151.0,146.0,157.0,164.0,156.0,121.0,156.0,121.0,54.0,69.0,95.0,124.0,135.0,143.0,139.0,138.0,162.0,113.0,#2,120.0,140.0,163.0,187.0,192.0,208.0,246.0,184.0,163.0,160.0,185.0,181.0,142.0,89.0,68.0,66.0,77.0,105.0,106.0,124.0,130.0,137.0,138.0,155.0,178.0,152.0,156.0,146.0,192.0,165.0,143.0,167.0,147.0,149.0,152.0,162.0,191.0,108.0,136.0,#2,147.0,129.0,128.0,132.0,143.0,135.0,139.0,142.0,146.0,144.0,155.0,162.0,163.0,159.0,156.0,162.0,151.0,155.0,156.0,154.0,159.0,156.0,155.0,149.0,160.0,168.0,164.0,170.0,159.0,172.0,157.0,173.0,191.0,163.0,155.0,170.0,163.0,161.0,173.0,153.0,149.0,153.0,148.0,147.0,148.0,147.0,158.0,#2,162.0,154.0,149.0,167.0,161.0,180.0,195.0,202.0,200.0,187.0,188.0
178.0,177.0,157.0,159.0,179.0,177.0,178.0,#2,172.0,157.0,158.0,149.0,147.0,124.0,171.0,147.0,188.0,155.0,157.0,140.0,158.0,153.0,75.0,65.0,79.0,125.0,121.0,130.0,132.0,139.0,125.0,105.0,108.0,114.0,134.0,143.0,159.0,193.0,219.0,246.0,243.0,211.0,154.0,162.0,185.0,135.0,83.0,107.0,119.0,122.0,134.0,146.0,150.0,152.0,160.0,170.0,174.0,166.0,131.0,149.0,156.0,148.0,168.0,163.0,181.0,155.0,144.0,166.0,147.0,132.0,144.0,#2,135.0,138.0,151.0,150.0,124.0,136.0,167.0,143.0,153.0,145.0,168.0,158.0,173.0,175.0,166.0,174.0,172.0,154.0,153.0,158.0,162.0,159.0,166.0,163.0,168.0,155.0,156.0,160.0,168.0,162.0,#2,163.0,171.0,170.0,173.0,158.0,154.0,166.0,162.0,165.0,149.0,154.0,155.0,154.0,147.0,149.0,142.0,157.0,161.0,150.0,143.0,145.0,157.0,190.0,159.0,171.0,181.0,188.0,173.0,183.0,188.0
195.0,175.0,167.0,151.0,183.0,167.0,169.0,176.0,147.0,162.0,145.0,159.0,121.0,137.0,168.0,162.0,199.0,185.0,157.0,150.0,145.0,155.0,63.0,59.0,102.0,114.0,124.0,126.0,116.0,121.0,136.0,120.0,125.0,127.0,143.0,160.0,177.0,197.0,232.0,#2,255.0,240.0,177.0,68.0,95.0,139.0,138.0,161.0,140.0,148.0,175.0,170.0,175.0,172.0,177.0,190.0,176.0,146.0,181.0,168.0,162.0,163.0,170.0,137.0,149.0,188.0,200.0,166.0,190.0,149.0,128.0,130.0,126.0,128.0,145.0,152.0,132.0,143.0,147.0,165.0,153.0,152.0,203.0,163.0,154.0,134.0,156.0,161.0,149.0,158.0,166.0,160.0,155.0,160.0,168.0,166.0,175.0,165.0,158.0,157.0,170.0,168.0,164.0,151.0,153.0,144.0,162.0,155.0,148.0,161.0,144.0,138.0,152.0,146.0,132.0,#2,142.0,166.0,158.0,156.0,142.0,134.0,141.0,153.0,162.0,190.0,148.0,161.0,156.0,158.0,184.0,174.0,181.0
196.0,165.0,182.0,159.0,214.0,201.0,190.0,218.0,195.0,168.0,165.0,160.0,143.0,#2,181.0,196.0,187.0,180.0,167.0,161.0,137.0,139.0,53.0,91.0,93.0,124.0,122.0,112.0,102.0,91.0,111.0,120.0,153.0,155.0,163.0,240.0,#5,255.0,252.0,249.0,109.0,129.0,138.0,148.0,154.0,146.0,168.0,162.0,157.0,159.0,164.0,190.0,170.0,156.0,142.0,164.0,163.0,149.0,157.0,165.0,163.0,155.0,149.0,161.0,#2,130.0,131.0,201.0,205.0,213.0,228.0,146.0,140.0,121.0,163.0,116.0,161.0,155.0,193.0,156.0,#2,166.0,161.0,166.0,152.0,168.0,175.0,154.0,177.0,149.0,157.0,177.0,151.0,158.0,156.0,162.0,165.0,169.0,173.0,178.0,172.0,165.0,145.0,144.0,156.0,161.0,158.0,146.0,155.0,140.0,146.0,151.0,140.0,149.0,181.0,164.0,145.0,159.0,135.0,150.0,145.0,148.0,154.0,153.0,154.0,164.0,163.0,165.0,#2,181.0
171.0,180.0,172.0,200.0,133.0,140.0,157.0,158.0,143.0,161.0,177.0,155.0,153.0,146.0,175.0,187.0,170.0,166.0,157.0,180.0,160.0,139.0,64.0,79.0,107.0,99.0,119.0,112.0,99.0,128.0,255.0,239.0,#8,255.0,245.0,253.0,238.0,167.0,106.0,#2,147.0,157.0,170.0,157.0,158.0,168.0,183.0,163.0,156.0,187.0,171.0,165.0,176.0,132.0,159.0,170.0,165.0,162.0,163.0,135.0,121.0,136.0,150.0,132.0,95.0,121.0,78.0,85.0,104.0,109.0,103.0,155.0,183.0,166.0,203.0,192.0,189.0,194.0,187.0,226.0,213.0,203.0,206.0,197.0,188.0,160.0,154.0,165.0,163.0,169.0,164.0,163.0,167.0,175.0,#2,170.0,163.0,169.0,171.0,167.0,154.0,150.0,156.0,158.0,143.0,151.0,142.0,152.0,135.0,138.0,130.0,140.0,157.0,173.0,151.0,168.0,146.0,170.0,141.0,157.0,#2,156.0,161.0,165.0,166.0,179.0,173.0
172.0,175.0,179.0,143.0,185.0,175.0,171.0,#2,163.0,157.0,171.0,173.0,157.0,156.0,#2,164.0,143.0,163.0,175.0,160.0,132.0,87.0,52.0,227.0,123.0,160.0,129.0,125.0,129.0,196.0,244.0,#2,255.0,254.0,251.0,#3,255.0,250.0,251.0,#3,255.0,210.0,104.0,141.0,158.0,161.0,162.0,#2,171.0,152.0,163.0,148.0,160.0,158.0,171.0,178.0,172.0,168.0,139.0,149.0,158.0,139.0,156.0,154.0,144.0,133.0,131.0,155.0,140.0,148.0,127.0,143.0,155.0,142.0,149.0,143.0,139.0,129.0,131.0,144.0,151.0,132.0,107.0,84.0,112.0,121.0,146.0,162.0,149.0,181.0,197.0,226.0,215.0,226.0,229.0,241.0,209.0,179.0,162.0,176.0,164.0,174.0,177.0,172.0,181.0,178.0,163.0,158.0,143.0,154.0,159.0,155.0,150.0,153.0,158.0,155.0,157.0,178.0,179.0,164.0,168.0,143.0,147.0,145.0,155.0,169.0,165.0,159.0,155.0,162.0,176.0
197.0,189.0,200.0,249.0,157.0,168.0,150.0,126.0,154.0,165.0,157.0,181.0,162.0,186.0,146.0,129.0,155.0,154.0,157.0,167.0,141.0,94.0,156.0,255.0,135.0,115.0,120.0,133.0,132.0,133.0,127.0,145.0,134.0,149.0,173.0,186.0,193.0,204.0,236.0,#3,255.0,250.0,255.0,237.0,158.0,147.0,156.0,172.0,175.0,178.0,150.0,171.0,158.0,180.0,177.0,172.0,161.0,160.0,162.0,152.0,167.0,160.0,147.0,155.0,147.0,140.0,151.0,155.0,141.0,143.0,166.0,134.0,161.0,167.0,144.0,147.0,144.0,152.0,137.0,170.0,153.0,143.0,171.0,147.0,152.0,131.0,161.0,149.0,159.0,146.0,134.0,#2,170.0,155.0,182.0,178.0,161.0,210.0,238.0,215.0,#2,171.0,170.0,167.0,166.0,172.0,173.0,182.0,176.0,151.0,148.0,150.0,153.0,156.0,165.0,155.0,162.0,159.0,170.0,169.0,168.0,165.0,174.0,177.0,175.0,#2,160.0,159.0,153.0,155.0,154.0,161.0
184.0,180.0,166.0,174.0,242.0,148.0,150.0,159.0,134.0,151.0,166.0,113.0,243.0,171.0,109.0,137.0,178.0,166.0,139.0,132.0,137.0,161.0,245.0,249.0,97.0,101.0,100.0,109.0,106.0,110.0,126.0,127.0,118.0,113.0,129.0,140.0,152.0,153.0,169.0,226.0,253.0,#5,255.0,250.0,172.0,171.0,162.0,183.0,160.0,177.0,168.0,171.0,148.0,177.0,159.0,151.0,159.0,158.0,171.0,164.0,162.0,#2,143.0,156.0,165.0,152.0,124.0,155.0,141.0,126.0,154.0,142.0,130.0,#2,142.0,156.0,147.0,125.0,116.0,179.0,138.0,134.0,152.0,159.0,133.0,161.0,171.0,137.0,156.0,140.0,146.0,160.0,165.0,154.0,182.0,122.0,165.0,174.0,216.0,226.0,228.0,200.0,190.0,215.0,175.0,179.0,172.0,166.0,168.0,183.0,161.0,162.0,181.0,179.0,164.0,148.0,145.0,151.0,166.0,162.0,158.0,173.0,168.0,170.0,162.0,181.0,168.0,184.0,164.0,157.0
182.0,170.0,167.0,171.0,173.0,144.0,161.0,155.0,164.0,181.0,133.0,245.0,151.0,166.0,136.0,139.0,152.0,140.0,131.0,150.0,145.0,148.0,251.0,255.0,166.0,80.0,107.0,105.0,117.0,107.0,100.0,122.0,109.0,117.0,114.0,117.0,126.0,134.0,144.0,228.0,246.0,#5,255.0,251.0,255.0,190.0,156.0,184.0,167.0,181.0,169.0,127.0,139.0,152.0,167.0,186.0,162.0,168.0,170.0,136.0,179.0,229.0,158.0,168.0,146.0,144.0,150.0,164.0,166.0,158.0,147.0,137.0,159.0,150.0,138.0,159.0,187.0,255.0,233.0,189.0,126.0,186.0,141.0,156.0,160.0,189.0,190.0,160.0,138.0,153.0,172.0,193.0,228.0,238.0,192.0,196.0,123.0,135.0,130.0,131.0,141.0,169.0,152.0,158.0,186.0,218.0,189.0,168.0,171.0,180.0,184.0,168.0,175.0,160.0,178.0,166.0,156.0,142.0,144.0,156.0,163.0,154.0,161.0,159.0,169.0,182.0,#2,181.0,160.0,166.0
185.0,192.0,146.0,156.0,165.0,243.0,#2,141.0,168.0,150.0,210.0,180.0,148.0,113.0,#2,134.0,131.0,136.0,144.0,129.0,163.0,151.0,253.0,252.0,226.0,139.0,137.0,175.0,183.0,134.0,164.0,190.0,115.0,126.0,114.0,112.0,120.0,137.0,148.0,249.0,245.0,249.0,#5,255.0,250.0,255.0,185.0,132.0,167.0,140.0,168.0,152.0,165.0,163.0,175.0,166.0,167.0,170.0,175.0,184.0,207.0,200.0,181.0,141.0,#2,150.0,148.0,133.0,#2,160.0,157.0,136.0,159.0,224.0,249.0,244.0,255.0,251.0,255.0,158.0,47.0,118.0,137.0,155.0,168.0,175.0,199.0,197.0,210.0,192.0,240.0,235.0,237.0,232.0,233.0,236.0,188.0,179.0,170.0,153.0,168.0,170.0,166.0,165.0,166.0,163.0,219.0,210.0,151.0,170.0,155.0,#2,167.0,162.0,190.0,184.0,181.0,161.0,152.0,161.0,163.0,167.0,150.0,161.0,156.0,157.0,168.0,176.0,#2,174.0
178.0,166.0,131.0,164.0,181.0,200.0,98.0,161.0,144.0,177.0,200.0,135.0,134.0,138.0,133.0,146.0,157.0,149.0,132.0,150.0,151.0,169.0,193.0,#4,255.0,252.0,254.0,255.0,225.0,217.0,134.0,116.0,118.0,120.0,133.0,154.0,161.0,255.0,245.0,248.0,#4,255.0,250.0,255.0,254.0,255.0,207.0,152.0,161.0,156.0,178.0,180.0,142.0,146.0,169.0,173.0,164.0,182.0,159.0,166.0,193.0,184.0,155.0,159.0,170.0,149.0,167.0,133.0,163.0,208.0,#2,253.0,241.0,248.0,255.0,238.0,229.0,231.0,121.0,77.0,159.0,158.0,187.0,186.0,196.0,201.0,214.0,203.0,202.0,230.0,252.0,239.0,216.0,224.0,232.0,239.0,188.0,176.0,187.0,203.0,204.0,228.0,206.0,166.0,158.0,162.0,208.0,192.0,152.0,154.0,144.0,147.0,156.0,169.0,181.0,177.0,185.0,190.0,181.0,167.0,149.0,147.0,175.0,187.0,190.0,188.0,183.0,188.0,184.0
188.0,180.0,134.0,165.0,169.0,215.0,116.0,151.0,161.0,238.0,192.0,146.0,143.0,#2,127.0,131.0,152.0,119.0,149.0,159.0,178.0,182.0,151.0,254.0,246.0,255.0,236.0,#2,255.0,116.0,103.0,112.0,113.0,120.0,#2,127.0,143.0,154.0,159.0,219.0,255.0,254.0,251.0,255.0,251.0,#6,255.0,254.0,253.0,252.0,231.0,220.0,201.0,184.0,177.0,205.0,227.0,218.0,192.0,194.0,195.0,194.0,188.0,162.0,192.0,211.0,246.0,#2,255.0,251.0,253.0,251.0,254.0,255.0,244.0,158.0,187.0,224.0,163.0,154.0,143.0,184.0,215.0,200.0,181.0,214.0,219.0,228.0,212.0,176.0,167.0,184.0,180.0,240.0,212.0,245.0,227.0,217.0,219.0,211.0,#2,222.0,235.0,216.0,200.0,166.0,129.0,205.0,206.0,167.0,171.0,168.0,169.0,177.0,187.0,185.0,168.0,175.0,172.0,171.0,151.0,171.0,176.0,192.0,203.0,201.0,209.0,212.0,217.0
177.0,175.0,182.0,183.0,181.0,192.0,166.0,150.0,236.0,178.0,254.0,139.0,128.0,138.0,121.0,143.0,131.0,138.0,141.0,158.0,166.0,152.0,167.0,224.0,#4,255.0,132.0,99.0,103.0,117.0,114.0,96.0,78.0,75.0,91.0,107.0,133.0,145.0,161.0,178.0,212.0,254.0,251.0,#6,255.0,#2,254.0,253.0,254.0,#3,255.0,254.0,253.0,#2,252.0,#5,255.0,250.0,#3,255.0,253.0,255.0,#2,252.0,255.0,229.0,206.0,174.0,153.0,150.0,167.0,146.0,115.0,165.0,190.0,205.0,223.0,170.0,234.0,210.0,224.0,220.0,192.0,185.0,173.0,139.0,170.0,179.0,172.0,237.0,213.0,236.0,221.0,217.0,215.0,224.0,219.0,233.0,210.0,#2,203.0,193.0,190.0,173.0,179.0,188.0,175.0,167.0,162.0,166.0,169.0,174.0,186.0,148.0,157.0,177.0,205.0,208.0,209.0,187.0,175.0,179.0
164.0,196.0,185.0,157.0,156.0,182.0,174.0,215.0,#2,157.0,142.0,143.0,128.0,137.0,149.0,131.0,160.0,163.0,139.0,156.0,143.0,150.0,180.0,178.0,255.0,240.0,245.0,186.0,93.0,103.0,104.0,110.0,108.0,91.0,88.0,76.0,78.0,86.0,113.0,131.0,144.0,150.0,144.0,163.0,246.0,#5,255.0,254.0,#6,255.0,254.0,#4,255.0,253.0,#5,255.0,250.0,#3,255.0,218.0,192.0,197.0,#3,167.0,150.0,144.0,143.0,154.0,151.0,159.0,217.0,205.0,199.0,210.0,188.0,243.0,222.0,211.0,222.0,167.0,169.0,194.0,165.0,164.0,152.0,176.0,224.0,223.0,189.0,228.0,230.0,243.0,240.0,227.0,240.0,231.0,233.0,220.0,195.0,151.0,170.0,162.0,183.0,195.0,223.0,255.0,189.0,149.0,160.0,158.0,151.0,155.0,149.0,145.0,168.0,177.0,199.0,208.0,207.0
164.0,165.0,183.0,155.0,157.0,158.0,146.0,166.0,157.0,143.0,147.0,149.0,162.0,182.0,125.0,126.0,164.0,137.0,125.0,138.0,153.0,162.0,141.0,146.0,184.0,#2,255.0,97.0,114.0,90.0,103.0,107.0,112.0,98.0,90.0,85.0,96.0,104.0,122.0,150.0,#2,166.0,138.0,232.0,255.0,249.0,#4,255.0,254.0,#14,255.0,254.0,245.0,248.0,220.0,142.0,144.0,161.0,143.0,159.0,131.0,177.0,155.0,165.0,219.0,214.0,231.0,247.0,158.0,182.0,207.0,200.0,189.0,208.0,182.0,241.0,217.0,201.0,206.0,190.0,#2,164.0,198.0,184.0,167.0,146.0,234.0,218.0,207.0,187.0,204.0,234.0,242.0,236.0,235.0,249.0,228.0,227.0,197.0,200.0,186.0,210.0,222.0,223.0,220.0,225.0,248.0,221.0,168.0,170.0,152.0,131.0,115.0,128.0,141.0,117.0,98.0,86.0,124.0
189.0,175.0,194.0,151.0,162.0,170.0,152.0,163.0,202.0,167.0,168.0,155.0,134.0,187.0,152.0,165.0,144.0,126.0,154.0,166.0,141.0,135.0,166.0,176.0,168.0,159.0,248.0,66.0,97.0,91.0,82.0,107.0,116.0,107.0,90.0,114.0,#2,104.0,118.0,122.0,141.0,#2,152.0,137.0,243.0,229.0,246.0,255.0,251.0,255.0,254.0,247.0,#5,255.0,253.0,#4,255.0,250.0,255.0,245.0,185.0,102.0,90.0,117.0,160.0,164.0,161.0,147.0,186.0,239.0,255.0,245.0,#2,255.0,253.0,255.0,253.0,189.0,174.0,215.0,198.0,188.0,183.0,184.0,249.0,218.0,202.0,161.0,165.0,148.0,168.0,181.0,172.0,187.0,189.0,183.0,226.0,241.0,180.0,217.0,188.0,240.0,234.0,227.0,225.0,229.0,209.0,178.0,179.0,196.0,230.0,195.0,223.0,205.0,225.0,207.0,221.0,167.0,140.0,150.0,196.0,191.0,163.0,161.0,175.0,137.0,158.0,172.0
183.0,184.0,181.0,140.0,161.0,195.0,217.0,212.0,206.0,196.0,148.0,162.0,197.0,150.0,154.0,187.0,128.0,162.0,165.0,160.0,149.0,139.0,170.0,162.0,158.0,144.0,195.0,66.0,90.0,122.0,153.0,128.0,108.0,99.0,100.0,103.0,113.0,94.0,118.0,121.0,117.0,125.0,107.0,109.0,85.0,67.0,66.0,101.0,197.0,239.0,213.0,227.0,#2,255.0,251.0,252.0,#6,255.0,223.0,179.0,#2,150.0,186.0,214.0,228.0,235.0,239.0,#2,255.0,251.0,255.0,253.0,255.0,250.0,#2,255.0,251.0,249.0,181.0,74.0,180.0,192.0,201.0,196.0,189.0,239.0,214.0,187.0,159.0,195.0,147.0,168.0,113.0,126.0,186.0,182.0,208.0,204.0,219.0,226.0,182.0,185.0,189.0,239.0,222.0,219.0,222.0,184.0,165.0,201.0,217.0,203.0,160.0,185.0,235.0,203.0,221.0,240.0,227.0,178.0,#2,169.0,148.0,141.0,161.0,181.0,150.0,140.0,128.0
170.0,180.0,#2,162.0,161.0,185.0,151.0,131.0,177.0,170.0,161.0,163.0,103.0,166.0,150.0,158.0,#2,149.0,138.0,143.0,156.0,162.0,180.0,152.0,171.0,155.0,171.0,74.0,93.0,114.0,108.0,106.0,127.0,137.0,146.0,135.0,75.0,120.0,115.0,121.0,98.0,152.0,126.0,88.0,127.0,110.0,119.0,115.0,#2,95.0,128.0,161.0,144.0,198.0,251.0,255.0,253.0,#7,255.0,253.0,244.0,#2,253.0,255.0,250.0,251.0,250.0,#2,255.0,#2,254.0,216.0,236.0,179.0,162.0,145.0,188.0,171.0,98.0,174.0,205.0,206.0,174.0,172.0,236.0,211.0,197.0,185.0,186.0,136.0,209.0,149.0,166.0,151.0,196.0,197.0,187.0,197.0,221.0,168.0,176.0,197.0,236.0,226.0,218.0,193.0,179.0,202.0,212.0,187.0,198.0,255.0,239.0,255.0,218.0,236.0,219.0,222.0,173.0,160.0,153.0,144.0,130.0,185.0,194.0,208.0,163.0,143.0
173.0,169.0,148.0,143.0,169.0,152.0,142.0,146.0,183.0,191.0,180.0,157.0,208.0,151.0,174.0,189.0,161.0,135.0,146.0,157.0,152.0,167.0,184.0,203.0,177.0,159.0,150.0,72.0,80.0,97.0,67.0,85.0,110.0,127.0,180.0,203.0,113.0,132.0,149.0,47.0,118.0,174.0,154.0,170.0,127.0,176.0,142.0,144.0,140.0,144.0,139.0,116.0,145.0,161.0,177.0,246.0,252.0,#6,255.0,254.0,252.0,253.0,255.0,248.0,247.0,#3,255.0,252.0,250.0,228.0,204.0,173.0,161.0,156.0,122.0,161.0,189.0,216.0,198.0,185.0,201.0,207.0,169.0,168.0,228.0,186.0,199.0,182.0,191.0,144.0,198.0,122.0,164.0,156.0,109.0,175.0,199.0,197.0,198.0,206.0,181.0,218.0,229.0,218.0,169.0,177.0,170.0,163.0,173.0,193.0,192.0,247.0,252.0,224.0,24.0,101.0,197.0,224.0,185.0,195.0,177.0,213.0,198.0,175.0,215.0,189.0,153.0,162.0
194.0,180.0,156.0,168.0,149.0,173.0,148.0,160.0,190.0,201.0,169.0,165.0,184.0,214.0,138.0,198.0,134.0,179.0,168.0,143.0,161.0,153.0,195.0,168.0,173.0,168.0,156.0,141.0,58.0,85.0,82.0,94.0,92.0,87.0,109.0,104.0,162.0,182.0,149.0,118.0,191.0,169.0,167.0,153.0,137.0,146.0,136.0,148.0,142.0,176.0,140.0,122.0,148.0,145.0,160.0,173.0,247.0,#3,255.0,247.0,254.0,250.0,255.0,253.0,#3,255.0,235.0,255.0,226.0,154.0,118.0,128.0,155.0,156.0,194.0,167.0,179.0,110.0,191.0,159.0,224.0,235.0,197.0,222.0,184.0,170.0,177.0,208.0,219.0,201.0,177.0,191.0,116.0,167.0,144.0,121.0,163.0,147.0,115.0,102.0,116.0,141.0,192.0,207.0,217.0,219.0,172.0,141.0,170.0,149.0,150.0,172.0,151.0,207.0,194.0,196.0,163.0,161.0,104.0,73.0,185.0,196.0,231.0,221.0,224.0,206.0,229.0,234.0,207.0,181.0,141.0
171.0,156.0,151.0,147.0,160.0,152.0,134.0,168.0,196.0,198.0,173.0,142.0,146.0,182.0,212.0,206.0,225.0,174.0,154.0,163.0,149.0,159.0,179.0,172.0,163.0,166.0,151.0,172.0,87.0,70.0,76.0,91.0,85.0,73.0,82.0,108.0,93.0,80.0,111.0,194.0,165.0,176.0,137.0,127.0,105.0,124.0,129.0,146.0,149.0,165.0,146.0,155.0,171.0,189.0,136.0,158.0,155.0,216.0,254.0,255.0,252.0,254.0,255.0,243.0,250.0,#2,220.0,209.0,240.0,220.0,243.0,208.0,179.0,170.0,158.0,155.0,157.0,121.0,137.0,163.0,180.0,183.0,178.0,#2,179.0,181.0,219.0,180.0,178.0,169.0,160.0,186.0,173.0,162.0,114.0,#2,155.0,126.0,179.0,160.0,166.0,188.0,147.0,130.0,159.0,200.0,206.0,225.0,150.0,151.0,144.0,141.0,158.0,170.0,218.0,161.0,220.0,216.0,206.0,205.0,193.0,199.0,201.0,178.0,186.0,198.0,146.0,142.0,159.0,199.0,213.0,194.0,176.0
163.0,159.0,165.0,174.0,180.0,137.0,139.0,180.0,191.0,193.0,200.0,156.0,177.0,171.0,183.0,182.0,202.0,197.0,155.0,143.0,138.0,149.0,162.0,172.0,148.0,166.0,175.0,165.0,131.0,76.0,68.0,66.0,76.0,74.0,58.0,61.0,67.0,90.0,117.0,202.0,131.0,171.0,177.0,119.0,148.0,215.0,206.0,196.0,161.0,154.0,162.0,182.0,168.0,145.0,162.0,135.0,168.0,238.0,255.0,248.0,225.0,176.0,153.0,122.0,214.0,235.0,248.0,247.0,245.0,192.0,235.0,234.0,218.0,191.0,224.0,177.0,173.0,144.0,174.0,175.0,168.0,189.0,195.0,147.0,168.0,199.0,179.0,181.0,#2,158.0,161.0,185.0,202.0,175.0,152.0,141.0,155.0,208.0,223.0,219.0,218.0,205.0,202.0,253.0,216.0,130.0,180.0,160.0,152.0,150.0,147.0,146.0,156.0,145.0,183.0,151.0,197.0,199.0,195.0,206.0,213.0,212.0,210.0,197.0,152.0,154.0,189.0,156.0,165.0,171.0,177.0,153.0,166.0
161.0,165.0,170.0,175.0,166.0,148.0,142.0,175.0,162.0,182.0,179.0,183.0,167.0,169.0,189.0,191.0,210.0,198.0,174.0,182.0,177.0,162.0,151.0,142.0,146.0,151.0,153.0,157.0,147.0,154.0,126.0,118.0,67.0,76.0,209.0,250.0,195.0,223.0,231.0,196.0,132.0,97.0,131.0,121.0,175.0,247.0,255.0,146.0,209.0,198.0,177.0,185.0,166.0,163.0,169.0,157.0,169.0,166.0,151.0,116.0,132.0,163.0,182.0,168.0,187.0,190.0,193.0,202.0,228.0,221.0,201.0,211.0,236.0,232.0,213.0,186.0,135.0,157.0,160.0,162.0,148.0,188.0,151.0,185.0,190.0,173.0,156.0,159.0,153.0,171.0,169.0,149.0,185.0,186.0,172.0,171.0,120.0,118.0,145.0,107.0,161.0,227.0,211.0,230.0,200.0,176.0,173.0,138.0,130.0,159.0,147.0,152.0,150.0,157.0,177.0,167.0,175.0,189.0,209.0,204.0,203.0,208.0,217.0,211.0,225.0,198.0,186.0,155.0,163.0,189.0,170.0,171.0,167.0
183.0,182.0,164.0,194.0,180.0,151.0,161.0,#2,184.0,173.0,150.0,185.0,206.0,193.0,177.0,168.0,186.0,147.0,178.0,175.0,156.0,197.0,194.0,146.0,132.0,144.0,157.0,160.0,139.0,136.0,159.0,167.0,164.0,111.0,221.0,196.0,188.0,209.0,198.0,243.0,143.0,156.0,194.0,176.0,135.0,192.0,232.0,139.0,147.0,187.0,124.0,213.0,195.0,170.0,161.0,148.0,147.0,159.0,162.0,168.0,186.0,174.0,185.0,191.0,193.0,147.0,156.0,249.0,233.0,240.0,206.0,239.0,240.0,226.0,238.0,184.0,137.0,169.0,123.0,182.0,162.0,#2,187.0,186.0,131.0,160.0,164.0,125.0,190.0,139.0,148.0,137.0,141.0,132.0,150.0,178.0,91.0,101.0,125.0,149.0,162.0,183.0,198.0,206.0,142.0,112.0,152.0,132.0,141.0,186.0,173.0,160.0,158.0,#2,138.0,162.0,177.0,150.0,201.0,195.0,191.0,189.0,208.0,213.0,212.0,177.0,165.0,197.0,169.0,206.0,218.0,204.0,195.0
166.0,147.0,149.0,173.0,162.0,150.0,153.0,175.0,166.0,183.0,151.0,182.0,178.0,182.0,160.0,157.0,164.0,134.0,151.0,166.0,205.0,155.0,168.0,172.0,105.0,127.0,152.0,146.0,175.0,143.0,149.0,153.0,150.0,144.0,229.0,181.0,189.0,245.0,231.0,236.0,246.0,185.0,153.0,178.0,212.0,94.0,209.0,89.0,171.0,174.0,190.0,178.0,190.0,221.0,234.0,249.0,177.0,153.0,165.0,158.0,173.0,178.0,181.0,167.0,128.0,137.0,162.0,180.0,203.0,246.0,229.0,228.0,253.0,212.0,177.0,151.0,197.0,151.0,193.0,222.0,205.0,197.0,207.0,142.0,205.0,173.0,125.0,129.0,112.0,166.0,#2,149.0,128.0,125.0,169.0,164.0,70.0,166.0,165.0,169.0,121.0,176.0,179.0,203.0,174.0,181.0,172.0,149.0,144.0,135.0,178.0,184.0,163.0,143.0,136.0,159.0,119.0,147.0,196.0,203.0,172.0,166.0,162.0,138.0,159.0,167.0,151.0,177.0,159.0,188.0,187.0,200.0,186.0
162.0,169.0,151.0,172.0,164.0,155.0,141.0,157.0,175.0,181.0,163.0,185.0,160.0,152.0,165.0,170.0,144.0,141.0,140.0,156.0,141.0,153.0,164.0,78.0,131.0,147.0,153.0,157.0,162.0,159.0,160.0,165.0,157.0,155.0,234.0,204.0,243.0,204.0,220.0,218.0,239.0,244.0,255.0,240.0,232.0,189.0,96.0,156.0,180.0,246.0,254.0,247.0,233.0,240.0,226.0,235.0,177.0,#2,156.0,174.0,161.0,171.0,173.0,172.0,121.0,148.0,152.0,166.0,152.0,188.0,172.0,210.0,166.0,121.0,165.0,172.0,169.0,135.0,197.0,173.0,199.0,174.0,207.0,156.0,139.0,174.0,212.0,195.0,199.0,202.0,214.0,157.0,162.0,132.0,165.0,181.0,113.0,89.0,142.0,69.0,99.0,147.0,183.0,195.0,178.0,163.0,182.0,175.0,173.0,147.0,142.0,155.0,165.0,124.0,161.0,152.0,117.0,135.0,175.0,165.0,176.0,173.0,165.0,179.0,162.0,152.0,140.0,135.0,155.0,240.0,216.0,236.0,226.0
157.0,158.0,160.0,170.0,155.0,157.0,145.0,144.0,166.0,180.0,172.0,173.0,148.0,142.0,162.0,169.0,145.0,149.0,158.0,131.0,137.0,134.0,94.0,143.0,138.0,149.0,124.0,140.0,131.0,137.0,144.0,158.0,153.0,179.0,168.0,218.0,228.0,214.0,208.0,222.0,210.0,225.0,231.0,228.0,224.0,241.0,151.0,206.0,234.0,228.0,230.0,246.0,240.0,230.0,240.0,233.0,217.0,180.0,153.0,159.0,150.0,172.0,182.0,166.0,145.0,212.0,146.0,149.0,155.0,129.0,166.0,152.0,202.0,173.0,169.0,155.0,172.0,144.0,201.0,191.0,217.0,192.0,175.0,202.0,190.0,207.0,#2,178.0,176.0,164.0,210.0,214.0,164.0,165.0,126.0,138.0,144.0,136.0,165.0,147.0,190.0,227.0,225.0,203.0,180.0,176.0,174.0,167.0,161.0,152.0,124.0,97.0,115.0,130.0,129.0,99.0,85.0,116.0,173.0,187.0,192.0,187.0,185.0,145.0,156.0,159.0,145.0,153.0,161.0,212.0,210.0,208.0,144.0
164.0,159.0,160.0,147.0,159.0,153.0,142.0,162.0,156.0,196.0,155.0,134.0,153.0,168.0,164.0,172.0,144.0,141.0,158.0,155.0,156.0,169.0,164.0,132.0,131.0,138.0,101.0,130.0,122.0,99.0,139.0,147.0,143.0,146.0,140.0,214.0,215.0,204.0,227.0,213.0,#2,216.0,207.0,227.0,232.0,226.0,173.0,213.0,223.0,215.0,#2,204.0,231.0,230.0,220.0,226.0,228.0,211.0,166.0,138.0,160.0,179.0,166.0,157.0,138.0,189.0,146.0,151.0,155.0,153.0,169.0,197.0,177.0,171.0,168.0,199.0,167.0,127.0,198.0,162.0,#2,156.0,182.0,172.0,157.0,136.0,200.0,166.0,168.0,185.0,192.0,202.0,184.0,128.0,155.0,163.0,106.0,160.0,143.0,141.0,233.0,218.0,203.0,223.0,180.0,188.0,150.0,164.0,148.0,135.0,112.0,118.0,94.0,97.0,96.0,116.0,130.0,144.0,172.0,168.0,171.0,189.0,195.0,214.0,184.0,168.0,134.0,147.0,173.0,171.0,209.0,189.0,159.0
158.0,155.0,145.0,148.0,136.0,142.0,118.0,164.0,152.0,151.0,144.0,149.0,133.0,145.0,151.0,162.0,156.0,142.0,165.0,155.0,133.0,138.0,130.0,131.0,121.0,120.0,114.0,107.0,100.0,151.0,157.0,148.0,164.0,141.0,136.0,148.0,230.0,202.0,195.0,182.0,175.0,209.0,202.0,216.0,217.0,210.0,193.0,221.0,225.0,226.0,#2,214.0,200.0,216.0,223.0,224.0,221.0,229.0,241.0,131.0,148.0,#2,165.0,166.0,144.0,203.0,177.0,139.0,154.0,150.0,158.0,164.0,186.0,144.0,162.0,159.0,154.0,158.0,178.0,191.0,182.0,178.0,181.0,182.0,177.0,168.0,180.0,174.0,178.0,191.0,197.0,199.0,191.0,179.0,159.0,147.0,137.0,174.0,189.0,191.0,162.0,215.0,204.0,203.0,185.0,117.0,#2,173.0,153.0,140.0,127.0,111.0,121.0,103.0,122.0,141.0,140.0,141.0,148.0,143.0,165.0,175.0,176.0,184.0,185.0,49.0,66.0,141.0,84.0,168.0,169.0,177.0,167.0
138.0,148.0,137.0,133.0,121.0,125.0,127.0,129.0,169.0,161.0,144.0,142.0,146.0,144.0,147.0,146.0,113.0,130.0,138.0,132.0,133.0,128.0,138.0,137.0,114.0,115.0,126.0,117.0,150.0,131.0,143.0,149.0,123.0,143.0,146.0,80.0,223.0,198.0,197.0,196.0,172.0,206.0,209.0,214.0,211.0,206.0,195.0,210.0,206.0,216.0,210.0,219.0,220.0,212.0,213.0,218.0,215.0,214.0,166.0,124.0,148.0,147.0,153.0,157.0,131.0,186.0,198.0,123.0,142.0,138.0,131.0,145.0,170.0,176.0,168.0,144.0,173.0,134.0,166.0,165.0,166.0,165.0,156.0,164.0,157.0,152.0,171.0,172.0,180.0,191.0,198.0,197.0,196.0,198.0,137.0,145.0,176.0,160.0,164.0,151.0,141.0,198.0,205.0,194.0,195.0,165.0,120.0,151.0,146.0,141.0,143.0,132.0,127.0,143.0,135.0,128.0,126.0,127.0,133.0,140.0,149.0,159.0,164.0,171.0,159.0,57.0,58.0,56.0,68.0,48.0,#2,140.0,156.0
