223,212,208,205,203,218,207,181,168,173,165,170,189,196,197,201,199,201,196,192,187,190,197,192,196,198,220,208,198,193,182,184,184,182,175,174,173,173,174,174,169,168,164,162,164,164,165,167,171,171,171,169,168,166,163,161,160,157,155,153,146,142,139,123,107,163,207,165,173,159,170,179,195,205,194,185,173,176,175,171,172,166,173,169,159,162,165,168,157,173,155,165,155,150,181,172,164,173,174,169,165,158,175,181,173,176,171,186,186,178,181,192,190,181,178,165,154,108,120,107,115,112,115,109,105,103,106,108,104,99,99,99,99,93,85,62,58,64,61,49,49,49,43,50,49,51,58,59,65,75,77,81,75,74,74,70
216,208,205,204,202,204,204,199,182,167,171,178,193,199,198,195,194,200,193,188,185,190,191,192,189,196,222,210,200,194,188,188,185,181,175,174,169,170,170,168,169,166,161,157,160,162,163,164,165,164,163,162,160,162,161,160,161,157,153,150,144,139,129,111,100,157,180,162,167,156,163,173,193,203,190,180,172,178,178,174,170,169,163,168,166,162,162,165,154,155,153,167,164,158,165,167,174,171,164,174,151,150,181,179,176,178,177,192,185,167,192,194,197,180,183,186,165,134,106,100,102,100,104,103,105,105,104,104,104,97,96,93,87,81,67,74,75,60,56,52,49,42,46,54,61,68,76,76,78,79,75,72,71,68,59,64
208,206,203,202,198,198,197,198,195,175,174,169,205,214,212,198,193,195,200,190,188,188,187,189,184,201,222,210,201,195,190,186,180,176,175,171,170,170,168,165,159,158,157,155,156,155,158,162,164,159,158,156,155,156,155,155,156,152,147,142,139,132,123,107,93,136,172,171,157,144,152,183,201,196,182,173,173,175,177,174,173,178,161,144,158,165,160,177,169,177,179,174,168,163,152,153,151,158,163,174,158,157,192,184,156,168,178,181,192,189,186,189,195,188,184,177,200,135,112,118,111,105,101,101,90,81,83,84,88,81,78,76,73,85,84,75,66,56,58,48,48,56,63,66,72,74,77,75,71,66,62,56,58,56,60,63
206,209,202,199,195,197,197,195,195,183,166,168,208,225,216,198,194,191,198,187,189,191,190,184,188,212,221,209,199,193,190,185,179,177,173,171,168,168,165,161,154,154,154,149,149,151,154,156,153,156,155,154,152,149,147,145,145,142,138,134,132,124,115,104,94,120,186,170,176,164,142,181,193,192,182,176,169,167,168,175,173,171,169,153,141,156,168,166,165,177,171,156,155,156,158,159,156,161,194,175,168,168,190,181,163,167,174,167,189,187,181,176,184,192,182,183,188,120,129,129,123,120,109,109,93,78,77,77,79,75,77,81,81,72,65,68,66,69,64,54,62,70,75,72,75,73,69,63,54,49,47,50,50,55,61,64
204,203,197,200,205,199,199,195,197,183,167,173,199,212,211,190,203,193,194,182,182,188,188,189,182,225,220,207,198,194,191,185,182,173,170,165,162,163,160,155,152,150,148,142,145,147,150,151,147,142,143,143,142,142,140,137,134,132,131,125,122,117,112,101,94,113,195,167,180,176,160,164,189,177,179,169,170,168,170,170,172,159,158,156,142,164,179,156,168,157,171,155,156,155,148,172,165,167,184,171,193,189,171,178,184,171,172,176,193,182,173,193,194,191,196,175,168,157,133,127,132,129,121,112,101,95,96,97,93,89,93,75,71,77,76,64,69,69,59,42,65,66,68,68,64,56,51,50,47,44,44,42,52,54,62,64
202,203,200,202,202,203,194,192,193,184,171,170,211,227,215,193,198,187,184,179,181,183,189,186,191,230,216,206,200,196,190,183,180,177,168,164,159,158,154,150,147,148,147,139,139,139,141,141,138,137,136,134,132,129,127,126,127,123,121,114,111,111,106,102,92,107,192,185,188,179,165,153,178,178,174,165,170,166,169,169,165,161,152,150,148,158,170,186,161,152,165,146,140,157,165,171,171,167,168,162,185,189,180,179,184,183,183,189,186,186,187,177,200,187,182,189,175,146,131,125,123,120,116,107,97,93,93,90,87,92,76,74,78,78,73,78,70,63,55,53,58,48,47,46,44,42,43,43,42,41,39,46,51,58,62,70
204,201,199,199,202,197,199,189,189,186,175,179,198,208,185,194,180,185,180,176,175,184,191,187,198,226,212,204,200,196,186,180,177,174,170,165,161,158,152,149,148,148,146,143,137,134,135,134,133,135,131,127,125,127,124,122,122,116,113,108,105,108,102,99,93,102,187,178,181,185,179,153,165,172,174,175,168,169,162,179,164,162,163,149,145,148,161,176,153,158,172,147,149,157,143,156,165,163,170,175,170,188,180,178,189,177,190,179,194,181,179,184,198,189,168,173,174,137,137,120,111,108,106,105,97,94,93,89,89,80,71,68,66,77,73,72,61,54,30,39,55,51,42,41,42,44,42,42,43,43,49,51,58,60,62,62
204,196,201,210,209,195,194,190,187,187,175,180,190,194,185,192,170,175,172,178,178,178,177,185,197,223,208,201,197,191,184,177,174,168,164,160,163,158,151,148,143,141,141,137,139,133,131,130,130,130,125,121,122,116,119,117,116,110,109,108,106,103,97,95,92,101,167,175,174,182,188,167,155,178,179,185,175,169,162,189,174,160,163,164,166,171,169,167,168,164,163,161,157,165,175,172,172,144,167,175,191,198,193,175,180,193,186,176,167,176,176,167,181,181,175,188,188,127,132,123,112,109,103,95,89,88,90,87,76,74,68,69,71,73,65,61,56,42,34,39,48,39,39,45,48,47,46,45,45,50,55,52,52,54,57,64
212,197,194,211,219,204,198,192,196,190,177,164,183,188,190,185,172,179,158,166,184,174,164,195,198,225,209,201,195,189,182,179,172,167,161,157,158,154,153,147,148,142,141,135,134,133,130,128,128,127,124,120,120,116,118,117,111,108,109,108,108,103,97,93,90,96,154,175,180,187,180,174,149,177,180,173,167,162,163,185,184,165,169,180,165,162,169,164,161,161,187,164,156,152,161,167,155,158,181,181,191,195,192,184,176,163,171,186,181,172,178,175,179,169,195,179,184,100,132,123,110,107,108,108,96,94,94,83,82,75,77,86,81,56,50,49,54,71,59,48,33,40,39,43,48,48,45,46,44,43,46,48,54,57,66,63
237,195,198,194,202,201,195,192,190,188,165,160,181,183,178,174,187,195,172,161,166,172,161,174,185,222,205,199,196,190,184,173,168,168,163,160,155,148,145,144,144,137,137,134,135,134,132,126,125,123,119,116,116,117,118,117,114,110,111,110,109,108,99,95,94,98,143,160,168,177,183,181,158,165,177,168,171,171,170,191,183,169,167,168,155,153,151,150,166,166,185,154,155,155,149,152,169,183,189,186,188,193,188,184,186,168,159,183,181,183,183,169,165,176,186,173,184,103,138,129,120,117,107,102,99,92,88,88,92,88,87,83,86,70,54,48,62,63,73,85,51,32,39,44,50,47,51,43,42,44,46,48,51,60,61,63
230,219,201,188,186,196,192,188,183,182,179,161,171,182,179,183,177,169,168,163,172,189,193,199,205,222,204,201,198,192,180,170,164,164,159,153,151,143,141,140,138,134,132,130,133,130,128,125,121,120,117,115,116,117,116,114,113,112,112,112,109,107,103,97,96,95,129,157,179,180,182,177,168,164,171,167,162,163,170,185,178,176,162,176,166,164,159,159,174,161,183,168,151,150,153,143,174,179,189,194,173,184,189,177,179,174,172,189,169,177,181,178,160,172,164,163,166,109,147,138,122,112,105,94,96,96,101,98,94,92,88,74,62,62,66,61,81,105,81,108,94,42,41,49,51,51,46,45,49,48,49,50,53,56,62,66
209,227,226,189,190,190,191,184,183,185,170,166,173,190,185,192,197,196,209,207,207,210,212,207,198,220,207,203,200,191,178,169,163,162,155,144,142,138,136,133,130,127,128,127,129,123,119,118,117,116,114,112,114,114,111,109,110,109,111,111,107,103,100,99,96,96,123,156,181,170,172,178,174,163,170,155,156,170,181,178,175,177,157,164,186,168,160,164,168,150,165,165,154,158,165,161,187,179,192,186,181,183,176,180,154,167,158,184,194,192,182,178,163,160,170,161,154,136,142,137,121,111,101,100,96,95,97,92,84,76,69,62,67,68,53,44,80,99,98,118,124,82,43,43,49,48,47,52,53,54,56,55,56,59,61,64
220,215,231,216,195,185,188,200,187,194,200,208,211,209,208,210,212,213,211,212,214,216,213,219,210,216,214,209,204,188,178,170,166,164,155,145,144,137,133,130,130,123,124,122,119,116,113,114,115,114,111,110,108,111,111,109,108,108,108,104,104,102,98,95,97,97,119,162,169,159,162,166,186,170,169,168,159,175,183,189,175,180,158,155,188,141,165,165,155,165,166,167,184,169,170,163,185,185,198,198,188,182,190,187,165,161,170,193,190,186,172,154,162,177,160,162,161,150,140,136,117,115,101,93,88,87,84,81,78,74,70,68,68,56,53,41,71,111,125,124,122,122,50,46,48,46,45,49,52,55,58,57,58,56,58,61
232,227,221,218,195,187,181,188,167,196,193,198,199,202,208,211,214,215,219,220,220,220,222,224,225,225,218,211,195,188,179,174,170,163,157,149,146,138,134,130,129,124,122,120,117,114,113,113,112,112,109,108,106,106,105,103,102,104,103,101,99,97,94,95,100,99,126,203,176,174,148,178,171,172,167,159,160,170,171,185,185,185,167,155,176,161,160,154,171,191,171,168,146,166,164,165,166,200,197,191,190,190,180,180,178,179,184,174,155,161,165,169,153,187,175,162,136,151,127,135,119,113,98,96,94,86,89,91,90,87,82,66,58,58,47,55,116,133,145,134,145,156,116,47,44,44,49,50,55,57,61,66,66,61,58,58
242,233,232,231,209,187,177,191,193,185,192,194,195,202,209,212,216,218,218,220,224,227,230,228,234,229,222,207,199,189,182,178,174,167,161,157,151,144,139,138,134,130,127,125,122,119,116,115,113,111,107,107,104,104,103,101,100,99,96,94,94,95,93,92,95,100,137,221,237,232,212,170,148,150,152,159,146,159,175,168,161,175,187,175,161,177,174,164,200,242,197,173,140,169,158,153,158,171,184,173,178,194,154,169,175,164,152,165,170,165,150,165,122,169,164,143,143,151,121,132,124,106,103,100,97,93,96,94,93,89,72,68,67,57,56,70,150,149,158,149,145,142,155,80,37,46,47,50,52,56,56,62,64,59,60,63
233,235,231,230,234,201,197,204,198,196,199,204,206,212,219,223,227,229,235,235,237,238,238,236,235,230,223,214,205,199,193,188,177,172,164,160,155,145,144,140,134,132,130,129,125,123,123,121,118,115,112,108,105,102,101,100,98,97,93,90,91,93,90,91,95,104,138,159,156,153,167,147,137,158,160,159,163,167,175,181,166,156,193,186,190,192,195,218,244,196,137,192,162,163,143,153,174,171,181,171,189,191,177,171,148,173,168,167,168,170,167,165,163,174,171,175,144,138,150,119,111,112,105,101,97,99,99,96,87,76,70,66,65,61,60,73,138,142,156,144,147,140,148,124,43,39,44,51,56,55,55,60,61,61,61,63
222,237,249,237,226,219,225,220,216,216,213,215,220,223,228,232,235,235,238,237,239,237,234,233,227,220,217,210,210,203,200,189,184,183,179,177,161,162,156,149,140,144,137,136,136,127,126,121,115,114,112,112,110,105,101,96,95,96,93,90,90,90,90,88,96,102,144,164,153,146,145,155,165,155,163,159,161,152,152,182,159,146,153,207,218,227,221,211,201,131,217,232,199,143,139,156,193,169,171,203,168,165,177,169,148,147,177,183,165,141,161,140,147,166,164,152,112,144,153,121,107,100,103,100,95,92,89,90,82,76,79,69,71,59,53,72,152,132,140,138,121,120,135,117,57,51,52,54,58,62,68,67,71,70,70,69
231,240,251,246,245,229,221,217,224,223,223,225,229,232,234,236,238,237,238,236,236,233,225,224,219,213,214,213,210,208,204,200,196,194,189,184,176,175,169,163,162,157,143,143,146,142,133,131,127,122,116,114,113,109,105,101,101,99,95,92,92,90,89,88,99,105,145,181,179,164,157,176,157,134,141,163,181,160,165,181,155,177,208,233,224,201,174,156,120,150,207,183,166,172,164,167,172,189,198,196,187,178,178,157,143,163,165,173,154,140,138,152,186,167,145,139,139,141,156,132,104,97,96,93,88,80,79,92,86,80,68,73,63,55,49,85,143,144,130,138,136,127,133,130,112,71,45,54,56,61,71,70,74,74,75,75
234,237,247,250,250,229,212,216,220,221,224,226,229,232,235,234,232,231,229,226,226,222,219,217,214,211,215,215,208,203,201,199,202,199,195,193,189,186,183,183,184,179,178,172,168,159,158,156,148,138,137,126,118,117,112,107,106,106,102,97,97,93,93,92,92,115,134,169,192,180,173,168,155,150,150,153,154,168,166,176,233,238,226,209,183,149,120,117,74,108,152,148,126,182,158,172,180,177,209,203,203,197,181,191,172,180,193,192,165,165,154,154,160,165,155,135,131,140,130,129,91,94,92,88,86,86,87,84,76,74,68,61,53,53,52,109,130,137,121,134,135,126,130,138,122,103,66,49,54,60,59,62,63,66,72,78
230,234,244,250,249,230,209,215,219,223,226,229,231,233,233,229,225,224,221,219,220,218,216,214,214,217,217,213,205,202,205,205,201,198,195,192,193,192,193,192,194,194,191,187,186,182,178,174,169,166,156,150,141,131,125,117,113,112,108,102,101,99,98,98,97,98,131,146,174,199,199,179,155,175,162,163,186,174,166,239,220,194,187,154,123,104,91,71,95,119,115,125,133,154,178,176,193,194,168,210,183,182,181,176,159,163,173,164,168,144,139,142,173,150,163,152,125,149,138,96,93,88,86,85,87,83,86,88,78,71,63,56,56,51,60,127,140,132,126,122,121,122,132,126,116,133,90,50,52,55,55,60,58,60,64,67
228,230,242,253,250,240,204,221,222,220,226,226,227,228,228,226,223,221,223,221,218,216,212,215,215,218,212,209,206,205,203,201,200,199,198,196,198,199,198,198,200,200,199,192,190,189,185,184,181,177,176,171,166,158,151,144,134,126,123,118,115,113,110,110,114,115,114,142,155,173,189,215,201,170,184,178,181,160,236,226,175,150,138,109,84,81,84,78,86,105,126,168,180,162,196,184,171,176,194,201,177,138,156,147,161,128,162,145,177,152,186,154,191,153,159,148,161,136,131,106,85,82,85,80,82,78,75,82,68,63,65,64,59,57,63,125,135,124,119,122,131,122,115,118,130,144,126,79,57,56,58,61,62,58,61,61
225,234,249,250,250,253,235,223,219,225,222,223,223,224,224,223,222,221,219,218,216,214,213,214,215,215,210,208,205,204,202,201,201,201,200,199,202,205,205,201,202,203,200,194,193,191,188,186,184,182,181,176,171,167,161,156,147,141,139,135,132,127,124,121,122,126,126,126,142,145,162,192,215,220,185,183,185,220,234,198,146,130,118,81,69,77,124,126,158,149,173,190,173,178,181,200,168,174,195,179,188,171,168,159,155,138,170,170,171,179,172,187,182,133,147,173,149,141,148,109,92,88,83,83,82,83,84,83,73,71,65,64,56,52,60,121,127,146,131,129,132,125,131,115,145,155,147,63,56,62,65,66,65,61,57,61
240,241,249,252,255,247,237,218,224,221,228,226,226,226,222,222,222,221,216,216,216,216,215,216,215,212,208,207,206,205,204,203,203,204,203,203,201,207,208,205,205,204,201,195,194,191,185,185,183,183,182,178,172,172,167,164,158,150,150,148,144,141,138,133,131,130,132,134,133,143,145,152,180,191,229,202,207,242,220,178,139,121,100,102,138,129,172,164,144,135,150,169,179,197,198,188,194,183,185,172,148,168,174,153,148,155,167,154,149,161,144,191,185,165,136,146,159,143,153,117,99,96,90,95,97,95,80,72,74,71,68,64,64,55,70,138,135,142,137,131,157,157,151,135,165,156,153,102,58,60,65,69,67,61,56,61
255,250,251,253,237,233,248,242,219,223,223,229,228,227,227,225,223,221,218,219,220,221,216,216,215,212,208,209,209,208,207,206,208,207,206,205,205,206,208,206,205,202,198,197,194,189,186,185,184,184,183,179,173,165,162,161,156,155,157,156,151,149,147,144,140,140,137,136,137,139,136,138,150,176,175,193,252,219,188,161,135,121,99,90,148,172,150,124,120,118,147,168,179,198,197,193,189,186,176,175,169,157,176,174,136,148,168,118,118,175,142,144,175,149,154,127,123,156,130,127,97,98,99,95,96,83,86,84,78,75,68,65,58,53,97,133,146,154,157,159,169,157,155,151,147,151,154,78,66,59,62,65,65,67,60,62
255,247,247,249,246,234,249,248,233,229,212,214,228,229,223,228,223,225,223,222,222,221,221,220,219,214,213,213,212,212,212,210,209,208,207,207,208,210,210,212,209,204,199,195,193,189,189,187,186,185,184,179,173,164,165,165,164,163,162,159,155,156,156,153,148,146,142,139,140,138,136,133,137,144,150,183,213,191,157,131,126,106,64,93,167,130,119,141,110,123,160,161,177,184,195,185,189,170,180,157,162,189,171,159,126,147,155,148,146,164,126,129,146,138,131,180,111,139,144,154,95,95,99,92,90,94,90,89,85,77,71,61,61,57,115,136,142,152,145,169,160,150,131,140,162,140,144,112,77,71,58,59,63,67,68,65
249,255,240,243,249,245,246,244,231,241,247,206,209,221,232,229,226,227,226,226,225,225,223,222,221,218,218,217,216,212,213,213,214,213,212,211,212,213,213,211,207,202,198,199,198,195,190,187,185,184,180,174,173,168,170,170,169,170,169,167,163,162,162,161,158,156,153,149,147,144,141,138,140,140,145,167,191,169,117,126,113,96,63,66,123,117,108,115,127,154,170,173,182,178,174,192,167,168,168,163,168,186,171,171,162,140,146,122,141,167,140,132,169,152,140,128,175,144,133,163,94,85,85,79,78,84,86,92,88,74,64,71,62,71,126,114,128,145,143,166,162,151,152,139,159,164,169,160,114,60,66,60,62,66,70,71
252,253,243,244,255,233,210,229,247,236,242,237,215,198,216,219,231,231,227,227,226,225,223,222,221,220,220,219,218,215,216,217,218,218,217,217,218,216,216,215,209,205,202,200,198,195,192,188,186,186,181,177,178,179,180,181,179,177,177,175,172,171,170,168,168,166,164,160,155,152,149,145,143,145,146,153,164,185,181,133,122,92,88,77,91,87,114,170,157,153,171,173,190,198,201,205,198,177,176,161,175,171,186,178,166,148,140,146,128,139,163,136,144,156,122,156,124,156,178,152,117,86,79,74,74,78,94,95,83,72,75,73,60,56,132,111,120,137,151,166,160,152,164,167,167,157,164,166,162,93,57,56,60,63,68,72
248,254,245,223,230,243,245,245,233,232,240,230,202,213,234,209,206,221,231,229,228,228,227,226,226,224,224,223,222,221,221,220,220,221,219,219,220,217,216,214,211,205,203,201,198,194,191,190,191,191,190,188,187,190,191,192,190,188,188,187,185,183,180,176,176,173,174,172,167,165,163,160,160,155,160,159,169,179,186,198,138,104,97,121,146,162,158,154,147,151,187,167,187,191,199,198,198,167,187,181,179,176,163,156,164,150,170,132,127,151,160,129,136,152,139,122,139,126,155,161,136,90,76,71,74,83,89,96,77,79,79,68,63,61,100,122,128,142,142,128,151,152,149,151,166,154,167,160,167,152,80,69,54,60,61,63
244,237,243,246,243,248,253,247,243,208,207,230,236,206,227,245,181,219,215,217,231,240,234,231,225,227,228,225,224,224,221,227,226,223,225,223,220,220,217,216,211,206,202,202,199,199,197,194,191,194,196,197,196,193,196,199,199,196,199,200,196,196,187,185,180,183,181,178,176,175,175,175,175,173,174,173,170,173,180,185,210,178,135,112,190,154,156,179,154,175,169,158,199,203,176,191,182,160,161,171,193,157,141,140,174,175,142,140,165,161,169,126,144,156,118,108,102,115,129,160,149,100,72,67,77,86,95,100,90,80,75,69,59,66,102,123,123,145,147,152,152,150,146,140,163,181,154,147,158,160,140,70,58,58,62,61
247,249,251,251,246,255,252,239,240,243,244,227,242,235,213,218,192,213,194,157,175,183,194,214,228,230,226,228,225,226,231,226,226,222,223,224,223,221,219,221,218,203,205,210,207,208,206,199,196,202,203,202,200,205,206,206,205,209,206,205,209,204,199,197,193,193,192,190,188,188,187,186,185,183,183,184,183,175,179,184,194,199,134,157,216,176,129,159,174,177,160,171,156,196,178,187,165,142,177,167,169,143,132,144,160,159,134,140,112,136,148,159,165,148,130,119,114,129,129,127,134,97,68,79,85,93,92,99,91,80,69,65,55,75,124,122,144,156,147,151,159,146,150,168,164,146,156,142,153,155,146,125,71,61,67,64
251,250,250,247,242,231,249,250,241,225,172,162,177,172,167,210,234,231,183,138,195,198,193,162,137,187,207,222,232,234,233,233,228,231,228,224,221,219,219,224,225,216,213,218,215,216,215,209,209,209,208,206,205,206,208,212,217,206,207,205,202,199,202,203,203,201,200,199,198,198,197,196,195,192,192,192,192,188,189,186,186,181,136,140,174,183,171,152,150,180,173,162,165,211,173,179,165,180,168,183,161,133,143,153,147,152,131,136,139,120,130,153,155,165,159,118,125,126,125,136,144,104,71,72,84,98,107,96,89,83,70,62,58,75,133,127,122,131,150,163,140,144,163,174,178,166,138,116,105,132,136,153,72,52,68,66
250,216,219,249,242,234,244,246,227,244,219,214,227,219,209,222,215,198,198,202,169,180,189,136,91,59,59,91,126,138,167,164,155,164,167,176,187,194,188,183,174,164,155,141,144,146,146,134,128,118,102,99,99,100,104,114,125,148,157,172,184,195,204,206,207,205,205,204,204,200,201,203,204,200,200,199,198,198,195,189,182,161,143,131,131,175,175,177,200,177,183,182,167,168,181,176,158,165,157,159,158,156,166,166,162,171,155,140,153,114,130,172,161,115,167,150,129,125,123,134,154,109,73,69,85,102,89,82,79,77,71,63,64,83,142,145,163,149,159,151,133,144,164,166,153,148,155,146,149,129,138,141,118,61,65,66
223,241,236,236,247,252,222,245,250,237,236,194,197,237,209,180,167,181,182,182,148,162,176,125,182,117,69,75,76,84,155,138,65,41,46,49,55,63,73,90,89,85,82,78,79,78,76,77,82,87,88,91,94,87,90,90,84,82,81,75,72,72,84,112,142,156,176,203,200,198,200,200,209,206,202,206,208,204,200,193,185,151,162,181,165,179,194,178,207,162,140,177,186,177,197,145,170,145,130,158,177,156,156,126,139,161,169,150,167,161,123,145,139,131,167,138,150,118,137,140,121,102,73,74,87,106,96,83,78,76,72,66,61,91,166,171,166,158,157,173,173,165,135,146,135,127,151,130,125,128,128,128,53,67,61,67
240,255,243,244,254,231,226,249,255,237,222,201,196,226,181,146,163,220,182,175,173,178,165,154,200,155,103,72,71,95,125,122,102,74,40,45,55,54,53,66,83,78,77,73,77,79,79,82,84,86,87,88,89,82,83,79,71,68,70,57,56,61,80,76,152,201,142,167,129,96,106,115,135,147,168,181,201,199,209,210,188,167,187,202,207,185,168,183,183,143,134,172,156,164,163,164,143,133,121,165,181,179,177,148,140,151,183,130,169,145,147,154,152,139,145,140,157,169,136,121,131,112,66,68,90,110,99,89,89,80,74,67,62,91,158,167,163,161,148,152,156,153,151,145,139,134,147,131,116,96,123,128,76,46,70,63
240,241,255,234,225,253,243,224,245,247,236,245,194,192,209,200,206,209,194,167,177,169,185,186,181,179,142,87,91,101,89,101,135,130,74,45,54,61,55,53,61,73,77,70,72,80,77,85,85,85,85,87,86,79,82,85,86,77,76,64,67,71,77,89,106,137,98,99,129,84,92,98,97,104,97,94,98,109,117,149,173,188,191,196,198,189,172,173,159,147,142,170,153,171,174,185,151,136,115,142,132,109,157,142,160,138,165,141,125,133,134,126,168,173,148,164,131,132,144,136,126,130,61,64,91,112,96,83,83,82,74,70,63,108,153,148,170,162,148,147,148,149,154,137,129,128,127,96,104,112,150,166,164,86,58,60
243,247,240,231,237,248,240,227,239,229,227,238,234,212,214,222,172,154,209,183,165,180,179,195,188,171,185,134,82,77,83,107,126,125,96,71,52,58,54,43,43,52,69,69,70,73,75,80,81,82,85,87,88,86,85,84,83,78,67,69,79,80,82,84,116,133,127,86,123,95,84,96,89,93,96,96,97,114,136,151,148,171,187,194,205,205,187,166,144,147,147,164,164,160,153,178,142,120,144,114,121,118,118,121,139,168,165,149,136,164,133,128,140,121,159,171,125,131,143,119,127,86,61,55,78,114,96,77,79,80,75,74,69,130,148,150,164,159,148,131,134,133,141,144,152,122,116,110,123,149,144,168,170,163,59,62
225,231,248,253,241,239,249,246,212,205,253,229,250,212,186,196,202,180,187,190,137,115,177,188,209,170,166,130,98,64,72,112,108,104,108,129,89,51,50,39,50,51,62,66,68,72,76,75,79,79,81,88,87,87,82,83,85,85,64,77,81,83,82,84,102,103,131,93,115,120,84,92,109,107,138,166,155,161,186,187,154,159,175,177,202,178,178,167,134,142,151,161,175,149,155,167,147,146,140,118,120,110,123,124,172,154,153,124,125,115,116,117,145,119,154,132,112,169,131,123,125,123,67,62,64,114,92,75,82,92,77,72,74,136,140,139,167,161,150,141,116,131,165,141,134,136,121,116,106,125,119,153,184,150,66,61
249,247,252,255,255,241,236,237,235,234,248,248,227,215,190,192,201,173,161,181,169,162,195,167,203,202,116,126,183,151,81,75,90,96,115,133,113,81,41,47,42,50,58,62,65,68,73,74,76,76,78,80,85,88,84,86,87,86,78,79,81,85,83,77,100,110,101,107,78,106,101,165,166,158,157,182,166,169,180,164,154,152,167,178,196,173,157,151,143,152,151,149,183,180,142,163,120,145,144,130,113,100,117,115,144,174,123,178,138,114,128,122,138,117,133,120,142,122,130,127,136,150,50,57,60,108,100,85,87,92,85,68,70,151,145,148,162,153,151,131,129,128,125,113,122,102,106,121,139,139,155,136,156,180,130,73
255,248,240,239,237,242,251,253,246,238,237,255,243,237,237,201,201,221,201,190,211,181,152,186,184,175,138,148,191,187,141,78,76,105,115,102,98,113,112,49,52,53,55,61,64,63,69,71,74,77,76,75,83,87,85,87,86,83,86,77,82,88,77,82,91,126,117,122,104,91,112,196,217,201,177,169,167,158,166,174,165,154,173,194,173,168,174,145,147,161,166,163,202,196,176,125,142,151,128,115,122,124,109,103,150,132,156,112,148,166,104,116,133,117,131,138,123,97,96,133,133,147,88,54,55,95,110,86,96,105,86,77,81,156,158,133,140,148,137,121,111,116,148,142,120,94,104,137,125,105,115,169,183,177,88,69
238,243,243,250,255,251,242,248,254,243,202,197,222,241,245,206,186,227,228,210,195,196,178,182,209,193,210,197,187,200,166,95,58,93,108,94,97,123,130,100,60,54,51,58,61,63,68,68,69,74,80,80,83,89,89,92,90,88,83,68,72,73,75,78,95,104,126,121,129,95,122,134,203,250,209,147,169,171,175,171,165,164,185,203,173,148,155,156,161,172,174,173,197,186,194,166,131,135,131,112,107,130,126,122,146,137,108,87,126,107,169,132,133,132,121,107,114,118,121,119,145,144,136,88,56,68,117,90,96,107,93,76,90,145,142,107,123,127,135,137,137,135,128,132,137,133,163,144,105,121,141,180,175,170,52,65
255,254,248,248,254,254,236,215,211,209,191,218,243,230,235,228,204,213,218,179,143,142,171,143,139,171,216,222,173,133,126,86,82,61,63,94,115,114,104,107,113,69,45,56,55,62,67,65,71,72,75,83,83,91,94,94,92,96,70,75,80,78,77,97,106,176,181,177,176,156,186,167,178,193,184,159,163,165,170,160,156,179,196,194,174,171,176,177,183,183,180,187,184,194,213,225,159,174,106,118,109,127,128,148,143,135,108,123,108,101,113,110,155,115,87,92,103,108,116,122,130,153,153,143,107,54,115,86,99,111,90,74,64,148,128,95,123,132,133,141,143,166,161,171,162,157,123,156,134,118,126,140,130,130,68,60
247,255,252,227,212,228,229,228,239,255,240,215,231,220,238,249,211,152,161,190,187,192,218,217,171,196,221,220,161,159,169,134,93,70,47,84,121,108,94,109,142,135,69,53,53,58,63,59,69,71,75,79,87,91,94,96,95,87,82,117,132,95,93,94,148,185,176,176,180,190,185,164,178,170,155,145,152,168,161,172,161,152,154,156,173,174,178,187,191,187,195,192,197,192,219,237,203,148,113,109,118,118,137,126,125,123,120,124,130,114,114,129,104,116,93,100,100,107,131,120,119,152,155,153,145,134,101,87,101,111,91,75,64,120,135,115,96,140,150,152,159,157,161,159,149,161,170,168,155,140,171,172,201,196,67,61
223,224,231,231,229,248,252,239,233,239,236,220,220,244,228,208,192,160,184,226,231,205,206,221,194,166,194,212,233,187,158,149,105,84,74,79,82,97,109,118,117,99,115,101,61,52,59,61,62,70,74,81,85,92,94,94,91,93,104,201,181,174,164,166,185,190,176,179,174,180,185,161,166,178,152,157,183,173,171,176,168,170,168,180,178,181,185,192,191,197,195,213,236,245,251,217,127,136,106,114,124,147,146,152,171,152,136,128,136,127,103,127,129,102,109,106,121,131,151,151,138,138,141,146,145,142,110,86,105,112,93,76,70,122,130,131,133,138,148,141,139,145,146,176,157,132,125,109,134,159,166,190,204,154,61,65
237,242,254,246,225,227,247,247,224,239,254,225,207,229,228,195,226,223,196,215,232,205,190,214,229,190,189,220,201,208,155,149,115,109,96,86,61,77,127,127,101,98,123,148,101,59,47,58,62,68,74,82,88,82,86,89,88,85,155,195,172,169,191,181,189,187,171,173,173,171,182,170,159,168,153,140,176,183,165,153,161,168,174,181,179,185,196,192,197,198,213,239,254,251,236,196,174,133,106,106,130,147,151,126,142,147,119,117,134,128,128,139,138,123,104,99,131,135,144,142,126,126,129,138,140,131,86,86,109,112,95,76,81,116,106,135,131,141,136,143,183,161,142,170,178,154,139,135,148,154,180,192,188,121,66,65
244,232,243,246,235,219,244,250,235,218,214,207,196,204,215,220,234,233,197,189,220,220,205,220,239,182,132,156,201,240,167,159,145,115,101,84,79,83,105,109,103,115,127,122,112,109,62,48,64,67,79,80,80,63,67,82,98,150,177,178,169,187,182,173,180,178,175,168,192,186,170,168,157,146,143,145,164,212,150,131,157,166,181,185,186,196,197,197,212,228,250,255,226,241,188,168,199,153,124,122,138,100,118,162,162,95,115,102,105,139,114,138,126,136,111,122,133,135,148,149,131,136,144,152,145,128,89,88,111,114,99,81,89,114,131,123,148,136,155,160,162,144,167,166,177,166,170,188,180,200,204,207,210,184,69,65
241,231,237,250,246,225,224,221,214,186,217,246,236,222,238,244,224,235,216,200,224,245,216,184,189,185,178,196,238,220,138,96,122,146,117,76,114,111,68,75,120,140,116,100,120,147,130,69,60,68,75,79,84,83,76,78,122,180,184,178,182,160,183,187,183,177,172,169,170,158,159,166,181,165,156,156,187,180,154,169,172,169,181,191,196,196,205,219,240,253,255,247,186,171,183,210,219,175,116,111,112,123,140,116,152,117,114,132,123,135,125,132,122,135,127,142,158,142,151,156,155,167,150,134,134,128,96,92,113,115,99,79,89,120,124,122,124,129,179,178,156,151,153,151,103,153,162,180,193,171,191,202,187,68,69,65
255,247,229,228,229,189,166,207,237,231,236,244,240,208,219,240,221,246,242,214,194,201,181,156,183,233,223,187,218,227,219,148,130,95,142,96,114,111,80,76,107,134,114,113,132,141,121,100,81,72,75,78,76,82,96,121,188,175,178,181,179,163,172,175,187,162,150,151,146,154,158,155,172,176,180,165,168,191,155,149,155,194,189,201,203,216,232,249,255,250,232,173,160,198,203,135,127,149,110,118,111,115,113,113,138,127,111,124,128,142,147,129,138,153,150,152,150,148,154,148,150,144,126,144,127,126,77,95,117,117,98,77,95,113,150,176,180,195,162,159,170,170,159,156,155,149,158,174,172,188,192,217,206,109,67,63
234,222,187,192,213,218,207,238,253,236,211,227,238,230,226,241,239,214,209,178,170,200,231,226,220,237,230,200,214,248,236,165,159,115,104,87,90,86,111,120,93,86,115,154,138,103,98,138,144,90,77,74,80,89,150,206,178,184,179,189,192,169,166,170,179,166,158,154,143,160,167,185,171,165,164,155,157,169,163,146,134,166,198,202,220,238,252,254,227,198,174,169,190,177,160,160,167,105,120,101,95,101,107,135,112,126,120,128,133,143,144,136,135,135,147,137,148,148,149,141,152,130,124,120,115,111,74,94,119,118,98,74,73,156,190,189,175,156,157,160,147,133,130,124,132,175,171,186,196,174,183,189,199,91,63,61
203,210,199,225,247,248,229,215,233,235,211,227,250,250,210,191,200,197,228,242,221,217,233,234,205,209,231,226,230,227,243,176,130,147,158,95,88,91,129,141,104,80,105,152,132,99,119,144,138,101,68,74,81,86,133,186,185,187,181,182,169,155,172,177,180,176,177,167,173,180,177,166,184,170,148,141,182,172,152,132,151,192,205,215,242,252,254,227,163,154,198,190,151,136,133,149,228,235,223,219,182,164,144,152,115,126,121,126,147,134,157,147,126,145,145,133,158,143,142,138,124,132,121,121,129,120,66,94,126,113,90,79,71,131,167,159,137,146,163,133,146,127,125,100,107,162,169,179,163,159,145,176,188,68,58,57
227,250,245,231,236,239,229,204,217,244,232,228,241,224,176,180,239,246,229,245,219,187,209,244,232,222,232,238,197,185,250,167,139,115,136,130,119,108,116,113,120,128,107,83,104,142,155,122,126,161,119,81,83,87,126,141,175,184,186,190,175,174,169,167,148,157,169,152,165,175,170,162,156,146,142,158,153,169,182,198,150,187,227,233,250,251,222,179,167,173,170,114,106,111,134,140,153,169,208,238,255,255,254,251,244,239,211,194,143,124,151,143,138,142,147,146,133,139,129,129,121,120,108,118,129,134,84,95,127,115,96,83,79,145,175,188,146,173,178,180,161,136,123,130,146,133,166,157,150,138,177,188,199,66,53,54
233,239,237,221,206,238,238,220,225,250,235,200,185,210,215,221,241,248,215,199,227,211,218,244,236,190,172,195,193,217,217,126,110,104,93,101,140,116,99,94,139,164,129,74,94,151,158,117,115,141,79,76,90,70,83,135,142,167,171,177,180,173,168,178,153,164,173,154,146,175,142,145,151,158,165,162,156,124,152,131,145,149,197,224,216,176,188,174,183,184,172,130,104,93,99,124,143,168,177,175,168,197,223,250,253,251,255,255,209,158,156,156,144,145,132,133,131,127,142,124,121,119,108,120,135,136,94,94,130,114,98,84,90,151,163,169,161,177,162,174,146,131,117,154,158,159,140,161,130,175,147,157,176,96,56,55
208,218,239,226,228,244,251,233,190,197,209,195,206,233,254,234,217,232,226,218,232,235,201,197,207,185,188,234,243,244,156,104,69,63,78,41,77,105,113,130,135,135,117,124,117,101,102,134,157,136,131,69,37,39,68,98,139,144,152,157,166,171,162,161,157,161,167,167,156,156,152,156,165,163,133,114,96,114,110,135,156,137,245,173,155,181,156,189,151,114,122,177,153,122,103,108,105,107,114,124,197,233,237,243,250,255,255,250,255,217,184,159,144,130,130,128,134,137,138,121,116,118,122,131,138,130,104,97,135,110,91,80,98,169,165,172,181,198,222,184,194,148,186,184,171,169,167,163,169,98,121,186,187,167,64,57
214,215,241,247,243,221,224,205,165,181,226,241,230,232,247,231,208,224,251,235,205,211,178,186,223,243,229,221,227,245,159,138,108,103,70,58,75,79,133,150,129,106,128,169,147,93,80,135,148,135,128,68,35,40,53,78,116,158,144,165,176,156,144,144,148,155,136,158,158,149,142,151,147,136,119,127,109,107,130,143,156,102,145,149,165,134,112,133,93,109,119,131,177,165,97,102,103,98,121,167,239,237,252,242,243,252,253,251,254,255,219,155,148,128,132,128,128,141,140,111,113,126,115,125,139,116,109,81,136,109,86,85,105,168,200,207,211,204,197,201,191,164,183,199,204,186,156,158,161,169,204,157,171,151,66,74
230,218,232,229,196,178,198,223,220,215,241,248,230,223,228,244,226,225,227,202,163,180,227,197,218,237,201,202,189,192,227,197,132,101,84,63,95,99,89,125,119,132,148,145,135,138,135,145,181,140,131,110,56,39,46,62,87,138,148,149,167,167,158,173,150,152,149,148,160,173,141,143,119,119,111,93,103,106,127,139,153,127,103,143,148,112,136,82,97,103,94,93,104,100,115,100,103,103,118,159,198,225,242,242,245,253,254,252,254,255,155,130,134,138,131,125,121,137,132,133,133,102,108,121,128,115,112,77,106,97,90,84,130,141,171,144,182,202,208,181,196,194,174,189,210,216,202,210,206,194,169,164,158,186,124,71
228,180,171,200,213,211,225,246,248,217,219,239,236,224,237,252,238,184,164,201,195,223,234,197,180,194,224,222,220,188,247,223,152,136,114,85,125,120,129,104,135,176,159,118,143,175,166,113,122,149,107,113,60,43,48,61,73,97,160,147,153,170,176,171,181,167,148,164,169,159,160,155,118,100,101,96,98,116,111,135,151,126,110,124,176,143,109,105,104,110,92,93,121,159,98,90,97,109,115,117,127,177,226,239,247,254,253,254,255,255,208,164,143,141,145,129,118,119,139,141,132,115,104,126,122,123,115,83,113,119,96,70,171,175,177,192,177,190,157,167,202,180,182,161,179,187,218,198,212,197,201,194,203,205,186,113
203,185,187,228,247,240,227,235,242,220,208,233,251,241,217,218,211,170,167,225,253,221,214,212,179,197,233,237,177,192,219,233,173,158,110,105,154,137,123,158,94,142,149,155,165,150,167,123,93,136,107,111,73,43,46,58,61,77,128,153,137,153,157,150,148,168,161,150,150,147,175,140,122,114,118,89,98,108,110,136,109,119,115,118,125,103,111,111,103,96,108,123,100,155,171,122,102,100,112,123,163,197,238,234,247,251,250,250,255,246,255,237,184,145,119,105,123,119,122,128,126,128,126,144,130,139,118,96,121,112,97,72,173,190,183,124,173,163,141,161,165,169,180,209,207,210,205,199,195,182,201,196,199,187,194,179
234,239,218,225,250,234,219,218,238,242,224,232,250,213,183,185,215,231,212,235,238,224,220,232,223,204,225,217,150,171,241,211,216,169,115,136,157,181,145,123,119,135,138,191,169,179,173,155,136,121,127,131,112,50,52,52,68,78,90,159,140,141,144,170,173,173,147,154,135,165,165,135,117,111,90,98,102,99,99,129,111,106,92,106,125,115,118,102,125,113,115,109,121,124,128,174,126,141,187,201,214,240,244,245,251,248,249,254,252,253,250,251,190,141,128,110,112,153,129,128,140,131,117,137,128,125,134,111,133,107,93,78,161,173,142,102,140,149,164,190,150,163,169,211,210,200,203,185,202,201,197,184,185,188,185,191
238,250,223,210,226,240,224,226,247,254,226,180,195,206,200,208,243,251,220,197,222,232,223,240,235,175,140,169,187,220,198,205,223,194,144,127,185,150,154,122,96,190,180,152,174,167,154,175,211,135,153,156,116,49,54,57,68,75,80,123,138,151,162,150,162,154,141,132,144,158,139,119,96,103,93,97,88,108,142,117,122,90,105,127,123,119,127,122,126,120,132,136,124,127,122,159,164,164,233,248,248,253,252,252,249,245,251,251,244,244,253,252,214,151,125,109,124,134,111,119,136,127,111,127,137,162,133,121,89,104,92,75,164,155,168,142,136,129,174,174,168,137,172,163,175,193,190,191,156,130,154,183,199,199,151,201
212,234,226,207,214,249,244,234,221,214,197,162,187,234,242,224,223,231,221,194,206,239,243,213,195,150,109,169,245,227,238,214,193,177,126,143,183,164,151,106,121,153,173,193,195,158,160,177,152,146,150,158,134,70,55,58,65,67,79,105,139,149,161,166,167,137,145,125,127,128,116,111,112,95,68,82,113,140,140,127,100,86,118,125,126,122,131,115,131,143,155,139,140,135,159,186,203,168,208,222,232,244,251,254,252,247,242,244,238,240,248,244,240,187,125,103,104,120,126,126,123,113,97,112,144,160,159,129,100,113,87,68,147,181,187,115,137,98,120,145,168,186,192,183,127,158,165,184,195,174,172,192,192,215,210,209
214,227,243,230,223,232,233,190,173,194,222,218,211,233,244,218,199,218,231,217,198,221,229,179,169,202,202,207,220,226,243,227,138,108,150,173,179,158,162,97,168,173,158,163,167,176,191,163,130,145,128,126,115,119,60,59,68,68,78,97,121,142,165,152,131,146,133,127,120,108,110,109,101,83,90,118,141,125,113,100,101,109,123,131,135,131,125,128,148,137,113,114,125,151,158,152,205,177,152,157,163,171,193,228,251,250,240,240,237,245,248,245,233,210,160,132,126,128,124,110,112,124,128,138,159,139,115,150,128,130,117,70,120,186,125,142,135,161,190,193,192,198,171,177,192,190,187,183,152,145,191,183,214,192,182,205
223,224,244,231,185,168,205,199,205,222,247,239,203,198,220,223,199,212,235,239,195,150,193,180,209,237,229,227,241,239,234,206,125,101,173,211,168,153,155,120,132,180,168,136,165,195,200,156,156,157,155,152,143,154,65,62,70,73,89,100,124,159,159,137,156,158,141,126,116,97,95,90,97,96,131,129,136,119,102,102,103,112,137,128,143,131,120,134,131,98,127,132,139,136,158,158,184,202,160,144,141,142,148,165,223,232,235,220,226,234,242,247,234,227,218,135,127,118,137,120,143,122,87,86,105,106,125,150,136,108,110,100,115,167,177,167,144,192,189,201,201,204,206,206,201,192,205,214,189,197,202,194,209,201,195,199
226,183,184,200,173,159,214,245,232,218,226,233,211,183,209,236,228,215,214,201,168,117,173,234,232,210,219,210,247,229,175,168,184,172,161,191,175,150,166,150,178,198,188,129,165,195,168,172,198,154,143,150,126,166,115,67,73,82,120,129,140,163,163,135,139,122,113,107,102,104,96,94,104,131,135,130,117,106,111,109,108,131,122,140,145,132,121,99,99,116,117,125,143,153,149,150,154,204,179,136,148,153,146,147,148,181,190,158,192,223,249,249,245,238,241,218,163,138,121,110,131,149,161,155,143,121,131,166,116,125,101,93,99,172,201,189,199,206,210,172,200,192,197,205,194,207,219,200,180,172,182,210,190,190,215,198
201,169,174,215,231,214,228,239,237,205,198,221,227,194,200,230,236,186,151,170,186,191,189,230,237,212,200,190,222,195,163,165,232,208,155,154,184,182,167,123,179,166,127,133,178,178,146,175,149,93,124,107,78,123,136,76,81,73,136,164,171,163,175,135,127,115,105,96,100,100,82,112,125,126,109,97,105,94,104,117,124,132,131,145,129,118,118,100,113,132,145,151,154,153,147,141,146,159,198,158,150,149,138,138,139,128,175,232,254,254,250,252,248,243,236,243,134,82,69,104,86,85,158,164,119,141,157,137,127,144,127,90,81,180,202,226,219,216,186,196,214,214,198,220,201,185,160,143,175,190,172,158,186,187,177,199
196,217,209,234,246,224,194,213,226,213,196,214,239,232,190,175,173,172,144,182,240,221,198,198,222,217,186,176,150,192,200,210,203,209,174,143,175,208,137,129,147,198,139,122,178,174,124,102,149,112,148,140,134,137,152,95,85,96,138,161,142,141,135,122,113,111,99,84,87,82,96,115,127,111,133,96,89,88,109,119,129,121,134,124,123,126,124,128,133,138,129,147,137,127,136,136,144,144,182,182,141,146,143,147,143,205,229,241,241,245,243,252,253,243,241,229,175,118,66,99,120,122,146,146,164,159,160,166,166,154,116,100,87,205,197,178,179,197,204,205,212,211,217,193,194,170,178,179,178,150,150,149,175,192,187,168
234,245,223,210,222,230,193,187,226,238,209,210,233,206,146,124,151,197,214,204,218,221,189,171,199,233,220,194,141,201,247,214,178,176,197,190,171,184,162,164,188,132,130,203,196,140,150,146,127,111,116,129,129,132,150,115,110,137,147,149,136,140,120,119,111,92,98,83,72,70,102,118,115,98,107,94,79,99,108,121,127,126,125,119,118,118,115,136,151,149,146,135,127,147,147,149,157,137,145,199,176,156,148,144,145,124,137,162,186,226,246,249,251,239,236,236,231,187,141,146,139,157,122,150,177,169,159,161,170,140,109,96,103,210,209,222,211,207,183,184,163,159,186,200,207,212,211,156,158,140,162,195,184,178,170,203
218,236,223,196,196,225,217,193,206,240,224,175,155,166,158,146,171,231,234,199,175,191,204,192,191,222,241,178,196,198,232,222,169,156,197,227,179,115,134,135,204,150,143,183,211,188,214,198,109,146,127,127,121,113,124,94,111,135,165,140,129,112,122,112,103,92,87,77,81,84,122,118,90,98,105,101,103,116,121,118,127,132,113,106,127,119,131,137,145,154,159,153,157,165,153,152,144,142,137,145,186,154,135,130,131,117,127,149,188,241,240,242,239,241,243,238,239,245,226,168,124,142,162,175,142,149,156,155,154,123,101,92,102,175,187,150,212,191,219,215,171,191,185,219,178,204,210,208,181,178,171,138,139,126,177,191
189,212,228,207,205,221,231,207,188,186,180,147,126,173,218,211,182,211,217,196,164,168,212,219,183,189,179,174,232,188,190,209,190,165,202,218,162,100,182,162,176,157,178,180,211,176,172,184,104,142,118,104,101,114,100,98,79,110,136,130,125,101,95,89,82,86,74,70,69,97,108,87,79,84,81,104,112,124,114,116,122,118,103,118,130,121,138,145,156,156,165,163,161,158,152,158,142,135,147,143,148,160,135,123,123,112,106,125,146,177,230,246,241,245,245,245,236,239,238,209,151,133,178,162,118,131,148,145,137,109,94,90,93,129,164,201,215,224,221,207,195,199,209,194,161,209,219,134,184,186,141,124,180,142,150,158
192,200,228,229,204,203,217,178,124,118,166,184,192,195,222,229,194,154,191,209,204,182,208,213,176,95,147,188,219,192,166,191,226,200,170,164,165,140,171,176,109,109,125,115,177,190,179,168,77,112,131,110,90,53,92,111,59,96,111,124,114,104,91,92,83,84,76,68,60,100,94,70,76,69,87,95,107,111,116,131,128,118,123,131,122,124,141,152,159,164,169,162,158,158,154,142,144,140,133,127,145,174,153,122,114,109,116,107,132,174,216,227,238,246,250,247,240,234,241,221,183,195,175,186,184,167,152,129,121,105,85,89,73,100,144,135,201,193,217,214,211,204,226,225,219,217,210,211,210,200,166,165,180,182,204,197
218,192,219,231,183,143,147,164,137,147,199,231,220,190,192,204,201,161,177,218,221,199,169,139,155,132,159,225,212,224,185,187,219,188,152,147,181,201,186,205,130,166,179,152,193,210,198,156,115,140,158,106,161,129,106,80,46,72,99,108,113,96,97,95,90,80,77,58,83,96,78,78,85,74,82,79,104,102,111,121,138,127,135,131,120,131,138,148,167,171,170,157,157,150,150,135,130,138,139,137,126,137,184,135,113,116,117,116,124,117,153,188,221,234,239,248,236,231,234,237,230,168,163,129,143,151,155,167,145,105,95,88,84,64,84,86,109,131,170,183,174,213,219,206,200,158,211,215,223,214,173,196,196,193,211,210
228,191,144,153,167,140,147,198,230,203,182,207,220,192,164,183,216,209,174,191,216,160,118,111,167,228,196,192,192,227,230,195,153,165,193,191,189,206,167,125,164,218,221,148,123,188,173,145,105,150,128,119,87,113,162,64,45,66,91,104,106,93,103,79,91,78,69,74,95,88,71,73,80,81,89,102,98,115,130,123,115,125,120,116,126,135,135,151,170,167,163,164,158,134,129,119,130,135,132,129,124,118,127,178,129,111,110,115,111,113,117,125,163,198,226,237,239,235,229,238,225,190,171,161,143,136,176,188,155,117,101,96,84,78,52,68,75,114,117,109,186,199,191,207,214,206,219,221,201,212,188,161,148,175,188,208
180,144,115,134,186,198,190,203,226,217,171,162,191,201,176,182,209,229,196,126,117,153,139,168,194,216,195,201,170,192,210,152,116,161,241,209,164,167,181,170,189,187,191,131,106,157,141,101,112,104,152,144,157,192,156,122,53,57,75,97,98,98,93,89,79,73,75,83,92,80,59,84,96,93,99,104,100,121,137,127,127,136,125,126,135,134,142,163,169,168,149,156,147,128,128,121,128,126,124,127,119,115,109,136,168,118,106,113,107,113,119,169,217,240,239,244,235,223,227,234,223,208,184,173,168,129,161,172,135,122,110,97,92,78,66,52,70,86,121,151,198,201,196,199,236,223,220,219,187,186,187,202,196,210,201,207
186,160,162,171,208,230,204,181,184,195,179,160,174,214,214,187,185,176,145,109,102,153,232,200,186,188,198,223,191,147,141,177,166,204,236,204,168,161,127,173,155,143,187,207,152,167,112,119,142,141,133,153,177,160,175,185,132,53,61,90,98,95,97,83,75,72,73,82,81,69,57,97,107,98,103,106,109,121,125,123,140,135,122,123,129,134,157,173,176,168,158,138,137,131,130,124,127,127,130,129,119,115,113,103,149,152,107,105,107,108,105,100,130,154,219,236,235,219,223,223,238,227,210,179,178,167,169,169,136,136,123,107,92,86,69,62,64,65,93,148,190,167,115,166,206,202,153,182,196,187,196,204,211,208,184,158
203,229,222,182,169,199,201,173,168,189,207,188,154,192,217,163,110,110,144,164,171,174,210,209,169,158,177,214,153,137,130,214,239,200,184,184,180,140,122,190,187,196,218,228,181,133,110,160,145,131,137,130,151,188,199,192,187,83,68,85,93,109,95,69,74,73,58,69,74,73,66,110,119,106,114,112,111,124,127,128,144,128,132,134,130,151,162,172,165,162,150,135,132,130,128,129,131,138,134,123,118,113,100,96,107,170,133,112,105,103,101,96,127,191,171,158,229,224,231,238,240,242,230,215,207,171,151,175,157,136,111,102,85,81,70,67,58,70,90,114,103,161,196,182,217,229,200,190,199,203,180,183,194,200,199,200
195,209,229,192,149,155,190,196,177,183,214,211,166,113,125,128,116,123,182,217,205,160,162,191,189,173,173,209,219,188,196,211,243,178,154,202,180,170,143,214,220,200,193,206,162,139,146,85,109,153,184,186,168,169,158,174,172,201,58,73,87,96,94,77,76,65,69,80,67,59,79,95,85,110,113,106,111,114,137,136,128,117,137,128,130,160,169,166,152,142,132,120,126,136,142,138,136,128,135,121,114,108,100,95,109,136,149,110,95,102,101,112,123,119,108,185,222,235,234,231,225,238,234,218,191,182,170,169,136,100,73,63,54,55,62,79,59,57,92,111,148,172,141,188,219,211,194,163,195,183,154,159,209,178,202,206
174,160,193,209,182,151,177,213,208,174,155,144,135,84,91,151,205,186,167,190,197,170,135,163,213,211,189,158,150,182,221,205,209,204,172,174,184,160,123,179,203,194,213,227,178,121,128,157,151,153,164,177,202,181,159,136,193,169,143,60,95,89,84,83,75,55,64,79,63,64,83,152,102,111,112,113,104,116,132,127,117,117,138,121,117,142,163,152,135,128,126,126,135,135,142,136,137,136,121,116,110,106,101,95,99,104,178,126,99,90,104,107,105,101,174,218,219,231,241,224,232,230,235,232,223,197,173,158,117,69,58,59,59,61,56,52,53,47,55,69,117,113,147,203,191,179,140,134,137,116,135,135,170,155,193,219
181,165,159,197,223,195,163,168,165,136,93,107,148,167,154,166,192,201,166,142,167,191,178,162,177,205,151,109,108,180,206,178,189,226,183,179,198,195,153,187,242,239,212,177,91,130,178,188,199,199,186,179,163,156,195,134,170,141,114,129,90,85,86,83,81,75,71,50,69,63,115,167,90,93,101,100,114,115,132,125,122,130,120,107,136,153,153,144,131,130,132,135,137,139,134,136,131,121,112,114,109,104,102,104,94,93,140,163,96,97,107,97,89,101,101,196,234,234,223,207,208,214,224,215,231,226,222,156,119,65,66,67,67,70,63,56,47,51,37,55,72,105,185,211,184,176,165,174,144,87,100,128,141,172,178,218
201,198,158,161,197,191,129,90,115,130,125,146,173,203,189,145,139,172,169,150,152,196,206,176,113,115,150,131,170,191,199,198,190,143,170,211,222,238,182,181,217,187,165,155,138,150,188,209,193,185,216,228,196,199,192,122,145,160,116,107,125,92,74,83,74,77,60,75,62,75,208,117,94,96,106,112,119,119,127,123,123,138,98,115,148,157,157,151,133,129,129,131,135,142,139,136,124,122,118,110,104,108,99,82,80,85,94,167,115,105,101,97,97,121,156,199,187,142,137,111,139,151,214,226,228,233,238,199,138,86,82,81,76,70,65,58,46,43,34,48,62,100,219,172,175,160,160,173,173,140,151,139,184,198,213,213
193,208,163,98,88,115,110,99,117,183,210,178,151,161,178,153,130,142,186,194,165,161,153,130,99,87,155,213,201,207,197,206,135,92,115,170,164,168,117,80,131,180,173,167,220,220,139,124,193,223,189,162,192,202,157,152,173,144,147,166,207,190,122,96,92,62,62,71,89,84,245,116,119,112,102,107,116,124,121,105,118,109,109,134,144,158,152,144,132,134,134,136,136,146,136,126,107,106,107,107,102,99,94,83,82,76,77,164,139,92,85,92,96,98,118,131,109,107,112,82,93,146,227,222,220,223,239,217,113,96,89,92,80,69,62,59,56,49,44,44,55,113,124,209,179,148,176,181,179,194,210,213,226,217,215,210
124,122,142,132,129,141,171,168,154,165,194,183,153,123,152,185,163,145,161,179,148,96,92,125,169,169,154,195,203,216,139,135,149,117,91,156,149,165,152,110,115,172,175,160,141,157,141,111,158,186,140,131,124,166,172,181,174,169,182,233,238,233,217,183,79,74,54,61,104,93,245,121,119,102,104,109,112,116,118,106,124,97,119,134,152,163,146,138,142,140,133,134,134,138,123,113,106,102,97,101,106,94,88,89,83,80,101,92,91,94,91,83,89,97,97,97,106,89,80,113,130,166,224,224,222,219,235,236,129,75,73,102,95,81,67,59,60,51,44,46,45,82,160,200,171,181,211,208,204,168,196,203,201,214,208,212
120,106,142,212,207,173,146,156,156,131,131,167,183,167,156,170,189,147,98,78,122,123,132,162,188,204,169,139,192,181,167,172,187,167,105,127,140,136,136,113,78,112,161,163,159,165,170,126,83,125,162,180,173,157,208,181,156,162,195,235,241,240,235,229,152,91,64,62,123,165,215,110,89,98,108,118,113,121,112,119,97,98,127,137,159,159,148,141,141,140,139,132,136,126,112,106,104,102,99,106,103,93,97,92,84,70,92,166,131,93,90,87,96,92,87,101,91,119,172,136,171,223,232,232,231,229,231,228,170,75,67,101,101,96,86,67,57,53,48,49,60,60,119,115,134,145,187,200,186,203,199,220,215,212,181,130
133,135,141,166,196,198,152,132,147,175,145,140,181,191,165,112,100,111,110,101,126,181,197,165,148,163,176,178,152,177,160,140,158,141,93,95,156,139,175,178,114,125,173,151,118,117,136,126,101,148,200,180,166,155,179,151,142,181,206,226,242,245,238,231,226,156,83,137,206,185,194,101,85,107,107,123,120,108,109,120,87,106,126,129,160,160,146,142,137,142,135,139,122,122,112,107,108,98,103,94,80,90,78,80,82,97,90,112,162,103,83,104,96,105,113,95,99,97,140,203,238,231,235,228,229,228,231,227,180,128,109,145,110,102,85,77,54,57,47,48,67,49,83,81,121,182,200,212,215,210,209,201,197,199,173,191
139,108,121,141,136,163,185,175,160,180,178,116,81,93,113,96,93,124,182,185,145,138,160,167,143,134,150,98,131,179,179,160,178,202,170,118,154,193,184,177,102,68,123,134,125,146,185,189,119,123,171,163,189,104,108,170,175,188,150,162,218,231,237,232,232,212,176,198,215,206,180,103,102,94,101,124,122,104,112,99,86,116,123,137,145,150,141,139,140,136,128,120,115,123,119,107,98,100,99,92,89,83,78,84,91,82,88,91,147,133,104,98,96,97,88,92,96,102,156,230,227,235,235,235,230,222,221,235,230,202,168,184,124,100,81,66,61,56,58,46,69,67,59,161,190,205,177,142,191,213,194,213,209,188,167,194
165,152,127,124,121,114,153,172,163,113,109,117,121,126,119,154,159,141,137,150,153,133,113,149,178,173,181,174,147,212,233,216,206,210,190,99,80,141,141,139,116,86,149,198,194,176,169,165,107,100,177,204,163,123,100,190,162,156,142,184,193,221,234,228,226,228,218,220,215,219,223,116,108,94,100,121,118,104,108,82,92,124,124,144,147,150,140,135,134,133,124,117,116,120,117,105,90,91,83,80,81,87,86,98,85,97,93,87,120,156,112,99,99,94,104,104,103,103,209,228,236,235,232,232,215,206,216,228,233,226,211,199,169,102,80,77,74,68,60,56,78,70,53,163,207,208,215,214,216,201,218,212,215,177,188,204
170,185,161,93,75,103,153,147,115,111,102,137,192,180,152,115,123,143,146,133,146,171,163,135,143,126,122,141,129,119,159,166,154,163,167,146,99,162,163,187,195,139,137,183,169,134,142,166,179,139,167,200,157,192,135,140,157,189,188,157,174,164,177,195,209,209,220,223,222,221,246,117,110,102,101,117,105,113,96,87,113,130,136,149,144,143,131,133,120,125,123,112,116,120,103,87,85,90,86,86,88,73,77,76,84,85,90,94,94,166,140,102,97,100,97,96,88,102,150,199,233,231,227,227,207,218,236,240,234,219,202,213,182,165,132,109,109,111,101,65,79,69,69,178,209,222,209,206,215,190,182,142,155,181,196,175
91,112,110,98,90,126,143,137,128,122,117,131,150,137,146,132,121,129,164,160,121,98,106,107,104,111,109,122,131,188,133,145,170,176,222,227,175,213,184,149,157,116,81,145,159,154,166,202,212,145,91,145,157,196,140,186,192,183,191,181,149,202,152,156,212,183,200,224,212,218,250,118,114,120,103,113,105,106,89,94,121,137,141,142,146,131,129,118,121,119,110,116,113,110,95,91,97,89,82,80,77,73,88,83,97,95,86,77,107,119,163,98,83,82,68,73,83,138,191,182,231,221,235,210,223,222,220,230,227,215,199,200,205,182,158,145,106,100,142,115,75,76,57,189,188,200,170,177,169,208,149,135,141,216,178,177
137,156,122,117,139,136,119,111,122,158,124,76,84,103,116,127,136,129,103,90,114,125,127,149,151,92,108,171,194,153,151,95,105,147,175,192,178,120,153,149,169,166,119,135,205,195,164,164,160,110,79,141,202,156,151,173,193,148,159,183,191,176,179,180,170,181,166,185,207,221,247,134,111,113,112,108,118,108,94,104,131,145,139,139,135,124,128,125,122,110,115,124,117,102,99,93,84,81,85,78,76,83,89,87,85,85,78,96,110,98,168,120,103,86,83,88,103,108,91,74,97,216,237,211,213,214,229,223,223,217,214,199,188,179,163,156,157,116,138,141,104,68,71,88,206,195,207,192,187,186,207,225,168,141,202,198
127,129,139,137,132,102,102,108,126,123,88,112,141,120,96,97,108,123,126,112,92,85,103,127,136,134,151,112,133,140,139,172,132,130,166,160,161,185,217,195,204,199,134,91,140,128,123,117,156,171,131,126,173,145,146,95,141,167,198,183,174,210,179,204,133,160,179,217,204,227,239,141,98,111,105,111,111,98,103,121,138,135,142,137,117,117,127,130,111,119,118,117,104,101,88,81,76,81,80,78,78,75,87,88,84,70,81,88,103,92,138,146,80,91,86,87,111,104,93,80,125,215,163,184,210,229,225,226,224,212,209,197,177,168,149,137,132,131,136,127,100,71,55,98,189,197,199,219,181,175,186,187,197,201,205,200
119,109,119,122,103,107,114,115,103,107,122,127,111,109,112,121,127,95,77,101,118,109,94,88,71,81,106,115,111,138,181,139,152,84,71,120,136,107,128,161,184,182,133,81,109,158,171,166,179,187,131,88,132,176,128,98,162,149,136,169,149,102,156,129,113,175,189,188,194,224,212,135,96,113,103,106,106,99,122,138,129,135,134,122,125,128,129,119,124,122,112,103,100,89,87,79,84,84,81,83,85,88,91,81,71,90,92,78,94,91,117,166,98,102,101,109,111,91,77,86,140,119,90,182,203,223,199,213,222,215,189,154,131,118,123,128,121,120,115,102,82,70,68,88,158,201,203,214,180,198,195,216,231,211,193,192
154,128,79,76,110,130,143,124,115,94,72,78,112,111,99,107,119,112,94,90,126,109,60,59,104,109,98,119,130,108,115,130,131,158,113,128,148,137,126,152,205,204,187,162,162,186,164,136,127,145,136,102,146,197,170,128,95,142,147,148,105,102,139,122,161,162,187,181,203,225,199,118,105,112,107,108,108,106,139,140,120,135,123,123,126,133,127,125,123,116,107,103,97,91,87,81,81,83,78,74,77,88,87,84,93,99,83,87,101,101,98,160,112,91,89,99,86,73,77,95,98,77,94,147,180,91,99,194,226,142,86,74,54,62,75,77,84,94,94,98,84,89,55,75,115,195,186,195,195,166,176,152,182,196,202,190
84,83,119,141,129,100,102,128,129,85,59,95,134,143,112,88,97,130,137,90,55,75,91,87,89,105,89,70,103,133,112,107,180,150,167,106,126,129,143,171,155,137,135,139,183,226,206,130,134,171,183,126,91,114,175,113,85,149,96,116,112,98,178,179,194,173,161,204,191,219,152,112,118,112,99,103,108,120,141,133,127,117,121,123,132,136,130,125,118,110,102,102,98,85,76,74,73,73,73,80,88,88,79,87,90,89,86,95,102,101,87,137,138,95,96,98,90,77,100,97,83,89,96,88,87,83,98,190,160,59,60,64,79,61,50,47,60,61,93,113,135,102,69,71,150,209,211,183,136,145,159,184,149,134,181,199
60,99,153,164,145,134,116,80,82,117,139,114,104,111,126,117,103,105,112,86,54,81,120,116,90,84,89,96,52,40,78,121,101,136,133,114,122,187,148,124,130,106,84,119,161,164,145,123,109,157,206,172,133,179,133,144,143,143,167,198,166,153,198,188,212,159,185,176,203,213,133,129,113,115,105,107,110,129,135,122,114,122,127,128,129,126,121,112,111,111,107,99,86,75,70,73,74,74,79,84,84,78,84,95,92,85,92,101,100,98,105,119,145,108,97,104,101,96,97,96,87,105,85,87,75,86,85,118,111,100,59,72,73,59,56,51,42,62,101,147,117,70,53,99,203,226,214,150,129,109,144,156,198,205,202,198
146,142,120,119,136,130,101,85,98,139,168,142,99,92,126,154,139,83,68,87,125,112,97,103,113,135,126,84,83,112,91,85,103,116,156,151,97,86,129,122,142,186,165,116,129,151,116,109,137,139,125,148,186,166,193,161,182,211,200,154,173,217,150,215,189,158,151,165,193,217,119,165,127,116,105,112,124,131,130,122,123,133,129,125,131,122,117,105,104,102,97,92,80,78,77,72,65,68,82,86,78,82,96,101,82,95,98,98,95,96,99,90,139,122,97,97,87,83,99,104,97,95,87,86,86,86,88,89,87,92,63,71,59,53,65,60,53,55,57,127,63,74,58,121,191,209,213,219,187,196,198,206,218,221,190,199
178,176,166,147,93,66,106,163,150,127,121,142,149,141,112,114,96,94,96,118,137,134,129,114,103,125,123,82,116,140,123,88,91,136,108,104,152,105,122,178,153,145,146,113,76,135,177,165,121,106,122,131,128,130,171,151,121,195,172,137,184,198,167,158,164,196,194,164,188,206,172,221,128,111,107,106,124,125,123,119,125,134,133,127,120,119,104,104,114,108,99,83,77,77,77,62,69,69,80,84,84,94,98,81,83,97,102,103,97,100,89,95,116,105,96,94,77,89,95,106,102,89,86,78,83,80,72,69,86,74,73,57,60,68,74,67,63,54,52,93,88,74,60,149,172,190,188,198,216,198,207,211,153,184,209,205
144,152,130,115,126,132,122,146,168,154,124,131,156,180,134,68,68,125,171,149,114,107,137,164,144,74,66,121,115,116,129,133,102,81,81,129,138,149,99,105,143,121,165,179,152,107,147,132,109,122,133,75,101,168,159,139,112,98,146,201,177,137,210,107,131,212,181,187,218,190,222,220,116,117,115,124,131,128,115,119,128,133,129,123,123,109,102,106,115,94,81,82,80,71,69,68,79,79,87,86,89,89,73,75,100,95,99,102,99,88,97,100,137,119,94,87,85,96,100,96,85,83,84,90,89,81,66,77,87,69,66,68,76,67,65,68,67,54,52,88,117,107,104,172,203,206,206,209,220,210,196,186,202,181,206,179
177,152,123,110,137,190,186,133,114,146,183,169,138,106,99,127,138,125,128,149,150,132,134,143,123,85,84,133,128,109,122,151,121,73,104,115,127,162,153,122,133,189,153,166,137,75,85,141,183,172,143,140,111,100,110,129,131,108,141,158,144,180,146,154,144,149,182,200,203,204,205,178,120,110,126,141,125,128,121,128,137,133,129,123,116,107,111,103,83,81,80,73,70,67,72,74,73,86,91,75,83,67,77,100,91,98,102,101,92,104,108,97,116,128,101,94,103,104,100,102,107,95,94,97,83,72,82,82,82,72,77,83,73,65,62,61,56,55,72,112,108,122,85,174,205,223,227,221,209,222,214,211,198,205,205,197
72,103,151,180,158,152,161,171,149,130,154,163,120,93,116,167,186,158,117,117,162,186,146,84,84,133,153,111,135,144,121,93,100,151,129,96,72,112,120,135,89,82,125,118,157,183,136,119,150,142,175,176,101,60,124,129,147,151,110,125,148,119,156,184,149,102,155,149,180,218,194,213,221,215,187,164,128,122,127,141,140,130,127,125,115,112,112,101,93,79,70,69,61,61,71,77,89,81,72,83,84,78,95,84,91,89,100,94,104,115,103,97,94,139,109,91,101,103,97,92,91,82,86,87,80,85,84,76,74,78,79,73,73,71,59,56,49,63,108,177,174,102,116,125,192,206,224,229,220,210,201,205,188,197,209,201
74,99,161,197,186,137,124,165,198,177,104,84,108,171,163,152,149,159,153,139,136,151,117,89,113,152,128,108,120,156,107,123,114,110,76,122,135,126,137,150,154,128,179,158,179,170,148,86,170,161,130,130,156,140,120,165,115,111,161,107,145,148,125,137,164,146,119,164,194,219,200,227,179,217,224,194,239,223,202,208,185,139,134,129,110,114,107,85,68,65,68,65,62,64,71,78,75,76,79,78,71,77,86,89,84,90,99,106,98,103,93,94,90,130,122,98,105,100,98,105,83,75,77,88,84,82,71,66,77,80,79,72,77,78,66,63,60,77,149,203,191,131,86,120,171,192,215,227,230,206,173,188,191,179,182,195
153,144,125,144,163,165,152,161,170,150,101,89,128,179,188,147,123,136,189,174,111,63,96,153,151,123,126,151,95,85,137,123,117,106,116,129,160,122,105,107,133,146,93,150,116,133,166,161,121,148,117,153,187,161,161,129,118,157,129,125,102,134,129,125,137,122,113,151,141,186,171,210,147,190,185,229,191,210,214,218,222,227,233,195,128,103,87,76,77,72,69,64,70,71,75,79,78,80,79,73,67,88,89,85,83,92,99,96,107,103,98,94,89,111,135,100,93,98,89,83,75,77,86,90,79,77,73,84,83,77,76,71,66,70,74,59,71,76,148,210,199,153,125,108,169,192,204,220,228,224,202,202,213,187,192,201
141,137,116,111,147,187,177,141,93,99,145,159,135,130,148,152,144,144,139,115,92,91,119,154,144,124,132,106,122,119,107,148,127,140,120,161,126,191,113,97,97,111,129,113,172,146,154,116,58,118,183,140,127,171,84,157,188,120,127,148,76,99,161,150,123,163,125,137,164,133,145,165,171,124,104,162,179,156,172,210,226,244,178,221,205,179,104,70,64,64,65,69,75,74,74,76,80,82,76,72,83,87,80,85,88,99,105,112,114,104,101,95,105,99,132,107,100,97,82,74,78,83,91,93,81,74,80,88,83,86,80,74,71,74,60,71,71,99,195,218,217,196,177,144,161,184,207,205,192,180,212,212,208,212,205,195
80,110,123,114,106,107,111,92,99,117,163,173,153,110,111,155,166,111,74,108,158,157,118,108,138,153,116,118,136,131,119,84,132,91,100,143,150,162,118,98,79,108,123,120,102,132,139,166,149,153,151,136,160,110,109,128,134,148,130,120,169,110,86,146,122,93,153,96,115,149,132,139,143,152,136,107,156,143,168,149,196,153,229,123,175,136,211,107,77,76,70,71,76,75,74,75,78,79,72,77,99,88,82,80,85,90,102,105,101,105,99,92,100,100,115,115,87,84,91,85,85,83,86,91,79,78,82,79,80,72,79,77,61,66,62,59,68,118,218,223,222,216,198,179,168,179,195,203,188,196,194,200,196,175,190,198
118,127,144,134,133,135,134,128,141,143,113,124,142,162,133,102,89,118,150,124,119,132,150,126,109,81,135,138,129,119,102,114,115,176,105,145,137,148,86,93,113,107,92,118,126,136,138,123,103,89,163,206,139,199,163,81,114,159,110,153,177,148,94,133,130,147,130,131,87,108,135,144,143,140,167,107,110,164,159,186,149,214,221,163,99,173,138,121,75,75,68,69,80,77,75,77,72,68,67,88,97,89,81,74,97,91,103,100,104,100,95,101,103,104,115,114,94,91,89,79,70,94,91,88,82,73,76,68,72,69,68,67,58,56,72,77,69,111,221,232,221,220,217,204,190,180,194,198,202,198,212,188,178,183,203,198
128,103,111,148,153,135,135,144,112,107,120,117,115,129,106,73,96,147,164,128,118,134,152,109,84,93,113,136,128,113,138,131,117,127,173,131,142,105,117,113,104,102,116,111,112,120,134,134,150,121,111,146,174,173,150,133,114,134,165,179,142,151,191,106,82,179,167,155,82,82,148,136,140,149,126,161,118,91,188,194,150,154,205,238,186,128,122,162,144,82,78,73,79,77,74,74,69,69,81,97,92,86,88,83,100,95,102,99,97,94,93,101,95,99,107,116,98,83,83,70,90,93,87,85,74,82,78,72,72,75,72,73,71,76,80,71,76,103,222,202,215,220,219,203,194,191,178,201,201,216,206,204,199,189,198,199
151,151,116,110,114,95,81,90,135,126,112,139,149,133,117,141,125,108,115,157,165,108,81,122,140,128,105,103,125,133,108,121,108,108,102,183,137,112,113,108,97,98,119,106,90,114,124,150,141,153,161,153,133,133,160,152,71,105,189,179,145,160,177,151,129,145,156,128,158,137,83,157,177,113,159,186,154,135,130,126,192,157,161,186,164,183,158,131,78,178,78,81,72,73,72,71,72,77,92,94,94,86,81,90,96,94,98,100,96,84,90,97,96,92,95,108,110,89,80,74,91,88,88,82,79,76,79,78,75,84,76,74,74,67,66,75,71,98,217,149,185,210,216,195,188,186,179,190,197,217,214,210,200,200,200,193
161,162,109,65,77,134,153,131,145,159,130,109,130,137,119,123,143,131,118,135,128,108,117,110,113,126,100,111,125,116,113,105,121,89,108,121,166,120,113,83,82,94,119,103,100,130,84,114,130,135,127,104,105,126,136,134,146,125,115,144,188,189,136,142,214,156,159,176,173,179,117,126,130,158,180,157,170,212,136,111,168,166,164,166,137,149,159,172,141,132,172,73,70,74,77,77,75,89,97,94,84,75,70,76,89,84,100,96,86,86,92,90,89,98,96,99,113,98,70,82,92,85,76,82,71,73,79,77,80,74,70,70,69,79,73,85,78,93,195,120,163,192,198,179,179,175,179,193,207,206,207,214,204,192,193,200
114,103,108,97,109,134,162,130,108,125,149,135,122,154,170,129,103,101,92,81,99,147,133,111,98,127,120,123,138,112,101,101,114,122,113,152,124,164,116,102,105,105,103,106,112,94,82,80,134,119,121,141,125,105,124,146,146,128,93,121,182,150,142,171,182,191,134,85,155,150,191,172,86,147,196,165,178,189,170,186,131,144,205,174,179,212,201,176,182,193,212,103,71,93,64,90,93,95,83,99,69,81,61,76,92,94,93,82,80,92,92,90,88,92,94,96,108,118,78,88,69,91,86,84,71,85,77,81,77,68,84,84,79,64,80,113,85,84,182,143,129,167,153,151,155,151,175,184,208,223,184,175,204,203,192,192
81,78,144,172,131,102,127,148,143,127,155,147,101,85,104,90,80,114,164,153,118,101,104,128,131,146,119,91,112,122,96,96,107,91,115,158,102,128,170,113,109,111,107,96,87,87,164,120,103,113,115,118,125,101,102,133,114,126,132,117,116,130,179,165,157,206,175,98,165,173,204,176,174,179,147,181,197,153,189,228,203,202,182,160,170,207,205,205,225,224,214,198,208,94,93,78,89,84,82,87,81,62,59,78,76,79,92,92,91,87,85,84,85,91,160,97,83,109,103,80,90,67,81,75,83,84,132,112,124,136,138,117,70,97,157,147,96,84,168,96,98,96,86,82,114,159,183,193,202,217,225,191,162,186,198,192
115,140,136,167,145,112,108,158,169,108,80,96,107,103,122,154,153,129,135,139,126,107,128,117,103,121,113,142,79,110,98,93,111,83,83,118,126,102,118,143,115,112,111,104,106,92,129,114,112,130,134,127,130,126,113,95,128,144,122,122,137,130,105,125,129,127,129,151,84,140,206,164,175,210,183,212,202,119,142,148,162,157,146,170,139,182,153,154,206,195,201,211,184,243,216,192,146,114,85,78,63,56,62,79,85,87,91,74,91,90,77,80,77,127,171,102,74,96,113,126,137,97,88,76,108,153,206,217,216,199,205,95,101,148,177,186,146,91,128,87,98,66,65,70,115,155,184,198,210,227,215,231,171,169,194,190
188,175,144,119,147,159,131,118,110,97,103,133,178,159,107,122,145,124,103,111,125,119,127,112,132,111,100,91,115,106,102,115,99,105,93,134,131,114,114,142,161,124,118,126,136,116,131,150,128,109,125,128,145,145,133,123,99,110,148,147,112,115,148,108,82,107,137,123,144,103,101,138,190,156,135,172,154,169,167,108,97,119,125,120,141,174,167,168,221,174,146,214,201,198,212,215,226,246,200,124,58,56,65,78,79,83,78,79,84,84,78,81,108,148,133,81,86,87,126,153,164,138,100,110,221,236,234,241,233,216,187,168,148,170,192,194,192,178,147,88,90,72,66,79,141,189,206,217,227,221,227,219,200,174,185,190
147,167,153,130,140,177,152,77,78,142,161,127,138,149,127,118,150,138,106,108,113,116,111,116,116,121,74,66,97,138,126,111,103,98,109,125,109,122,117,112,134,157,123,108,108,124,136,145,121,116,129,131,153,213,204,187,145,115,80,104,158,140,118,113,156,84,62,139,117,106,139,142,119,121,134,135,134,151,146,176,120,124,121,106,129,90,125,97,123,125,122,156,152,182,213,237,213,223,193,204,77,58,65,78,71,79,81,74,84,80,76,84,129,119,101,74,69,85,134,149,146,170,190,212,227,232,228,221,221,216,209,200,192,197,218,203,188,184,140,113,84,80,81,93,153,190,206,228,233,232,230,215,220,185,179,198
111,125,161,168,146,119,111,99,101,148,161,124,117,154,177,130,109,140,115,122,93,93,109,124,107,118,122,140,106,93,105,138,100,111,124,107,118,105,113,119,136,112,114,109,108,117,136,132,129,114,130,140,184,197,188,229,224,204,148,93,85,135,160,140,118,147,126,96,111,158,121,108,160,161,106,90,102,115,154,141,133,148,137,153,133,147,145,150,139,180,162,196,160,194,206,194,215,206,234,204,225,64,83,70,79,81,71,73,81,76,66,83,106,97,88,69,63,78,81,133,131,116,178,218,222,228,227,225,221,218,210,201,200,215,204,191,181,145,141,146,82,82,94,129,180,208,231,229,229,231,231,214,215,183,175,186
126,116,149,162,105,73,115,165,141,105,135,149,127,127,141,124,140,138,136,98,113,110,110,134,116,129,118,88,96,74,68,79,110,112,156,103,96,130,114,108,119,116,147,135,128,131,130,120,114,117,141,140,185,212,213,210,237,224,232,214,184,138,105,90,102,141,92,120,147,95,97,136,141,113,123,132,113,108,111,82,108,117,104,138,119,156,122,173,123,177,141,165,122,128,141,144,192,202,221,214,191,151,66,64,81,70,67,76,77,71,64,81,87,74,68,69,69,79,66,100,130,98,141,179,210,219,224,221,214,209,203,199,205,190,179,135,78,61,77,71,91,85,114,178,221,225,223,217,214,212,219,212,208,190,185,160
157,125,92,96,109,106,120,136,122,113,108,115,117,98,122,100,127,134,85,110,96,101,111,103,106,90,120,114,110,104,81,87,85,123,145,108,88,114,119,111,120,143,134,121,104,135,128,132,123,127,116,136,178,197,192,181,198,185,190,194,212,171,159,142,91,123,167,124,133,151,96,81,113,145,131,131,127,104,124,109,94,100,131,99,125,115,116,118,105,125,105,132,139,179,164,127,89,78,115,151,154,54,61,65,77,73,76,79,71,70,68,70,70,68,61,64,70,74,69,69,136,99,97,139,196,214,224,220,209,203,206,211,200,189,134,56,61,63,73,80,82,114,181,223,213,180,163,178,174,169,182,217,203,185,183,174
116,78,93,111,127,118,107,110,123,126,91,100,100,89,115,99,126,81,106,80,118,73,95,102,115,90,90,96,70,75,79,104,84,156,110,112,136,101,116,119,110,142,146,121,134,136,140,130,144,133,117,147,144,145,153,208,217,199,207,213,196,202,194,196,148,134,108,145,131,115,125,102,109,129,128,137,168,138,81,106,83,95,98,98,101,97,101,101,105,107,107,104,106,108,110,109,108,107,106,108,158,87,52,76,69,63,81,66,63,65,61,65,66,66,65,62,67,66,66,60,125,101,79,90,202,219,218,227,210,212,209,209,171,156,70,58,62,68,82,93,85,204,231,211,164,97,110,196,202,198,193,201,201,184,173,158
185,151,128,112,127,118,122,133,127,112,126,70,93,63,84,120,110,101,93,108,99,104,67,87,98,104,108,88,81,77,76,97,97,118,100,112,108,119,111,116,111,129,152,116,115,138,139,142,127,131,120,111,149,123,196,202,222,222,220,197,222,202,193,174,151,127,125,108,133,127,134,124,82,137,168,142,133,108,86,145,90,97,102,110,115,113,116,116,116,115,113,114,114,117,119,117,115,117,121,135,156,175,155,64,55,66,77,67,64,63,63,62,65,62,60,63,70,68,65,58,126,96,65,111,207,220,223,216,207,202,211,171,171,89,59,64,75,82,86,92,89,196,233,177,131,112,110,122,162,186,230,225,209,186,167,161
148,184,169,122,113,116,114,138,117,109,104,76,88,66,63,83,143,149,99,97,119,99,101,76,122,64,92,103,83,86,90,123,130,116,128,101,107,101,131,116,116,141,133,132,138,142,128,132,131,124,116,148,106,137,157,172,199,205,203,187,163,110,116,135,143,103,111,108,141,163,149,169,113,96,117,113,138,180,101,140,84,92,103,107,114,116,117,118,120,117,116,117,117,119,121,120,117,117,122,125,137,144,68,74,56,69,68,64,61,58,60,60,61,58,58,66,72,69,61,62,113,88,65,148,206,214,214,202,202,211,196,192,106,63,62,71,78,86,95,92,86,164,235,213,183,189,143,131,155,133,168,182,197,207,199,181
135,136,165,179,145,132,117,107,104,115,105,78,94,56,78,120,59,100,132,123,128,139,133,143,124,135,124,114,125,110,96,114,117,93,108,107,120,130,131,139,127,138,128,141,143,131,139,138,126,114,148,134,100,119,145,130,141,198,155,105,96,90,64,96,128,106,87,120,111,126,104,123,111,92,169,160,136,138,103,118,83,79,89,99,106,111,110,113,116,117,116,115,114,117,119,117,120,119,119,115,121,153,109,80,61,73,80,57,56,53,55,56,59,61,62,70,70,64,56,71,114,71,90,150,200,210,209,196,206,197,181,135,63,72,72,76,85,89,92,91,102,220,234,238,238,233,223,152,113,83,91,100,100,173,189,183
109,117,133,161,190,168,115,104,112,90,106,91,93,77,109,74,56,69,87,127,141,141,102,118,122,80,90,92,92,94,88,128,94,89,105,106,119,136,122,135,137,134,146,169,145,137,132,130,114,141,117,123,103,137,137,119,120,134,141,105,68,94,67,115,112,108,95,99,88,138,157,151,161,97,139,131,137,181,158,94,117,80,75,82,90,99,104,101,112,113,113,112,116,116,116,114,116,116,116,116,134,149,160,161,174,184,172,93,51,49,50,60,56,61,59,66,67,52,61,103,118,70,75,150,197,205,202,201,205,184,158,73,68,68,76,85,94,87,89,87,87,203,236,238,239,240,222,195,152,124,77,66,77,153,183,187
100,105,108,125,150,178,174,130,100,109,76,66,97,97,104,86,72,42,53,62,127,132,159,129,116,130,96,96,84,101,121,116,99,109,134,146,152,136,123,145,139,142,145,139,142,134,122,126,133,136,83,129,123,127,114,121,119,127,132,88,91,107,105,135,106,100,101,96,105,129,226,182,151,115,114,189,156,138,132,97,135,72,88,76,85,88,96,96,102,110,109,109,113,114,114,112,115,115,113,117,120,120,128,152,174,186,188,165,145,77,58,57,63,53,56,62,61,58,56,107,109,49,69,148,192,202,199,195,198,181,93,70,70,75,85,87,92,86,83,96,88,178,239,237,237,231,230,221,219,171,149,121,136,179,161,182
88,99,99,111,116,142,160,177,166,121,66,68,105,96,76,91,78,80,69,67,50,125,100,147,153,96,125,114,115,98,122,125,124,106,105,109,135,145,131,123,133,131,141,141,142,126,125,123,140,140,91,94,148,144,111,121,147,142,137,115,113,137,155,143,118,100,96,88,100,138,231,237,221,145,83,134,123,140,187,128,110,107,92,68,127,134,102,89,97,104,105,110,109,110,111,110,112,112,113,112,112,117,117,117,128,152,166,160,162,186,182,114,55,64,59,58,62,56,51,107,87,50,68,146,177,188,187,185,194,168,76,75,78,83,87,90,90,85,88,84,128,223,236,233,231,232,232,221,213,221,194,169,162,194,199,182
68,68,56,74,105,106,128,145,163,176,105,86,88,81,72,73,82,84,85,65,86,84,107,96,113,150,105,112,104,109,130,104,95,111,106,111,136,140,125,127,146,136,126,136,141,135,135,117,125,120,75,124,115,138,138,147,119,109,115,126,150,152,128,117,110,87,89,83,99,168,221,252,245,249,171,125,155,125,120,134,113,146,103,119,176,192,168,133,113,100,100,102,105,107,109,108,110,110,109,109,111,110,110,119,129,140,151,144,154,163,166,164,132,59,50,56,65,59,58,106,65,59,101,164,178,186,187,193,196,124,69,75,80,85,86,93,88,84,80,101,194,230,237,230,224,229,229,226,230,215,214,217,184,157,156,183
84,82,79,79,81,89,97,113,129,148,167,172,117,78,97,76,56,64,89,86,77,101,90,98,98,111,122,113,103,114,141,119,131,128,132,135,137,121,140,134,144,130,139,124,125,148,128,112,121,109,126,151,142,141,144,121,111,138,152,170,136,159,164,127,107,98,97,91,92,156,228,243,251,248,239,206,157,146,140,156,73,106,60,131,192,188,173,165,158,155,153,132,122,105,105,109,111,105,104,108,107,109,109,116,126,133,136,138,145,149,154,152,154,155,89,77,108,89,55,103,55,103,159,176,184,186,186,198,191,85,83,77,92,89,85,83,92,87,92,175,224,234,233,237,230,227,232,223,215,228,225,188,170,147,160,180
90,88,86,86,89,90,88,93,100,108,121,155,168,178,139,91,74,90,70,76,91,83,93,88,93,89,111,115,116,135,119,109,126,136,131,130,140,126,113,141,134,134,139,127,144,142,135,135,132,90,128,145,134,131,122,121,126,137,138,138,150,156,145,119,101,104,101,97,102,171,231,241,244,244,235,226,202,157,138,141,146,91,119,142,179,189,184,171,154,164,171,179,187,175,165,117,107,100,107,105,107,106,109,117,124,130,133,135,144,145,146,145,150,167,171,89,144,155,128,100,112,156,170,174,185,185,197,205,171,80,78,84,85,86,87,92,88,87,174,223,235,231,236,234,227,221,228,232,226,231,209,193,193,179,177,193
94,92,91,92,94,93,95,97,91,103,102,110,127,134,158,174,135,96,73,72,81,72,92,88,109,103,111,104,123,135,119,124,143,148,126,136,128,118,138,138,122,125,139,145,107,109,147,123,117,119,137,138,142,128,134,126,133,145,150,123,128,138,128,106,96,98,107,157,179,216,234,238,244,232,229,216,203,196,182,147,145,109,134,155,179,180,169,162,167,158,166,163,182,178,185,128,110,112,108,109,110,107,105,110,114,118,119,122,130,130,132,137,142,154,165,154,123,136,147,160,168,174,172,179,190,191,205,207,137,78,74,75,78,87,91,94,88,81,128,235,234,240,234,232,227,227,228,228,226,212,212,200,190,180,178,184
99,98,98,99,101,97,98,94,103,99,96,100,97,109,115,138,175,174,131,98,74,71,101,105,119,118,130,125,141,121,132,137,152,135,126,126,130,147,124,120,127,109,124,111,124,139,149,144,125,132,132,135,128,139,132,128,141,151,135,140,152,149,122,90,95,116,100,156,229,236,237,242,233,226,212,203,202,199,200,198,183,128,93,137,191,181,165,167,160,147,158,163,177,186,213,202,196,141,125,109,108,110,103,107,116,118,117,121,119,116,118,126,133,139,139,129,138,128,152,170,174,173,182,192,197,204,212,190,93,79,80,83,83,81,93,89,94,138,208,225,230,230,235,235,229,228,223,222,216,201,202,182,182,176,183,177
102,101,100,101,101,101,100,99,98,99,100,99,104,102,103,109,122,130,166,163,108,81,114,103,108,117,95,122,123,147,140,131,127,126,118,133,133,138,131,127,134,128,116,136,142,128,148,126,151,128,149,138,145,119,143,133,146,136,141,145,125,110,133,87,98,96,139,215,237,238,237,235,229,216,194,178,191,208,213,205,197,201,185,122,185,196,171,156,155,156,163,174,183,190,203,208,205,194,194,157,118,105,107,108,107,109,112,112,113,115,114,119,120,122,121,114,114,117,150,162,175,171,195,197,205,206,210,163,79,83,73,74,78,87,168,191,203,215,230,235,236,235,230,236,233,230,222,217,208,195,205,202,151,160,181,180
102,101,100,101,101,101,100,100,99,100,101,99,103,102,103,107,104,109,113,133,153,104,103,117,115,112,89,123,143,129,126,126,122,138,159,175,149,137,130,131,108,110,133,119,151,148,132,132,135,143,140,140,137,139,131,117,145,138,127,158,134,144,114,87,85,104,124,181,233,236,235,227,217,196,189,179,202,214,215,209,198,198,208,171,157,193,171,170,162,161,167,181,181,203,209,206,216,217,196,202,185,109,107,103,102,105,110,113,110,112,116,127,128,133,117,101,108,110,116,154,163,172,196,196,206,208,214,199,126,89,79,84,91,175,226,226,231,232,236,232,234,235,238,239,236,235,220,212,210,197,197,181,165,167,176,174
102,101,100,101,101,101,101,101,101,102,102,101,101,101,102,104,104,108,108,109,119,133,134,122,107,101,91,145,123,107,125,125,160,155,158,161,155,138,136,118,121,144,135,139,123,161,113,136,117,146,139,139,135,131,119,154,136,152,150,138,155,124,86,82,100,100,134,212,226,231,228,214,199,192,179,181,210,220,219,213,202,202,194,197,178,158,194,175,172,169,173,190,183,210,211,216,212,194,199,181,174,153,110,104,96,97,101,106,112,111,107,112,122,132,117,106,96,90,116,134,161,166,186,197,203,206,206,212,192,169,172,173,164,220,232,229,231,237,238,229,235,236,239,240,234,233,225,226,219,208,199,194,169,171,169,173
102,101,100,101,101,101,102,103,102,103,104,102,100,101,102,102,105,103,104,109,114,122,127,144,137,140,145,133,126,136,129,147,163,193,196,186,148,118,117,129,123,127,106,128,142,119,129,127,132,150,154,125,122,107,140,117,119,127,126,137,147,126,92,91,90,88,132,205,230,231,225,210,197,188,175,182,206,221,222,213,205,204,189,208,198,176,180,178,179,177,193,197,199,203,206,214,205,189,175,177,177,179,159,112,102,98,97,99,98,102,103,105,110,110,105,107,112,107,138,143,158,163,173,192,195,201,201,202,215,216,212,213,217,223,226,234,233,237,233,232,236,238,240,236,226,229,230,221,220,200,192,193,164,154,155,178
102,102,102,102,103,99,97,101,102,102,102,102,100,101,102,103,101,100,100,107,107,111,122,128,133,142,145,140,132,132,126,168,191,170,174,172,148,141,112,144,141,141,119,118,137,133,123,116,140,132,137,138,119,123,137,148,117,137,138,163,181,128,92,93,87,105,131,202,221,226,217,213,193,186,169,178,198,213,218,208,209,204,195,198,204,203,193,167,185,186,200,198,204,204,214,201,194,187,175,180,174,168,183,177,133,99,100,96,99,99,108,99,98,88,99,96,100,133,150,160,159,160,180,191,195,193,195,204,213,219,219,216,220,228,232,234,233,232,231,234,234,241,238,234,231,224,226,223,220,206,209,166,155,180,176,169
99,99,99,99,101,103,104,102,100,100,100,100,102,102,101,101,100,100,102,100,105,107,109,114,118,136,140,146,149,124,125,144,148,164,182,146,134,140,113,130,143,132,141,133,135,142,134,131,146,124,135,130,120,133,165,149,152,142,151,163,189,122,89,91,94,84,106,177,228,220,220,202,183,179,163,168,192,205,217,204,201,200,196,199,193,223,209,183,188,192,195,206,203,206,211,195,186,177,180,174,173,175,182,180,179,157,126,100,96,98,98,91,90,99,95,108,119,128,155,159,150,149,162,190,185,180,188,199,207,209,214,216,220,227,231,232,232,231,232,228,229,240,241,231,227,222,223,219,213,212,210,153,158,161,166,173
99,99,99,99,101,98,97,100,101,101,101,101,101,101,99,98,98,99,102,105,102,104,105,108,115,118,122,130,101,121,98,138,154,140,138,112,91,149,117,98,135,125,114,115,133,133,126,141,84,99,130,121,128,137,127,138,156,156,166,139,175,106,98,91,85,101,99,190,226,222,210,187,180,176,157,158,178,194,209,201,196,206,205,195,201,214,185,189,198,199,202,198,209,216,198,186,188,187,187,184,182,186,184,185,172,176,171,141,107,92,100,105,94,105,117,146,156,153,154,154,140,139,165,184,177,169,188,197,205,205,210,216,220,226,229,229,229,230,233,236,240,239,241,239,226,221,218,198,195,199,212,185,135,133,173,156
97,97,97,97,97,95,94,96,98,98,98,98,98,98,98,99,97,99,102,102,102,103,103,105,109,115,115,150,155,154,160,169,176,168,132,127,127,144,89,167,133,111,109,131,137,147,153,109,141,121,152,128,142,147,159,157,151,135,136,122,190,86,97,122,112,121,177,233,232,212,201,184,178,168,142,141,156,180,191,195,195,200,199,195,212,207,188,203,202,207,210,218,215,217,208,199,192,194,194,194,200,194,191,190,193,187,169,163,160,135,106,103,119,146,160,162,157,152,147,157,138,143,168,180,158,152,180,190,197,200,203,211,220,225,228,227,228,229,231,233,238,238,237,236,235,229,222,200,196,204,211,205,152,149,158,134
93,95,96,93,94,92,96,97,95,95,95,95,94,98,97,98,99,98,97,100,102,100,102,105,109,107,125,134,136,141,158,133,146,151,124,136,151,139,94,168,140,148,128,126,126,114,105,129,118,161,158,143,167,137,139,129,180,139,163,109,156,85,84,92,99,129,218,226,212,203,191,177,170,161,128,128,150,161,180,176,180,186,194,200,205,197,207,203,212,216,221,225,219,217,213,203,194,199,205,206,210,201,198,195,190,182,163,158,155,148,142,135,152,156,171,168,157,151,125,147,147,142,164,172,164,154,171,171,188,195,203,202,213,219,222,226,230,228,228,233,236,236,231,236,229,226,222,214,204,206,213,216,173,165,158,166
91,93,95,95,94,91,93,91,91,92,93,94,95,99,98,98,98,98,97,97,99,101,101,102,103,117,119,125,124,124,132,142,162,153,115,121,161,152,156,141,147,153,126,122,122,113,118,138,149,140,165,162,156,112,126,132,128,147,131,115,102,87,84,78,84,117,181,212,214,200,186,175,166,149,117,113,132,145,155,160,178,192,202,208,201,205,211,213,216,222,227,226,223,226,222,210,212,216,219,219,215,210,205,196,185,174,158,156,157,153,154,154,157,155,160,157,158,156,144,150,158,155,162,166,156,149,160,159,176,190,192,200,209,213,225,225,224,222,224,231,236,238,226,229,222,223,221,219,215,215,222,223,194,146,152,168
90,90,91,93,90,89,94,96,93,92,90,88,95,99,97,96,95,97,97,96,100,102,103,103,110,112,114,116,119,119,123,132,137,145,123,146,141,145,118,133,138,132,133,119,138,142,137,159,144,142,132,123,139,95,147,137,123,116,120,142,101,94,80,79,87,103,181,219,211,196,181,171,168,141,124,99,117,131,134,149,177,195,200,203,201,204,210,220,225,230,230,228,231,226,221,220,227,229,229,226,216,216,207,193,186,174,164,164,168,161,157,155,160,161,167,172,171,167,167,169,167,168,161,156,146,140,138,151,161,185,190,203,199,213,222,215,222,224,224,232,233,234,226,221,215,220,223,222,220,216,225,226,211,177,164,166
90,87,85,86,88,87,92,94,91,91,91,91,93,96,94,92,93,93,94,97,95,98,101,103,108,107,107,110,117,120,122,119,119,133,126,135,139,105,128,140,139,133,117,140,155,165,161,139,146,134,152,139,134,123,152,143,135,143,131,110,101,95,89,80,94,122,167,199,202,192,181,170,155,130,153,104,103,113,121,137,166,186,186,193,200,206,218,227,231,231,229,229,224,226,230,231,230,231,228,222,216,217,205,194,186,178,175,172,168,164,164,168,172,175,177,178,174,175,173,161,155,165,169,164,158,153,147,143,148,169,179,193,198,207,211,212,220,220,219,226,227,226,222,214,217,218,223,222,221,222,221,228,231,163,154,160
91,88,86,85,87,86,84,84,85,85,94,94,96,91,91,92,89,93,95,94,93,97,101,102,103,105,106,107,110,112,117,115,114,118,127,127,127,128,117,129,98,120,138,147,141,143,147,131,124,122,139,124,90,146,128,122,131,138,119,110,106,124,136,125,111,152,194,206,202,189,179,170,138,132,132,134,104,106,118,130,150,164,178,189,196,213,224,234,230,224,224,230,233,233,232,230,230,226,221,218,219,211,206,201,195,189,185,182,181,175,172,175,177,180,184,183,188,183,181,155,155,179,180,173,172,165,156,153,153,158,164,191,191,201,205,211,209,217,221,221,227,222,210,210,215,214,222,222,220,221,219,228,226,201,167,162
88,86,84,82,79,80,83,88,87,89,96,96,95,90,90,89,90,92,93,92,91,97,100,105,104,102,101,104,107,105,104,107,105,107,116,113,146,128,139,143,141,131,127,137,132,150,130,134,151,148,119,61,85,130,95,133,135,147,114,107,98,131,175,197,225,224,218,211,198,188,174,161,126,121,121,142,110,102,108,117,131,158,164,188,202,212,222,229,229,227,233,237,239,237,233,227,230,226,221,218,215,209,206,202,198,191,189,188,184,179,177,181,187,191,186,186,180,184,175,145,114,178,178,186,177,172,160,154,153,153,159,179,188,196,196,203,207,210,216,214,223,225,220,222,220,227,222,229,228,229,224,228,235,216,167,160
88,88,87,83,80,80,81,84,89,93,94,93,90,88,89,90,90,89,89,89,92,93,98,98,98,99,100,96,101,100,101,107,103,103,109,97,101,124,125,149,147,132,132,163,129,184,168,131,136,131,142,108,112,104,121,108,146,123,112,93,91,151,206,239,234,224,218,213,198,189,168,157,120,123,126,142,117,100,101,108,122,135,173,181,200,209,218,229,227,234,241,241,234,234,231,227,224,221,217,215,213,209,208,202,190,183,183,185,188,187,186,186,179,183,178,178,174,173,163,153,103,169,158,166,171,176,171,166,161,155,150,166,174,183,192,202,205,206,214,216,224,224,219,211,220,223,230,234,232,229,228,229,236,236,168,158
89,90,89,84,82,82,82,84,87,91,86,81,83,84,89,91,88,86,89,89,92,95,97,96,96,97,97,94,94,93,99,102,98,95,100,110,94,122,124,136,129,158,152,127,138,145,125,143,141,160,152,93,132,134,141,157,102,131,112,97,154,186,228,237,228,216,214,210,196,185,159,155,119,122,132,135,133,109,103,106,108,150,159,173,188,205,231,228,235,237,238,236,232,231,227,221,217,214,211,209,208,205,202,193,181,174,175,181,180,185,185,176,173,169,169,158,155,142,131,128,115,118,90,79,95,150,166,165,161,156,153,156,187,184,188,187,198,199,212,212,218,219,221,224,222,225,227,230,233,232,228,225,233,238,207,163
83,86,83,81,80,83,81,88,97,91,85,83,82,84,87,90,86,82,85,89,92,94,92,95,95,94,94,94,85,95,104,102,92,93,103,112,90,112,110,157,137,149,160,141,141,136,127,129,105,117,111,98,143,159,99,110,146,123,87,89,87,129,186,234,222,218,215,207,195,183,163,143,123,126,130,138,135,133,101,98,124,137,156,160,178,219,227,231,233,236,230,228,225,220,212,206,204,199,196,198,190,195,188,180,167,161,158,163,172,174,173,155,145,127,110,78,45,48,41,42,48,37,45,54,41,51,78,126,139,147,152,155,153,144,169,176,181,188,195,208,202,214,220,222,222,226,223,226,229,233,229,233,231,241,232,193
85,83,78,78,83,86,87,91,88,85,83,82,83,86,87,87,82,84,85,87,90,93,92,91,90,89,89,87,85,98,106,103,92,93,104,111,116,103,111,139,129,140,147,122,121,127,140,128,90,125,122,128,129,108,125,174,172,110,93,89,88,104,191,231,224,218,210,200,190,176,164,136,113,120,130,140,143,133,117,103,110,120,139,152,203,225,229,230,230,228,223,217,217,206,201,188,178,169,173,170,167,172,164,155,141,143,141,133,129,116,121,102,70,61,35,38,35,41,41,51,50,47,49,73,55,62,57,57,60,78,86,99,138,167,148,154,163,170,182,187,207,214,208,214,220,223,222,221,210,218,225,230,233,238,238,213
81,79,75,78,87,88,90,88,81,82,83,84,84,88,86,84,81,88,84,91,94,96,94,90,89,87,86,80,89,102,104,98,92,97,107,106,118,103,122,119,106,126,122,129,140,125,143,93,107,122,103,120,125,98,152,158,161,102,94,90,89,174,229,223,227,217,207,197,188,174,164,124,112,120,132,138,132,121,121,102,100,105,119,182,197,220,217,213,213,207,170,159,156,144,147,137,107,88,95,105,129,137,126,106,89,81,68,55,48,50,52,50,42,44,40,33,41,46,46,55,61,44,60,65,72,66,75,89,95,92,82,76,74,137,165,172,174,169,171,173,194,207,217,217,212,228,227,220,213,220,224,230,232,237,240,230
70,76,79,85,86,84,85,76,76,79,81,81,85,85,84,85,85,85,90,96,97,96,92,87,86,83,81,80,95,104,97,87,92,105,110,111,112,97,115,148,143,158,167,164,146,117,79,117,153,106,107,114,119,137,153,143,182,118,99,101,142,231,225,225,219,209,201,195,184,174,152,108,112,117,121,115,122,117,106,86,87,87,112,159,184,202,198,186,179,137,84,72,76,68,66,65,61,66,73,67,54,59,56,55,50,48,48,49,44,43,44,48,52,44,43,41,52,60,60,62,71,82,70,67,86,96,103,88,113,95,140,132,88,99,183,183,177,180,177,172,177,202,209,202,213,221,223,224,219,214,221,229,231,232,237,237
63,71,78,87,80,83,79,71,78,80,78,79,84,81,83,78,92,86,95,98,101,98,85,83,83,84,77,87,100,101,91,80,93,105,112,112,111,100,96,119,153,171,174,165,130,108,92,126,93,110,119,110,123,117,118,173,204,111,106,102,190,229,224,224,215,202,197,189,178,169,149,102,94,106,111,107,97,103,105,89,76,105,96,120,141,190,182,161,110,95,94,84,83,75,69,72,65,66,69,63,56,56,53,49,45,59,52,46,37,35,49,55,68,67,55,52,52,78,49,58,70,61,67,71,91,86,88,92,146,97,111,126,126,147,189,192,183,189,181,179,160,183,196,194,205,219,220,220,215,209,222,226,225,231,238,237
56,61,60,57,61,55,53,60,73,72,77,80,76,75,75,88,86,92,100,105,98,89,81,85,85,78,81,94,103,99,85,86,97,106,111,116,117,109,104,115,141,153,159,185,158,135,118,99,113,141,113,107,119,122,137,165,184,137,117,149,215,231,225,221,203,195,193,184,178,169,134,96,96,105,91,98,95,100,85,70,77,78,67,94,129,144,153,132,90,79,90,86,79,75,69,64,65,61,60,57,54,50,48,50,51,55,50,41,30,43,63,60,54,78,73,69,75,64,72,52,63,68,74,78,83,87,92,109,111,125,149,147,137,177,186,192,180,186,185,182,193,167,178,186,206,211,213,218,221,214,220,224,231,236,235,232
71,79,81,78,78,73,75,74,78,64,65,61,64,76,91,96,88,99,104,94,87,80,82,84,82,73,88,103,104,93,81,85,97,106,112,117,123,122,114,110,122,150,173,160,154,138,125,132,156,141,150,112,116,154,141,169,196,171,167,219,233,227,218,210,204,197,188,178,169,161,125,109,117,110,111,105,104,106,98,81,76,80,66,66,65,84,114,101,71,68,78,76,73,66,59,62,64,57,54,53,51,45,43,50,55,46,40,35,43,58,52,55,51,80,80,67,68,94,75,64,74,91,96,86,83,99,101,114,109,119,128,131,142,98,168,198,199,168,189,193,194,207,179,170,195,213,206,217,212,211,211,218,228,230,230,233
61,69,73,77,68,55,65,85,85,87,89,78,67,66,67,81,102,102,93,86,86,86,86,88,80,83,103,109,100,86,83,95,104,109,115,113,113,109,109,115,116,152,165,138,119,134,143,156,152,133,120,115,153,150,141,174,229,216,223,229,229,222,211,204,204,195,181,176,173,155,118,104,108,97,110,91,106,109,102,85,83,82,88,90,93,78,75,74,67,78,75,72,68,61,55,55,55,51,51,50,50,46,44,48,44,38,35,52,84,61,54,63,88,68,80,89,76,77,109,80,80,83,94,96,91,80,99,90,137,132,154,131,93,135,114,132,181,188,188,189,192,200,201,172,157,197,195,207,208,215,210,220,221,219,224,221
66,68,71,62,56,61,71,72,65,77,79,65,72,99,97,94,97,89,81,83,88,85,88,83,78,100,111,108,93,77,91,100,114,115,109,107,100,91,91,100,116,133,172,150,114,157,144,151,168,106,78,136,166,159,129,208,217,211,220,230,216,211,210,202,193,190,185,173,162,143,94,92,77,71,91,108,99,103,94,91,91,98,99,110,105,67,68,78,97,86,68,81,64,58,54,47,52,46,42,41,39,47,49,44,47,27,69,71,94,78,64,68,91,69,120,115,87,93,118,98,88,85,102,128,124,97,131,111,119,95,110,100,142,113,122,135,106,155,148,152,194,200,209,199,171,169,195,201,200,215,206,212,218,221,228,221
75,67,62,58,65,69,73,63,71,71,62,64,75,91,90,78,67,64,76,80,76,75,74,73,85,105,109,98,86,86,100,108,109,106,102,91,78,74,79,84,109,132,165,143,111,137,118,118,98,79,122,130,138,138,129,235,214,208,225,213,204,209,211,198,196,184,173,167,157,133,103,79,83,79,88,92,77,76,99,98,102,104,108,107,108,78,112,88,110,100,67,59,61,54,48,42,45,45,46,43,53,45,40,37,36,69,98,86,90,116,79,60,89,66,102,114,110,103,132,110,93,110,119,145,103,125,118,121,120,136,90,119,143,156,174,156,130,147,156,181,198,204,212,208,209,170,188,200,199,207,203,213,217,219,223,228
66,58,59,67,72,67,70,76,71,64,73,87,89,87,95,90,78,79,78,63,55,63,70,88,108,121,106,93,89,100,109,114,103,96,83,73,68,78,75,77,104,136,185,151,114,101,109,120,108,136,173,157,120,141,143,220,199,191,209,197,202,200,194,190,187,180,173,164,150,128,88,72,62,75,73,77,99,92,97,104,111,108,110,107,95,113,132,137,132,105,111,85,91,63,43,48,50,51,49,46,55,52,60,74,103,85,73,88,82,68,90,114,143,77,110,129,95,94,106,119,138,113,119,135,125,151,121,128,120,113,104,96,142,149,159,150,146,162,167,196,194,198,205,212,203,207,180,183,188,205,211,211,213,215,223,228
61,59,65,68,66,66,70,68,72,81,85,84,71,86,71,58,51,77,92,88,72,64,72,112,101,104,102,101,108,110,106,100,90,84,71,67,65,70,79,85,97,133,177,144,130,127,97,133,129,142,156,131,129,134,110,196,202,204,208,204,188,186,181,188,189,177,165,155,143,112,64,70,72,63,76,77,75,82,95,98,117,108,97,106,140,134,140,137,139,134,131,119,110,96,80,64,62,58,59,71,79,92,90,98,91,89,91,98,84,67,145,176,150,102,148,123,100,89,142,115,118,118,125,135,129,176,135,138,93,115,121,87,125,140,130,140,119,179,178,179,179,182,188,204,221,212,203,166,173,193,196,219,214,221,223,222
65,63,61,61,63,67,72,69,85,87,80,72,78,68,61,48,66,89,72,47,52,56,101,117,109,86,82,102,115,101,97,90,83,68,60,63,67,78,86,96,101,135,134,139,131,111,96,125,130,122,106,150,131,134,142,195,204,207,207,207,190,183,184,182,191,168,159,148,145,93,49,68,70,60,58,78,84,92,99,105,101,126,123,144,143,131,140,140,140,149,128,126,127,124,109,91,112,100,99,111,102,87,106,98,75,101,93,87,70,77,155,165,135,106,140,102,120,126,126,166,129,150,127,152,146,166,155,113,108,133,110,102,138,151,170,168,128,123,163,183,173,167,176,172,207,216,211,201,159,166,192,203,220,216,218,223
70,69,69,71,70,74,69,78,84,80,72,74,64,62,67,75,71,69,50,47,55,96,102,75,85,109,97,64,78,93,81,87,61,52,59,73,79,92,94,96,92,134,144,135,128,93,111,115,120,127,166,184,154,119,139,158,193,177,189,205,209,208,181,169,179,155,149,139,129,50,50,75,87,82,87,84,91,99,108,113,110,129,118,123,146,144,145,139,137,126,125,125,132,133,120,113,133,109,125,131,108,111,116,106,117,109,134,112,99,88,140,122,138,133,119,134,137,122,152,150,144,133,124,143,127,132,127,155,109,154,122,144,148,170,174,171,132,116,132,134,150,143,141,137,197,189,200,211,186,146,193,184,210,217,209,213
70,69,70,72,70,72,81,89,80,70,80,69,64,71,72,73,59,51,50,66,104,105,92,80,94,98,77,95,96,81,85,65,43,48,58,77,87,95,94,91,48,102,136,121,139,128,122,92,107,165,162,146,145,135,111,129,159,164,154,184,200,187,170,178,163,136,133,129,85,52,72,76,84,84,101,96,101,103,106,112,113,135,148,144,150,154,151,137,149,131,133,125,150,151,135,116,120,131,142,163,139,169,133,137,155,143,145,113,134,117,132,146,148,129,137,194,155,172,132,132,137,157,177,144,141,145,170,174,150,160,145,134,174,167,173,158,141,177,147,124,118,113,140,143,162,161,183,196,208,171,160,171,196,205,206,203
70,69,68,68,73,80,85,79,69,78,71,66,67,67,61,47,47,59,83,107,103,103,96,102,94,73,73,75,93,81,63,47,47,60,74,84,99,96,93,46,51,92,119,117,162,90,118,90,129,183,187,168,125,142,137,156,113,136,168,170,185,176,151,156,143,127,127,98,48,64,75,81,87,96,103,99,106,108,102,95,143,144,150,138,159,156,161,148,142,121,100,123,125,134,142,115,100,120,138,153,161,193,166,183,180,168,120,124,114,117,120,130,122,147,141,103,144,158,123,135,163,141,178,169,177,156,167,143,167,152,168,153,167,169,167,150,145,180,163,151,142,113,106,126,171,168,165,181,193,193,162,142,186,199,199,196
69,66,68,70,75,80,73,67,74,66,67,67,63,56,49,52,76,99,107,102,98,100,101,89,79,76,89,99,77,66,53,43,55,70,82,94,101,89,51,39,58,88,126,155,152,119,97,98,158,153,136,124,138,180,180,190,191,131,130,139,128,148,139,130,124,113,104,62,59,63,73,81,68,105,106,115,115,123,106,103,131,162,158,154,164,158,157,151,148,142,151,146,146,143,117,111,129,153,156,143,185,183,133,190,161,159,134,133,153,148,145,154,134,134,145,122,147,146,151,188,162,197,158,139,173,180,165,160,170,161,170,148,182,166,173,167,170,170,171,157,158,135,153,92,114,128,114,133,173,197,192,149,177,207,206,195
67,66,68,76,81,74,66,69,63,60,59,56,48,50,65,89,103,108,102,99,96,94,87,77,82,89,91,77,58,66,42,47,65,77,90,98,88,52,38,49,60,89,122,139,156,104,87,122,157,147,130,148,187,195,200,188,170,190,144,129,115,117,120,120,116,95,69,58,61,62,73,70,87,104,109,121,133,124,99,123,103,129,165,161,143,139,154,161,166,143,136,121,120,129,119,118,95,119,152,145,126,119,88,106,112,115,97,139,163,153,130,154,134,138,142,127,131,146,144,175,188,196,132,144,174,168,175,158,170,167,163,170,169,169,164,142,133,155,166,143,175,180,175,102,107,77,94,104,106,163,180,167,162,191,205,202
66,67,75,76,75,71,70,61,58,54,53,54,62,79,97,104,100,91,89,91,89,87,78,80,74,65,59,62,73,60,49,45,77,97,98,90,53,37,60,78,74,130,128,110,109,119,116,111,138,166,136,172,187,196,192,180,197,194,190,180,150,119,110,92,68,49,58,71,79,82,85,81,110,115,115,110,115,133,123,135,118,158,161,157,160,150,171,168,161,156,160,142,142,143,134,149,131,136,167,169,183,170,114,76,98,91,127,160,150,149,152,166,151,142,158,127,148,161,114,157,160,136,162,174,174,187,176,177,153,167,178,168,163,178,199,189,169,135,176,145,179,169,186,147,146,112,131,144,123,101,143,172,165,204,198,191
69,68,70,69,68,73,66,57,53,55,67,79,90,101,100,89,88,83,83,82,75,68,60,51,48,50,60,79,69,42,44,63,83,107,90,46,37,63,85,85,72,118,104,123,123,153,122,121,149,145,140,177,181,191,176,172,196,185,180,176,160,134,132,111,86,82,93,92,88,86,90,109,120,112,117,102,146,151,156,137,145,167,155,175,167,140,162,169,174,162,157,164,132,163,182,157,165,163,169,165,170,162,151,145,159,142,150,162,160,166,164,160,160,169,150,157,163,177,101,80,127,144,171,179,161,165,137,164,172,190,188,173,155,170,189,174,148,113,159,115,130,127,128,135,156,168,162,141,119,99,104,160,188,184,183,181
71,69,74,71,73,70,66,56,66,78,90,98,103,94,84,82,79,78,74,60,43,45,52,54,56,74,87,55,40,34,37,99,91,102,36,40,60,76,84,64,77,108,139,132,150,128,127,134,148,153,168,185,180,179,189,169,189,185,175,192,157,129,136,128,107,88,107,107,77,108,105,107,106,110,113,129,151,155,161,147,161,170,134,158,142,128,148,169,178,146,150,174,154,156,163,186,172,171,181,198,181,169,147,177,163,169,163,163,185,182,185,151,179,155,166,165,172,179,88,123,175,176,180,177,204,155,154,171,180,186,207,184,182,188,169,159,175,153,137,161,138,119,168,176,168,147,158,153,152,87,115,148,183,147,141,158
75,75,76,76,61,52,51,76,86,92,95,87,87,79,74,71,61,53,46,48,50,55,59,63,89,66,43,38,44,57,85,113,93,68,42,57,79,67,46,58,72,94,110,143,142,128,150,143,152,146,141,173,191,181,197,180,179,189,187,173,125,131,133,115,112,121,112,105,99,85,101,104,122,135,125,127,131,124,144,123,131,138,162,158,144,130,150,162,158,135,180,172,173,176,168,150,118,153,183,155,101,126,136,140,144,162,150,168,162,155,170,163,165,137,169,161,173,158,56,118,169,162,174,183,196,156,167,150,166,182,144,156,184,190,174,193,167,147,153,169,179,177,162,186,168,150,155,154,128,140,109,121,163,163,147,134
82,80,77,73,57,48,54,74,91,87,79,82,72,62,56,54,49,53,58,59,58,62,79,96,84,46,36,57,79,104,113,104,90,71,58,74,64,51,58,66,56,102,131,154,114,168,130,142,164,120,163,183,192,198,194,170,156,187,180,163,154,127,128,131,148,130,125,110,87,94,93,128,122,141,146,132,149,173,131,114,116,144,169,146,145,134,159,161,147,160,177,176,166,194,175,148,164,161,170,175,185,194,164,167,189,184,140,189,194,175,149,176,155,162,189,172,182,109,62,101,163,180,170,190,173,151,112,158,180,174,156,174,153,151,174,189,170,148,140,171,151,165,173,162,164,156,151,147,159,115,103,113,159,175,133,125
62,60,55,48,55,58,70,80,77,73,70,64,60,63,64,59,57,62,63,65,72,89,92,73,39,56,91,103,110,112,101,86,83,87,76,61,44,50,61,60,62,86,137,128,144,155,153,122,126,155,147,192,192,193,201,143,179,189,182,165,150,135,142,128,122,123,120,102,113,95,130,130,131,155,152,164,178,121,130,160,161,155,158,148,142,186,187,183,184,166,179,176,189,193,178,172,161,155,145,156,172,189,178,166,170,163,175,185,179,183,159,161,158,166,171,170,168,138,147,179,144,170,120,182,177,145,144,195,176,171,158,138,158,155,157,151,146,145,158,182,162,187,162,124,158,153,159,166,155,139,122,100,114,138,147,126
59,47,54,53,71,76,77,74,68,61,61,70,68,65,64,63,71,68,70,84,97,99,70,40,60,94,86,104,114,95,79,60,76,73,53,43,50,73,69,53,89,99,118,161,155,152,157,153,153,157,169,207,189,171,168,174,197,182,181,146,159,154,147,125,118,117,114,119,123,110,135,144,128,153,167,169,148,143,125,154,176,165,160,148,180,184,186,183,181,171,176,173,178,182,195,175,189,168,173,172,176,124,157,123,157,170,160,190,179,181,150,124,165,177,184,153,142,177,154,167,160,146,201,224,202,172,203,190,170,156,181,186,166,146,161,181,174,168,189,160,144,177,184,109,177,163,156,165,160,168,114,94,98,132,146,134
68,66,73,70,72,81,78,73,68,60,53,59,67,74,74,77,72,80,99,97,83,66,50,49,65,85,72,115,106,84,59,59,80,47,41,61,74,78,62,72,100,83,97,144,143,163,152,150,152,167,179,172,188,168,183,175,175,182,143,135,132,142,111,120,117,118,123,117,117,117,121,156,162,162,163,148,169,179,152,164,164,178,180,185,182,186,168,170,180,181,185,177,163,191,150,194,172,179,186,186,187,178,186,185,187,185,182,193,157,168,116,100,147,172,173,183,165,148,180,169,160,130,176,203,159,144,175,197,178,175,181,196,172,164,165,184,149,139,134,153,169,183,170,156,163,161,126,170,159,152,136,146,165,154,94,123
94,96,95,96,81,56,52,76,79,68,65,60,61,66,74,86,90,107,99,77,56,47,59,82,73,50,72,120,76,71,76,72,50,47,61,72,72,75,64,82,99,80,71,131,139,150,155,174,173,163,163,189,180,169,188,173,157,155,145,129,153,147,118,140,123,120,124,127,105,130,159,152,139,159,170,171,173,166,170,173,171,175,168,173,191,176,141,148,154,168,176,182,171,182,159,180,171,179,174,174,163,174,163,197,203,190,174,181,172,159,92,80,104,190,200,185,171,165,155,164,162,135,179,128,170,162,188,169,171,150,121,173,223,183,162,162,191,194,165,176,184,187,174,165,172,173,181,177,164,162,168,179,193,164,96,122
107,108,83,67,72,56,38,53,75,89,83,85,85,89,95,102,111,112,82,58,60,81,104,67,53,62,106,101,75,75,62,37,58,72,73,78,81,63,75,93,110,58,75,97,119,144,164,169,133,124,152,173,178,171,158,173,162,178,145,124,130,142,144,122,102,93,115,122,148,158,165,142,161,167,173,173,173,177,161,173,159,168,153,157,177,133,110,125,153,178,182,185,176,178,185,183,171,171,181,182,148,161,177,183,172,179,175,127,166,186,130,93,174,179,151,176,117,166,144,144,165,135,166,180,195,174,178,163,110,112,148,146,139,155,154,193,178,166,160,186,186,177,170,171,178,155,166,196,172,162,142,152,200,198,149,118
