101,103,102,103,103,102,106,109,110,110,113,116,118,119,119,118,120,121,122,124,124,122,121,124,124,125,125,123,122,124,124,122,123,124,124,124,125,124,124,124,124,123,122,121,120,121,120,120,121,120,120,120,120,118,118,117,117,118,118,117,117,117,117,116,116,115,115,118,113,112,110,141,112,114,115,114,111,112,113,113,112,112,111,111,109,110,108,106,104,102,101,101,100,100,100,91,96,98,100,102,103,104,106,108,107,108,109,111,114,115,113,116,116,119,119,119,120,121,121,121,122,122,121,120,119,118,117,118,118,117,116,115,114,113,113,113,111,109,108,105
101,100,103,106,111,110,108,107,110,111,113,113,114,116,117,117,120,120,122,123,122,123,123,124,124,125,124,123,123,124,124,122,123,122,122,122,122,123,123,123,123,120,120,122,123,121,120,120,121,120,120,120,120,120,120,119,119,118,118,117,116,116,115,116,116,115,115,112,114,107,97,85,144,109,119,114,111,112,113,112,112,111,111,110,108,107,106,103,102,100,100,101,101,100,102,94,96,98,100,102,103,104,106,107,107,109,109,111,112,113,115,116,116,118,118,118,119,118,119,120,121,121,120,121,118,119,119,119,117,118,117,116,115,114,113,111,113,110,110,107
101,102,101,105,105,107,106,109,110,110,114,113,115,117,119,119,121,120,121,122,122,123,125,124,124,125,123,124,124,124,124,122,123,125,125,124,123,123,123,123,123,122,122,121,120,122,121,120,120,120,120,120,120,118,118,118,117,118,118,117,118,117,117,116,116,115,115,116,111,99,118,163,165,122,125,114,111,112,112,112,111,111,111,109,107,106,105,104,102,100,99,101,102,100,104,96,96,97,99,102,104,105,105,106,108,110,110,111,112,112,115,115,117,117,116,117,118,119,119,119,120,120,119,120,116,117,119,118,116,116,116,116,116,115,113,111,110,108,109,106
101,102,104,104,105,110,110,109,110,111,112,116,116,118,119,118,119,120,121,121,122,123,124,124,124,125,122,124,124,124,124,122,123,125,125,123,122,122,122,122,122,122,121,121,121,123,121,120,119,120,120,120,120,119,118,118,117,118,118,117,116,116,115,116,116,115,115,115,114,97,128,111,111,114,111,114,111,112,111,111,110,111,111,109,106,104,103,102,102,99,100,101,100,101,102,94,96,96,99,103,105,106,105,105,108,110,111,112,113,113,114,114,116,116,115,116,117,118,118,119,119,119,118,117,116,118,118,116,117,114,114,114,114,114,113,112,110,108,109,107
102,102,107,106,107,109,110,110,111,111,115,115,117,118,118,118,119,119,120,120,123,123,122,124,124,123,123,123,124,124,123,124,124,124,125,121,124,120,121,125,122,122,122,122,122,123,121,120,120,116,118,120,120,119,119,118,118,119,119,118,117,117,116,116,115,115,115,120,111,108,127,124,111,117,116,112,113,113,112,112,110,109,108,107,105,104,102,101,101,103,101,100,100,100,102,94,96,99,99,101,104,106,106,109,108,109,110,110,111,112,113,115,115,115,116,117,118,116,116,117,117,115,116,115,117,119,116,115,114,116,114,113,114,116,113,111,111,111,111,111
104,104,107,108,108,108,111,110,112,112,115,116,115,116,117,113,116,119,120,121,123,123,122,122,123,123,123,123,124,124,123,123,124,124,125,121,124,123,122,124,121,122,122,122,122,123,121,120,120,120,120,120,118,119,119,118,118,119,119,118,118,117,117,116,116,116,116,122,117,99,94,138,117,118,114,112,113,113,112,112,110,109,108,106,105,102,103,100,100,100,99,99,101,100,103,95,93,98,99,100,103,104,104,108,108,108,109,109,110,113,113,113,114,115,116,116,116,118,118,119,119,117,119,118,116,116,117,118,118,119,122,121,113,113,111,113,113,112,110,109
103,104,104,107,114,112,110,111,113,113,115,115,118,118,119,119,120,121,120,121,123,122,122,121,122,124,124,124,124,124,123,123,124,123,124,122,125,125,123,124,121,122,122,122,122,123,121,120,120,119,120,121,120,120,120,119,119,119,119,118,118,118,118,117,116,116,116,115,107,122,172,130,115,118,119,113,113,112,112,111,109,108,107,106,105,104,102,103,103,106,104,103,102,102,105,97,92,97,97,99,102,104,104,109,109,110,110,111,111,112,112,112,114,114,115,114,114,113,114,114,115,115,113,115,117,118,116,116,117,115,114,114,121,119,114,116,113,112,110,109
104,102,106,106,106,111,115,114,111,114,115,116,117,119,119,115,117,120,121,121,123,122,122,122,122,124,123,122,124,124,123,123,124,124,124,122,126,125,122,124,124,122,122,122,122,123,121,120,120,121,122,121,119,120,120,120,119,119,119,118,119,119,118,118,117,117,117,122,111,120,124,115,116,113,117,114,113,111,111,110,109,108,107,105,105,104,102,102,102,104,104,104,106,106,108,99,92,95,96,98,101,102,102,105,105,108,108,108,109,110,111,112,113,114,114,117,118,116,117,117,118,118,116,117,118,119,115,115,114,112,113,113,113,114,111,111,112,111,111,110
98,102,109,106,109,106,110,110,114,114,115,118,118,118,119,121,120,120,120,123,124,122,123,122,122,124,122,122,122,123,124,125,125,124,123,123,123,124,123,122,120,120,120,120,120,120,120,120,120,121,120,117,115,116,116,116,116,118,118,118,118,118,118,116,119,115,116,114,112,100,130,111,107,114,112,114,113,112,111,110,109,106,107,104,105,105,105,105,105,103,105,107,108,109,108,101,90,94,97,98,100,102,102,104,107,106,107,108,110,111,112,112,112,112,113,115,115,115,116,117,116,116,116,116,113,116,117,116,114,116,114,114,114,111,111,111,112,111,111,110
108,104,105,109,113,110,111,113,112,115,117,117,118,121,121,117,119,120,121,119,122,122,123,124,123,121,119,120,119,121,123,123,123,122,123,123,123,123,123,122,121,121,121,121,121,121,121,121,121,121,120,119,119,120,120,120,120,118,118,118,118,118,118,117,119,117,114,109,91,121,142,124,124,124,109,113,112,111,111,109,109,108,108,106,105,105,105,105,105,104,106,108,108,107,108,102,92,94,96,98,100,101,102,103,106,105,106,108,109,111,111,111,112,112,113,114,115,115,116,116,115,116,116,115,113,115,116,115,115,114,114,115,114,111,111,111,111,111,110,110
115,107,109,112,112,109,113,113,122,119,116,118,118,117,119,116,118,120,121,120,120,122,123,124,122,123,120,121,121,123,124,121,121,122,122,122,122,122,122,122,122,121,121,121,121,121,121,121,121,120,121,121,121,120,120,120,120,118,118,118,118,118,118,118,119,118,114,101,119,134,125,114,115,116,114,112,111,110,110,109,108,108,106,106,106,106,106,106,106,104,106,108,109,107,108,102,93,93,96,97,99,101,101,102,104,105,106,107,109,109,110,111,112,112,113,114,114,114,115,116,115,115,114,115,113,114,114,114,115,113,114,115,114,111,111,111,111,110,110,109
106,107,104,105,113,110,113,108,113,112,112,115,117,117,119,121,120,120,123,122,120,121,121,122,124,125,122,123,123,124,123,124,123,121,121,121,121,122,122,122,122,122,122,122,122,122,122,122,122,120,120,120,120,119,119,119,119,118,118,118,118,118,118,119,116,118,116,113,103,146,117,117,116,111,113,112,111,110,109,108,107,107,106,107,107,106,106,106,106,105,107,109,109,110,110,103,92,93,95,96,99,101,100,101,102,104,105,107,108,108,109,110,112,112,113,113,114,114,115,114,114,114,112,115,114,113,113,114,115,113,113,113,114,111,111,111,110,110,109,109
102,104,107,110,104,106,108,113,114,113,110,115,117,119,119,118,120,121,122,122,122,122,122,123,122,126,117,125,125,116,124,121,122,118,121,123,122,123,122,121,121,121,123,124,121,123,122,121,120,121,121,121,121,120,120,120,120,118,118,118,118,118,118,121,117,119,115,106,94,136,124,125,123,109,112,111,110,109,110,106,106,107,107,106,105,106,106,106,106,105,108,109,108,113,113,99,96,94,94,97,100,99,99,100,100,103,105,107,107,109,109,110,112,112,112,113,114,114,114,115,114,114,116,113,114,114,113,114,114,112,113,111,115,109,110,107,110,113,112,105
110,108,108,110,111,112,111,112,112,112,113,114,116,119,121,122,121,121,122,122,122,122,123,122,126,115,121,124,119,123,126,124,119,118,116,118,125,123,124,123,121,124,121,120,120,121,121,121,121,121,121,121,121,120,120,120,120,118,118,118,118,118,118,122,119,117,105,105,139,137,105,118,121,115,115,112,111,108,109,108,105,107,107,106,106,106,106,106,106,105,107,109,108,110,110,97,94,93,94,96,99,97,98,100,102,103,104,106,107,109,109,109,111,111,112,115,113,112,114,114,114,114,114,112,113,112,114,114,114,113,113,111,116,110,112,109,113,110,107,107
109,105,107,109,110,109,110,111,110,112,115,114,119,118,120,120,118,123,122,121,121,120,121,120,123,117,125,131,138,136,143,131,129,137,138,136,130,128,125,122,124,120,121,122,122,120,120,120,121,120,120,120,120,120,120,120,120,118,118,118,118,118,118,114,116,118,106,97,135,126,115,116,114,113,110,110,110,108,105,107,105,106,106,106,106,106,106,106,106,106,106,107,108,109,110,97,95,94,94,95,97,96,98,100,102,102,104,106,106,108,108,109,111,111,111,115,112,111,114,114,114,114,114,111,112,112,113,113,112,113,112,112,116,110,113,110,109,110,109,106
103,107,106,106,115,109,110,109,111,113,115,114,115,119,118,118,119,121,120,120,123,121,122,121,113,130,103,89,105,104,117,117,123,123,117,113,116,137,139,136,125,132,124,118,121,121,120,120,119,120,120,120,120,120,120,120,120,118,118,118,118,118,118,119,118,118,107,100,151,146,133,123,110,111,109,108,108,108,105,107,105,105,106,106,107,106,106,106,106,106,105,105,108,107,108,96,94,93,94,95,96,98,99,100,101,101,103,105,105,108,107,108,110,110,111,112,112,112,112,114,114,114,115,113,114,113,113,112,111,114,112,112,113,108,111,109,110,108,107,107
101,106,113,111,107,110,112,114,113,116,115,113,117,114,117,120,119,127,117,119,120,117,138,119,89,22,34,45,50,82,117,118,125,125,130,131,133,122,125,129,138,150,144,130,122,118,119,121,124,120,119,121,120,120,121,121,119,119,118,120,118,117,117,116,118,109,93,137,115,100,109,120,114,109,111,111,109,108,108,107,107,107,107,107,107,107,106,106,105,107,107,107,107,103,106,98,91,92,93,95,98,96,97,98,100,102,103,105,106,107,107,107,109,109,110,112,111,111,114,113,113,112,115,112,113,114,114,112,111,111,112,114,109,110,110,110,109,109,108,108
106,110,102,108,110,108,109,115,115,114,113,116,114,115,117,119,120,121,117,121,122,124,123,104,24,28,24,28,37,132,131,136,135,133,137,141,141,145,144,135,129,127,139,145,142,140,134,125,123,123,120,120,120,125,123,120,119,119,122,118,118,117,117,119,114,115,96,137,128,115,106,112,113,108,109,107,105,106,106,105,105,105,105,105,105,105,104,104,104,105,105,105,105,104,105,97,91,92,92,94,95,96,97,99,100,102,102,103,103,105,105,106,108,109,110,112,111,109,111,115,115,115,113,110,112,112,113,112,111,111,112,112,112,111,110,107,107,107,107,106
102,114,106,111,110,111,113,113,114,111,113,116,119,117,117,118,119,118,119,122,122,130,113,11,20,19,26,27,26,35,111,102,137,143,132,140,144,146,148,143,137,135,130,124,130,139,145,143,141,131,126,124,121,122,121,120,122,117,120,117,117,116,116,110,118,113,108,160,157,137,125,112,112,109,109,106,105,105,105,104,104,104,104,104,104,104,103,103,102,103,103,103,103,104,104,95,91,92,91,93,98,97,98,100,101,101,101,101,102,104,104,105,107,109,110,111,113,110,108,111,110,111,112,109,110,111,111,111,112,110,112,110,112,113,115,115,114,113,113,112
107,110,108,107,112,107,106,106,110,108,114,118,120,119,118,117,119,121,123,122,122,128,24,29,24,24,15,27,30,26,26,50,56,127,147,141,147,149,151,147,143,141,142,134,125,122,130,131,139,143,145,149,147,145,140,130,120,124,115,116,117,117,115,115,110,96,120,107,93,113,121,113,112,111,109,108,107,106,106,105,105,104,104,104,104,104,104,104,103,103,103,103,103,104,103,93,91,92,92,94,94,93,94,96,97,100,101,103,104,104,105,105,106,108,110,111,110,111,111,111,115,113,113,110,111,112,110,111,112,109,110,111,107,108,110,110,109,109,108,108
103,103,105,107,107,106,111,112,113,110,116,117,114,112,115,119,121,122,124,127,118,35,22,23,23,21,19,19,22,23,21,28,26,34,141,140,139,149,154,150,148,142,141,137,130,130,125,126,130,131,134,135,143,143,144,139,134,139,135,127,120,115,116,109,113,89,134,133,125,113,115,114,113,111,108,109,108,105,105,105,104,105,105,106,106,100,104,102,106,104,103,103,105,105,107,94,92,92,92,92,94,96,96,97,99,101,101,102,103,103,104,105,106,108,109,110,111,111,111,111,112,113,112,113,113,110,112,110,110,109,109,110,111,109,110,109,110,108,106,106
122,112,105,110,110,108,108,108,115,118,116,118,117,114,115,116,117,121,123,122,120,125,25,29,23,22,21,20,20,22,17,25,29,23,41,131,151,141,151,151,149,146,146,143,139,134,130,130,129,129,130,127,127,131,137,142,146,145,145,143,137,132,117,111,104,108,130,125,132,136,121,113,110,111,108,109,108,105,106,106,104,105,105,105,106,103,105,103,105,104,104,104,105,105,107,94,92,90,91,93,93,95,96,97,98,99,101,103,102,103,104,104,105,107,108,110,111,111,111,111,112,112,112,112,112,110,111,110,109,109,110,111,111,108,109,109,109,107,106,106
112,110,110,113,114,113,111,111,110,112,113,113,116,119,118,120,120,121,119,118,125,44,24,27,28,27,25,20,20,23,23,20,24,31,19,41,141,142,141,151,144,150,148,144,140,139,137,139,138,135,135,134,132,127,129,127,128,136,139,140,138,138,130,124,103,120,127,102,104,117,114,111,109,111,108,109,108,106,106,106,105,104,104,105,105,105,104,104,103,105,104,104,106,105,107,94,92,91,90,92,93,94,96,96,98,98,101,103,101,102,103,103,104,106,107,109,110,110,110,110,111,110,111,112,110,110,110,111,110,110,110,110,110,108,109,108,107,106,105,106
108,108,107,107,110,110,112,113,110,115,117,118,118,120,118,119,121,122,122,116,93,20,23,23,27,30,31,29,25,23,21,21,18,20,31,26,86,147,143,138,148,147,146,144,143,142,138,138,140,138,134,137,139,134,134,131,132,127,127,129,133,138,147,145,144,150,139,136,134,111,112,112,109,111,108,109,108,106,107,107,105,103,104,104,105,102,100,104,102,105,105,105,106,105,107,94,92,91,90,91,92,94,93,95,97,99,100,101,101,102,102,103,103,104,106,108,109,109,109,109,111,111,110,112,110,110,110,111,111,111,111,110,109,107,108,107,106,105,105,106
108,109,105,110,109,108,112,114,116,113,114,115,116,118,119,121,124,123,126,116,15,21,25,23,24,30,32,32,26,23,20,24,19,14,14,37,23,130,144,143,150,148,142,136,150,144,143,139,140,139,136,139,138,142,133,134,134,134,134,131,134,134,131,128,111,148,120,117,124,111,113,108,112,111,108,109,107,105,106,107,106,105,105,105,105,108,97,105,101,104,106,101,108,106,107,94,92,92,91,90,93,93,93,94,94,98,99,100,101,102,102,102,102,105,106,109,108,111,110,110,110,109,110,113,107,111,110,106,110,109,109,109,109,107,106,105,105,107,105,107
108,108,105,109,108,108,108,110,114,114,114,115,116,117,119,120,122,121,117,120,47,27,25,21,23,28,28,30,35,36,33,29,21,20,19,16,18,80,130,134,125,101,106,139,149,147,148,143,140,142,138,139,142,140,139,135,135,137,133,135,137,124,126,110,150,151,148,130,110,110,106,109,111,108,112,109,109,107,107,106,105,105,105,105,105,101,101,99,98,102,104,99,105,104,105,92,90,90,91,91,92,92,92,94,96,96,98,99,100,101,101,102,102,105,107,108,108,110,110,110,110,109,110,111,110,110,109,107,109,109,109,109,108,107,106,106,105,107,105,107
108,105,105,106,106,107,108,110,108,112,114,115,116,117,118,119,120,121,123,67,28,35,29,27,25,30,31,33,32,32,33,39,30,25,19,19,24,21,25,21,37,37,110,144,153,147,150,149,147,144,142,140,145,144,147,139,134,133,129,131,134,128,125,119,154,112,133,136,131,116,115,109,106,113,107,109,108,106,107,106,103,104,104,104,104,102,97,98,98,101,106,102,105,105,106,93,91,92,94,93,92,91,91,92,96,95,96,98,99,99,100,101,102,105,107,108,107,108,109,109,110,109,110,111,109,109,110,109,108,108,108,108,106,106,106,106,105,107,105,107
108,103,105,104,105,109,106,110,113,114,112,116,115,116,120,119,121,122,121,37,34,16,25,29,31,27,31,30,36,35,34,36,32,31,26,20,20,16,19,20,15,17,84,127,147,145,146,143,144,144,145,141,142,144,145,146,139,138,130,112,118,121,122,131,147,136,126,124,128,144,133,141,137,126,120,103,102,104,105,105,104,103,103,103,103,101,99,97,98,97,104,102,106,102,104,91,88,90,91,91,90,90,90,89,94,94,92,96,98,98,99,101,106,105,106,107,107,107,108,110,110,109,110,112,102,109,109,109,107,107,108,107,105,106,106,107,105,107,105,107
105,105,105,104,108,108,109,111,110,109,112,112,115,118,119,120,119,120,120,122,24,24,26,25,30,32,31,31,36,34,34,33,31,32,32,24,22,26,16,13,28,20,111,120,148,148,146,144,147,143,148,143,141,143,138,143,139,121,41,21,40,110,123,118,131,143,104,98,134,131,116,133,139,135,136,133,107,64,66,94,107,101,101,104,105,104,98,97,97,95,101,100,102,105,104,91,93,83,97,88,88,90,92,93,90,93,98,96,99,99,99,101,96,96,110,106,105,107,109,109,108,108,109,114,104,106,110,106,108,109,108,109,107,105,102,103,106,105,104,105
102,104,105,105,109,108,107,110,108,110,114,113,116,117,117,118,118,117,122,16,27,29,27,28,31,35,34,33,34,36,35,33,33,33,32,24,20,17,23,33,29,21,35,154,148,151,146,146,149,148,148,144,148,140,134,128,103,41,18,26,29,26,110,131,136,148,154,108,37,44,29,26,78,127,133,123,131,131,130,135,137,128,131,64,61,99,106,99,95,93,93,95,95,98,98,88,87,82,87,93,90,91,89,86,90,97,95,99,94,98,100,100,98,88,99,102,105,107,106,106,107,105,106,105,108,102,103,105,106,107,107,103,106,103,106,105,105,104,104,105
103,105,108,107,109,109,108,109,113,114,113,114,115,118,118,119,119,119,116,21,27,24,24,30,31,31,33,37,39,36,37,37,34,32,32,26,27,25,25,28,50,31,20,126,155,152,150,147,149,150,150,148,142,141,137,131,52,26,37,35,25,16,28,103,137,130,147,143,138,82,17,26,26,19,55,129,147,134,138,133,129,133,128,147,88,34,28,36,26,35,30,30,25,27,32,35,45,73,90,99,89,90,113,130,132,140,143,137,112,98,98,100,104,98,98,100,98,105,104,104,106,109,110,109,106,107,104,102,103,102,102,104,103,100,102,104,105,104,104,105
101,103,104,104,106,108,103,108,108,111,115,116,116,116,120,118,118,116,117,31,20,25,27,28,27,28,32,37,38,37,34,34,30,29,31,28,28,25,24,21,32,41,37,39,101,111,146,154,151,151,148,148,140,142,129,65,19,34,29,30,30,23,15,20,92,140,134,139,133,146,127,31,26,22,29,23,45,110,121,133,133,138,132,131,136,122,58,23,20,21,24,25,25,23,24,21,18,25,28,85,122,129,128,128,129,135,139,140,136,118,100,100,100,101,95,102,102,104,105,107,107,107,109,108,107,107,106,106,103,103,103,104,104,104,100,102,99,98,98,98
106,107,91,91,77,104,110,106,117,114,110,114,116,118,116,119,116,120,124,12,26,27,27,28,33,30,37,36,35,30,36,36,37,31,36,33,26,25,25,24,20,28,38,26,21,30,105,144,155,152,143,150,145,141,116,40,29,27,29,30,24,20,20,18,26,102,125,170,138,145,138,144,39,24,24,28,28,28,33,43,106,129,126,135,126,45,112,112,60,26,27,12,35,25,26,26,23,24,24,25,28,114,136,126,130,134,134,141,141,133,92,96,103,101,91,103,104,104,108,108,108,106,108,105,105,105,105,105,105,104,104,105,108,107,105,102,104,104,103,101
103,103,107,114,103,118,106,109,110,110,117,112,116,118,118,120,129,126,127,107,18,25,29,31,33,32,36,34,32,39,37,33,33,37,33,33,29,31,30,26,27,18,20,18,18,16,40,140,133,144,146,146,149,134,72,32,26,33,35,42,37,29,25,22,17,15,120,141,143,146,148,151,63,26,25,26,24,26,27,23,35,101,136,124,60,25,28,73,129,44,23,24,29,24,24,23,22,21,21,22,26,20,98,135,125,135,138,141,142,131,95,100,99,106,91,105,106,104,107,107,107,109,108,106,106,106,106,106,106,106,105,105,105,103,103,105,102,103,103,102
103,103,111,103,116,111,107,107,108,112,114,109,114,116,112,120,110,102,99,35,27,26,26,32,31,36,36,36,35,34,37,36,35,31,34,33,30,32,31,25,21,24,18,15,12,20,15,62,153,148,147,151,150,125,51,30,26,31,31,43,48,38,23,24,24,24,90,135,144,145,149,145,27,23,23,27,27,24,26,30,30,17,74,138,101,24,25,22,64,126,58,24,28,26,23,20,19,21,22,23,19,30,17,123,130,130,140,143,144,131,97,97,102,105,90,99,103,102,106,105,106,106,106,106,106,106,106,106,106,105,105,105,102,103,104,102,101,103,103,103
106,94,75,93,102,109,109,107,111,111,114,105,113,114,114,115,118,110,40,9,18,31,29,28,29,34,32,37,40,34,36,33,32,33,30,33,30,30,30,27,29,24,23,22,19,8,22,17,72,139,150,151,140,94,35,34,34,39,34,32,45,57,31,22,17,15,24,125,136,139,144,152,110,28,27,28,26,24,21,21,24,35,21,97,143,37,25,24,19,21,103,101,34,31,27,22,21,21,21,22,26,19,26,52,128,125,129,139,140,98,88,94,94,81,79,83,97,101,105,104,105,106,106,105,105,104,104,104,104,103,103,102,100,100,103,102,103,103,103,101
81,99,80,63,82,83,100,106,99,113,115,105,96,113,115,118,105,120,14,26,21,26,29,30,33,33,40,36,37,37,33,29,30,29,34,28,32,28,17,29,21,22,23,18,21,15,15,16,19,54,145,148,145,79,27,34,41,40,30,28,38,56,57,31,17,26,23,67,138,131,144,151,138,45,25,25,33,27,20,25,21,33,39,39,135,34,25,22,22,23,21,82,120,48,30,19,30,26,25,24,23,22,26,62,123,123,128,136,127,110,84,80,101,97,97,86,95,101,104,103,106,105,104,103,102,104,104,100,100,101,104,102,102,103,102,104,102,102,99,101
75,67,43,63,65,70,96,106,94,113,111,110,105,116,114,91,109,107,14,21,21,24,26,25,30,40,38,37,34,39,38,35,32,38,30,33,26,33,32,23,24,23,20,19,22,23,21,18,16,11,27,135,142,67,26,39,47,37,27,25,30,42,66,73,36,18,6,12,133,139,137,143,149,121,19,21,35,27,27,26,33,24,27,19,118,55,17,21,16,22,23,18,77,119,47,31,21,25,24,25,30,24,29,64,117,118,111,129,125,104,68,78,81,92,100,82,90,90,98,103,102,103,102,102,102,104,103,103,102,103,105,102,102,102,103,103,102,102,99,101
77,64,51,44,60,92,109,108,102,117,110,107,108,113,126,92,94,97,32,17,23,22,24,24,29,35,31,37,33,35,38,40,38,33,33,29,39,66,68,38,26,22,18,18,20,22,22,20,17,19,26,19,118,62,28,31,29,33,24,23,30,34,56,68,54,52,4,175,122,139,142,141,148,144,57,32,16,24,24,20,34,60,38,60,116,119,25,19,19,20,23,21,21,71,129,78,23,24,24,26,21,25,27,23,97,107,104,119,118,125,83,47,53,69,77,80,88,97,100,100,102,103,103,103,103,103,101,102,101,101,103,103,102,101,101,103,103,101,101,100
19,34,42,45,48,100,105,101,105,100,108,109,104,106,93,110,71,90,67,29,26,22,24,24,33,31,33,38,35,39,39,37,34,34,35,35,22,18,62,60,25,21,18,16,18,23,25,26,24,22,21,16,36,55,30,34,35,37,34,30,27,29,41,61,37,36,29,55,19,141,144,144,142,146,129,36,29,25,16,31,16,128,143,146,143,155,102,13,18,17,20,14,23,16,63,75,18,23,24,26,27,24,29,30,86,102,95,108,120,117,123,99,71,52,50,54,75,93,97,99,100,99,100,100,101,103,100,100,102,102,102,103,102,101,100,102,100,100,103,100
26,27,45,55,83,88,102,86,87,111,103,103,105,86,105,91,80,82,9,30,25,23,25,23,31,34,41,49,39,45,40,38,34,39,33,36,37,39,42,137,23,26,17,12,22,21,32,33,33,35,15,32,77,42,27,29,34,45,45,46,39,41,18,45,36,25,23,21,21,142,152,150,147,148,150,135,59,24,24,27,25,77,20,66,105,140,140,55,22,16,17,18,18,20,22,25,25,23,23,28,28,27,29,27,49,93,96,111,109,124,111,106,114,108,71,44,74,72,96,97,94,102,95,99,99,99,101,108,100,104,100,105,99,102,100,102,101,100,98,99
29,42,32,42,67,63,87,89,84,81,96,99,89,88,99,85,71,77,40,24,22,24,28,34,32,25,41,35,39,50,37,38,37,36,37,30,33,28,24,135,38,32,27,21,18,27,30,29,33,25,27,76,66,36,26,29,32,39,41,46,54,40,40,21,32,23,21,19,26,76,146,154,150,148,143,149,144,37,27,23,23,21,30,22,24,129,152,154,23,16,17,18,19,16,19,23,25,26,21,23,26,26,28,26,21,67,102,104,119,127,126,80,80,117,107,111,83,88,89,90,98,87,94,94,102,101,98,99,100,103,104,98,99,89,80,100,101,101,101,101
31,27,45,50,54,73,77,73,63,81,72,75,58,58,58,75,70,75,55,28,21,22,44,40,32,40,34,49,50,45,72,95,101,110,93,43,35,25,36,32,69,24,25,25,24,24,27,29,25,24,100,47,34,17,30,41,34,32,31,32,42,41,38,28,26,22,20,18,24,33,126,135,152,149,148,142,152,123,24,26,27,21,24,25,17,27,142,131,90,23,22,21,19,19,20,20,19,22,22,22,23,25,27,23,33,46,102,109,133,97,119,82,22,61,102,105,119,91,93,110,104,96,101,102,97,100,88,96,90,91,88,105,95,94,93,101,97,94,100,100
44,34,34,35,60,59,81,79,62,51,70,67,62,43,44,97,121,120,78,39,31,41,46,45,34,38,44,49,80,85,78,85,96,106,67,34,37,34,29,37,129,23,19,30,29,29,26,29,24,47,49,48,15,28,31,36,39,37,35,31,31,44,29,36,22,23,21,19,17,25,111,136,146,143,145,154,154,161,84,26,26,29,21,26,17,29,81,139,136,21,21,20,20,20,21,20,19,20,22,22,20,23,26,21,23,32,66,113,126,36,57,40,25,26,35,96,102,114,36,39,71,110,111,99,88,98,93,94,89,69,55,93,99,87,93,102,101,97,100,100
25,25,29,32,34,35,41,43,44,55,50,52,47,48,82,121,104,118,24,23,40,52,54,32,35,32,60,246,44,41,42,45,43,32,72,56,21,17,35,38,159,19,29,28,28,29,39,31,24,90,58,39,42,17,28,46,39,48,40,31,26,25,32,30,25,21,22,19,33,28,44,114,138,143,126,154,150,143,149,37,34,66,28,26,25,23,24,149,135,44,24,13,17,20,19,21,20,18,22,19,18,23,20,20,24,26,20,103,116,35,26,30,16,23,23,25,90,117,108,23,34,19,42,103,97,77,80,77,73,47,69,65,57,65,79,92,88,99,101,99
38,25,28,32,39,35,42,34,39,48,40,47,46,43,109,104,105,31,21,35,42,46,60,48,38,29,165,48,56,35,40,46,40,34,37,43,29,29,46,31,80,44,29,25,27,22,25,22,126,71,20,40,27,17,16,36,47,55,53,39,30,20,19,22,21,18,18,18,32,33,28,117,139,131,129,136,159,150,146,127,83,144,44,31,36,31,18,47,142,91,17,23,17,20,18,20,19,18,21,20,17,23,21,21,24,21,20,110,138,42,28,26,28,26,17,21,27,90,125,59,13,28,20,30,89,103,81,50,40,51,42,48,49,53,50,55,58,55,73,77
43,26,22,37,33,42,47,37,40,31,35,38,45,79,117,112,103,35,29,41,45,51,57,48,41,79,81,35,51,38,37,43,48,34,37,56,38,29,22,24,22,89,36,23,24,10,3,74,57,37,38,36,13,22,14,35,36,46,55,58,38,26,17,20,20,18,17,23,38,32,35,102,119,142,121,118,152,145,146,143,145,140,115,27,26,30,27,21,117,142,14,29,27,21,19,20,19,17,19,21,18,24,21,22,18,27,36,110,135,82,17,38,31,14,30,16,22,20,106,68,27,24,15,16,19,81,88,78,38,47,33,41,50,37,43,32,42,66,82,89
20,25,35,36,32,28,40,33,35,43,44,52,87,103,90,94,22,26,37,43,43,43,60,45,32,64,38,61,44,41,35,33,34,31,34,40,113,60,21,31,27,128,28,35,25,41,23,57,61,23,40,43,19,23,17,28,34,37,27,37,49,32,14,16,17,17,17,30,33,38,37,73,123,140,126,109,145,150,146,150,146,140,139,46,27,28,28,30,110,131,47,21,27,24,21,21,20,20,17,20,21,25,21,20,29,25,117,130,138,134,41,20,24,28,9,25,19,22,35,113,28,11,19,13,20,17,78,88,87,30,46,40,33,40,34,37,38,47,53,63
39,29,32,36,34,32,25,45,36,37,47,50,103,65,103,106,39,23,34,41,55,51,49,43,37,46,46,50,20,29,34,26,29,37,36,27,36,154,36,37,39,172,30,39,37,16,146,74,57,39,22,19,28,22,18,23,41,32,39,28,21,22,20,14,14,14,18,31,38,45,50,50,146,141,148,139,153,149,147,147,144,146,143,132,30,39,34,24,39,131,117,26,22,26,23,21,20,20,21,23,23,25,17,29,30,17,103,124,133,86,77,17,31,24,21,20,22,24,13,77,88,18,8,23,14,13,23,85,76,73,47,24,45,36,52,44,35,34,44,45
22,25,35,23,27,27,34,37,33,41,46,73,93,89,91,28,15,26,32,38,38,37,34,37,29,27,42,50,47,30,35,33,38,32,31,30,27,16,42,44,31,53,98,29,23,46,98,137,28,157,154,91,22,26,13,21,32,32,31,23,17,17,17,16,15,17,19,27,31,41,46,65,123,145,141,150,152,153,149,146,142,153,150,153,113,29,28,31,26,138,128,20,27,25,24,22,20,19,20,21,24,20,75,27,33,90,123,128,135,126,108,39,19,25,28,23,15,17,28,10,87,30,13,9,21,14,14,30,57,86,80,37,32,38,49,43,36,24,38,38
26,23,15,16,26,33,38,37,50,61,45,83,90,94,82,19,28,28,35,33,32,39,34,38,34,34,64,114,43,42,38,37,34,28,30,33,37,28,37,55,54,200,153,19,48,58,103,180,143,170,153,166,160,118,53,28,19,20,22,24,21,19,17,17,16,19,20,23,28,36,39,68,106,134,146,138,148,152,153,147,146,151,147,137,148,143,39,39,39,128,137,33,28,25,25,24,20,20,19,19,21,27,103,103,113,121,121,133,135,133,136,96,20,27,18,24,20,20,14,31,19,95,13,14,23,17,35,26,10,37,83,71,48,32,35,34,30,38,38,36
25,21,32,21,31,39,40,64,67,75,81,85,96,97,72,26,26,31,31,33,35,30,33,36,35,25,57,248,68,39,32,36,34,32,34,34,30,52,40,38,51,163,176,200,179,172,165,168,171,172,159,165,180,154,156,79,32,20,18,17,17,19,19,17,17,18,18,22,34,44,43,43,43,122,141,145,130,158,155,147,145,142,145,147,147,133,110,30,115,136,129,41,27,25,26,25,21,18,20,19,23,36,129,121,128,123,126,126,131,135,131,140,110,42,22,13,32,20,21,12,22,64,76,13,10,20,40,48,26,15,40,88,71,28,51,36,46,48,40,46
17,23,15,32,30,55,39,47,41,50,66,62,70,75,22,20,26,33,30,38,28,27,38,29,27,40,45,111,139,53,44,45,37,37,36,35,43,35,31,31,140,151,171,184,180,177,179,148,181,172,167,172,170,165,155,130,80,26,21,17,20,19,10,14,16,19,19,23,39,44,47,30,38,98,151,149,137,127,171,152,136,128,76,125,141,147,135,108,64,138,133,38,27,29,25,24,23,17,19,20,19,88,113,123,135,124,124,128,130,118,141,139,140,139,87,76,114,121,113,13,14,22,102,52,13,16,22,28,29,15,21,81,70,42,21,58,47,33,42,40
32,31,25,24,43,42,36,32,43,35,50,60,42,34,20,29,31,32,38,27,23,34,27,27,42,42,34,45,112,120,61,111,67,36,41,39,42,40,38,36,32,146,158,193,188,176,186,175,76,178,180,178,175,165,157,141,125,91,40,28,29,15,12,20,21,19,20,30,42,49,48,35,36,137,140,150,134,128,154,153,123,38,35,29,52,141,139,140,122,135,141,76,20,25,24,24,21,22,17,19,42,95,119,128,135,132,131,129,133,138,146,142,142,140,144,134,130,130,128,127,48,15,90,103,26,13,21,25,33,13,20,42,82,67,31,45,33,42,33,44
30,31,27,42,46,43,26,53,37,28,63,228,62,36,28,34,31,29,34,28,31,32,29,34,37,49,43,36,37,237,194,199,221,40,44,37,43,40,35,42,82,179,195,161,199,137,178,96,173,174,185,170,169,166,169,167,143,142,84,66,26,29,25,28,19,18,23,39,46,38,45,43,56,162,146,145,138,147,125,162,148,37,30,31,26,88,147,137,130,136,140,125,29,25,25,27,23,17,20,19,102,120,124,128,140,136,131,135,131,134,141,139,141,140,139,138,129,67,98,141,129,80,118,115,40,15,17,17,24,19,13,18,63,70,33,27,47,34,29,30
38,26,30,50,69,62,64,54,46,56,64,54,121,62,37,38,39,35,34,25,29,35,34,28,33,33,58,51,26,147,178,177,197,48,45,44,39,40,38,49,91,157,179,198,182,164,182,161,176,188,173,178,175,172,174,166,176,157,140,122,141,72,65,57,26,28,32,41,47,40,36,61,160,157,147,141,141,156,115,147,138,28,35,35,29,39,111,129,152,138,137,135,75,24,22,24,23,22,22,24,127,118,127,131,135,136,133,124,127,136,141,140,142,136,132,139,136,49,7,67,139,124,114,125,112,19,12,17,19,42,31,22,72,64,51,31,32,35,31,29
62,48,50,44,72,47,55,51,49,51,56,56,71,44,41,46,39,25,17,26,33,31,29,37,32,43,39,33,43,223,186,212,190,45,47,52,44,37,36,48,117,159,115,167,137,91,146,184,178,181,182,178,174,170,174,173,170,175,172,177,172,76,82,75,28,51,48,30,41,37,64,151,77,59,73,140,139,136,122,121,149,59,42,29,29,35,34,124,136,140,136,145,126,30,27,19,18,24,24,19,118,117,129,135,133,137,134,126,121,137,141,141,138,142,142,140,138,95,14,17,44,128,127,117,116,30,1,14,18,16,23,11,71,67,73,40,52,31,30,53
31,64,67,63,49,38,39,44,59,48,72,59,45,47,43,40,31,19,17,29,33,24,30,34,36,41,45,50,41,199,191,193,145,48,50,44,52,41,39,44,53,55,57,104,125,172,190,183,179,180,177,176,176,172,180,170,172,172,178,181,187,126,105,113,67,128,103,38,47,141,156,28,40,28,34,156,137,129,127,136,152,105,34,37,23,25,23,39,89,74,140,139,126,41,27,29,24,23,18,73,137,122,128,137,130,134,131,133,137,145,145,146,145,144,142,140,141,143,29,21,7,53,128,109,116,101,19,19,18,18,26,13,77,75,69,34,42,26,27,37
48,42,34,64,51,57,48,32,26,69,26,66,66,36,38,28,22,18,16,37,24,19,29,32,40,45,41,55,40,34,63,180,107,61,39,47,39,43,37,41,34,36,91,63,135,189,193,169,180,178,172,177,180,172,178,173,168,167,180,181,180,187,74,96,136,140,120,169,167,168,39,30,40,47,25,148,139,124,137,140,152,128,34,34,29,33,28,31,37,22,102,140,141,100,32,27,26,24,38,122,123,132,135,134,135,132,136,134,139,142,145,147,148,147,144,142,145,138,138,29,17,17,116,127,120,113,27,20,16,26,20,27,97,88,64,41,44,36,36,34
42,51,34,48,48,49,60,45,48,49,63,44,41,41,36,23,18,15,25,34,21,24,30,33,33,43,47,43,51,43,36,59,33,55,80,49,34,39,36,38,41,44,142,85,112,190,178,197,180,178,173,173,174,173,169,162,165,170,181,181,179,175,77,81,165,135,147,161,174,32,41,22,38,31,109,160,139,130,153,148,159,142,35,27,33,33,31,28,27,35,54,129,144,135,99,24,26,54,127,131,135,144,103,47,117,127,138,136,145,146,146,148,148,149,148,146,145,150,140,147,65,35,126,128,126,106,55,12,13,17,14,19,95,89,68,35,35,24,28,36
40,50,18,37,33,50,56,47,53,49,58,46,45,34,25,18,19,18,21,25,14,22,23,24,32,45,45,40,39,40,34,40,37,36,35,253,66,35,34,21,20,50,104,174,246,128,171,188,179,175,172,170,172,164,154,160,168,185,188,182,177,176,88,79,167,170,157,161,89,30,26,33,34,147,157,144,140,145,162,158,160,155,28,36,27,25,25,27,26,30,26,49,155,134,140,59,72,107,115,125,129,133,94,21,22,58,124,134,142,145,147,147,152,152,134,137,148,143,142,134,133,130,129,137,125,119,101,19,16,16,12,14,104,83,69,36,39,23,21,42
36,33,46,26,70,47,54,56,34,44,50,51,54,41,23,18,15,13,14,14,18,19,21,20,23,34,28,30,36,38,34,40,34,38,38,8,61,68,40,37,44,49,78,154,129,191,171,180,175,177,179,174,173,168,169,175,175,181,178,173,178,168,77,81,159,173,164,150,57,25,28,45,142,171,149,146,130,148,158,160,150,164,66,26,31,25,26,30,31,23,34,20,154,150,139,109,115,121,112,129,126,131,127,19,33,16,142,135,141,145,146,151,151,150,149,146,151,145,139,129,135,133,128,131,130,122,109,15,17,12,18,20,60,70,64,40,34,30,32,33
49,28,34,53,49,52,51,45,46,45,34,51,5,33,21,17,14,7,14,23,21,21,24,26,29,39,34,38,47,47,37,43,46,48,56,29,27,33,56,127,32,51,106,150,186,181,184,169,174,175,191,187,181,187,174,172,186,184,179,179,183,183,91,100,114,155,155,145,60,55,132,160,159,163,150,144,132,150,151,156,138,167,133,33,28,29,28,29,27,31,22,33,139,145,135,127,119,108,111,123,121,125,129,21,23,27,121,139,136,143,145,149,148,154,144,147,149,145,138,129,137,138,138,133,130,123,116,65,16,16,16,16,26,64,42,49,41,42,44,23
32,56,50,51,54,46,23,32,42,40,73,99,12,39,19,16,15,16,26,32,30,25,27,29,36,39,47,45,47,51,42,45,43,40,40,61,25,21,172,104,27,25,27,69,157,180,138,172,183,182,188,187,185,186,184,184,184,186,192,194,188,185,149,113,75,159,158,157,156,161,165,152,159,157,151,141,153,152,149,151,154,153,162,36,31,30,29,31,29,17,23,30,102,146,140,131,116,94,107,121,124,122,123,25,17,17,48,139,139,141,148,150,150,151,148,149,146,136,135,129,133,135,139,129,127,129,120,103,22,15,10,11,10,45,53,42,37,35,26,39
41,43,45,67,49,50,40,35,25,63,53,57,10,44,22,14,22,27,30,28,27,34,39,44,39,39,46,49,45,42,39,42,41,45,36,35,151,165,128,197,55,21,12,74,154,179,178,179,186,182,187,190,194,194,198,190,185,191,195,191,188,181,190,90,87,146,163,157,142,72,131,156,150,149,148,146,153,146,150,165,146,142,166,94,32,26,18,17,33,24,24,26,35,137,139,130,111,116,109,119,127,126,117,19,22,23,35,134,138,145,148,148,151,153,149,147,143,137,138,143,142,142,134,133,127,126,118,122,80,56,13,9,11,16,70,44,48,52,35,29
48,34,45,32,85,54,54,37,38,64,116,0,52,60,23,15,14,25,26,33,40,38,34,30,29,33,32,32,34,33,32,35,31,28,30,118,171,94,29,67,28,27,16,27,144,168,178,186,180,177,186,190,194,199,198,195,188,194,196,190,187,184,176,96,84,176,108,34,27,39,91,174,162,151,152,152,146,151,171,162,151,142,147,183,83,41,36,111,55,22,21,31,20,75,150,140,147,115,113,121,123,116,126,23,20,22,23,131,149,143,146,147,152,151,152,145,141,140,140,142,139,134,129,131,127,127,130,114,114,103,60,5,10,13,26,41,49,43,35,40
40,46,43,56,84,49,58,30,38,42,129,81,93,98,24,17,12,22,21,28,31,37,34,30,27,26,30,33,33,32,32,34,28,28,33,29,27,34,24,60,35,23,61,24,128,170,181,107,176,181,191,186,195,200,197,199,198,195,192,192,191,174,182,100,71,81,24,35,30,41,142,176,163,166,163,153,148,166,184,170,153,143,139,123,155,141,42,158,67,30,25,21,23,23,133,140,135,117,112,116,125,121,123,54,21,21,25,149,141,145,144,145,145,143,149,148,145,139,139,141,139,142,135,132,122,127,119,127,117,110,107,44,8,14,7,61,47,41,39,35
58,36,69,54,90,44,48,47,64,69,140,140,86,108,17,8,11,21,20,23,28,34,34,30,28,23,28,35,41,37,33,33,28,24,36,18,21,29,31,47,28,37,21,42,98,184,187,122,171,182,186,191,198,194,195,198,199,197,194,193,190,185,180,150,81,69,24,42,24,127,176,162,164,168,167,168,170,179,179,166,150,140,127,58,168,157,129,157,63,24,26,24,21,25,85,139,133,126,120,117,122,126,132,114,23,19,26,139,142,144,139,143,137,139,139,142,145,143,141,139,134,129,125,126,118,116,115,105,109,116,103,92,54,39,69,73,50,31,47,31
49,38,33,61,47,48,37,44,29,130,138,124,107,48,31,12,36,55,20,29,37,43,51,43,39,33,41,27,44,51,84,32,67,39,22,34,44,46,53,30,22,36,42,174,177,193,184,188,174,180,192,196,198,204,194,200,193,176,195,193,194,183,194,165,65,78,27,93,163,165,169,166,168,170,157,154,169,181,165,159,28,6,68,32,144,158,162,164,40,27,28,25,21,29,32,144,126,131,132,138,136,135,133,127,8,18,27,134,147,139,142,140,139,141,135,131,146,142,141,134,131,125,120,118,107,103,103,104,106,104,103,87,77,57,72,55,60,37,36,50
74,37,40,53,61,35,57,67,54,50,135,112,114,98,39,19,106,28,12,27,51,46,58,57,54,58,42,77,92,86,103,45,81,40,31,18,41,30,44,48,38,90,122,89,177,183,195,193,192,179,196,201,170,122,85,55,62,87,88,118,94,130,181,188,78,72,176,172,163,166,163,161,166,175,174,167,158,163,133,143,56,15,13,12,102,157,159,151,29,22,23,23,21,18,21,144,140,140,142,148,144,148,146,137,48,29,25,150,153,149,142,142,142,145,142,140,148,141,139,138,127,117,104,94,83,89,94,100,102,97,99,93,80,83,73,74,35,38,41,43
55,51,55,31,78,47,26,58,75,72,129,103,115,130,139,113,137,63,0,15,39,64,79,76,56,33,29,37,37,33,50,17,23,19,11,42,31,128,171,187,161,171,144,136,187,194,183,189,192,186,161,77,57,65,55,54,52,53,44,46,45,42,44,152,110,90,128,177,171,160,159,155,168,180,168,159,144,113,37,30,52,67,18,21,108,165,166,154,30,27,25,21,19,16,15,138,141,145,144,148,145,145,143,144,136,52,25,148,147,141,142,144,147,144,141,145,150,150,138,134,124,111,96,85,77,82,83,87,91,99,91,88,79,77,73,65,44,38,39,36
38,56,53,51,23,38,55,61,36,50,77,129,124,124,130,135,143,100,19,17,37,51,44,39,40,34,27,44,39,37,35,43,28,26,29,32,32,164,188,186,178,191,73,136,202,198,188,186,188,199,185,101,54,60,70,59,41,46,40,40,54,34,57,169,156,76,87,173,170,165,169,162,171,174,170,162,136,33,26,185,18,8,34,26,147,165,163,155,40,27,23,19,17,15,17,139,146,152,145,145,146,152,157,147,150,148,73,151,143,144,145,148,149,146,147,148,154,148,140,127,113,109,101,96,85,83,87,90,87,89,80,86,80,87,71,74,50,44,37,41
52,51,50,46,43,30,41,38,53,54,68,125,120,113,128,143,140,154,13,18,39,40,44,42,32,34,38,32,40,43,44,38,36,30,22,41,105,177,181,180,181,182,186,135,193,196,196,192,193,195,201,198,195,154,54,73,46,43,44,45,34,32,78,187,175,103,176,179,172,179,174,163,165,168,164,148,85,30,27,27,40,13,27,21,162,169,166,157,43,23,24,22,11,21,4,148,152,151,149,147,147,154,156,156,158,154,144,148,150,146,146,150,152,147,149,147,156,152,149,128,114,118,115,95,89,81,90,98,96,96,83,87,76,71,76,77,61,37,48,37
36,47,27,34,34,41,43,46,53,59,64,142,132,125,126,142,160,159,33,23,33,36,44,39,62,53,45,52,41,46,41,35,49,42,53,32,164,189,185,187,184,167,85,144,195,194,192,189,190,193,193,199,208,210,175,82,49,48,36,42,41,49,141,190,170,89,173,184,180,179,171,54,27,47,104,62,19,18,22,6,17,47,31,24,115,163,156,165,114,20,20,14,26,18,81,143,135,152,144,141,149,153,152,152,160,153,140,147,149,146,147,151,154,151,149,149,149,155,152,147,127,135,130,107,91,81,83,86,94,91,88,83,66,76,87,77,70,31,64,47
47,26,37,35,40,46,24,57,77,54,103,150,124,113,114,136,152,168,90,31,19,33,42,57,56,41,59,51,50,43,51,43,49,44,48,104,177,197,190,192,187,191,122,203,202,198,190,188,191,188,188,200,193,195,187,196,118,55,64,55,66,161,187,180,121,129,175,188,187,110,26,28,37,41,40,32,25,33,25,20,12,43,30,31,49,154,152,161,175,43,12,15,19,36,132,138,158,142,143,148,154,161,156,151,156,149,148,147,150,148,150,153,156,154,148,148,147,155,157,151,147,137,135,122,109,89,90,83,82,89,105,108,92,77,76,76,57,40,32,49
43,46,42,44,47,34,51,58,49,33,26,117,99,108,113,133,153,150,148,167,39,25,38,48,45,160,160,148,131,67,41,46,48,46,55,161,180,190,190,188,186,194,81,176,191,195,189,192,194,185,188,187,190,205,194,197,212,182,181,190,189,178,185,179,87,71,176,187,83,29,18,36,40,41,55,30,35,17,18,24,12,40,20,28,41,139,161,154,154,133,35,16,16,22,119,160,153,145,150,155,156,155,156,153,150,144,147,149,153,151,153,154,155,154,150,149,148,149,157,147,151,144,140,130,120,117,117,101,94,85,90,99,102,102,67,54,48,29,33,37
46,43,42,54,47,52,40,41,65,47,65,122,96,112,120,143,142,153,155,160,146,46,29,62,130,158,164,149,152,145,139,124,107,79,176,187,185,181,183,192,176,181,84,193,194,193,191,191,188,196,192,192,200,201,197,197,196,194,193,189,187,187,183,171,85,84,174,179,71,23,30,36,37,42,37,25,36,28,23,29,20,39,72,35,36,61,160,148,150,154,87,20,24,17,39,149,119,156,156,160,158,159,159,149,154,150,149,150,155,154,152,154,160,153,149,150,146,147,153,156,149,148,147,144,139,142,137,128,115,96,95,92,92,88,74,67,38,50,45,52
32,36,38,57,50,53,50,43,57,53,48,107,124,107,119,142,138,148,157,158,161,142,140,158,170,176,166,155,158,158,170,157,169,167,188,193,185,185,190,189,193,64,100,192,185,197,190,178,192,196,194,191,184,198,200,200,194,188,187,190,187,187,174,168,88,67,179,92,30,27,29,35,36,40,37,35,26,25,24,16,15,13,32,30,30,39,165,158,164,150,46,27,27,21,20,127,151,155,160,162,157,156,155,151,152,151,150,155,157,157,159,158,160,152,151,147,148,154,159,162,152,155,159,159,150,151,149,146,139,133,120,97,94,79,84,75,52,41,52,31
31,31,30,38,42,64,57,65,55,57,59,32,104,116,121,143,142,141,152,156,156,159,159,165,169,164,165,164,158,157,151,172,167,188,184,183,175,196,189,179,179,169,124,177,205,189,184,186,188,189,193,178,186,197,198,195,194,191,189,185,185,183,188,174,123,90,65,25,21,28,28,33,33,37,36,29,24,25,21,25,21,54,30,27,26,45,156,161,161,162,35,31,30,23,24,43,90,154,157,154,156,159,154,155,155,154,161,152,162,158,159,159,162,154,151,150,149,145,156,159,160,166,163,157,153,146,147,150,147,143,129,119,103,83,79,77,40,34,36,42
59,37,51,44,70,55,75,70,43,61,53,56,109,129,130,147,140,138,143,153,159,153,166,165,173,166,163,163,159,154,148,152,161,185,188,183,195,186,195,181,187,101,185,202,202,194,184,185,189,184,193,174,187,194,200,195,198,194,192,189,186,180,179,182,107,92,82,9,29,30,26,31,30,34,31,27,24,19,20,17,62,39,32,30,29,102,164,156,159,164,55,28,21,126,32,24,31,147,157,156,156,148,155,156,158,155,158,156,159,155,158,160,163,150,147,141,140,139,153,156,157,158,163,159,156,153,152,152,147,134,125,109,102,97,87,83,82,53,38,34
71,60,49,53,57,53,44,60,38,59,64,89,39,123,144,126,132,132,137,150,155,160,163,169,173,175,170,154,158,156,130,139,142,164,188,186,190,191,190,175,171,122,184,181,181,184,182,188,187,180,186,182,186,196,195,199,196,200,189,187,182,178,175,168,66,88,83,25,22,27,25,30,26,24,31,27,21,16,25,18,131,33,30,27,29,55,155,165,164,158,121,31,19,113,30,30,31,145,157,167,150,151,153,156,154,146,160,165,152,141,158,162,162,142,122,115,127,140,153,148,149,162,158,163,158,159,150,149,142,146,131,113,114,118,90,83,60,44,42,58
37,42,44,42,76,41,58,54,51,60,66,55,28,124,140,142,130,129,129,149,156,158,161,164,162,156,136,128,131,141,148,123,140,160,189,189,184,181,179,156,183,100,180,182,198,189,184,177,188,184,190,179,190,195,200,202,202,194,188,186,187,184,191,186,103,82,87,32,18,25,25,26,23,23,23,21,20,19,19,92,131,66,29,28,25,32,165,162,160,166,112,33,1,53,32,26,33,65,155,150,148,152,152,162,157,157,164,166,150,113,168,160,158,127,131,108,117,123,131,143,156,154,158,168,159,151,146,148,145,146,137,125,124,103,110,82,53,53,40,32
63,69,40,33,41,35,51,61,89,48,39,40,62,130,116,132,123,122,125,150,147,149,152,169,161,155,134,130,123,131,139,124,135,159,179,180,182,174,160,191,72,138,173,184,179,190,190,185,190,190,193,180,190,193,203,204,203,196,192,186,187,183,180,173,31,101,74,46,24,22,25,22,21,22,21,20,18,17,18,137,138,124,30,28,27,31,157,159,159,152,143,37,87,30,29,22,23,45,147,153,150,148,150,152,162,167,148,166,172,119,163,165,143,111,111,117,133,141,144,124,139,145,152,130,156,155,150,144,138,133,142,136,105,108,89,81,57,39,47,39
34,21,44,43,53,66,95,75,81,53,54,125,160,127,121,107,112,120,128,142,149,157,162,170,163,148,131,123,125,127,122,129,141,165,173,168,173,173,181,192,153,173,183,169,169,186,193,193,195,192,190,184,183,194,201,200,199,194,192,190,190,189,191,178,109,58,79,58,19,19,25,22,24,22,21,20,18,18,18,144,135,145,35,31,31,31,160,161,160,156,153,20,170,23,16,24,17,95,159,153,149,149,154,155,162,145,153,166,169,118,159,149,119,121,143,147,154,149,155,155,135,143,137,105,158,151,149,144,140,124,124,127,114,107,106,101,71,28,45,43
30,38,43,37,67,85,84,50,58,73,145,147,145,143,140,128,108,111,125,132,145,152,156,168,161,146,130,122,118,131,121,130,138,158,168,169,166,174,173,115,93,170,170,177,168,181,186,199,194,196,192,185,179,194,204,201,195,192,195,193,185,186,180,192,173,29,97,78,13,22,17,23,22,18,19,21,20,18,14,146,141,143,34,38,24,45,156,139,144,157,137,29,139,11,19,15,12,42,159,146,154,140,148,168,101,145,142,139,149,135,143,115,139,148,148,145,153,111,158,152,145,137,113,120,153,153,155,132,133,128,119,117,105,115,115,99,82,41,38,21
34,43,62,109,73,53,30,88,75,161,149,146,138,147,142,154,129,99,114,123,140,150,158,161,154,142,132,122,124,115,121,141,139,163,165,162,166,152,169,169,119,168,164,166,180,185,185,197,196,195,194,189,184,191,195,199,199,189,182,187,183,182,185,177,154,29,98,78,25,29,22,24,21,18,22,23,19,14,101,144,129,150,71,38,93,107,151,146,157,141,138,54,82,16,5,16,20,128,149,148,158,165,155,170,161,174,163,145,148,133,114,127,139,140,132,143,150,120,151,138,111,123,122,105,146,150,147,132,133,133,122,121,136,108,113,117,93,74,39,42
32,57,91,36,75,41,30,85,90,160,151,140,145,153,151,144,143,79,119,120,138,150,159,162,166,167,169,159,149,150,176,173,167,162,166,163,163,151,173,171,52,154,156,183,167,172,180,188,193,190,192,190,191,193,198,203,194,191,185,181,170,171,189,191,176,91,79,85,34,26,23,24,20,18,18,21,27,8,110,144,115,98,66,60,128,139,140,148,135,132,135,75,98,21,22,13,13,142,150,139,123,146,154,163,167,168,155,128,125,128,105,156,120,118,141,157,154,139,159,146,147,128,122,59,149,129,146,150,125,135,127,128,129,133,130,108,102,95,28,41
56,53,15,43,52,55,60,42,64,110,138,138,140,153,152,164,167,101,111,139,142,146,157,151,147,156,172,168,151,151,162,175,164,148,161,157,140,151,113,67,177,163,168,158,157,179,182,182,191,190,195,191,194,194,184,194,193,190,179,178,173,179,170,177,183,98,76,81,32,23,18,22,20,17,19,20,22,26,117,93,64,75,55,88,145,139,133,129,127,132,122,118,124,131,20,14,86,134,159,95,141,148,129,122,155,99,139,117,92,103,98,128,141,148,140,152,153,158,151,143,133,140,106,105,122,132,133,140,143,119,93,92,125,134,124,113,109,76,72,27
38,69,55,34,53,45,41,109,132,146,145,139,129,153,165,166,152,112,118,132,129,142,155,152,146,157,168,152,144,125,134,142,153,149,139,138,106,124,127,47,74,159,164,63,44,26,127,176,174,193,188,192,197,189,187,193,187,170,190,175,175,177,179,175,182,137,103,80,57,62,35,29,26,21,25,35,49,45,53,61,64,67,72,127,144,143,143,119,118,124,82,135,106,107,100,101,108,134,137,147,81,121,113,136,87,73,114,144,157,111,85,158,156,147,151,150,147,159,152,153,131,120,110,82,116,141,129,137,136,142,117,126,100,108,130,111,115,87,82,33
35,59,55,59,45,64,151,72,98,97,121,137,100,126,185,138,131,120,110,128,125,142,151,146,158,148,138,145,141,138,115,91,92,79,93,97,117,150,45,29,74,155,163,122,26,34,33,24,174,54,163,197,182,190,194,191,186,176,180,183,178,173,180,180,173,66,99,91,77,75,68,83,88,55,57,73,56,50,62,64,65,131,138,127,134,134,120,107,117,116,49,129,100,101,106,82,85,85,103,105,105,99,62,75,100,99,82,94,113,115,77,100,128,108,126,131,140,131,120,129,136,128,88,102,64,87,134,130,127,131,134,116,123,121,117,112,116,104,86,67
55,74,28,68,89,88,41,50,77,98,88,81,78,81,68,152,119,130,122,116,119,137,142,133,149,142,163,166,166,117,79,92,89,107,114,121,132,160,108,45,174,122,137,152,27,21,25,36,25,50,14,117,189,175,192,188,181,178,188,175,174,180,168,184,170,66,87,90,55,58,75,87,77,62,60,48,79,61,108,123,108,150,125,132,132,111,96,126,110,88,67,86,92,84,66,139,79,58,128,82,91,67,98,110,121,94,75,76,57,79,78,85,131,152,159,159,138,158,148,127,128,134,96,99,35,71,79,113,148,136,135,146,117,127,126,114,126,118,99,95
79,106,62,41,103,115,44,79,84,109,123,20,86,255,86,101,98,73,123,108,118,130,134,138,135,153,135,101,77,93,87,72,92,124,131,139,153,146,146,143,167,170,149,164,76,30,17,33,24,22,38,48,157,179,186,185,181,186,184,175,172,170,178,170,155,63,82,76,53,76,79,68,113,118,84,29,93,118,125,131,123,137,107,141,120,94,107,83,109,127,143,176,103,64,149,117,108,82,59,102,79,74,78,66,83,100,96,97,109,150,109,79,72,145,143,146,134,141,139,116,134,75,107,90,24,55,71,90,74,114,124,142,112,140,105,103,107,113,98,80
84,16,58,64,127,125,77,85,74,107,88,113,87,88,92,65,62,32,125,125,123,122,128,136,139,136,150,86,73,77,100,128,143,138,148,149,153,164,157,164,170,162,165,151,161,140,24,23,24,23,32,59,190,191,179,188,188,184,173,162,180,166,163,166,131,87,74,68,54,102,67,84,132,132,140,90,107,115,127,134,105,73,73,72,83,100,34,15,50,104,168,155,143,66,100,104,95,115,87,99,39,70,85,58,94,89,112,89,107,88,107,157,106,108,124,128,113,89,92,116,65,50,82,90,46,24,72,77,54,69,132,132,90,123,126,130,108,123,105,95
60,73,51,81,67,69,98,116,164,100,104,100,118,83,43,69,58,46,127,130,108,125,122,121,107,115,145,100,101,113,142,157,159,155,150,166,155,171,167,172,173,175,157,161,158,167,71,42,25,25,37,118,191,187,181,178,173,178,176,180,170,175,178,171,166,71,85,73,73,77,70,76,107,158,137,102,125,126,116,152,79,86,76,61,124,74,82,82,46,56,134,63,107,155,122,133,113,84,108,77,98,98,65,72,73,45,63,106,102,82,84,105,68,51,114,103,135,138,94,117,69,111,117,86,58,46,94,70,92,55,94,111,142,119,135,117,107,131,117,105
92,68,116,104,101,114,75,114,168,107,35,100,85,64,80,70,65,104,115,118,108,118,121,115,108,105,145,121,136,121,148,154,153,141,158,157,170,176,176,177,174,166,154,158,115,144,162,43,23,32,18,163,184,182,185,183,181,185,183,182,175,176,169,181,105,86,94,188,138,70,79,88,156,156,148,130,119,114,128,143,100,72,64,61,120,84,76,66,142,19,89,109,98,74,73,141,128,94,72,144,134,137,98,41,70,82,140,75,57,108,69,53,58,110,55,100,63,67,82,34,19,93,81,101,82,64,110,110,73,55,1,66,42,99,117,121,93,88,121,126
47,93,86,98,110,133,79,65,160,84,52,112,106,92,58,92,69,107,119,110,102,108,99,80,77,112,150,143,149,142,145,143,144,155,152,169,163,168,169,167,165,156,160,153,160,103,152,167,14,10,90,177,188,184,177,179,180,182,181,180,178,175,175,165,94,78,145,178,179,162,100,83,148,143,144,129,107,133,134,132,103,51,77,92,34,59,64,64,34,70,80,94,58,82,64,68,62,56,74,92,112,75,52,66,156,144,60,73,68,86,71,74,115,90,47,84,94,18,62,155,127,94,39,64,73,99,104,57,47,62,42,53,55,123,124,135,118,112,114,101
83,88,75,74,73,45,104,29,136,69,77,68,128,93,81,45,83,108,120,101,102,76,77,70,109,123,127,75,123,135,150,141,146,132,159,170,150,176,158,154,161,165,149,168,163,151,132,164,159,78,111,171,180,182,177,178,183,185,182,183,176,171,173,131,67,68,175,166,176,175,170,165,161,150,137,126,108,140,126,119,120,74,55,61,72,98,98,83,52,127,97,81,86,106,69,60,59,102,120,129,163,105,139,48,171,52,55,52,110,73,121,53,87,54,87,124,80,84,62,64,20,52,99,72,109,92,70,84,95,63,72,73,40,73,92,119,131,125,148,125
83,63,68,30,74,89,60,94,125,57,74,110,92,74,82,99,49,121,101,89,95,75,82,81,120,122,139,117,132,142,145,151,144,149,145,158,160,179,166,161,163,157,154,163,158,162,156,123,164,142,155,171,184,178,169,168,180,180,188,182,176,171,170,77,75,160,168,164,173,172,169,164,161,150,142,109,126,146,132,101,125,61,127,87,57,81,65,80,94,122,99,54,60,77,113,71,104,98,137,57,146,57,72,140,87,62,81,80,88,106,69,23,84,208,56,30,70,46,71,87,69,40,42,83,78,80,105,67,106,73,66,61,73,85,90,68,90,107,113,132
57,37,81,91,37,33,73,79,140,86,85,87,87,97,92,60,71,144,107,61,78,96,106,123,138,143,107,133,134,151,140,141,140,127,129,120,160,157,170,176,167,169,165,157,161,159,161,169,127,156,153,170,178,181,176,165,172,172,177,184,169,173,139,83,118,174,167,168,168,166,165,161,159,148,139,104,107,85,63,85,98,80,113,102,85,44,87,71,68,83,34,70,77,117,89,31,119,117,152,120,82,47,112,108,71,51,99,82,118,123,101,89,89,121,94,89,105,88,100,92,64,93,73,51,66,79,57,75,78,35,64,93,90,71,55,31,75,107,86,77
53,57,87,94,91,101,95,99,103,96,103,89,81,129,93,55,102,134,113,66,85,113,124,144,147,148,129,109,137,141,146,134,127,115,109,106,142,157,142,127,139,154,159,166,97,121,156,154,156,151,153,160,185,179,179,175,175,170,170,179,160,158,66,74,119,144,167,170,166,169,160,156,154,144,139,114,92,76,108,115,127,38,109,81,55,57,96,77,96,30,62,136,47,130,87,73,145,132,107,65,71,123,71,53,126,74,112,77,58,84,62,50,67,60,62,92,103,65,100,124,81,88,113,73,96,84,95,97,73,84,80,112,151,114,77,67,99,151,224,118
53,83,46,27,48,66,77,83,63,115,113,119,121,130,108,139,34,91,105,75,81,100,130,137,138,117,129,131,120,115,135,113,113,105,123,138,123,138,148,127,152,165,169,169,152,148,114,176,165,133,155,148,183,177,184,163,179,172,168,170,160,96,66,47,94,101,129,172,166,175,158,164,151,131,143,133,107,91,104,33,120,89,102,94,70,86,36,63,125,100,98,39,68,54,104,136,129,124,39,61,119,110,56,100,59,94,21,96,82,61,116,131,41,54,72,72,97,98,79,55,90,92,83,85,79,70,15,50,91,147,104,115,76,130,79,93,87,134,122,121
48,44,51,58,69,93,67,50,68,67,65,72,55,97,64,71,123,105,78,100,105,132,119,134,105,124,152,121,109,111,114,118,127,127,151,161,154,142,138,122,139,164,158,161,172,173,159,155,153,151,142,170,178,186,180,180,179,174,179,144,153,66,65,172,108,113,100,162,157,171,160,147,120,118,95,100,97,71,69,51,136,104,93,145,120,128,114,123,96,104,86,86,104,110,126,118,105,127,86,92,126,64,69,51,58,92,87,74,103,63,94,116,80,39,47,91,80,37,76,59,49,65,66,47,61,77,76,82,85,111,103,95,94,75,62,80,82,113,113,126
57,72,85,135,141,112,97,90,76,98,48,35,52,63,66,64,44,113,108,114,116,119,122,108,130,105,89,118,116,121,133,159,153,154,162,162,146,144,139,148,136,153,152,185,171,165,144,87,142,162,160,160,162,173,169,176,171,165,160,131,83,58,90,107,135,88,142,136,158,120,109,128,138,128,124,145,129,102,55,112,120,90,82,104,63,101,157,96,119,90,104,131,81,115,113,100,105,108,68,104,54,58,64,104,150,102,102,68,41,107,78,65,129,105,99,63,100,61,172,41,100,85,97,93,109,101,121,103,102,90,72,69,55,54,65,45,54,86,91,69
78,91,98,38,81,56,47,48,44,101,63,56,122,78,135,81,86,88,99,119,113,114,103,123,129,69,114,125,140,160,167,161,152,172,170,159,146,145,146,140,142,161,160,182,181,163,163,137,151,161,159,166,163,162,172,162,154,154,143,81,78,70,150,146,101,129,129,109,89,155,152,143,140,120,143,114,70,89,98,73,115,98,109,28,79,99,100,58,101,128,126,91,79,40,60,117,93,64,53,76,103,50,48,68,91,92,64,89,126,95,78,72,108,127,126,66,65,83,164,99,68,148,73,141,144,112,116,73,62,156,97,119,91,51,55,65,65,47,65,94
51,50,56,91,89,79,46,50,53,122,121,55,129,44,62,49,17,117,90,115,112,98,128,135,90,115,134,124,142,159,143,141,153,169,170,156,154,124,136,146,142,140,169,174,177,168,169,165,138,179,156,103,141,154,149,97,27,100,77,51,48,97,107,156,155,96,86,106,159,138,146,146,137,123,161,113,57,76,98,109,79,70,103,101,100,44,72,36,79,109,82,107,92,106,141,108,104,74,44,69,92,125,107,90,113,130,116,182,60,14,107,110,91,78,71,107,83,105,85,149,126,100,120,86,114,68,92,112,49,34,61,105,101,53,87,109,104,63,57,80
86,80,42,79,79,82,74,63,51,154,136,69,34,44,52,75,81,93,95,112,117,120,132,82,108,135,112,126,138,149,138,139,166,175,175,173,161,170,145,137,147,158,179,187,187,170,172,175,127,95,124,174,158,111,25,50,74,165,145,120,122,103,105,113,118,118,79,86,97,65,112,147,90,122,85,92,91,120,54,100,70,78,162,91,119,92,129,95,89,69,39,144,135,92,68,137,115,62,74,124,97,103,137,105,117,114,115,114,166,121,47,129,102,58,85,118,181,146,138,97,62,85,42,69,118,84,90,80,153,72,13,61,142,122,86,93,75,56,88,91
97,34,65,36,44,62,50,59,85,68,30,43,90,36,85,72,86,87,97,100,112,126,122,87,123,137,97,111,118,108,141,167,161,168,163,159,157,162,146,134,169,169,186,177,167,176,176,171,149,153,125,50,107,166,160,180,119,139,39,62,162,103,67,110,88,73,157,143,111,137,128,135,97,101,3,101,64,72,112,57,57,88,114,107,157,89,97,104,116,123,131,172,119,89,110,132,86,106,108,111,100,102,58,71,74,110,152,61,103,58,67,54,130,75,66,47,113,91,120,77,91,92,69,74,73,94,56,95,98,184,79,43,62,43,63,71,60,35,51,56
64,54,47,74,44,25,63,117,99,76,87,59,51,61,85,78,61,93,84,86,96,93,85,118,112,115,99,126,142,113,152,159,160,175,185,172,176,156,155,164,163,180,186,172,176,168,170,174,166,160,164,114,87,89,133,92,142,139,56,134,113,98,27,135,162,97,125,100,122,129,150,85,148,103,89,106,123,177,133,102,120,89,149,139,111,82,116,121,41,47,95,121,105,86,126,133,131,99,89,95,60,86,101,64,90,50,115,97,101,108,123,65,18,58,116,144,96,95,96,93,59,89,82,89,84,133,85,53,115,55,156,55,94,62,75,84,82,83,68,62
65,80,103,107,39,87,73,54,112,86,72,73,38,83,37,65,49,99,91,90,100,87,93,100,115,121,122,146,118,168,150,156,177,178,180,173,170,172,172,165,176,177,185,186,182,178,176,167,169,162,164,165,166,113,83,99,93,33,67,109,129,158,125,169,155,114,123,184,100,108,65,104,99,77,115,96,162,139,124,113,147,125,85,101,127,138,108,122,140,133,46,107,148,118,67,140,104,150,120,90,86,134,133,75,68,81,128,125,148,134,103,127,119,84,98,128,62,84,85,93,92,69,68,58,104,97,86,42,114,84,58,125,108,42,58,61,50,60,58,51
99,74,48,49,85,58,81,71,62,78,99,101,118,110,85,63,41,98,91,97,107,109,86,95,109,108,133,125,142,157,163,179,154,174,169,174,171,173,175,169,178,184,193,192,181,176,174,174,166,136,153,127,101,159,128,126,54,66,77,135,203,248,195,149,73,104,84,133,134,114,126,104,181,124,134,126,137,89,99,89,118,105,69,85,64,75,95,97,53,86,42,125,223,113,107,143,149,99,103,87,118,98,84,108,94,38,92,102,105,112,127,90,112,104,77,61,74,105,99,101,104,127,107,144,87,78,113,115,96,74,58,36,75,93,66,56,61,46,57,101
73,55,93,54,55,35,41,59,63,47,101,93,71,88,111,64,110,124,164,176,122,94,90,77,118,126,93,118,136,158,167,178,170,154,158,166,170,179,176,177,175,182,182,179,179,174,172,157,116,50,99,82,118,112,98,82,67,48,80,77,105,89,177,171,105,98,79,190,142,114,44,143,132,91,63,91,128,136,49,121,166,43,129,104,132,148,132,139,166,99,93,105,124,76,109,107,142,128,108,60,44,70,103,66,95,47,104,81,72,132,143,101,70,71,57,91,77,25,45,60,67,29,63,103,115,112,79,155,119,78,87,97,125,105,122,100,84,123,89,44
69,77,105,59,73,91,118,105,90,94,97,93,82,116,69,56,69,84,92,76,105,98,83,88,123,109,118,108,99,153,154,177,173,180,165,164,174,181,182,181,182,176,184,185,178,170,165,75,64,78,135,115,112,110,114,104,79,105,91,88,115,140,139,60,85,122,154,168,106,93,131,137,86,110,124,137,151,164,158,156,91,144,126,132,116,115,105,164,97,92,19,94,132,71,117,63,97,201,136,183,106,87,71,122,128,88,128,80,164,166,112,116,91,46,79,69,82,84,109,60,67,81,88,96,87,77,90,124,93,77,82,117,8,35,56,93,77,102,72,44
97,103,120,87,47,173,88,103,71,72,89,49,66,80,68,72,69,62,93,80,92,77,65,57,87,76,99,58,143,147,175,167,178,168,178,174,174,185,150,79,170,184,191,192,177,172,158,173,100,83,123,149,40,139,79,96,154,105,103,151,164,95,148,87,96,112,108,84,122,141,128,129,113,109,93,46,91,130,95,166,42,91,51,66,98,137,137,112,101,74,102,140,157,87,151,99,89,76,106,91,129,90,101,156,115,128,103,127,142,97,92,88,85,96,141,169,155,134,105,73,96,112,100,97,115,74,79,81,122,105,96,52,88,59,45,55,115,58,64,78
62,62,94,62,91,87,86,94,78,75,86,76,48,58,94,95,71,73,70,48,96,69,56,86,73,62,71,145,169,146,162,172,166,168,170,174,172,195,170,174,186,95,163,176,178,159,151,130,101,93,70,53,109,112,92,127,121,79,72,62,129,85,163,101,106,126,71,101,29,133,116,96,124,141,120,95,200,110,111,88,31,92,83,108,138,89,126,57,164,134,14,112,99,83,133,123,147,100,102,122,87,98,67,113,126,127,68,84,65,108,64,87,91,98,123,60,97,94,137,79,60,79,20,67,45,114,54,176,122,94,138,97,65,75,91,58,72,53,79,59
92,77,77,100,90,76,54,85,110,101,80,96,133,74,76,91,63,72,62,59,63,92,97,99,91,97,125,165,163,173,155,131,173,193,174,177,179,134,194,181,174,179,174,161,87,149,163,134,34,148,50,121,85,68,84,70,63,72,85,124,96,81,126,89,141,154,163,103,105,117,97,90,111,90,134,152,91,95,134,75,64,91,89,89,131,101,115,54,100,126,239,192,124,190,138,101,89,61,83,131,121,112,94,58,63,115,207,74,79,89,60,68,83,91,64,76,75,88,79,130,63,118,64,60,21,83,7,114,71,88,118,61,67,106,130,80,53,113,111,68
55,46,81,98,83,91,85,91,85,110,129,75,85,87,97,102,87,71,62,71,70,70,45,68,63,97,146,165,171,160,178,186,65,178,175,177,147,184,186,173,178,183,152,153,134,132,133,58,77,96,28,89,107,68,99,105,72,130,128,119,110,134,118,98,62,139,68,82,78,79,104,111,170,172,165,120,149,120,124,105,121,101,95,112,101,137,115,157,85,52,67,168,100,113,109,125,132,84,84,102,89,86,92,99,97,109,65,87,139,115,65,80,68,44,34,76,60,81,126,104,117,111,122,65,62,36,27,90,95,88,119,81,62,142,94,62,31,22,44,51
74,59,59,109,120,76,62,122,85,95,86,79,96,71,114,102,112,94,65,70,105,95,65,48,123,148,155,172,175,161,175,168,182,148,181,170,181,185,178,173,168,158,142,145,113,53,120,79,53,52,52,84,111,125,107,59,86,108,109,55,151,121,72,98,99,65,121,134,101,58,130,119,156,160,113,41,134,113,80,84,83,97,69,100,39,65,54,111,88,39,139,87,176,146,155,156,86,122,124,54,25,151,118,58,55,87,54,92,134,97,107,96,55,121,128,119,93,115,68,130,105,131,60,51,68,62,92,48,67,84,98,119,82,57,62,75,44,47,54,90
107,95,72,57,105,91,77,83,96,94,96,77,67,106,92,89,84,44,109,67,73,54,77,110,105,154,154,172,175,178,171,181,180,173,168,121,186,171,180,158,148,138,121,76,71,26,62,110,120,74,73,88,127,99,52,54,83,74,133,113,154,146,51,21,113,131,115,115,68,82,162,98,87,83,92,89,38,138,77,112,75,91,80,79,101,95,75,53,85,122,93,108,165,164,70,104,101,118,103,113,95,121,120,63,112,87,61,96,99,75,108,145,89,144,49,91,92,76,116,82,94,50,96,95,75,115,22,48,136,70,76,64,87,56,83,107,56,61,67,28
60,75,112,145,146,236,208,196,206,127,85,52,142,83,94,101,67,73,23,77,76,51,83,71,135,169,164,168,177,177,163,174,179,184,173,190,188,175,159,165,131,51,45,147,118,102,73,59,45,132,84,124,63,107,147,148,90,96,89,121,123,91,82,82,117,114,129,119,166,198,181,79,103,30,65,56,109,103,108,125,175,110,126,108,207,154,102,120,93,94,94,110,109,225,69,52,113,99,93,75,52,117,70,149,124,108,112,80,101,89,88,64,89,163,61,132,118,128,85,97,55,69,57,101,109,82,85,26,56,95,103,80,74,93,127,114,99,79,45,76
109,107,72,90,47,76,67,81,73,108,88,71,144,77,88,110,64,56,77,81,116,57,81,58,152,157,168,161,169,177,160,179,165,162,154,139,103,157,132,113,113,72,55,76,80,52,46,69,76,96,145,88,99,137,114,138,103,97,152,87,95,57,90,87,117,120,81,129,178,77,122,136,94,120,67,100,156,147,110,146,112,104,91,48,98,100,121,91,188,76,63,94,133,177,75,37,114,152,91,107,88,104,169,136,89,58,101,102,111,95,61,80,44,90,87,113,114,154,69,72,33,33,95,127,112,141,115,8,147,118,116,118,47,49,60,58,92,114,99,104
82,65,75,45,58,87,68,63,70,78,68,79,175,80,64,85,100,70,65,67,73,46,70,69,129,155,160,168,169,174,181,167,76,114,141,134,110,50,58,80,110,97,100,50,82,67,60,81,87,94,105,73,80,2,144,118,133,121,87,145,91,136,151,117,87,81,88,92,65,49,97,110,89,138,114,95,125,104,136,105,86,146,136,113,183,95,142,110,37,30,65,207,51,98,157,98,76,93,101,50,111,111,76,137,114,109,66,114,122,98,94,37,98,33,34,80,100,162,135,79,80,112,107,109,79,55,38,30,131,134,111,95,99,49,74,94,102,127,98,116
63,129,52,55,91,77,72,77,66,83,93,90,148,88,60,61,28,76,78,58,48,84,26,47,133,137,76,159,168,169,180,120,144,84,81,108,67,87,74,41,149,126,92,77,64,59,108,75,66,61,169,126,114,92,75,139,100,94,113,54,94,116,89,114,90,157,65,114,65,149,144,139,143,122,129,113,122,93,140,63,110,115,117,106,110,70,79,76,109,105,127,199,38,95,108,66,121,79,99,86,51,33,65,84,105,137,109,102,105,137,90,113,112,58,111,60,84,34,124,72,74,98,104,33,73,108,71,65,123,83,101,112,59,69,80,66,45,98,65,89
87,37,34,47,80,76,105,84,58,46,47,53,173,71,86,84,107,62,62,30,70,74,78,42,131,126,136,159,167,168,170,146,91,20,56,74,90,89,93,126,89,74,57,77,143,76,178,168,43,51,170,108,194,115,172,99,102,113,124,124,58,98,214,149,75,126,102,100,125,63,98,171,126,108,64,134,152,144,131,84,97,133,82,146,102,89,145,119,90,114,86,203,99,191,116,150,162,135,69,68,75,127,68,22,81,123,172,71,126,69,92,105,84,132,102,81,49,114,106,95,44,36,69,100,111,105,60,113,80,70,75,68,149,78,82,88,34,113,165,86
94,76,41,36,75,79,93,57,45,99,76,92,162,30,84,79,30,103,43,82,110,75,81,51,95,129,136,145,163,174,149,151,88,56,79,97,113,130,62,55,60,79,48,69,105,113,100,57,102,136,209,142,96,134,108,117,134,110,106,118,92,167,106,98,135,93,128,180,67,129,25,149,158,124,203,92,76,50,123,103,124,106,85,88,82,86,102,53,96,120,77,152,94,117,118,83,13,138,164,116,56,16,41,89,62,91,56,129,107,77,87,111,105,95,93,76,119,89,85,117,78,78,35,112,122,86,85,132,55,121,117,114,93,126,45,63,45,113,165,100
42,58,46,66,45,67,104,49,54,69,72,67,169,57,85,103,56,49,58,97,84,74,60,32,67,130,140,140,161,156,140,168,72,87,107,87,106,93,71,56,41,74,93,73,67,33,121,117,128,107,95,77,89,95,74,120,106,56,66,123,153,119,63,109,98,42,61,83,84,78,160,100,151,143,162,106,80,24,98,138,167,72,96,38,104,99,101,101,110,50,128,127,101,26,103,215,109,110,102,164,139,126,108,45,102,122,134,111,123,109,82,108,93,105,93,84,78,91,102,111,92,52,106,132,79,103,15,32,45,106,117,86,55,106,31,27,39,8,58,105
104,82,38,82,67,109,70,73,49,89,69,44,129,36,87,55,54,40,162,101,91,83,54,80,67,87,122,140,160,167,158,151,66,58,86,76,68,64,59,70,20,122,66,108,127,90,21,90,70,156,120,144,136,109,113,68,107,112,84,79,85,117,42,134,165,150,117,101,120,131,57,94,90,134,176,87,96,81,166,130,110,100,94,78,14,93,106,99,90,44,57,104,106,14,81,144,65,70,114,89,108,48,44,68,26,120,118,55,99,127,101,60,77,116,140,80,59,51,76,114,121,111,67,104,106,116,92,113,31,19,36,58,58,82,58,44,32,65,97,117
43,61,49,85,67,42,64,42,40,56,70,52,137,88,110,88,76,65,87,75,56,78,67,67,93,100,113,136,161,165,168,27,51,78,66,57,56,61,58,70,62,117,119,87,146,96,41,37,128,123,141,38,75,138,141,142,77,125,101,104,110,109,139,128,119,76,86,73,142,117,109,99,119,77,105,150,135,171,91,104,97,55,96,112,134,98,102,79,32,127,82,118,72,95,0,77,60,49,107,46,114,73,11,93,95,63,105,36,245,80,68,31,91,138,86,70,73,142,103,119,96,117,70,112,57,101,122,97,75,63,95,60,26,95,68,46,46,84,23,53
47,58,87,115,101,96,64,39,108,64,65,55,169,127,28,61,57,77,34,60,104,73,58,36,84,74,90,132,153,156,146,57,72,87,61,55,53,79,120,98,104,99,93,43,86,137,118,68,112,93,112,86,104,132,31,24,144,101,121,77,144,125,140,142,59,96,90,80,117,143,83,103,152,101,135,132,156,149,119,108,56,78,86,90,115,32,100,55,105,67,120,110,87,120,232,68,67,72,72,101,60,42,65,39,12,39,114,141,61,21,75,67,51,26,49,25,65,92,51,24,104,131,126,108,94,34,72,11,74,69,79,65,96,109,79,68,117,64,77,54
64,92,69,92,76,91,60,114,118,58,75,101,137,69,75,82,83,69,28,146,63,78,84,63,83,93,101,110,125,137,163,136,75,73,50,49,104,106,91,47,36,86,80,101,85,59,83,117,141,132,85,102,123,119,62,139,80,102,110,103,122,27,133,148,139,106,116,70,78,44,75,72,87,147,86,54,43,136,46,71,123,133,116,105,93,77,88,82,75,63,33,88,104,101,100,111,87,100,18,182,63,16,76,65,73,44,236,77,116,40,95,71,55,52,20,76,85,71,54,125,127,94,80,130,120,115,149,59,97,7,70,98,128,77,62,63,85,91,62,29
119,67,84,82,72,86,92,76,135,157,123,118,131,166,130,86,143,154,35,107,101,53,83,105,113,130,71,56,97,129,125,108,63,64,57,59,79,63,60,71,84,5,68,75,87,90,60,143,93,86,124,139,26,137,91,49,68,72,64,77,62,61,100,73,98,155,100,96,101,167,90,79,38,42,122,153,123,69,76,61,97,171,94,73,64,115,115,114,129,148,52,87,97,113,68,139,133,30,94,141,102,93,48,48,97,170,64,81,9,118,52,95,62,100,55,87,26,23,70,48,75,64,92,125,20,179,124,77,99,47,32,65,10,37,67,110,49,110,5,79
127,43,109,86,142,153,90,124,122,85,107,106,169,105,84,108,167,114,117,146,129,62,81,66,87,38,94,132,54,60,77,106,61,74,80,54,72,99,77,68,38,77,83,70,94,234,41,148,64,83,89,93,151,99,125,93,115,103,49,74,82,134,52,85,163,121,111,117,70,126,76,90,117,88,72,88,119,117,119,105,111,90,121,80,98,104,117,91,89,183,29,83,135,111,112,74,68,72,44,59,86,117,87,118,255,38,73,83,63,36,100,79,93,40,97,81,55,99,81,88,110,40,44,73,101,70,122,147,47,50,68,39,54,72,94,88,142,84,102,67
51,33,105,104,158,149,93,120,177,94,95,54,141,122,96,92,138,101,121,81,93,71,118,144,96,133,23,44,92,106,51,135,27,86,68,92,71,87,72,121,76,119,92,78,93,69,83,53,100,125,164,173,143,121,100,140,128,54,63,97,59,0,109,109,54,115,186,102,111,109,103,45,93,117,57,83,124,64,91,104,102,114,130,51,36,95,58,52,85,97,103,87,160,81,154,105,91,63,22,5,136,99,16,181,52,92,103,71,103,27,58,45,41,67,81,113,39,152,128,91,53,150,109,22,29,80,118,35,117,98,0,32,43,65,89,79,69,4,43,36
33,81,125,141,108,127,38,47,90,70,103,113,142,91,81,133,126,116,72,59,74,33,22,47,86,74,73,110,110,157,142,86,50,32,51,109,68,78,110,72,120,107,121,96,70,108,120,104,88,59,96,4,18,101,127,110,37,133,166,52,193,99,89,80,149,132,115,78,65,67,86,130,102,123,68,51,76,152,103,145,113,106,119,90,98,82,54,118,105,22,37,102,36,86,81,166,79,76,91,142,83,180,241,36,79,96,18,17,115,146,46,119,123,75,88,145,124,64,95,95,41,9,62,112,58,125,121,60,72,12,70,71,85,95,88,74,0,18,97,66
56,73,90,144,111,105,112,129,50,73,145,142,117,62,143,114,111,68,49,54,85,115,93,104,97,136,139,27,147,75,120,61,62,38,27,99,121,116,108,161,86,70,43,75,53,116,92,63,76,73,152,72,138,56,46,51,85,8,184,21,72,154,116,111,126,140,100,72,85,97,82,102,46,41,104,88,119,114,115,50,50,63,123,126,116,123,158,141,132,93,67,64,138,103,75,82,76,71,56,86,103,100,48,77,119,120,79,112,95,110,96,92,163,164,61,158,105,91,105,81,60,48,156,88,134,92,172,57,78,61,19,46,77,42,76,52,94,76,64,27
116,80,41,112,124,113,63,98,157,82,114,141,131,66,80,62,75,91,109,125,123,118,95,128,177,131,230,230,133,121,81,101,90,50,41,61,142,133,81,46,119,76,62,83,74,104,37,69,87,87,101,98,95,82,90,116,142,67,56,98,104,48,129,148,175,149,156,172,110,80,54,72,178,94,26,109,100,81,21,32,57,81,153,126,161,124,192,109,132,96,53,54,100,84,52,36,208,82,113,119,104,125,67,104,68,53,65,40,133,80,87,144,147,15,88,123,127,49,34,28,99,45,104,143,21,80,203,47,78,74,7,112,97,37,31,47,58,87,77,89
57,36,72,105,95,117,73,49,127,99,71,212,133,122,50,81,104,83,112,112,162,129,132,53,35,59,23,107,152,179,132,123,37,56,46,79,68,94,90,95,79,109,106,101,99,83,83,85,38,56,67,87,97,201,91,85,117,95,148,107,110,91,109,164,72,70,132,91,82,97,88,103,120,96,92,135,113,82,82,111,164,81,127,154,146,30,112,114,188,108,77,47,58,31,102,23,125,149,20,108,124,88,96,23,241,82,100,151,164,136,66,51,128,96,111,136,38,45,177,106,53,144,109,82,26,90,177,174,58,31,58,47,68,43,56,46,44,66,77,28
54,56,32,66,133,128,83,87,100,86,113,122,135,104,206,171,91,96,72,135,140,173,98,72,94,133,115,103,93,188,46,85,103,103,181,53,78,17,112,78,36,64,131,107,65,55,85,66,55,50,90,212,54,87,54,82,110,88,124,190,149,133,32,145,40,101,85,13,137,126,115,160,86,69,104,124,87,86,88,68,60,75,146,147,145,163,93,103,19,110,35,104,79,90,97,98,101,137,153,149,133,77,48,112,227,175,89,67,139,113,170,148,167,61,98,145,94,76,81,17,60,62,50,189,137,43,84,181,18,63,45,99,133,30,65,67,43,69,40,92
74,61,63,88,145,137,97,76,70,147,100,82,129,84,63,117,119,129,89,106,67,93,161,79,115,118,84,71,153,45,56,85,100,63,110,69,87,69,69,133,100,66,55,99,66,92,128,99,77,90,37,56,89,75,154,87,72,101,122,176,83,123,128,137,48,60,121,96,124,110,40,94,24,101,104,72,137,161,85,112,93,198,108,106,156,120,81,133,47,151,177,138,137,122,132,171,89,95,137,110,109,145,92,90,92,210,88,111,131,88,95,79,107,122,65,162,127,69,79,60,106,135,60,22,12,38,141,155,78,76,89,53,76,63,69,58,151,92,84,102
100,70,114,89,124,108,30,88,152,157,97,128,99,58,21,65,48,57,159,186,163,90,101,105,104,138,85,96,59,47,45,107,77,71,122,163,41,75,92,105,129,128,104,68,127,76,43,247,116,29,74,11,143,140,55,68,87,77,74,77,57,155,151,121,112,61,28,59,122,92,96,105,108,133,96,92,157,53,42,70,108,99,97,78,141,105,135,165,134,123,166,126,122,126,149,112,108,127,119,153,147,156,141,64,86,170,58,88,79,35,101,126,62,160,42,95,85,119,128,99,108,115,59,50,74,59,79,179,109,63,69,102,53,76,58,57,167,73,90,31
59,66,111,94,110,115,72,95,85,123,123,96,149,98,69,110,119,79,71,24,131,26,45,103,144,133,58,139,113,107,113,209,228,127,142,102,77,93,82,75,81,103,51,95,55,44,18,133,62,131,98,125,67,117,98,115,104,112,53,91,94,51,81,144,89,99,117,136,126,135,98,108,89,98,113,120,86,86,71,136,85,154,76,32,144,121,153,236,115,138,139,36,106,123,108,155,112,119,150,110,93,55,110,138,29,59,153,35,67,132,185,135,94,56,68,115,121,125,117,40,52,17,100,113,151,130,133,179,13,35,89,50,76,55,125,77,150,56,62,82
97,58,103,92,148,126,51,77,57,72,92,66,159,89,75,98,102,127,78,46,51,80,131,133,159,129,68,105,146,49,123,123,52,96,67,64,51,60,83,73,55,84,65,59,169,80,3,34,127,91,67,106,33,91,98,74,140,112,136,102,120,136,177,94,92,117,27,119,62,84,171,190,116,134,62,96,113,66,131,155,109,123,142,77,119,120,159,145,210,141,45,100,145,167,89,124,116,101,89,133,151,128,102,68,36,85,176,92,96,62,18,54,37,22,54,19,163,180,8,152,42,33,49,30,51,79,139,108,122,74,106,114,48,35,84,83,154,98,88,103
51,56,104,92,102,115,64,155,75,76,85,105,113,255,68,115,131,142,118,122,98,79,27,182,141,93,72,60,122,130,60,80,54,110,119,78,60,33,114,107,123,82,131,111,95,101,105,78,42,41,123,73,69,44,60,98,55,88,118,152,109,124,91,124,99,66,29,143,129,36,27,118,98,137,188,129,135,142,131,151,107,77,149,97,86,99,127,196,135,74,34,126,20,23,52,106,4,106,244,91,35,67,102,116,25,133,84,111,117,145,129,93,82,150,168,79,45,127,10,8,102,77,166,170,119,39,84,179,32,108,137,86,93,159,97,43,82,56,92,100
41,49,82,66,38,81,78,127,74,109,104,72,115,21,91,47,130,156,78,86,103,139,58,158,212,193,120,60,16,135,148,103,82,82,78,39,51,1,119,135,123,110,66,77,57,25,80,44,63,96,89,81,29,141,58,124,78,66,20,132,110,161,90,129,48,91,112,51,77,28,89,19,156,144,135,80,90,101,168,22,64,129,56,150,173,203,158,39,112,72,95,115,92,41,127,72,140,247,75,86,62,143,132,166,105,46,11,212,150,113,144,120,38,55,55,106,54,193,146,40,22,118,92,75,18,99,175,163,111,20,86,72,33,100,69,106,199,3,46,53
41,49,53,67,45,92,149,88,71,48,47,67,62,109,115,153,100,87,177,145,103,71,57,109,150,86,108,96,86,124,53,86,81,64,78,84,90,39,127,86,97,104,68,67,52,98,96,22,112,50,117,104,97,40,35,47,120,175,110,143,153,135,162,85,188,83,141,119,130,92,124,66,79,40,137,126,150,138,101,126,89,126,150,23,130,94,160,37,77,82,28,96,138,73,147,133,157,89,95,56,129,134,124,85,87,23,143,174,32,3,130,103,57,79,49,86,79,46,143,117,17,116,132,81,92,117,9,156,29,59,54,32,68,53,77,29,245,18,32,45
31,51,115,115,167,74,112,96,117,95,65,66,76,80,215,126,51,96,125,81,180,88,94,154,137,77,20,62,108,119,130,74,92,136,89,63,120,93,84,79,40,74,150,86,121,90,67,73,106,109,44,47,76,37,80,177,112,125,117,57,143,81,57,106,166,116,81,96,43,97,115,122,103,93,93,74,103,126,105,73,79,26,109,53,75,108,101,113,84,51,12,123,205,122,244,88,101,60,55,104,26,130,75,4,97,44,25,102,154,97,26,59,14,88,52,95,106,68,145,22,109,4,42,108,92,28,15,105,54,60,49,30,45,44,133,117,131,23,22,15
31,40,76,82,91,139,104,91,116,86,93,86,101,81,75,194,77,77,129,83,84,89,33,85,138,62,86,119,73,85,92,69,86,120,124,86,103,89,50,90,129,123,92,140,146,109,130,126,113,12,66,163,47,226,176,105,138,124,146,100,142,202,171,194,172,151,154,103,116,58,94,145,112,96,112,79,62,44,48,142,160,91,141,150,155,54,114,86,82,97,102,146,109,242,87,103,146,102,107,110,71,88,133,58,112,126,82,56,108,39,79,68,61,88,76,109,17,56,114,130,42,116,114,104,128,92,43,68,66,43,19,82,77,124,60,136,83,39,53,49
89,43,101,119,102,101,64,54,58,109,43,65,135,106,75,130,81,67,156,89,61,72,88,104,101,85,79,87,246,58,49,50,101,136,112,72,13,108,41,93,112,132,61,113,98,63,248,79,58,44,68,161,232,91,114,105,109,169,235,84,74,123,59,104,76,145,75,184,20,105,20,99,139,169,143,53,61,13,62,56,135,86,144,174,227,131,107,63,94,129,82,136,68,52,83,91,70,12,91,138,144,137,122,120,79,64,51,61,29,227,27,138,73,195,41,5,92,26,110,108,74,85,69,109,115,81,23,98,56,147,26,36,80,87,88,6,48,55,47,109
57,40,94,54,130,104,100,58,90,44,63,64,37,104,78,118,87,87,165,152,46,111,133,173,107,88,66,108,108,147,104,89,142,69,143,92,35,47,115,106,122,136,154,104,59,37,38,34,103,121,202,77,79,134,184,234,97,38,139,39,82,118,108,115,171,175,55,55,118,80,164,167,92,110,84,58,96,61,159,120,141,72,43,96,95,92,93,126,78,188,130,88,99,165,91,94,38,58,107,82,39,89,156,150,87,116,110,30,82,182,110,71,190,69,32,93,153,51,46,123,90,60,115,163,21,45,90,89,69,131,19,49,99,84,102,64,28,70,96,104
59,54,76,78,66,82,61,147,75,62,76,52,64,121,100,112,109,60,105,106,114,119,93,75,160,170,126,169,103,116,37,92,102,142,139,191,135,71,131,138,78,126,168,132,139,77,72,36,101,144,124,110,177,185,107,82,95,108,46,133,108,144,155,114,113,91,60,85,148,123,136,148,126,81,76,65,120,118,85,125,233,60,14,204,205,89,154,125,107,118,107,141,107,94,127,100,102,105,98,49,46,24,93,119,118,22,170,111,102,42,197,92,102,65,51,143,51,112,44,75,116,123,153,134,64,83,124,140,105,109,67,106,71,153,101,81,219,63,116,55
75,74,54,52,35,42,60,67,3,61,90,84,70,87,90,90,99,89,69,114,101,102,71,108,106,76,92,137,68,101,155,49,55,116,111,179,87,31,82,109,36,40,136,101,94,80,32,42,121,160,173,166,89,135,159,136,166,144,121,135,116,119,62,73,106,110,133,114,150,148,121,117,140,77,131,113,136,181,138,112,142,79,88,164,154,110,16,12,55,58,52,24,81,14,84,120,160,141,109,147,94,53,93,109,135,119,89,115,39,131,178,110,132,123,120,110,113,16,122,134,175,68,57,84,83,101,149,35,34,28,47,31,73,196,78,111,61,87,60,46
