215,222,190,221,223,129,146,146,129,174,149,175,96,174,177,163,188,179,187,189,187,184,147,171,181,207,191,156,146,111,133,93,106,134,70,142,161,208,205,165,158,113,207,178,182,185,189,157,120,171,202,113,146,111,166,162,123,129,115,117,84,218,222,120,87,21,5,27,17,25,114,118,95,95,124,83,21,28,22,20,69,94,74,69,12,7,79,54,17,47,64,49,55,60,52,55,59,60,60,60,59,49,117,111,160,6,32,50,16,16,14,13,14,14,1,119,120,61,18,12,16,36,59,52,58,53,51,49,49,39,38,58,52,62,55,85
226,201,163,168,183,104,144,169,196,195,189,198,72,183,182,138,167,171,165,189,204,161,185,127,155,168,223,202,208,168,122,148,146,184,219,225,233,212,241,219,171,113,227,239,246,233,218,225,240,215,213,203,170,241,209,141,118,122,120,117,85,60,62,73,87,68,78,86,36,67,106,96,11,15,19,21,26,20,20,19,55,59,118,60,19,19,68,49,24,21,64,49,55,60,52,56,60,61,60,56,54,55,134,103,162,6,39,56,16,16,14,7,40,17,3,109,122,99,77,20,18,27,25,99,49,57,51,49,49,41,85,71,81,69,70,112
180,169,180,186,184,126,140,164,185,141,164,176,84,178,200,192,197,216,220,211,187,213,203,228,244,229,242,229,235,242,246,225,239,87,198,199,206,196,237,230,130,117,244,249,227,241,227,227,238,246,220,212,160,109,155,134,85,92,85,93,85,196,221,58,56,41,58,60,98,99,127,28,27,24,21,24,24,84,4,17,8,50,79,33,19,40,62,42,24,17,20,37,44,53,51,51,53,54,54,54,53,60,52,90,165,20,35,35,13,14,12,13,15,15,11,91,92,119,41,20,20,16,14,3,62,57,49,50,47,41,40,73,70,100,81,96
242,238,202,188,193,150,182,178,239,228,214,199,121,166,162,145,186,143,183,204,153,217,238,236,219,232,239,208,218,228,215,192,206,98,124,139,140,124,168,184,130,121,247,243,235,218,219,202,229,236,232,247,168,239,158,96,74,71,65,57,97,200,204,76,10,104,35,26,67,120,30,28,28,26,25,28,7,144,109,23,15,79,96,23,21,62,58,27,22,19,18,31,37,41,38,35,34,35,36,37,37,36,41,157,158,29,35,35,17,12,15,15,51,12,24,77,88,106,20,18,21,19,17,15,20,14,39,39,37,31,42,53,64,51,87,80
106,113,110,110,112,148,123,135,136,122,129,130,96,133,133,127,129,140,147,143,156,164,177,183,186,197,188,193,198,198,208,203,203,131,143,220,229,231,236,235,224,225,230,240,247,246,250,236,244,247,247,252,157,220,178,208,210,205,203,170,96,196,251,252,253,121,106,94,129,50,0,0,0,0,0,0,3,3,3,3,2,7,106,7,3,92,55,6,18,14,16,38,41,42,42,42,45,47,45,44,43,44,44,163,157,3,3,20,28,112,25,64,101,12,17,92,85,81,110,14,14,14,14,14,14,15,21,21,20,15,36,78,40,32,107,44
173,187,165,171,169,166,192,164,184,216,189,177,103,161,194,208,186,184,177,197,198,211,202,212,211,215,116,169,165,154,156,162,153,107,113,155,166,205,180,161,151,153,163,143,150,150,152,141,156,155,144,150,120,161,144,156,139,131,119,70,69,78,67,42,107,100,115,135,133,147,163,166,166,168,168,171,179,185,187,191,195,195,161,200,205,138,173,223,211,207,211,212,216,213,207,203,207,205,199,196,196,194,185,206,148,217,226,216,218,216,215,219,210,215,209,220,53,190,203,202,202,202,203,203,203,204,211,210,210,210,205,203,202,205,213,201
206,187,201,201,148,164,197,155,193,161,174,191,151,183,210,234,222,249,238,224,236,228,241,247,224,193,240,216,143,141,142,127,127,93,121,218,139,84,174,211,124,134,244,252,251,252,239,184,207,240,242,244,241,227,122,67,82,130,111,28,95,224,254,254,246,235,253,212,134,81,113,118,121,120,121,124,126,131,131,132,135,139,136,112,207,137,128,136,130,127,121,117,114,108,105,105,98,99,100,114,114,123,134,134,140,170,167,167,158,160,149,148,149,141,135,176,91,147,133,137,140,139,141,140,137,148,139,143,143,139,134,129,136,143,141,131
196,161,210,210,176,156,199,151,226,221,221,207,125,128,241,240,247,242,235,183,208,241,234,240,235,243,203,235,147,171,212,224,206,136,119,106,103,118,168,214,115,134,212,215,237,245,253,176,188,237,237,216,199,171,100,85,65,133,117,59,102,232,252,220,217,237,236,236,244,141,59,32,56,46,65,124,123,106,54,54,17,36,7,8,56,111,37,27,33,36,24,40,38,41,37,17,21,41,32,36,40,30,45,146,99,15,4,3,2,3,0,0,3,7,1,60,94,72,64,36,58,61,15,1,0,0,15,33,33,21,31,45,48,53,86,90
179,201,195,228,124,152,199,155,241,250,251,239,215,126,191,199,223,241,239,215,157,210,199,210,234,179,238,211,179,152,111,135,119,109,105,97,101,99,104,202,87,82,250,255,232,223,229,233,225,204,217,247,134,98,134,81,64,134,114,66,105,228,245,209,221,218,248,235,207,255,255,239,190,139,146,154,75,162,126,119,149,149,159,124,90,89,41,44,44,44,37,44,56,44,65,64,67,66,98,58,58,54,22,171,111,42,27,26,29,31,30,33,29,2,192,78,93,219,191,38,41,31,32,25,29,35,42,43,43,45,50,54,47,58,94,75
228,234,226,246,134,140,178,179,164,233,225,222,237,115,224,224,222,243,242,207,217,231,241,244,200,215,211,187,144,128,99,115,98,112,97,82,115,64,48,63,71,7,150,226,227,229,235,237,247,249,161,91,105,144,134,81,63,135,112,89,105,233,213,215,215,213,214,245,240,235,245,248,254,255,254,254,248,95,82,86,58,33,42,61,80,100,44,55,54,70,75,70,81,85,82,64,54,41,35,48,48,55,2,164,99,49,38,37,41,43,40,42,46,108,71,87,109,36,148,7,37,39,38,37,42,44,43,45,45,44,45,54,61,99,122,72
226,200,169,182,148,148,181,199,220,207,241,231,233,199,247,236,223,227,234,222,170,240,236,236,231,227,169,221,173,94,72,98,103,113,95,92,158,236,243,162,225,241,192,79,103,180,151,118,72,80,91,91,129,145,141,87,64,136,112,76,94,110,185,217,211,217,210,255,251,255,255,211,226,247,254,255,254,254,227,104,6,55,64,62,106,105,35,36,37,37,38,37,43,47,45,45,45,44,44,51,51,51,3,160,93,52,57,53,60,58,57,57,43,188,0,92,116,7,1,206,3,49,52,54,54,61,57,49,50,45,42,51,59,100,115,47
181,226,172,177,163,155,161,193,214,231,229,216,241,115,227,230,222,223,228,200,199,227,184,216,234,210,176,225,218,153,120,141,170,184,103,111,103,131,101,95,113,49,6,58,49,66,49,60,62,69,71,66,107,149,148,83,64,136,106,58,85,115,178,217,221,1,207,249,255,255,255,255,225,221,224,235,251,254,254,249,255,165,97,97,88,93,48,42,45,48,52,52,55,54,54,55,55,54,54,55,68,73,56,146,81,78,82,91,101,56,53,83,122,233,166,86,110,10,37,11,104,56,56,50,50,50,48,53,50,48,44,44,49,88,105,47
190,212,226,240,178,153,150,193,204,230,207,199,223,87,234,233,250,242,229,218,150,223,181,158,198,219,141,245,231,215,191,225,255,222,118,103,251,186,115,120,100,107,103,110,105,103,106,109,99,98,89,86,108,151,150,67,65,137,95,36,81,113,161,211,198,22,212,255,212,133,180,164,252,246,234,228,214,217,220,251,255,255,213,132,153,98,77,60,61,55,57,50,56,56,57,62,63,73,78,81,65,67,4,148,144,212,236,245,208,189,148,157,129,153,153,123,110,28,33,134,144,100,50,51,51,51,52,51,55,66,58,53,54,32,33,50
239,233,239,239,241,219,210,234,237,249,236,244,250,211,204,193,173,191,251,248,179,243,231,216,237,250,200,254,252,254,252,252,246,222,86,113,185,117,118,119,93,93,104,109,107,104,106,105,100,103,98,105,116,153,153,100,66,139,107,76,74,146,150,213,214,6,225,249,87,76,142,123,252,252,255,249,207,210,213,207,220,249,244,189,66,75,24,17,53,68,72,64,58,55,47,47,53,2,8,87,188,240,255,122,145,238,232,216,239,241,246,168,130,145,92,109,99,91,141,46,0,149,55,64,63,61,59,68,70,73,77,79,62,61,60,62
63,72,58,20,21,47,34,9,4,7,9,15,19,23,8,4,3,31,41,61,79,92,107,122,133,123,136,147,151,165,196,208,232,248,102,57,186,229,221,219,212,205,204,202,191,187,185,181,159,128,144,143,145,165,162,96,94,139,121,106,121,111,38,204,213,7,218,218,126,48,45,120,218,249,245,224,210,204,210,206,210,206,216,240,169,141,131,115,112,93,106,129,143,170,192,200,194,210,193,164,233,223,228,128,149,220,221,224,228,223,226,30,39,38,66,91,89,118,5,23,21,86,52,35,36,39,44,30,44,26,47,67,69,73,76,91
223,201,247,232,205,151,160,224,182,250,253,248,251,211,246,241,235,217,198,215,188,167,202,177,174,159,160,141,154,148,139,215,228,182,133,107,108,80,24,57,61,43,10,11,7,28,57,37,35,35,18,45,68,87,174,192,147,83,116,121,123,213,235,215,218,190,200,230,208,132,163,209,216,217,218,213,208,199,205,206,207,207,198,174,99,99,80,75,71,116,158,191,163,135,145,137,100,43,30,34,222,215,221,128,150,220,221,223,228,224,216,53,37,42,105,67,72,165,4,21,44,98,142,156,123,122,126,129,110,121,90,72,85,69,108,109
233,202,205,254,252,151,154,185,148,254,232,216,212,220,235,239,242,245,245,243,241,191,208,224,238,245,252,253,252,243,246,185,124,132,133,79,246,243,241,240,232,229,226,223,210,206,204,201,200,154,176,171,168,142,159,137,136,120,109,100,89,71,39,37,45,68,72,94,106,154,167,193,220,232,233,234,234,235,234,237,231,226,141,208,146,236,241,255,226,190,56,1,2,78,37,7,1,2,4,2,221,219,215,120,168,214,214,223,227,226,189,55,55,60,128,74,91,160,2,55,75,124,110,99,100,106,143,152,174,178,116,151,140,116,156,189
251,255,248,255,247,157,150,200,185,249,248,252,240,215,246,231,228,233,242,245,244,252,250,252,253,253,241,200,168,150,141,139,244,247,42,95,252,250,252,251,250,252,251,254,254,249,250,249,249,218,254,252,254,185,252,242,65,61,200,252,252,239,144,152,146,142,135,129,100,87,99,47,58,44,21,1,6,11,40,34,112,151,111,93,91,116,127,148,161,186,209,225,238,250,249,253,253,253,253,245,254,253,243,154,162,230,229,233,238,236,233,202,190,183,199,52,78,174,172,165,170,192,174,170,156,163,149,143,147,140,128,141,144,134,164,187
241,238,244,254,241,180,147,195,243,130,235,233,207,207,253,253,253,253,253,248,251,247,232,201,170,149,139,124,129,133,132,140,159,246,90,82,255,254,253,253,253,250,251,251,251,251,252,252,250,189,254,250,146,187,252,244,54,136,197,250,197,138,94,97,114,60,119,69,55,44,100,229,111,97,155,232,243,245,237,245,209,87,133,136,123,156,162,156,147,136,105,83,77,75,69,69,29,11,3,1,3,1,18,56,80,111,126,179,186,196,205,212,204,167,206,208,148,172,207,206,197,191,193,188,184,192,189,189,191,177,174,169,168,161,161,165
250,253,247,241,243,183,150,179,246,253,247,250,249,192,248,248,249,249,247,243,160,122,120,120,103,99,112,127,153,188,242,249,254,250,60,77,252,252,251,248,248,249,251,251,252,253,252,251,250,196,253,253,153,187,252,247,54,68,155,178,187,251,16,69,44,56,70,152,20,30,94,171,166,183,233,249,248,227,203,168,167,159,47,28,71,77,0,3,1,0,2,20,27,34,42,47,58,64,75,77,163,154,140,104,112,106,92,95,94,88,92,107,109,93,191,249,254,133,95,94,93,86,52,61,12,40,36,22,22,1,7,20,15,38,37,37
252,234,240,237,246,209,147,173,249,237,243,243,253,147,249,235,249,216,225,82,85,90,84,80,121,197,234,254,254,254,254,255,254,252,93,112,251,252,252,252,249,251,252,252,251,251,251,251,253,194,254,254,150,171,249,245,45,57,134,156,239,247,6,74,159,213,179,110,60,12,11,76,221,199,162,154,144,163,153,224,201,128,48,13,77,93,14,21,21,19,21,22,23,23,23,24,24,24,24,51,178,206,208,141,182,211,71,8,16,20,30,58,78,87,151,163,181,164,157,101,91,185,213,193,193,192,181,177,184,177,175,164,165,177,172,183
237,255,255,255,232,220,148,164,250,255,255,255,253,187,245,253,254,243,36,56,97,147,223,251,255,255,254,252,253,254,254,252,251,252,95,114,250,252,253,253,254,251,250,248,246,246,246,246,251,205,252,254,152,168,251,251,49,128,163,126,199,250,42,88,241,172,253,253,253,251,254,252,142,161,177,131,99,47,97,208,210,170,160,29,64,104,16,21,21,20,21,22,23,23,23,24,24,24,24,24,23,65,216,147,189,202,0,18,30,34,33,49,64,47,106,168,191,190,85,128,177,225,239,246,246,248,251,246,238,242,243,236,237,213,240,253
255,253,255,255,254,251,149,166,243,254,254,252,248,163,254,254,249,1,33,93,211,255,254,252,253,254,251,250,250,252,251,250,251,251,96,129,239,249,251,251,251,250,248,252,254,253,253,249,253,191,254,253,148,171,253,254,60,132,160,150,249,248,37,122,241,206,253,254,255,255,255,114,126,149,156,113,92,23,217,218,206,178,213,193,74,103,17,20,19,19,21,21,22,23,23,23,23,23,24,25,27,16,160,152,194,206,14,35,24,25,30,42,44,23,153,148,178,193,181,191,243,234,236,242,247,245,243,242,244,244,242,247,250,243,248,242
240,254,252,252,254,250,155,177,230,253,254,252,255,203,255,255,126,45,66,157,255,248,252,254,253,253,250,249,250,253,252,251,254,252,98,119,238,248,251,251,250,248,249,252,250,252,252,247,253,199,254,254,146,157,253,252,61,91,152,217,250,248,82,129,239,221,252,252,255,255,248,251,213,223,228,163,197,226,200,205,206,193,204,204,93,103,18,20,19,19,21,21,22,23,23,23,23,23,25,26,28,7,171,151,193,210,44,29,26,26,26,36,44,22,128,106,154,201,190,196,216,244,244,236,247,246,246,237,245,241,238,231,225,231,237,242
189,171,163,153,148,141,144,166,150,129,129,138,153,99,164,170,6,31,48,212,219,215,224,234,240,238,252,249,251,253,247,252,254,254,105,121,230,250,255,251,250,251,252,238,250,252,250,234,247,250,248,252,144,141,250,253,63,125,145,207,250,245,87,141,246,237,251,253,251,213,213,216,229,248,240,239,243,237,210,212,196,144,187,161,84,104,14,20,21,21,21,22,22,23,25,23,24,24,27,24,29,1,170,149,186,210,44,30,26,26,26,31,41,30,94,91,136,183,162,204,247,248,246,245,241,247,246,234,220,232,225,237,240,240,239,240
247,248,239,249,248,250,142,171,201,251,252,249,254,176,250,161,33,49,162,234,224,220,219,214,202,193,186,157,141,124,131,135,135,138,114,121,153,161,171,178,195,255,255,254,253,255,254,252,249,251,246,251,152,150,244,252,78,107,143,206,251,246,87,141,247,246,250,252,253,211,214,214,246,255,253,255,254,200,172,87,5,30,53,105,118,107,18,21,21,21,21,22,22,23,25,24,26,26,28,25,30,3,167,154,189,206,106,33,27,27,27,27,35,63,82,91,120,162,140,144,248,247,245,247,225,232,247,247,247,245,239,246,248,249,250,247
249,250,251,250,250,250,185,185,199,252,254,252,254,205,222,1,28,28,252,235,252,252,252,252,254,253,252,254,250,250,250,250,254,247,129,127,208,242,246,238,224,147,139,121,121,124,136,141,122,148,164,164,165,169,149,149,92,107,139,198,253,246,99,129,255,251,255,254,224,206,209,206,254,253,254,255,248,218,93,28,31,31,91,127,95,78,22,20,27,29,22,37,25,22,20,22,29,27,24,28,36,1,169,171,191,213,8,27,32,31,28,26,30,81,76,95,192,131,58,91,248,248,250,252,252,250,250,247,249,248,245,242,249,244,246,249
249,250,250,252,251,251,208,171,196,248,249,251,237,216,220,6,34,61,250,251,253,252,252,252,253,253,252,251,248,251,251,251,252,250,144,120,192,249,247,248,248,250,252,252,252,249,251,249,206,247,246,246,165,170,248,249,231,86,112,139,154,137,96,144,101,125,131,139,141,160,161,228,242,248,249,248,234,190,185,156,150,125,123,110,108,50,0,2,0,0,0,0,0,2,2,2,11,28,34,43,51,1,182,165,197,196,120,35,34,32,30,28,38,113,47,101,217,94,43,76,249,250,251,252,250,250,251,253,247,245,238,243,253,253,250,245
254,252,254,248,252,251,229,186,187,207,242,250,246,214,130,35,59,175,250,249,250,250,250,251,250,250,251,250,251,245,252,253,253,249,157,122,178,248,254,254,254,249,252,249,247,247,210,249,160,250,248,250,175,195,248,248,252,78,115,137,250,249,105,126,254,253,84,136,86,90,177,195,185,175,152,143,131,128,135,134,124,179,177,170,157,170,175,182,192,199,209,216,215,220,220,222,226,225,214,208,199,199,178,162,216,201,188,94,83,69,51,36,35,130,86,97,244,24,34,43,247,247,247,247,247,237,237,241,243,241,244,242,243,241,245,248
252,253,253,255,254,254,239,191,193,247,252,250,251,239,111,36,52,222,250,249,249,249,249,250,249,249,249,249,249,249,250,250,249,253,180,122,159,253,236,254,243,248,231,253,247,251,253,246,200,252,249,249,182,180,188,251,254,82,119,136,202,243,105,126,245,253,194,4,35,50,146,206,206,203,216,108,86,88,34,0,4,30,113,107,78,86,112,119,131,129,143,148,157,160,168,168,168,162,156,150,156,161,142,164,137,137,147,148,146,155,155,161,162,196,67,104,178,29,34,48,194,195,194,194,211,229,231,231,231,233,238,242,245,244,249,248
126,124,125,129,145,163,178,207,212,214,207,220,229,232,30,38,11,252,252,254,255,250,253,254,254,255,255,254,254,254,249,253,250,254,188,118,136,251,247,178,181,209,251,188,252,255,254,249,181,254,251,251,192,173,190,249,254,81,119,135,201,241,112,133,250,238,81,17,44,14,196,205,212,217,181,26,24,25,23,23,28,77,86,144,5,29,34,34,33,33,27,27,27,23,21,18,6,1,1,1,1,1,161,184,174,41,63,65,79,82,86,90,96,185,89,97,234,15,26,33,215,207,215,213,184,182,180,175,174,178,165,159,157,150,150,143
141,151,151,149,156,154,145,158,152,149,148,146,149,144,10,40,60,132,153,141,131,129,131,144,144,161,155,155,153,165,186,202,216,230,194,128,136,250,255,249,236,254,228,224,215,255,250,228,143,254,252,252,197,178,185,247,254,88,121,136,203,212,112,116,199,227,102,57,39,7,210,212,213,219,60,26,25,24,23,23,28,86,64,154,5,29,21,21,20,26,28,28,29,30,31,27,30,33,32,31,32,22,163,177,7,27,25,26,25,25,33,37,17,168,86,116,252,2,25,33,242,235,243,244,246,239,247,250,250,249,246,250,250,247,248,247
134,162,137,143,167,159,169,167,156,154,150,139,146,143,0,36,55,149,160,158,156,146,166,163,150,155,149,143,150,152,154,152,142,141,141,131,119,150,149,146,145,146,139,132,162,207,215,230,216,242,247,252,253,251,255,255,254,96,122,140,205,210,110,126,219,232,120,67,59,115,212,163,212,217,5,28,28,28,27,22,28,67,44,138,15,22,29,25,26,29,28,26,27,27,26,26,25,27,27,25,33,52,160,112,24,23,22,22,23,23,24,33,1,167,102,134,243,0,28,40,249,246,242,242,244,244,240,241,245,248,248,244,238,245,248,246
208,220,226,229,232,221,213,212,205,190,182,168,152,150,11,36,84,150,152,153,144,148,166,163,156,166,152,158,161,147,135,146,141,160,149,134,161,159,159,163,170,176,163,154,162,133,137,151,95,143,142,131,122,119,115,117,126,96,99,134,189,234,117,114,254,254,158,208,193,205,6,2,80,214,7,16,20,34,40,42,47,49,115,169,63,28,28,26,30,29,28,29,30,28,27,27,27,27,27,24,29,114,183,0,23,23,22,22,24,24,24,33,1,156,108,142,232,10,28,21,245,241,242,243,244,244,240,231,235,243,242,242,245,246,247,246
148,140,118,111,97,75,72,47,20,31,37,55,93,120,14,44,96,180,204,224,221,227,235,229,222,221,212,204,208,187,170,167,150,169,142,138,154,151,160,166,164,169,165,164,169,152,134,154,129,175,156,153,137,132,129,129,137,95,98,67,127,130,132,140,129,138,133,147,240,247,255,255,253,252,251,248,239,245,223,199,182,175,153,126,80,3,1,3,3,4,3,3,4,11,21,37,38,44,44,45,37,94,181,1,23,19,24,22,28,30,22,39,5,149,104,164,227,27,30,9,251,245,241,234,246,243,243,236,244,245,246,246,246,250,247,248
152,156,158,149,158,163,161,163,165,152,153,148,152,148,18,40,88,119,106,121,111,93,78,79,82,60,34,32,44,61,86,101,156,185,149,152,226,221,223,227,226,226,222,212,204,198,191,141,158,150,149,143,138,138,134,128,148,80,80,68,136,138,140,145,155,157,135,142,139,127,130,123,113,123,121,123,125,122,139,139,164,165,187,185,200,252,251,251,255,255,251,253,249,247,240,224,211,203,180,164,146,159,178,4,3,1,3,3,2,4,4,12,2,142,109,171,207,37,32,10,247,244,240,244,246,249,244,231,243,244,244,244,242,246,243,243
147,148,158,161,162,168,170,177,169,160,156,154,150,158,12,43,116,159,156,162,177,155,150,167,151,153,156,158,163,159,152,154,153,142,113,130,114,99,79,67,29,3,3,4,4,6,35,174,230,226,229,231,236,226,225,186,123,48,39,5,126,129,170,168,167,158,135,137,130,140,132,131,135,130,132,135,132,129,122,127,120,140,124,130,130,137,119,128,140,112,121,115,120,126,146,136,136,156,152,171,202,220,215,239,244,252,254,254,254,251,250,254,239,118,127,202,200,48,30,8,252,246,244,204,222,246,246,246,248,248,244,242,244,244,247,245
142,142,157,156,155,159,163,175,169,164,155,148,149,155,13,56,120,163,162,158,164,155,154,154,154,152,156,158,159,153,152,165,161,160,167,168,163,168,170,168,168,175,171,172,164,157,164,156,108,98,96,87,76,70,64,60,89,1,1,82,178,177,147,147,148,146,162,135,133,130,132,135,139,134,125,131,137,130,122,132,122,147,110,142,121,127,152,155,141,122,131,134,141,147,147,129,129,144,133,120,130,139,131,135,119,129,121,125,140,132,125,123,129,105,115,146,109,26,29,45,205,198,211,240,251,255,255,255,255,253,255,255,254,254,255,254
137,137,140,151,147,152,160,170,169,162,155,151,150,148,14,65,121,155,153,154,149,142,145,151,149,147,142,158,152,145,143,155,155,173,160,158,128,170,164,165,154,161,171,173,168,162,176,175,172,156,150,146,145,147,130,154,135,166,162,148,141,139,140,138,130,141,158,217,232,228,211,201,196,177,151,156,148,128,107,115,133,148,136,126,140,148,159,131,144,142,147,133,159,135,137,132,124,137,157,122,126,127,134,126,114,126,134,145,147,145,143,142,178,105,117,143,99,21,39,62,134,135,136,141,142,129,142,128,131,115,130,130,116,121,122,123
132,132,130,133,133,135,157,162,163,154,154,154,152,157,46,84,116,148,144,144,147,141,144,144,145,145,155,158,149,144,137,148,154,158,152,157,133,157,164,164,162,166,173,173,158,155,166,169,171,169,150,147,144,157,166,177,180,138,133,132,134,128,127,126,131,137,141,158,153,1,6,4,1,14,49,90,112,147,195,219,241,225,223,186,220,212,210,187,181,148,140,142,129,126,128,140,126,143,131,140,131,136,129,126,129,141,136,145,153,153,142,142,185,99,118,143,85,32,36,82,133,138,136,138,139,137,138,138,152,121,124,134,145,138,139,141
101,106,120,124,128,134,148,152,150,147,155,162,149,149,45,75,111,143,148,148,149,149,153,151,156,157,159,162,151,151,153,157,159,160,158,156,138,132,164,162,158,165,170,170,172,172,163,163,163,167,162,171,196,185,158,143,141,140,123,112,108,109,120,105,115,126,136,144,184,162,144,131,148,135,129,120,123,94,98,112,114,96,117,95,63,63,56,77,91,114,163,181,195,208,227,239,232,227,231,211,202,197,162,146,123,136,130,127,128,141,119,129,183,90,99,138,65,33,41,93,142,137,130,146,147,144,145,151,142,133,130,132,141,152,139,132
255,251,251,244,234,218,173,159,141,135,138,133,129,148,54,72,102,136,135,135,143,145,150,149,149,150,148,153,153,152,154,158,162,161,158,155,157,133,156,163,162,161,162,163,165,165,155,158,157,160,159,153,149,140,129,129,126,123,123,116,108,109,108,109,115,126,130,136,153,191,154,148,156,144,141,145,140,140,132,132,128,136,143,141,147,147,144,136,143,146,141,141,136,131,129,122,106,94,86,84,81,105,132,158,181,192,211,225,237,238,232,213,161,93,110,148,52,32,50,114,173,168,163,149,137,135,135,160,149,134,131,128,124,135,136,130
93,100,103,115,151,171,212,228,243,246,251,254,249,254,70,76,99,244,233,219,215,206,192,185,178,162,150,146,143,138,129,142,129,135,138,134,145,147,155,159,162,158,164,155,174,160,155,152,164,165,166,164,150,133,127,124,124,120,118,119,114,113,114,116,123,122,139,131,135,150,185,134,147,148,143,145,141,142,143,143,158,136,141,139,143,146,146,142,147,149,147,152,147,147,142,128,135,142,143,144,146,147,148,151,151,152,151,145,147,142,116,105,69,100,101,105,44,24,42,100,104,99,104,130,170,171,190,190,196,209,202,207,204,204,206,201
110,104,102,116,102,114,109,113,112,98,98,78,61,63,72,69,104,69,80,102,121,153,164,187,196,204,224,231,235,240,253,252,254,252,253,253,252,251,222,172,165,155,155,145,133,132,136,152,154,143,153,153,151,142,141,136,130,125,120,116,111,106,123,123,123,122,131,130,133,133,25,84,136,139,135,136,144,136,142,143,147,140,132,128,142,147,147,144,144,139,143,143,151,149,142,140,141,143,144,149,147,145,144,145,149,156,160,157,154,163,143,141,91,95,106,125,32,31,29,123,142,138,140,132,118,121,120,108,97,95,86,64,68,60,53,37
92,94,95,97,98,98,100,106,106,102,99,97,94,87,75,61,82,87,85,93,100,105,109,113,118,120,118,115,115,111,112,113,110,109,99,86,98,99,206,213,226,227,234,246,250,254,250,252,253,252,250,254,206,189,178,143,138,128,111,106,101,97,113,122,121,126,129,136,128,136,22,28,24,95,132,140,137,145,139,140,146,140,95,136,134,143,145,145,142,142,144,136,148,146,141,139,149,144,150,157,156,161,161,156,154,152,170,169,170,159,149,143,129,115,126,143,14,30,26,136,158,139,143,152,152,150,147,165,153,157,138,143,144,131,144,135
86,86,88,90,92,92,90,96,97,96,97,97,94,87,74,61,83,87,85,93,100,105,106,107,99,100,107,108,110,105,109,110,108,107,107,108,106,114,110,115,115,115,113,108,108,110,99,80,120,148,117,51,78,57,104,148,147,141,134,145,138,141,135,141,149,143,140,136,122,130,112,16,14,27,4,57,116,123,133,126,141,137,97,126,124,133,147,137,139,142,130,158,130,152,137,121,133,140,148,156,164,148,150,151,151,152,164,164,168,149,146,139,153,112,134,140,12,27,35,145,150,142,148,148,152,150,147,149,149,157,142,140,141,126,139,148
74,81,85,85,84,86,87,89,90,90,97,84,92,91,87,64,86,98,86,93,100,101,101,104,104,110,92,100,104,103,100,99,99,99,95,98,102,101,96,96,99,105,105,97,108,161,171,108,33,36,56,37,22,15,61,147,145,125,134,138,141,139,139,136,143,143,125,122,127,116,117,4,13,12,19,29,29,28,129,164,175,124,101,133,141,140,130,129,155,154,126,143,137,135,132,128,115,122,147,146,141,142,140,143,144,148,152,148,145,147,130,134,130,97,137,155,8,35,28,147,147,137,151,144,150,150,149,148,154,143,147,134,150,153,150,150
69,75,76,73,73,79,82,86,87,87,91,76,79,79,80,60,82,97,84,91,94,96,97,99,98,103,92,97,99,97,95,94,96,96,92,106,88,87,87,88,101,124,149,38,19,0,14,26,4,8,9,9,7,15,114,153,134,128,128,137,138,136,141,137,137,136,129,131,129,36,45,4,11,13,14,15,19,35,29,105,121,137,117,122,134,128,125,127,128,6,106,130,130,117,163,124,122,131,122,135,127,128,129,126,128,136,141,136,128,130,119,133,103,92,131,139,35,62,79,149,137,140,142,159,157,157,147,145,153,160,147,129,138,156,162,150
63,65,65,64,61,69,73,79,79,84,79,71,70,70,80,51,56,93,86,84,80,87,86,87,88,87,87,91,93,88,86,87,89,92,95,84,143,148,150,152,136,131,134,1,8,10,7,7,8,8,7,12,22,103,149,134,127,116,128,132,129,135,139,140,134,136,125,126,127,119,13,8,12,12,16,16,15,15,17,21,2,107,145,112,84,79,93,116,7,72,102,107,150,173,146,44,47,124,123,132,121,123,118,124,130,125,126,120,122,116,121,142,87,118,132,133,12,38,63,148,147,141,152,159,157,154,149,148,150,151,146,135,148,158,150,150
52,52,53,65,65,67,68,73,70,68,68,65,64,63,74,56,50,88,73,72,73,79,77,79,79,79,78,81,86,81,78,79,82,85,85,84,142,143,149,153,151,146,149,58,7,11,7,7,8,8,12,20,93,149,134,137,122,121,123,130,129,135,145,138,132,128,123,122,122,112,7,9,8,7,12,12,12,12,15,13,8,26,43,204,254,252,254,129,147,136,141,147,130,160,194,95,2,156,125,121,117,119,116,112,117,115,117,124,115,119,128,166,85,114,130,118,34,34,76,149,160,154,155,151,150,155,152,152,140,142,137,137,148,156,150,151
29,36,43,51,50,58,57,61,71,70,70,62,55,71,76,55,45,89,55,62,65,66,69,71,74,68,70,63,66,68,65,56,62,62,71,107,140,142,149,151,150,144,137,126,5,12,7,8,7,10,9,27,110,130,141,136,128,121,125,130,134,138,142,139,134,129,119,120,115,109,33,9,8,8,9,10,10,12,13,13,12,16,15,35,1,5,67,136,134,134,136,144,163,145,163,155,5,244,246,249,249,253,255,254,255,255,251,244,237,214,206,195,82,117,133,127,37,43,91,122,119,126,127,125,125,134,139,147,146,132,134,132,149,161,148,147
22,28,32,28,28,26,29,25,27,29,25,27,33,30,55,57,47,92,45,52,63,66,69,71,73,78,69,63,60,62,64,56,68,69,52,136,137,129,136,139,137,132,127,127,93,38,8,8,10,18,20,0,117,147,141,142,127,122,128,132,134,140,142,135,125,129,105,114,111,108,49,17,7,8,9,10,10,12,12,13,16,23,25,35,26,32,32,105,134,134,133,142,155,146,163,165,77,95,98,84,87,81,77,75,80,92,103,122,153,168,186,208,113,121,227,169,57,55,139,254,254,251,253,255,255,254,208,197,181,172,158,147,140,141,141,142
0,1,0,2,1,7,25,39,37,30,25,21,21,17,24,73,54,77,19,21,22,17,19,21,23,26,32,41,47,45,63,43,59,69,86,136,140,135,122,123,122,122,117,124,102,55,8,9,14,18,27,59,155,148,141,132,123,124,128,128,133,139,142,129,124,130,102,113,108,103,79,0,8,9,10,10,12,12,13,15,23,25,23,21,20,19,4,119,134,134,139,147,152,145,163,183,186,67,91,91,95,93,100,99,93,97,98,97,113,113,120,192,113,125,123,86,36,43,120,89,79,82,84,87,88,167,191,199,213,237,241,244,250,253,254,254
255,254,254,255,254,249,235,141,116,90,59,14,4,2,5,70,51,86,4,42,48,44,41,40,39,37,38,34,35,29,21,27,10,3,142,137,142,140,129,123,122,122,115,93,5,14,9,18,20,19,6,135,148,142,137,134,123,119,128,128,134,141,135,132,125,110,79,109,103,98,95,14,8,8,9,10,12,12,15,22,22,21,21,20,16,14,2,143,127,137,146,153,153,149,154,169,173,182,100,87,93,93,96,93,93,97,99,98,86,111,100,180,113,125,108,84,27,47,100,92,93,95,95,96,111,113,117,114,114,111,115,101,93,90,79,73
255,249,250,254,249,254,249,255,255,254,252,254,254,253,255,34,44,77,254,234,225,204,182,157,138,103,70,45,9,6,4,44,144,149,131,134,148,168,133,123,124,121,105,44,15,15,15,23,19,21,84,141,143,141,129,139,127,122,120,127,134,139,133,124,127,104,123,107,96,92,94,49,1,7,9,9,10,10,12,22,19,26,30,27,7,7,11,106,120,140,148,161,169,166,138,170,164,169,170,103,107,86,83,90,88,92,92,93,101,119,78,173,108,129,104,71,34,67,110,84,91,92,94,99,93,98,104,105,99,99,105,106,104,102,101,97
151,157,160,181,203,214,254,255,255,254,254,254,254,253,254,54,52,56,248,252,251,253,255,254,252,254,255,254,254,255,214,155,154,133,134,143,166,160,174,163,135,120,115,20,14,14,17,22,27,72,145,131,138,139,129,133,135,128,121,132,135,136,134,128,118,116,113,120,100,93,93,77,5,7,8,9,9,10,10,21,27,23,16,8,7,7,13,19,63,138,142,158,169,157,155,154,161,168,170,134,108,100,98,92,86,86,85,86,99,104,80,153,112,125,95,60,26,71,105,92,85,93,98,98,97,101,102,101,103,97,99,100,98,97,97,95
255,255,254,254,255,255,228,190,171,170,161,170,185,202,233,76,55,23,255,255,252,255,255,255,253,255,255,253,255,169,151,168,139,129,138,142,143,147,141,143,115,120,83,15,12,13,18,13,66,140,133,137,141,141,137,138,134,129,128,135,143,138,135,126,118,117,124,122,111,101,98,86,6,7,8,8,8,10,12,13,14,10,8,8,8,8,10,11,8,110,146,160,164,172,141,154,170,173,167,173,120,114,104,99,92,73,73,84,93,92,72,119,112,110,83,50,23,76,95,94,88,98,100,100,101,104,102,99,99,96,97,98,99,95,95,95
255,255,254,255,255,255,254,254,255,255,250,253,255,255,248,100,68,57,198,201,171,161,158,147,142,164,169,180,199,156,171,148,120,139,141,140,144,144,139,140,146,115,34,12,11,12,12,76,127,126,130,138,142,142,139,141,135,128,127,134,143,136,130,128,122,121,122,117,100,93,89,56,9,7,7,8,8,8,10,13,14,14,8,9,8,9,11,11,13,4,123,156,169,171,153,160,170,171,168,167,185,112,112,104,101,94,91,90,88,81,74,105,105,102,99,43,31,84,100,99,93,100,104,104,100,99,99,95,97,97,98,99,99,97,93,92
255,254,254,255,255,252,254,255,254,255,255,254,254,254,255,124,78,39,217,255,255,255,255,255,254,255,254,201,177,164,139,125,135,88,86,145,135,137,138,139,135,122,92,8,9,22,31,112,118,128,135,139,139,139,137,133,104,109,129,129,138,136,130,132,127,126,117,48,24,19,5,3,6,6,7,7,7,7,7,10,8,15,9,9,9,9,10,10,11,9,21,148,160,173,156,168,171,171,163,163,168,163,111,113,109,99,93,84,89,73,100,74,92,76,93,35,38,85,93,97,93,99,107,100,95,91,91,88,90,91,84,93,94,94,88,88
253,255,255,255,253,254,255,255,254,255,255,254,254,254,255,152,83,32,202,255,255,255,255,255,254,234,151,169,158,145,143,136,123,70,57,66,113,127,132,133,125,118,110,84,34,20,80,109,124,127,133,136,137,137,135,75,22,60,131,135,137,132,132,132,125,119,79,18,13,11,9,6,6,6,6,7,7,6,7,7,10,15,12,9,9,9,10,10,9,9,13,41,161,170,160,171,173,171,160,160,174,177,74,90,86,85,93,93,86,76,84,40,68,70,80,35,40,85,90,85,86,98,92,94,88,85,84,82,86,84,77,90,90,92,84,84
233,212,191,170,162,160,168,178,218,254,255,255,254,253,254,182,78,22,204,245,252,251,255,244,155,163,171,156,153,152,137,129,86,54,33,33,50,68,85,112,112,97,97,90,85,84,101,123,125,129,130,133,136,133,74,11,11,5,110,136,137,132,132,125,124,115,3,7,7,7,8,8,7,6,6,7,7,7,7,7,8,16,20,7,8,8,9,9,8,7,8,13,10,162,167,170,175,171,164,162,158,167,96,56,50,59,71,64,56,55,54,49,68,57,70,37,51,86,90,86,80,80,83,86,74,76,87,89,88,87,86,86,86,84,72,83
250,254,254,255,255,254,255,255,255,210,185,165,145,148,159,134,63,37,201,204,247,247,157,153,170,166,150,147,147,147,121,111,66,34,39,39,44,63,77,95,76,78,79,83,86,85,123,126,126,124,128,124,127,130,1,10,10,5,124,138,137,133,128,131,122,60,19,9,9,8,8,7,7,6,7,7,6,6,8,8,8,9,33,7,8,8,9,9,7,6,6,6,17,1,146,176,178,175,165,145,157,141,31,11,20,17,30,26,23,23,44,83,92,31,63,31,39,74,79,76,72,75,77,81,85,79,83,83,87,88,82,81,83,79,76,71
255,254,255,255,255,254,254,254,254,255,254,255,254,255,253,209,77,62,218,184,240,130,164,156,168,156,147,144,141,132,95,66,39,40,50,49,61,68,71,70,71,73,91,83,87,123,116,128,130,127,102,35,85,128,8,11,10,6,111,139,133,128,128,127,102,11,11,8,8,8,7,7,7,7,7,7,6,6,7,8,7,16,22,13,7,7,8,8,7,7,7,8,8,15,28,62,182,176,169,164,161,109,22,47,56,59,53,45,41,27,52,86,100,5,60,34,41,35,49,44,41,49,56,56,56,68,72,73,77,79,77,76,74,75,77,72
254,255,255,255,255,254,254,254,254,255,254,255,254,255,255,221,66,51,204,167,137,169,156,164,142,139,125,82,60,36,44,41,52,73,96,97,62,55,68,66,91,107,117,92,111,90,113,132,132,132,8,13,37,0,13,11,11,19,62,140,134,128,130,125,31,12,12,9,9,8,7,7,7,7,7,6,6,6,6,7,16,19,13,10,10,8,7,8,7,7,7,8,9,11,17,23,77,186,176,165,161,5,40,183,201,187,172,143,120,78,27,3,4,44,61,42,43,31,28,35,31,27,28,29,29,26,23,24,24,24,28,41,39,40,40,40
251,251,250,255,255,254,255,255,255,255,254,251,253,253,255,227,49,58,186,157,167,161,160,134,97,79,49,48,30,42,34,70,87,94,94,90,67,60,50,86,78,110,85,96,66,15,3,108,132,118,0,12,12,13,14,12,11,14,34,134,135,134,130,103,17,12,11,9,8,8,8,8,8,8,8,6,6,5,6,5,12,10,12,9,8,8,6,6,6,6,9,9,10,10,14,17,4,180,165,166,168,0,3,239,252,253,252,253,253,253,251,248,254,203,61,165,128,107,76,29,4,4,2,3,18,39,51,51,49,47,49,45,36,32,36,33
119,119,116,132,178,237,233,231,234,236,242,253,253,254,254,240,132,135,144,154,148,149,123,94,96,66,58,51,61,22,63,79,90,105,75,95,78,53,42,53,78,108,78,94,0,9,7,19,104,2,19,10,12,13,14,11,11,12,8,118,138,134,132,112,11,13,13,9,8,8,8,8,8,8,8,6,6,6,5,9,19,9,12,9,8,8,10,6,6,6,9,9,10,12,13,13,14,166,171,165,174,19,0,250,252,252,252,253,253,254,251,248,245,249,45,40,246,248,250,252,253,249,251,250,241,232,212,199,185,164,129,68,8,2,3,2
121,121,121,121,114,105,115,97,116,112,106,132,139,155,163,159,127,122,126,134,143,122,102,105,86,93,98,99,99,107,80,68,77,102,111,113,95,57,43,50,76,89,92,96,14,9,8,13,20,10,12,12,12,12,12,10,10,8,14,113,130,134,128,85,19,12,11,9,9,7,7,7,7,7,7,7,7,7,9,19,13,13,10,10,8,7,8,8,8,8,10,10,10,10,12,14,24,110,173,175,177,81,7,160,174,202,223,239,242,253,253,253,253,253,17,33,218,247,254,249,247,249,252,251,250,251,251,252,252,252,252,250,249,250,250,248
114,115,115,121,107,111,111,113,114,107,104,109,115,119,129,120,133,129,133,132,117,102,114,101,86,93,98,99,100,96,74,56,98,118,114,116,113,71,44,57,102,95,68,85,0,8,8,8,14,9,12,12,12,13,12,10,11,13,7,108,131,132,126,126,15,12,11,10,10,8,7,7,7,6,6,7,8,7,16,12,14,15,12,13,9,7,9,8,8,8,10,10,10,10,10,12,20,59,172,177,178,136,229,255,254,253,248,236,218,199,177,149,129,101,41,45,176,226,136,233,251,254,255,254,254,254,254,254,253,254,254,252,252,252,252,251
127,127,126,129,135,131,119,117,115,116,110,112,117,113,133,139,125,129,112,93,85,84,101,87,85,86,96,95,112,92,69,58,60,117,126,118,112,73,44,34,97,104,77,73,8,9,8,76,1,11,13,10,10,9,10,12,12,13,6,121,131,130,126,122,2,12,12,10,10,9,8,8,8,7,7,8,8,7,10,12,12,13,10,10,10,10,9,11,11,7,9,9,6,10,9,8,11,2,170,169,175,155,255,252,254,253,254,254,253,253,251,252,249,252,7,0,254,226,201,121,102,111,152,135,155,176,193,204,218,233,246,248,253,255,255,255
122,122,122,124,122,111,104,105,108,110,111,111,112,122,110,108,107,87,65,30,9,21,81,67,78,78,90,90,92,81,62,48,46,70,121,120,104,51,66,86,90,105,80,51,14,12,13,119,1,13,13,10,10,9,10,12,12,11,21,108,131,126,122,123,98,13,13,12,12,10,9,8,8,7,7,8,8,7,13,13,10,13,13,13,11,10,10,9,8,55,9,14,34,18,8,9,12,2,169,164,170,172,253,254,254,254,254,255,254,254,252,251,247,245,1,3,254,252,252,255,251,144,117,215,252,255,254,255,255,246,235,220,208,194,175,161
118,124,124,110,110,114,99,110,113,113,130,117,114,122,101,92,94,85,41,19,15,15,52,77,75,76,86,87,94,76,60,51,41,37,78,112,27,58,66,94,106,112,88,65,6,7,41,112,59,16,11,10,12,10,10,10,11,10,26,116,125,119,115,111,68,12,12,8,14,15,3,1,6,11,6,7,8,24,15,9,14,14,13,13,13,11,11,14,78,85,4,14,14,15,13,10,11,3,161,156,166,184,255,254,250,249,251,250,254,253,254,254,253,235,10,31,253,252,252,253,253,253,249,179,115,180,254,253,255,255,254,255,255,255,255,255
120,133,124,133,79,100,110,106,123,101,114,127,127,122,92,76,84,77,41,31,15,15,23,37,75,77,85,87,82,82,67,45,28,39,37,30,44,82,111,121,106,106,90,81,4,1,101,122,84,37,18,13,13,12,10,12,11,6,75,131,127,124,112,101,11,12,10,8,12,19,117,123,65,10,8,8,8,32,89,33,14,6,14,12,11,11,11,9,96,106,0,8,9,10,11,13,7,1,141,157,163,181,143,144,163,180,205,220,236,247,248,253,253,219,33,59,254,250,250,253,253,253,251,255,255,203,134,159,244,255,255,255,255,255,255,255
122,113,65,90,117,119,102,96,110,111,116,116,115,115,101,88,72,50,45,28,11,18,10,12,65,70,80,78,69,52,52,38,29,30,55,108,72,78,130,105,128,99,83,105,72,73,104,114,85,78,10,16,14,11,9,10,11,12,88,129,129,126,119,109,0,19,9,17,0,119,119,120,120,93,3,0,11,41,93,90,56,57,5,10,9,10,13,62,92,105,0,9,8,9,11,11,8,5,127,154,159,164,203,255,255,252,246,239,221,200,180,150,128,96,55,88,171,200,252,254,254,255,253,255,255,254,249,227,157,144,204,251,254,255,255,255
115,120,109,115,107,108,120,115,118,121,119,116,115,114,109,116,101,38,13,9,15,23,11,12,21,53,54,52,48,46,52,46,38,62,56,105,96,122,114,84,62,71,128,113,106,104,101,97,48,48,17,14,14,10,9,12,11,19,67,129,132,126,114,113,112,38,0,6,97,119,120,122,124,127,122,110,86,92,96,82,76,79,19,8,8,9,11,69,99,92,58,9,8,10,11,11,11,12,63,148,152,159,175,208,234,255,254,252,248,252,248,252,251,164,85,141,254,253,189,169,138,133,129,152,167,197,221,234,249,248,187,147,191,255,255,255
124,124,120,112,113,113,120,120,118,113,114,116,115,115,115,108,76,106,4,15,16,23,28,31,57,51,45,52,56,63,77,66,32,37,44,76,122,114,113,103,105,83,125,113,125,92,98,89,89,66,37,34,51,10,11,12,13,14,101,130,120,121,120,116,116,120,119,112,103,106,119,123,125,122,121,112,111,98,85,78,91,84,60,8,8,8,9,39,86,89,92,7,8,8,10,11,11,10,0,137,144,153,160,179,148,213,232,253,253,252,250,252,248,127,49,170,254,253,253,253,253,254,253,253,253,253,247,232,221,200,197,176,149,128,160,175
122,121,120,115,112,113,113,113,117,121,117,114,113,112,110,58,66,89,82,17,16,13,37,68,62,56,57,68,62,66,64,58,50,43,45,108,128,113,124,135,57,83,108,99,128,106,106,92,96,110,94,88,25,10,11,13,13,12,119,118,120,121,121,120,115,123,121,97,58,99,126,126,126,122,116,113,111,92,80,79,97,91,72,5,8,7,7,0,92,92,96,6,8,8,9,10,10,11,23,70,142,150,154,163,220,218,198,196,238,253,249,250,253,95,45,202,252,251,252,253,253,254,253,253,253,253,250,255,249,252,254,255,227,135,140,147
112,116,114,115,114,110,110,112,114,117,111,110,105,106,105,6,74,83,88,59,16,14,11,59,74,71,66,65,72,62,53,49,37,42,62,121,121,126,93,102,65,100,94,117,124,126,98,76,113,80,115,83,24,11,12,5,1,105,116,117,119,120,123,127,125,125,2,40,37,96,131,127,125,120,116,116,107,85,72,99,100,89,58,11,8,0,7,6,98,108,101,65,1,7,8,9,11,10,9,2,137,145,152,157,169,199,199,188,119,142,234,253,254,48,45,208,245,250,252,252,252,253,252,253,252,251,252,251,251,254,254,255,249,129,119,230
112,113,114,119,117,115,117,121,117,113,113,114,109,100,93,1,38,70,94,99,78,3,13,72,82,81,83,64,85,93,84,48,34,41,44,53,65,122,106,77,100,87,92,112,122,120,86,70,107,74,101,106,96,14,12,10,56,95,107,124,116,124,119,44,15,84,0,20,104,133,130,123,119,117,117,114,94,82,99,107,99,86,58,9,8,7,36,71,102,97,95,88,2,7,7,8,9,11,17,18,97,144,143,149,163,178,117,113,118,105,119,143,232,4,28,236,249,249,242,242,239,238,240,242,243,247,248,249,251,252,254,255,255,179,133,218
114,116,120,122,129,127,114,109,114,115,109,109,112,112,99,46,20,69,82,81,81,99,55,84,84,84,84,79,78,91,90,78,44,46,49,43,52,71,70,96,111,111,108,103,133,127,89,61,106,81,99,84,105,17,16,23,50,74,117,62,55,124,0,16,16,8,9,0,119,120,127,119,116,114,116,97,89,98,109,105,94,86,61,8,8,4,86,96,98,141,163,158,92,8,8,7,9,10,11,15,35,138,139,144,156,164,178,128,112,112,111,110,110,16,37,122,141,148,154,169,204,234,240,242,244,246,247,243,247,250,253,253,253,240,128,141
115,113,122,121,126,111,107,103,88,98,116,115,113,112,111,109,0,8,79,61,42,95,94,96,79,83,63,73,83,96,102,110,91,48,63,43,51,42,99,74,132,120,113,82,126,125,112,49,63,77,48,55,61,11,16,39,41,104,54,16,6,92,6,16,16,0,0,34,95,114,120,111,112,110,100,93,104,107,109,103,87,80,0,8,8,2,104,104,107,103,87,88,103,17,17,4,5,8,10,13,0,131,141,141,149,162,185,128,120,119,114,110,110,16,25,101,121,109,115,117,115,97,114,127,134,135,147,169,185,185,172,174,168,189,127,125
109,115,113,119,114,119,118,96,92,107,122,118,107,107,92,104,40,14,31,64,65,135,127,87,96,69,55,69,90,102,100,102,119,101,63,55,41,48,58,68,127,113,78,69,112,117,112,68,55,59,73,58,24,57,101,46,68,46,11,11,11,17,9,0,12,98,119,113,106,89,80,97,95,87,96,105,107,106,107,102,87,80,63,17,14,4,117,106,92,86,86,84,83,98,34,13,7,4,8,9,16,100,148,142,141,159,178,164,128,119,121,113,104,25,32,70,116,99,104,108,107,110,120,120,118,117,118,117,128,113,111,119,124,136,150,138
109,117,120,119,113,119,120,107,107,109,100,93,94,93,99,86,99,1,42,61,4,94,123,129,99,100,100,91,100,113,110,124,124,107,51,55,60,66,62,84,124,125,85,69,87,120,117,65,51,80,107,94,93,115,112,124,124,0,16,11,11,11,4,59,14,136,135,133,126,127,105,71,86,99,106,107,106,106,106,101,84,77,71,91,1,58,127,79,87,92,93,92,91,90,100,1,21,6,6,9,8,33,107,144,139,146,169,184,128,132,128,119,86,31,51,72,110,108,122,115,114,116,120,120,118,116,117,117,113,121,126,124,125,127,124,132
107,119,123,115,111,119,125,119,103,110,120,113,112,111,114,67,110,101,92,79,77,50,133,130,128,90,111,107,101,126,127,127,131,109,73,90,79,68,63,73,114,126,108,76,86,100,82,82,61,79,115,109,81,121,103,31,64,12,14,11,13,14,11,49,130,128,128,124,124,121,121,121,109,87,103,101,100,104,105,90,86,76,70,101,10,60,127,86,97,104,105,105,103,100,100,103,3,9,19,9,10,8,14,101,145,147,153,181,171,134,120,125,57,44,35,71,118,112,106,117,116,120,130,130,128,128,127,113,114,111,112,115,119,121,136,133
105,110,105,117,112,135,149,141,143,140,125,91,105,105,105,115,121,119,115,106,89,84,67,97,83,82,106,108,114,125,126,127,130,109,88,74,72,72,90,125,114,121,114,67,90,86,77,62,51,64,107,90,97,93,83,50,78,43,16,13,13,12,12,2,121,128,129,125,123,126,127,128,126,107,89,90,96,101,98,90,90,84,66,96,92,59,113,90,101,108,111,111,109,108,107,108,104,0,14,9,8,8,15,1,133,146,146,157,184,137,129,127,109,82,53,70,107,124,111,110,115,128,132,140,147,147,149,147,140,132,128,127,122,119,127,128
103,100,105,108,120,132,154,110,140,114,116,123,120,121,123,129,129,126,121,124,106,91,78,54,39,71,80,93,112,113,127,130,130,121,113,118,106,109,125,124,124,125,115,93,78,107,61,70,45,38,44,86,57,106,113,90,78,65,4,12,18,16,14,86,126,133,132,129,129,132,134,134,130,124,111,94,82,95,89,90,92,89,58,94,92,89,107,84,102,103,104,105,106,105,104,105,100,104,40,13,8,7,12,19,97,140,143,150,167,189,133,128,98,96,93,91,99,110,120,121,114,119,121,127,141,147,149,150,148,152,157,156,161,153,130,132
100,108,106,121,122,154,147,148,139,148,128,122,123,122,134,134,152,143,112,93,109,111,83,78,56,107,91,86,114,114,118,108,133,128,124,115,109,139,124,128,125,124,116,94,84,111,61,69,55,41,49,35,40,99,105,104,105,107,135,114,64,10,98,131,134,134,135,135,136,134,134,135,134,129,126,120,100,87,90,87,87,83,50,92,92,96,82,78,84,90,92,91,92,92,93,91,90,89,93,68,0,6,6,15,15,101,136,144,151,166,150,77,105,111,110,109,107,116,120,121,127,113,116,122,119,125,131,135,137,144,146,154,158,126,146,131
93,99,95,115,134,129,114,121,121,120,120,122,121,127,124,110,96,103,118,80,50,67,112,91,80,111,93,91,110,111,107,113,120,114,110,111,127,138,113,105,100,64,115,100,96,79,88,56,36,42,27,38,54,35,104,109,103,115,134,137,137,137,137,135,135,134,134,135,135,133,132,131,131,129,127,126,125,131,99,87,84,81,57,89,88,125,156,152,151,140,132,125,134,133,130,129,121,118,75,83,95,59,4,16,14,1,117,137,136,133,117,128,121,119,120,120,125,120,123,118,119,130,133,131,128,136,132,140,143,132,121,128,132,135,135,129
105,87,94,119,127,137,114,121,121,120,120,119,117,115,110,97,99,69,58,41,30,29,36,85,98,103,111,106,94,100,97,119,115,108,110,119,138,126,124,124,120,111,79,105,94,64,68,78,54,29,25,43,29,34,43,47,96,107,126,131,131,131,131,128,128,128,128,129,130,130,132,130,130,130,130,133,133,134,133,106,69,78,73,74,117,148,171,167,141,131,133,128,126,124,124,130,136,135,129,130,129,101,69,51,0,14,9,70,84,91,121,141,128,126,124,120,125,120,128,121,119,126,129,151,148,141,156,156,145,144,150,134,130,121,118,117
91,104,118,120,125,121,118,118,119,125,117,114,108,103,94,80,65,49,41,38,38,36,34,31,104,106,108,114,85,85,109,123,102,102,97,107,120,125,120,126,119,108,98,61,100,88,32,52,28,19,24,17,62,45,55,58,96,124,124,127,125,130,127,125,125,114,112,121,126,126,132,134,132,132,130,126,125,135,141,146,95,61,90,73,93,171,181,178,161,156,140,131,138,130,123,138,127,121,135,147,152,141,157,105,56,4,21,21,55,68,62,102,121,126,123,123,122,114,124,107,120,120,115,139,158,159,164,162,162,165,155,155,159,150,142,133
87,114,121,123,110,121,120,120,114,117,110,105,83,64,49,44,43,38,34,33,33,31,29,104,105,103,112,104,105,100,120,116,96,96,103,103,63,86,126,121,112,102,79,59,57,71,51,59,53,60,61,59,57,55,60,60,34,24,73,98,113,121,119,116,116,120,119,120,126,130,128,130,135,136,128,110,108,137,141,139,140,71,93,111,182,186,183,180,177,178,175,158,154,127,120,148,120,116,119,133,154,160,150,132,84,1,9,19,35,35,51,69,81,132,125,119,121,120,123,114,131,144,151,150,155,158,163,166,169,164,162,160,159,149,146,143
103,101,116,123,118,105,90,82,78,71,62,62,63,58,54,47,41,36,34,31,30,30,31,85,106,107,115,96,103,113,57,57,75,90,88,97,83,3,119,122,94,66,44,54,50,42,39,48,58,31,19,28,31,17,10,21,52,36,39,18,21,67,96,106,103,100,107,107,125,115,115,120,127,130,129,100,95,126,142,136,141,55,116,179,181,179,181,167,155,169,166,174,173,151,134,119,133,117,113,115,112,116,115,114,124,82,8,5,6,13,29,14,138,132,121,128,141,155,167,166,165,165,164,158,167,162,161,149,168,163,164,155,160,153,155,146
103,103,90,86,82,84,88,70,62,66,59,62,66,59,55,48,41,38,35,33,31,29,36,86,107,108,122,95,112,63,77,77,59,63,63,66,71,2,119,97,96,51,63,51,31,29,11,15,14,22,20,19,25,17,17,24,78,83,42,22,19,81,96,93,90,99,107,106,92,95,95,94,105,107,101,104,105,120,137,135,137,12,20,143,165,171,185,173,159,140,168,176,176,182,166,146,126,127,121,111,116,122,122,125,114,108,8,9,15,23,4,154,143,124,101,113,164,179,178,178,178,178,178,173,167,171,165,156,160,165,155,155,161,154,155,139
101,89,74,73,82,82,80,81,68,60,62,61,62,57,53,46,43,38,34,30,28,23,66,57,93,112,101,98,70,67,70,75,44,41,73,121,110,1,103,45,28,91,105,109,111,107,104,50,23,8,13,14,20,21,19,29,79,73,71,58,28,84,102,106,113,115,114,121,112,97,97,90,82,83,81,100,116,120,132,127,136,15,13,25,5,104,170,194,162,151,143,171,182,189,182,129,114,124,126,104,109,123,120,120,125,126,78,19,27,10,168,150,143,109,71,80,124,185,179,175,179,179,180,181,170,166,164,107,102,84,137,141,172,151,142,133
103,91,81,85,84,80,79,78,79,75,69,63,62,56,51,48,44,40,33,28,24,59,83,34,1,93,99,85,38,59,62,42,35,45,56,96,118,121,108,110,114,120,122,118,111,107,118,109,71,0,13,13,15,14,16,33,48,75,79,85,80,74,102,96,116,122,122,123,120,113,113,106,108,95,96,98,108,119,124,125,109,2,20,30,42,21,74,106,131,144,161,156,181,182,185,184,180,113,116,118,111,112,126,122,119,139,187,79,2,105,129,176,154,121,57,76,94,170,175,170,176,175,174,176,157,108,114,175,157,140,145,155,136,139,144,137
84,81,82,91,92,95,93,81,84,76,64,76,62,56,54,52,48,42,36,29,26,77,57,41,9,12,87,100,63,54,61,68,49,52,66,105,115,116,117,118,118,121,118,112,114,112,119,122,112,97,59,0,19,14,14,35,47,61,61,52,67,80,95,104,110,107,106,109,114,120,113,113,108,106,102,99,98,115,105,87,62,18,22,20,27,28,33,64,92,104,148,158,167,181,178,185,152,126,137,157,138,133,119,116,113,128,171,171,149,113,121,131,157,151,39,56,103,177,119,121,155,181,179,177,171,168,124,90,127,165,137,130,144,143,134,141
93,97,86,83,82,80,73,80,73,81,83,74,69,62,59,54,49,38,34,35,69,88,65,23,21,17,97,73,115,94,64,52,42,69,71,121,119,123,124,112,112,116,107,106,104,109,118,108,102,101,94,104,5,7,14,12,10,17,17,14,16,15,35,52,53,54,67,77,82,95,102,92,105,99,83,74,78,103,90,92,2,18,22,20,26,29,33,41,56,79,101,121,140,144,169,175,174,170,174,166,173,169,169,164,157,157,158,171,168,86,29,57,71,120,132,68,113,188,193,172,150,154,165,169,177,173,170,171,170,157,154,89,114,14,111,137
99,100,88,88,88,83,87,74,73,81,71,65,70,66,59,58,44,43,33,49,88,99,85,44,23,6,106,117,106,116,91,71,72,91,83,122,114,128,108,107,99,120,107,97,93,108,101,102,97,104,105,93,99,77,12,13,15,16,17,17,19,20,21,20,20,20,20,21,18,11,7,1,6,39,50,64,87,67,52,21,21,20,21,22,23,23,29,32,29,57,76,95,116,134,146,145,161,135,161,156,160,174,169,145,147,146,161,166,165,178,43,58,44,62,62,69,127,182,181,179,178,174,180,178,178,172,169,164,160,163,156,157,142,135,133,130
100,91,99,83,76,77,81,67,71,71,63,65,64,60,59,57,51,47,38,71,73,96,96,77,47,3,114,116,122,110,127,90,75,51,115,121,101,106,99,105,121,93,102,80,106,101,109,100,78,85,91,91,112,108,84,13,15,16,17,17,19,20,21,20,20,21,21,26,24,25,21,21,18,20,17,14,22,15,9,21,21,21,22,25,28,21,26,44,55,52,70,92,100,117,121,115,140,146,139,123,100,80,91,131,154,143,140,154,169,170,175,77,5,32,59,50,147,174,177,177,178,180,177,177,175,170,162,159,155,72,157,154,129,133,106,132
89,96,87,72,73,69,57,80,72,81,78,71,66,67,63,57,55,50,45,72,71,79,90,97,76,61,76,111,119,119,126,118,87,96,124,108,106,125,126,127,134,126,117,100,61,100,92,65,72,79,98,88,86,94,99,19,15,15,16,15,16,17,20,21,21,21,22,27,27,26,26,24,24,23,22,26,28,35,33,43,35,34,35,28,36,48,56,56,66,76,77,85,93,111,94,101,70,86,87,90,92,88,92,85,87,128,141,150,159,170,172,171,155,3,41,66,27,159,177,179,180,177,178,180,169,169,169,157,156,19,163,148,120,117,121,118
93,83,74,73,77,68,81,69,70,68,70,68,67,63,67,55,55,51,44,47,57,59,76,80,100,78,78,80,86,94,87,104,129,120,120,116,115,118,118,117,100,96,89,68,49,61,74,69,35,43,35,84,36,45,23,19,15,15,15,14,15,16,19,20,21,22,23,23,24,24,24,24,24,23,22,23,28,29,38,37,40,43,45,45,46,53,61,59,62,64,63,71,67,69,62,60,65,65,67,67,69,74,77,93,74,121,134,146,170,164,141,57,156,162,1,43,47,52,174,175,174,174,174,175,171,172,164,155,148,159,139,122,113,114,121,123
84,86,78,85,68,68,78,69,67,74,62,64,52,66,67,55,57,57,57,61,60,36,58,55,87,71,54,64,73,73,79,76,94,78,52,65,8,6,6,4,15,18,20,20,26,56,63,40,28,29,30,31,31,27,21,20,19,15,13,13,14,15,17,19,20,20,20,20,20,22,20,21,23,22,21,21,21,20,20,26,30,29,35,33,52,63,84,99,89,65,59,58,69,58,78,70,70,74,67,82,75,91,82,86,109,122,129,148,138,132,52,7,114,101,23,4,3,103,166,170,170,165,162,164,153,152,168,152,134,120,122,118,114,111,117,122
86,74,71,70,66,70,70,73,77,70,67,60,62,59,53,50,52,64,51,47,43,32,37,41,83,90,83,85,90,73,79,54,21,29,19,25,20,31,31,31,25,23,21,22,28,23,31,27,28,29,29,30,26,28,28,27,22,19,15,14,14,14,16,17,19,19,19,17,16,20,16,15,22,20,20,21,22,21,20,22,26,22,28,31,24,37,124,144,145,127,113,104,93,91,86,68,84,90,86,82,88,94,93,91,90,99,108,101,102,72,24,22,63,29,42,134,151,163,159,166,165,159,160,151,145,146,136,122,120,112,120,109,110,115,100,119
77,78,80,82,75,91,82,72,67,64,60,65,48,58,60,50,55,48,49,42,40,42,40,37,78,78,73,63,72,59,50,81,84,71,84,47,27,26,26,27,27,24,19,21,18,17,16,17,21,24,25,26,26,24,29,30,28,21,17,14,13,14,16,17,19,19,19,17,17,19,17,17,19,17,14,24,23,23,23,22,22,20,21,21,27,29,154,9,144,126,144,135,120,102,91,98,95,84,79,77,70,70,75,73,76,91,58,57,45,40,28,27,28,23,22,28,117,150,156,158,159,154,128,126,117,113,108,108,105,115,114,126,115,99,118,108
72,67,82,82,90,86,75,66,65,49,53,50,44,49,57,48,53,48,44,44,38,42,40,50,44,48,61,73,41,55,73,75,78,64,41,36,37,35,34,33,30,24,22,21,19,18,16,16,17,17,26,23,23,23,26,26,26,21,14,17,19,20,20,20,19,19,20,19,19,17,19,20,22,24,27,26,26,26,23,21,22,20,19,15,21,11,140,118,78,97,106,172,169,160,104,90,76,58,37,56,55,53,45,70,82,95,69,62,42,36,35,36,30,23,42,40,66,117,137,137,129,111,116,113,133,121,110,108,105,119,113,114,116,111,99,111
66,77,81,71,77,73,75,77,56,55,53,52,54,62,62,53,50,46,42,40,40,27,45,34,29,30,31,31,33,34,35,35,40,29,35,38,38,37,34,34,31,27,22,21,20,19,20,16,15,24,24,20,20,24,21,21,22,15,16,16,20,21,21,21,21,20,20,20,20,20,20,22,23,22,23,23,26,27,29,29,24,19,17,14,20,15,55,101,113,129,135,181,181,170,77,60,86,64,47,60,65,70,52,74,89,101,102,81,73,53,43,40,45,27,35,59,78,88,100,107,115,110,119,117,104,97,115,126,121,114,118,119,122,121,114,106
63,65,70,87,84,80,82,64,62,61,68,70,66,48,65,50,42,44,40,34,30,34,45,41,42,33,33,36,34,34,35,35,41,35,33,33,33,32,33,34,33,28,24,24,22,21,21,16,27,24,20,20,20,24,21,21,22,17,19,19,15,23,23,23,22,20,21,21,22,23,24,24,24,23,24,23,23,22,24,28,24,21,16,14,20,47,128,118,122,145,157,175,176,187,173,49,91,34,48,33,44,66,73,104,98,110,121,87,87,78,79,63,64,46,51,54,65,101,100,107,105,114,106,114,120,100,100,116,119,110,110,113,115,119,115,112
58,73,75,75,75,71,72,71,58,58,58,56,46,77,72,44,43,42,41,36,51,43,43,38,37,29,38,34,34,34,41,35,52,43,39,30,26,22,35,29,29,28,27,27,24,23,29,34,24,20,22,22,22,23,22,22,21,19,21,21,21,21,27,23,24,24,27,27,27,28,27,26,24,29,26,23,23,23,24,26,27,24,21,20,40,91,123,127,140,134,155,165,171,169,154,157,100,100,88,83,92,92,106,109,135,141,146,133,119,99,98,86,80,76,74,70,72,98,115,118,112,113,114,109,112,119,118,118,113,114,114,115,113,115,115,117
63,68,71,68,64,66,73,76,61,65,58,62,56,69,51,44,46,50,53,57,61,70,54,49,44,37,34,38,40,45,43,43,47,36,32,29,23,35,38,34,29,29,30,30,27,26,22,22,27,23,23,23,23,23,23,24,24,26,27,26,22,19,24,28,27,28,35,34,28,28,29,30,31,31,27,23,23,24,26,26,23,22,27,23,41,64,109,127,141,152,149,146,152,154,150,158,137,131,133,128,124,142,104,134,146,128,136,122,107,90,90,86,90,84,84,80,75,101,107,117,123,122,111,107,106,113,115,117,117,117,119,118,118,119,115,113
65,65,65,64,54,54,52,55,70,65,61,58,55,57,50,52,55,55,58,53,62,47,46,48,48,35,37,38,37,34,38,40,38,36,37,45,43,36,40,35,30,31,31,30,28,20,21,20,26,22,22,28,28,24,24,23,30,31,30,31,29,22,23,26,28,15,31,35,45,48,27,28,28,30,26,21,22,23,23,23,23,22,28,29,38,85,92,106,109,101,122,126,125,137,144,144,140,139,132,88,77,134,148,135,129,118,98,108,99,101,97,105,91,91,89,90,94,99,104,111,101,118,128,120,110,115,119,119,117,118,121,121,135,121,122,114
71,71,77,75,69,66,58,59,63,61,58,56,48,45,46,48,49,42,45,47,42,42,39,36,37,40,36,30,33,34,38,40,38,37,37,36,42,42,45,41,37,37,38,35,20,22,23,22,27,24,24,29,28,27,26,24,26,28,27,33,30,24,24,26,28,35,27,37,41,41,38,31,33,27,28,27,26,24,23,22,22,22,27,35,57,68,78,80,70,67,53,65,78,85,75,92,103,99,100,93,98,86,100,93,89,101,98,101,113,111,98,108,111,112,110,100,90,110,112,116,115,118,120,121,128,111,109,109,106,113,114,131,108,114,121,120
82,78,82,78,71,76,76,74,73,67,57,38,38,30,45,37,32,35,36,38,44,37,32,32,32,31,28,28,28,35,36,38,38,44,41,46,49,45,45,48,43,37,48,28,24,15,17,23,24,22,28,31,29,23,28,22,29,27,27,31,30,29,29,28,29,31,38,33,31,36,36,35,36,33,28,27,24,26,20,24,24,29,28,36,66,68,77,86,78,69,61,66,84,89,97,94,86,104,103,110,119,120,105,113,113,124,106,111,106,108,109,94,101,101,92,90,100,77,109,124,120,122,127,111,121,105,108,104,97,122,103,115,120,119,126,124
104,95,85,65,76,72,73,74,73,68,66,58,58,64,56,44,42,32,36,42,40,34,26,27,29,29,26,28,27,27,30,36,37,44,42,46,49,45,36,35,35,31,31,34,28,25,27,27,28,30,23,30,28,29,33,33,29,30,30,35,36,38,40,37,35,35,35,47,31,35,38,33,31,30,29,29,29,30,26,29,31,36,33,35,42,55,78,67,101,103,104,89,99,105,95,79,85,88,91,92,99,101,99,94,97,94,105,105,114,109,105,114,112,112,109,104,97,121,116,118,115,114,126,111,112,109,111,106,108,110,120,126,120,119,117,119
15,34,73,88,93,93,95,93,80,64,71,59,55,57,55,51,46,45,46,56,41,41,39,37,37,35,31,31,33,34,35,36,37,41,51,49,43,41,41,38,34,41,35,38,43,34,27,22,26,32,33,35,30,29,34,32,30,31,34,33,29,30,39,34,40,50,37,38,48,41,34,35,34,31,33,35,33,34,30,27,24,27,40,37,47,52,61,69,85,105,111,115,115,115,122,115,107,107,118,116,129,126,111,91,91,91,95,111,99,99,100,106,116,116,107,116,109,116,113,120,112,115,109,113,114,119,127,106,107,114,115,134,110,112,99,114
27,28,26,27,24,21,21,34,46,88,80,95,84,83,61,56,51,45,44,45,44,41,41,37,38,38,37,37,38,42,38,35,41,41,39,41,44,46,45,44,51,51,45,48,29,33,27,27,35,33,33,33,34,31,36,35,32,33,34,35,36,44,45,48,43,37,52,48,48,48,44,41,40,36,36,37,33,34,30,30,26,23,25,34,39,53,66,72,75,86,103,105,115,121,129,128,133,135,133,117,130,129,138,139,124,106,115,106,93,93,92,103,111,122,123,119,112,114,119,107,116,120,109,107,109,118,118,108,105,109,117,112,116,121,126,117
23,23,20,17,23,27,28,26,27,28,29,29,24,33,52,58,64,85,78,48,77,60,41,48,49,45,42,48,47,43,42,49,45,44,45,45,44,45,45,69,62,62,66,77,74,66,54,38,37,40,43,47,42,41,26,32,25,33,35,45,45,41,45,47,50,84,48,53,48,48,60,43,42,40,37,34,31,34,37,38,28,26,29,35,43,52,63,80,81,94,105,122,120,117,113,121,131,128,128,133,132,131,133,133,134,132,129,126,127,124,109,109,99,114,101,104,106,111,113,111,122,108,112,122,120,119,125,113,123,113,113,126,121,119,117,118
17,19,19,18,20,21,20,20,20,21,23,26,27,29,28,21,25,14,20,38,20,45,57,63,72,71,66,59,48,48,42,43,45,45,46,46,45,46,40,62,78,82,87,91,85,71,72,49,86,56,52,48,51,54,60,53,45,30,49,49,56,55,50,54,55,53,50,50,55,50,50,36,36,35,34,33,31,29,35,45,51,48,34,36,44,48,51,76,88,101,109,114,114,119,124,121,121,120,128,123,112,127,128,129,131,128,127,128,132,132,123,113,120,106,105,102,102,104,110,118,122,108,114,114,115,125,113,120,111,110,121,117,117,116,114,115
10,12,14,17,17,17,17,16,16,17,17,17,18,20,22,22,23,20,18,18,23,27,27,28,27,26,28,43,55,30,41,23,25,31,31,30,30,41,61,66,86,99,96,103,98,99,98,94,103,103,79,88,93,52,76,64,69,74,49,56,58,59,62,66,57,56,51,56,50,50,47,46,30,31,34,33,31,29,33,34,35,44,45,27,38,39,46,70,84,93,107,110,113,114,117,100,115,113,122,81,71,115,122,120,121,129,137,140,127,137,131,121,123,120,117,105,98,103,110,107,129,114,134,126,106,99,108,121,121,124,122,115,110,121,113,127
10,11,13,12,12,12,13,15,16,17,17,16,17,18,21,18,17,18,18,18,20,20,21,22,23,26,35,34,35,58,57,72,65,59,65,46,32,42,55,67,86,98,107,112,114,122,128,133,116,110,113,112,106,94,90,66,63,53,49,49,63,64,63,57,58,92,75,59,53,52,48,42,36,24,27,26,24,23,35,38,36,36,38,48,47,41,47,57,69,89,99,107,112,113,121,106,114,83,104,113,101,117,124,134,139,131,137,130,121,121,120,116,114,116,115,120,113,108,117,114,93,108,136,101,113,126,124,122,119,120,118,125,115,98,114,114
11,12,12,9,10,10,10,9,11,10,10,13,13,10,16,14,13,14,16,16,14,12,13,13,14,18,16,24,25,27,30,32,48,48,53,27,37,51,56,76,74,81,110,120,106,101,138,151,142,139,133,150,122,91,102,87,59,49,36,46,39,49,73,76,76,71,73,72,69,59,46,44,37,36,20,29,29,28,27,21,16,30,31,50,54,47,48,48,67,83,83,105,110,110,119,132,109,107,114,110,112,113,113,117,116,127,128,123,121,122,115,115,113,113,114,117,121,109,96,98,102,108,86,112,112,130,120,120,124,112,118,120,117,107,118,121
12,13,13,12,10,10,10,9,8,7,8,9,10,14,13,10,10,10,10,10,10,10,12,12,14,14,21,23,24,22,23,24,23,23,58,36,47,53,58,48,58,70,86,108,127,154,154,157,148,154,122,136,157,85,59,81,51,39,40,34,27,31,35,30,45,53,48,81,57,25,54,36,34,36,17,23,26,26,22,22,30,24,26,31,38,43,50,50,59,59,64,92,97,95,108,100,122,120,113,120,119,118,116,116,115,127,128,111,108,110,112,108,107,105,105,110,118,124,123,114,105,109,114,115,112,122,123,116,104,115,122,117,111,120,122,122
13,13,13,11,11,12,12,12,10,9,8,7,9,8,9,10,9,9,9,9,8,8,8,9,8,14,14,21,20,20,15,20,20,29,57,67,52,59,75,79,65,91,85,104,113,114,147,154,159,130,169,161,135,127,119,102,26,32,25,29,28,41,48,13,103,41,22,28,28,22,34,25,20,14,19,16,17,18,18,19,13,21,21,22,29,38,40,41,49,55,71,67,90,80,100,107,100,106,108,87,117,115,111,122,107,86,98,120,104,108,102,100,101,100,97,103,109,114,123,108,86,109,108,126,109,104,116,119,99,112,105,119,131,125,125,127
14,14,14,13,13,12,12,12,12,13,13,12,12,10,10,10,9,9,9,9,8,8,8,8,13,14,10,10,13,17,20,13,17,17,16,14,4,6,11,3,38,35,73,94,105,129,152,154,134,142,126,119,124,111,91,75,84,26,29,41,67,39,31,3,16,36,34,24,25,34,30,23,25,21,18,14,16,17,18,19,14,21,21,21,22,26,29,34,38,47,35,49,65,71,77,84,85,85,88,85,77,77,83,93,109,112,102,109,83,91,97,100,100,99,98,99,108,112,111,117,113,99,108,105,72,106,116,106,108,109,113,123,117,119,118,114
14,15,15,14,14,13,13,13,13,13,13,13,13,10,12,12,10,10,10,10,9,9,9,7,7,7,7,8,8,11,14,14,13,10,9,9,10,9,10,10,13,13,14,14,20,27,5,2,17,70,85,78,87,94,129,106,81,92,77,77,47,60,113,140,28,41,11,96,60,43,34,32,28,16,15,16,16,16,15,15,14,17,17,17,17,19,22,24,29,32,33,49,31,69,51,52,52,64,63,59,55,64,70,78,71,86,83,87,93,117,103,101,101,105,95,100,108,111,117,112,108,96,112,99,114,119,127,123,118,118,119,113,108,125,115,113
14,15,15,14,14,13,13,13,13,13,13,13,13,12,12,12,10,10,10,10,9,9,8,7,7,7,7,8,8,7,11,10,10,9,9,9,11,10,11,11,12,9,8,7,13,13,14,6,19,24,14,21,7,17,3,0,48,61,70,92,83,68,31,54,38,48,66,84,57,78,94,57,4,10,14,16,16,15,14,15,15,16,16,16,16,17,17,14,15,45,49,25,26,20,28,45,28,50,54,48,62,58,65,64,67,63,67,70,77,69,75,83,83,97,103,99,99,108,106,99,98,94,82,101,108,114,111,121,121,111,115,114,111,113,110,114
25,21,22,20,20,18,16,16,15,14,14,13,13,11,12,12,12,12,13,13,9,9,9,8,8,8,8,8,8,13,9,9,9,9,9,8,8,8,8,8,8,7,8,8,9,12,10,10,10,11,10,10,10,9,9,12,11,13,13,13,17,25,52,70,84,64,50,77,73,88,36,47,57,42,41,21,12,13,17,17,16,17,17,22,13,16,16,20,20,34,24,27,26,28,26,30,32,29,55,45,41,43,42,61,59,57,58,59,70,64,73,63,70,74,79,87,98,103,100,104,98,91,92,104,102,121,109,94,114,126,121,119,90,97,110,117
17,24,24,23,23,23,23,23,21,20,20,19,16,13,13,13,13,13,14,14,14,14,10,9,9,8,8,8,7,7,8,9,9,9,9,8,8,9,8,8,8,8,9,9,9,10,10,10,10,10,10,10,10,9,10,12,12,13,13,13,12,19,20,20,15,22,19,20,24,17,68,78,86,4,8,13,20,20,27,16,16,17,17,16,15,19,22,21,30,23,24,48,36,4,41,36,39,27,33,48,21,36,35,38,55,52,52,38,87,63,70,69,62,65,73,79,87,98,97,87,79,84,84,97,111,108,108,111,101,88,95,104,112,100,111,104
59,37,43,43,42,31,19,14,28,32,27,27,22,21,19,18,18,18,15,15,15,12,10,9,9,8,8,8,7,7,8,9,9,9,9,8,8,9,12,12,13,10,10,10,10,10,10,10,10,9,9,9,9,9,10,10,12,12,12,12,12,14,14,14,13,12,9,9,9,10,11,11,37,52,59,50,53,49,40,36,30,24,16,28,30,14,24,16,35,38,66,37,36,62,55,63,26,27,36,43,54,39,41,53,40,43,43,54,63,58,62,62,60,64,56,72,80,87,95,90,86,115,97,104,107,100,104,124,111,122,108,105,104,103,114,107
34,49,38,41,39,45,50,60,68,54,52,24,20,27,23,23,23,23,20,20,19,12,12,12,11,9,8,8,8,8,8,9,9,9,9,8,9,9,13,13,14,12,9,9,10,9,9,10,10,8,8,8,9,9,9,9,10,10,10,10,10,12,13,13,12,12,9,9,9,12,11,13,10,23,16,10,6,12,20,34,40,42,45,56,57,70,68,68,60,70,72,70,67,65,62,69,65,68,54,45,35,39,35,47,47,46,50,54,49,62,51,54,60,76,68,77,79,83,88,85,83,86,86,97,99,82,92,105,118,115,116,106,98,97,92,91
39,36,43,29,36,34,34,33,35,28,24,48,48,39,31,24,11,25,26,24,24,25,17,18,14,9,9,9,9,9,9,9,9,9,9,9,9,9,8,7,7,8,9,9,9,9,8,9,9,8,8,9,9,8,9,9,9,10,9,9,10,10,12,10,10,10,10,9,10,12,8,8,10,9,9,10,10,12,10,10,10,12,13,12,10,10,10,23,23,39,59,72,86,58,56,56,74,67,62,56,63,62,78,46,44,55,59,78,85,71,59,58,70,73,73,83,92,85,86,77,79,93,75,85,91,92,99,79,86,83,83,91,92,81,89,96
39,44,42,39,37,41,42,40,40,43,39,31,31,35,39,35,45,45,56,24,26,33,30,30,9,9,9,9,9,9,9,9,9,9,9,9,9,8,8,8,9,8,8,8,9,8,8,8,9,8,8,9,9,8,8,8,8,9,9,9,10,10,9,9,10,10,10,9,9,8,7,9,10,9,9,10,10,12,10,10,10,12,13,12,10,10,12,13,14,13,18,23,19,13,19,24,35,45,55,65,67,74,70,65,63,65,75,96,86,82,82,77,83,97,97,82,108,90,83,73,77,93,100,83,101,112,111,86,92,93,98,96,93,112,108,101
255,255,255,255,255,255,255,255,255,255,255,255,255,255,255,255,255,255,255,255,255,255,255,255,255,255,255,255,255,255,255,255,255,255,255,255,255,255,255,255,255,255,255,255,255,255,255,255,255,255,255,255,255,255,255,255,255,255,255,255,255,255,255,255,255,255,255,255,255,255,255,255,255,255,255,255,255,255,255,255,255,255,255,255,255,255,255,255,255,255,255,255,255,255,255,255,255,255,255,255,255,255,255,255,255,255,254,255,255,255,255,255,255,255,255,254,254,255,255,255,255,255,255,255,255,255,255,255,255,255,255,255,255,255,255,255
255,255,255,255,255,255,255,255,255,255,255,255,255,255,255,255,255,255,255,255,255,255,255,255,255,255,255,255,255,255,255,255,255,255,255,255,255,255,255,255,255,255,255,255,255,255,255,255,255,255,255,255,255,255,255,255,255,255,255,255,255,255,255,255,255,255,255,255,255,255,255,255,255,255,255,255,255,255,255,255,255,255,255,255,255,255,255,255,255,255,255,255,255,255,255,255,255,255,255,255,255,255,255,255,255,255,255,255,255,255,255,255,255,255,255,255,255,255,255,255,255,255,255,255,255,255,255,255,255,255,255,255,255,255,255,255
255,255,255,255,255,255,255,255,255,255,255,255,255,255,255,255,255,255,255,255,255,255,253,255,255,255,255,255,255,254,250,255,251,255,255,255,255,255,255,255,255,255,255,255,255,255,255,255,255,255,255,248,254,255,255,255,255,255,255,255,255,255,255,255,255,255,255,255,248,249,255,255,251,255,254,255,255,247,250,254,255,255,255,254,255,253,255,251,254,255,250,254,255,254,255,253,254,253,255,255,255,255,255,255,255,255,255,255,255,255,255,255,255,255,255,255,255,255,255,255,255,255,255,255,255,255,255,255,255,255,255,255,255,255,255,255
255,255,255,255,255,255,255,255,255,255,255,255,255,255,255,255,255,255,255,255,255,255,248,255,255,255,255,255,255,254,255,255,255,255,255,255,255,255,255,255,255,255,254,255,255,255,255,255,255,255,255,65,255,255,255,255,255,255,255,255,255,255,255,255,255,255,255,151,62,255,241,85,121,255,243,81,139,248,80,78,250,123,91,236,254,101,102,255,193,94,196,251,253,61,255,127,93,234,255,109,106,255,255,255,255,255,255,255,255,255,255,255,255,255,255,255,255,255,255,255,255,255,255,255,255,255,255,255,255,255,255,255,255,255,255,255
255,255,255,255,255,255,255,255,255,255,255,255,255,255,255,255,255,255,255,255,253,102,123,171,91,253,78,255,68,151,114,146,109,255,111,105,255,70,129,249,99,126,156,102,248,105,114,255,210,95,207,62,254,137,253,222,99,208,198,100,234,254,173,90,155,102,255,255,91,255,255,253,201,254,69,255,255,255,254,91,254,255,255,109,250,213,200,255,73,253,91,255,111,91,253,255,255,99,235,253,253,239,255,255,255,255,255,255,255,255,255,255,255,255,255,255,255,255,255,255,255,255,255,255,255,255,255,255,255,255,255,255,255,255,255,255
255,255,255,255,255,255,255,255,255,255,255,255,255,255,255,255,255,255,255,255,226,144,247,253,255,250,78,255,68,255,255,255,254,194,114,107,228,69,255,231,149,246,254,248,200,255,249,250,114,255,255,69,170,255,255,116,255,255,116,255,76,255,247,229,248,210,255,255,91,255,255,250,127,255,69,255,71,255,249,168,255,255,143,255,249,207,206,241,111,255,86,220,254,90,255,255,141,246,214,255,255,215,255,255,255,255,255,255,255,255,255,255,255,255,255,255,255,255,255,255,255,255,255,255,255,255,255,255,255,255,255,255,255,255,255,255
255,255,255,255,255,255,255,255,255,255,255,255,255,255,255,255,255,255,255,255,241,255,81,253,251,247,79,255,64,255,239,255,238,232,197,249,255,65,253,241,255,84,255,246,239,225,182,255,81,255,242,57,154,246,255,83,253,242,79,250,107,255,255,234,253,212,255,255,91,255,255,127,255,255,123,253,79,254,182,255,255,141,250,255,235,219,212,248,72,255,76,245,255,95,255,146,255,250,254,173,183,255,255,255,255,255,255,255,255,255,255,255,255,255,255,255,255,255,255,255,255,255,255,255,255,255,255,255,255,255,255,255,255,255,255,255
255,255,255,255,255,255,255,255,255,255,255,255,255,255,255,255,255,255,255,255,255,255,251,255,255,255,248,255,255,255,250,255,255,255,255,255,255,249,254,255,255,255,251,255,254,254,255,255,255,247,255,254,255,254,255,255,255,255,255,255,255,255,255,255,253,255,255,253,254,255,248,255,255,255,255,249,255,255,255,253,255,254,255,247,254,254,255,255,255,255,253,255,254,255,251,250,255,255,254,255,255,255,255,255,255,255,255,255,255,255,255,255,255,255,255,255,255,255,255,255,255,255,255,255,255,255,255,255,255,255,255,255,255,255,255,255
255,255,255,255,255,255,255,255,255,255,255,255,255,255,255,255,255,255,255,255,255,255,255,255,255,255,255,255,255,255,255,255,255,255,255,255,255,255,255,255,255,255,255,255,255,255,255,254,255,255,255,255,255,255,255,255,255,255,255,255,255,255,255,255,255,255,255,255,255,255,255,255,255,254,255,255,255,253,255,255,255,255,255,255,255,255,255,255,255,255,255,255,255,255,255,255,255,255,255,255,255,255,255,255,255,255,255,255,255,255,255,255,255,255,255,255,255,255,255,255,255,255,255,255,255,255,255,255,255,255,255,255,255,255,255,255
255,255,255,255,255,255,255,255,255,255,255,255,255,255,255,255,255,255,255,255,255,255,255,255,255,255,255,255,255,255,255,255,255,255,255,255,255,255,255,255,255,255,255,255,255,255,255,255,255,255,255,255,255,255,255,255,255,255,255,255,255,255,255,255,255,255,255,255,255,255,255,255,255,255,255,255,255,255,255,255,255,255,255,255,255,255,255,255,255,255,255,255,255,255,255,255,255,255,255,255,255,255,255,255,255,255,255,255,255,255,255,255,255,255,255,255,255,255,255,255,255,255,255,255,255,255,255,255,255,255,255,255,255,255,255,255
