149,142,108,138,132,137,126,114,151,156,126,157,130,129,121,135,125,145,126,102,105,106,95,115,135,86,102,136,120,146,148,135,114,166,152,156,142,111,162,136,145,135,131,117,147,147,158,159,139,135,122,97,112,93,112,124,108,121,129,115,137,149,127,98,116,139,121,126,141,113,124,133,113,123,126,87,97,118,116,87,116,99,109,83,152,92,136,126,135,138,142,120,147,81,140,104,135,135,79,126,98,121,105,135,133,136,147,114,126,111,105,136,123,123,129,148,129,118,136,98,91,125,111,102,136,140,123,117,126,131,136,133,142,148,100,114
132,152,142,115,134,107,59,108,133,144,140,129,124,130,140,125,120,85,100,103,104,126,141,133,114,107,134,124,148,169,126,127,167,149,145,138,152,136,151,156,130,139,147,153,141,150,149,148,159,153,157,132,84,124,84,102,79,135,113,113,132,140,132,85,73,172,113,114,143,126,120,115,90,126,128,84,81,140,129,110,122,83,104,73,156,111,100,143,141,153,110,104,135,126,130,107,140,138,128,60,134,136,117,99,101,134,81,116,125,92,111,124,129,128,137,111,140,136,121,100,127,121,141,100,146,116,140,92,107,141,133,129,125,120,118,83
143,172,138,151,154,164,148,150,145,142,100,129,151,110,115,110,119,151,100,98,143,175,150,135,132,139,157,145,130,160,139,147,157,166,147,154,156,154,138,139,138,151,135,147,142,162,153,158,155,151,135,148,151,105,83,91,106,156,110,125,127,140,143,107,102,153,118,115,136,115,147,114,76,106,111,127,140,132,137,108,107,61,89,84,153,91,106,126,148,140,131,116,123,94,128,110,121,136,106,135,118,133,107,103,118,100,98,121,102,83,108,125,98,148,147,126,126,134,134,88,120,131,144,134,146,139,121,113,127,114,136,111,114,121,121,93
149,163,161,158,149,161,157,169,144,147,150,170,173,177,162,185,144,139,158,152,141,129,148,148,168,147,142,148,149,132,129,134,141,137,154,149,146,143,121,141,148,143,162,159,127,134,136,76,127,141,142,153,147,115,63,97,102,121,115,123,123,145,139,139,122,133,125,96,146,111,143,104,67,81,106,52,155,123,129,96,104,123,22,115,149,106,107,122,119,134,119,125,91,65,121,156,75,108,93,124,120,135,86,119,112,114,134,111,116,59,108,136,150,114,115,136,121,105,127,152,105,122,117,122,120,127,126,124,129,121,115,105,127,120,95,82
148,148,149,172,140,140,153,151,147,136,135,161,166,166,158,140,149,161,140,122,145,142,154,153,140,152,142,128,123,143,135,136,126,130,113,120,118,129,146,128,122,138,87,63,133,154,148,148,162,143,152,149,138,151,145,131,100,100,70,80,120,133,156,147,134,133,125,87,127,119,119,123,121,91,110,52,151,99,119,125,81,107,72,125,108,133,56,123,130,135,84,102,86,103,118,130,105,103,110,99,112,119,98,125,134,120,111,121,121,124,135,135,142,117,126,88,101,142,130,118,129,121,112,121,135,129,113,100,129,136,112,97,124,115,107,129
148,148,142,135,131,133,132,129,128,129,142,147,132,142,158,143,133,116,128,117,131,135,99,136,128,139,123,127,122,94,116,110,151,146,130,137,135,94,107,113,127,144,144,153,146,155,163,136,129,153,142,146,151,168,170,156,127,133,113,84,103,106,114,143,128,89,111,107,129,95,100,117,96,113,91,63,125,115,69,132,82,52,91,133,100,115,61,113,107,100,121,55,42,109,140,97,55,88,113,91,106,100,125,116,114,131,128,107,83,102,109,131,135,98,117,109,115,136,136,83,141,127,116,143,133,125,107,119,148,102,125,134,131,75,106,113
133,146,147,140,140,144,149,147,154,149,136,147,153,156,152,138,136,149,110,135,128,128,128,112,141,118,106,120,106,117,104,128,145,144,152,140,154,158,146,170,151,135,157,151,153,144,136,138,150,182,148,149,152,154,142,150,151,145,143,136,93,107,121,137,111,111,87,110,145,144,94,86,113,81,121,43,93,134,58,151,95,44,149,115,76,84,114,120,100,100,109,63,59,106,134,71,57,63,146,106,83,65,74,113,101,136,143,99,120,74,132,127,136,107,124,130,124,132,123,121,137,120,143,132,134,142,129,114,116,142,115,97,116,85,127,115
148,129,175,140,159,134,158,143,109,122,141,149,147,148,163,161,158,119,107,113,138,146,130,95,126,99,105,137,123,115,136,137,150,108,132,132,144,140,132,145,150,160,151,156,133,132,126,149,174,151,150,143,145,143,142,150,152,159,156,170,148,141,133,129,121,132,102,139,135,140,91,98,41,124,104,92,136,141,148,150,96,109,113,106,77,82,121,125,96,91,100,59,87,90,85,85,108,38,109,82,57,67,71,85,86,127,120,115,84,96,139,115,133,141,139,109,102,146,128,130,125,133,117,131,127,130,120,84,145,117,95,126,120,122,126,123
176,157,142,113,130,121,155,128,143,141,147,149,145,165,152,160,146,155,159,158,157,143,127,144,140,143,159,140,145,165,168,142,144,136,142,151,159,135,121,148,122,147,148,148,152,132,155,144,149,165,135,159,106,126,142,135,149,133,150,126,152,145,156,147,143,138,113,127,120,127,120,56,72,107,94,82,115,157,112,158,122,129,119,97,79,47,107,122,83,83,77,114,134,97,89,77,66,46,110,110,57,42,87,108,85,157,103,93,145,142,127,111,115,121,84,113,103,139,115,134,141,143,129,131,120,136,102,117,146,125,144,133,129,142,135,124
113,141,142,147,114,123,122,157,153,150,133,139,148,127,169,170,197,189,138,97,122,139,144,151,158,123,135,130,126,139,128,144,132,138,155,136,129,135,139,134,147,146,185,167,142,149,148,144,151,154,154,156,167,148,143,142,167,157,154,171,156,149,142,153,158,159,153,142,121,128,108,27,23,153,116,76,96,125,138,141,154,122,114,134,50,98,121,109,83,60,65,77,123,114,53,44,88,28,112,74,75,57,114,67,106,148,136,98,101,136,131,99,122,107,103,130,132,134,148,128,160,136,136,134,105,104,125,113,134,144,127,121,132,149,125,118
159,163,108,149,127,163,155,135,153,169,133,140,102,125,120,133,142,158,164,141,157,164,152,143,140,140,157,153,135,144,140,150,145,161,163,149,151,134,135,144,142,150,144,160,168,169,142,147,145,153,146,129,149,154,150,170,155,161,142,156,147,141,153,153,149,149,158,168,152,124,112,81,58,153,92,115,101,107,119,102,98,125,97,62,30,130,141,109,71,44,83,118,113,101,92,114,131,91,119,86,31,88,140,88,123,134,114,149,86,126,110,143,93,103,95,106,114,108,113,124,134,133,129,120,133,93,125,116,142,110,123,134,151,122,124,108
140,154,129,118,104,70,118,138,107,107,133,114,115,97,137,144,162,150,170,170,160,156,146,142,145,146,132,140,153,132,179,147,146,116,130,146,135,130,110,145,150,153,154,132,143,145,151,143,129,153,155,132,161,148,149,149,176,149,139,137,158,156,156,136,144,157,148,148,149,156,137,112,97,134,139,66,103,95,114,78,87,106,34,70,90,139,161,120,51,61,57,97,107,91,119,127,62,125,103,109,54,52,117,100,156,154,95,128,103,115,144,69,109,96,117,113,112,99,109,136,137,123,99,97,144,135,109,153,134,128,121,154,136,143,112,105
100,83,106,105,110,116,162,135,120,92,115,105,117,116,134,151,145,160,162,162,166,147,144,150,135,142,141,131,152,136,129,185,70,114,99,114,114,95,136,164,88,126,140,141,134,151,99,140,144,152,126,133,142,165,137,145,132,165,168,141,149,178,156,142,158,153,138,140,138,155,150,147,137,160,150,146,156,191,143,164,142,176,104,76,129,129,133,118,81,123,89,85,74,58,148,104,63,134,117,97,101,61,116,103,154,121,116,63,24,126,103,108,93,113,119,147,133,87,109,122,133,135,85,110,149,142,106,132,135,118,107,85,106,105,117,116
131,118,121,95,117,135,144,138,134,149,147,151,160,150,157,143,148,153,145,164,152,122,162,169,161,142,160,157,127,111,102,102,176,141,134,112,129,148,157,142,139,103,108,123,136,115,135,129,142,140,110,113,120,126,146,130,141,112,150,166,135,159,170,164,156,155,152,148,158,153,163,160,171,151,205,234,228,244,222,218,183,200,225,237,203,107,96,110,119,93,70,125,95,141,148,105,106,125,92,89,122,123,101,96,121,107,105,85,101,78,84,92,124,58,112,99,127,122,108,90,136,114,86,117,146,128,106,132,123,92,70,147,123,113,103,107
149,148,142,140,128,148,151,147,149,163,159,138,134,151,145,149,163,142,137,135,157,192,163,163,155,174,155,141,133,141,162,129,157,158,147,157,168,151,129,115,116,119,131,107,118,131,113,123,123,92,104,111,144,94,98,144,134,131,140,148,132,134,154,152,170,164,156,157,154,143,163,172,215,244,229,214,212,212,182,148,120,118,121,148,177,223,184,54,115,129,143,128,104,90,149,138,75,90,46,116,45,122,55,99,110,71,121,47,57,90,56,84,126,153,122,145,140,118,105,127,107,88,107,80,140,142,112,109,109,97,134,128,118,155,143,132
149,133,107,137,134,130,145,152,150,151,151,155,123,138,139,120,115,117,112,116,141,150,155,151,149,136,163,143,151,139,143,129,114,129,133,125,136,154,141,112,105,123,150,141,139,116,84,106,113,150,131,122,115,130,91,65,118,152,129,150,147,148,129,147,152,118,142,141,189,242,250,235,200,143,156,184,206,189,156,128,120,114,112,110,104,106,130,217,135,152,179,121,100,96,107,140,71,93,94,91,103,111,86,84,87,109,146,95,104,94,140,57,116,140,143,115,156,94,123,123,129,112,91,141,131,89,110,106,123,92,122,105,117,111,104,81
166,162,166,155,168,162,141,133,135,145,138,148,121,123,127,136,105,128,132,124,124,122,139,136,134,116,112,139,128,171,148,151,134,108,129,139,140,148,150,158,141,130,151,149,144,130,140,144,143,131,104,107,144,112,141,107,158,163,149,163,136,139,152,157,173,223,244,229,224,198,169,150,144,138,151,174,167,174,138,154,143,113,124,113,105,78,86,132,155,120,94,124,79,86,137,143,26,35,107,130,94,127,76,106,89,113,136,123,102,138,61,85,89,134,91,108,159,69,99,164,125,113,100,140,108,105,108,121,135,148,147,109,115,79,90,86
162,144,142,143,144,133,134,129,131,126,127,119,99,117,119,119,111,128,143,141,128,107,113,119,116,131,100,103,143,154,128,130,154,144,129,131,155,149,139,148,154,119,100,151,134,132,112,136,140,143,122,140,132,148,147,142,138,122,119,178,212,239,213,209,222,213,180,159,154,139,130,127,126,116,131,157,121,149,154,153,155,139,119,143,94,64,73,83,116,105,116,67,87,106,125,90,57,59,125,170,153,144,127,65,49,78,119,78,74,98,124,120,109,138,117,119,138,100,95,127,77,118,135,95,107,66,110,117,88,99,79,134,112,59,99,106
146,121,107,106,104,118,154,103,92,116,127,125,160,152,114,122,63,129,99,118,126,144,138,99,132,168,123,133,117,128,87,134,143,159,172,156,154,150,125,121,110,132,114,132,111,161,131,128,143,121,140,152,154,140,125,121,113,131,218,219,216,186,182,184,99,158,136,140,133,116,114,116,122,117,127,91,114,137,144,122,140,158,84,129,105,52,63,67,133,130,95,85,95,120,83,89,78,115,108,107,130,158,100,45,41,104,109,94,42,91,105,119,92,153,101,109,155,118,128,124,99,115,83,131,104,86,66,76,99,114,167,69,113,135,124,143
129,135,142,144,109,111,152,95,91,95,115,114,128,126,93,95,135,88,54,120,139,102,122,125,94,101,116,104,118,110,132,134,145,135,149,149,131,111,121,122,127,147,154,141,147,123,162,147,107,143,124,110,158,202,252,242,238,250,208,195,152,154,120,176,135,101,145,140,133,120,104,122,112,110,99,77,88,92,146,142,134,133,103,128,115,51,64,67,98,150,147,135,164,132,77,61,75,81,132,120,122,140,67,34,10,120,110,85,122,164,104,127,138,154,67,74,129,128,127,92,116,107,57,127,88,111,105,65,140,131,101,106,77,119,111,146
134,123,124,80,93,95,87,141,115,84,63,97,66,84,83,127,155,91,140,129,153,119,96,139,158,140,127,129,105,127,138,152,131,143,121,138,58,111,103,132,131,127,143,153,153,125,90,107,201,234,237,249,241,197,210,180,149,195,205,167,161,114,179,187,136,122,98,144,137,130,141,130,121,109,79,78,92,100,136,150,150,141,127,120,122,70,53,55,53,88,131,166,154,108,71,98,46,53,143,138,111,100,33,36,101,160,106,116,7,175,133,119,152,128,101,99,132,148,124,106,93,86,151,73,87,113,81,89,82,85,119,96,88,102,87,116
95,119,91,154,117,127,87,197,61,113,102,105,107,72,124,127,121,74,89,130,146,170,212,174,90,63,160,129,132,132,127,116,135,134,110,121,153,155,148,140,123,211,194,221,228,245,245,248,247,241,205,206,214,178,151,193,170,162,205,170,164,196,173,201,199,140,136,121,144,155,141,132,123,129,99,69,66,51,107,156,131,153,144,122,141,92,73,55,46,72,168,153,125,74,60,104,82,122,89,99,85,86,110,91,141,119,130,150,128,177,119,120,129,88,80,109,95,125,78,95,104,77,113,104,86,89,43,99,130,51,122,120,115,127,83,104
115,122,132,125,154,101,114,87,153,129,111,108,122,123,96,92,137,136,120,101,102,140,101,82,71,79,77,142,140,127,101,96,121,130,130,144,159,162,181,126,140,189,148,218,220,219,223,202,209,203,212,201,173,171,183,171,188,201,181,189,195,190,213,201,238,203,157,137,174,161,162,159,157,156,140,112,76,89,101,103,144,158,141,107,131,87,94,70,64,70,150,143,171,131,109,120,96,105,127,103,91,100,74,87,138,98,143,107,133,184,120,95,112,101,120,112,120,91,93,93,104,123,156,105,132,93,102,52,54,44,116,115,134,134,77,100
140,155,87,121,136,76,106,82,207,94,84,114,128,113,114,120,150,131,101,87,47,112,129,106,79,30,107,117,130,110,162,140,142,147,137,141,135,148,139,143,142,143,139,220,158,210,228,214,194,200,200,207,206,206,196,201,210,177,135,148,170,183,212,211,204,231,177,142,99,158,197,188,185,188,180,158,140,90,82,93,120,164,144,115,113,145,73,98,68,58,157,135,137,147,144,136,126,111,111,116,143,142,68,135,155,82,108,87,77,177,131,142,104,79,151,114,109,63,58,89,64,121,135,119,105,147,90,109,87,138,121,131,123,136,111,107
142,132,122,128,113,114,105,156,120,85,90,114,137,118,146,131,95,98,98,72,118,152,111,114,92,133,77,76,119,138,136,133,107,149,161,149,143,137,130,129,129,140,181,190,193,125,170,199,231,230,239,229,224,238,240,213,197,206,234,199,143,187,190,225,214,217,240,193,201,130,180,188,197,176,178,185,163,148,128,102,112,158,157,137,119,137,113,112,99,77,149,122,142,134,109,132,151,170,104,146,106,76,79,136,122,77,104,115,127,169,105,128,94,77,144,119,88,47,79,121,129,113,99,109,119,134,79,137,65,151,133,131,145,130,122,122
108,162,122,127,133,142,95,93,112,143,135,133,134,115,85,103,126,144,149,141,110,131,148,135,114,114,140,113,90,156,147,135,147,116,143,105,122,153,123,99,147,125,200,149,169,122,112,139,150,175,163,227,252,233,212,221,242,219,219,214,243,196,205,219,222,216,226,248,236,225,156,183,190,185,173,172,164,172,140,129,126,138,165,131,105,136,125,65,73,93,166,145,136,134,129,146,149,136,169,110,138,119,129,130,107,92,158,119,154,167,124,94,68,78,120,96,69,93,107,114,112,117,81,137,129,105,97,9,146,101,109,102,110,119,129,157
87,135,147,143,148,133,149,133,141,99,122,104,82,103,109,106,134,133,141,138,134,104,151,127,132,122,127,124,94,79,80,130,127,68,146,124,147,132,118,142,126,92,193,171,130,96,99,113,117,116,128,155,147,212,245,220,221,218,223,188,178,197,185,213,226,205,212,236,229,221,233,122,173,166,182,179,184,174,175,168,143,151,154,151,96,110,136,57,78,37,135,156,160,146,150,156,131,163,150,143,133,86,135,94,89,145,160,64,122,136,107,96,78,120,96,136,88,106,106,135,107,108,58,136,101,113,116,127,104,106,108,105,114,110,88,111
118,133,157,135,136,133,118,134,127,114,115,117,117,75,107,101,120,135,126,129,136,144,122,128,110,128,142,131,124,113,85,122,90,108,121,136,141,83,68,102,122,143,171,170,214,180,108,108,123,122,109,108,113,140,199,211,224,169,179,220,114,105,152,199,221,240,197,219,212,210,218,210,148,160,168,171,179,183,167,157,162,145,141,159,129,114,131,79,82,78,157,159,108,149,159,154,160,162,164,155,133,157,132,147,142,110,108,90,106,121,85,91,84,73,155,140,140,61,169,151,102,126,139,108,106,119,110,90,85,119,131,128,117,144,108,110
153,132,132,143,135,120,104,133,124,132,99,114,96,129,139,140,136,146,150,151,154,150,143,157,147,136,136,146,148,130,85,99,133,116,141,100,124,81,122,131,40,101,182,212,199,148,128,109,115,119,124,118,100,123,180,137,194,149,134,165,98,116,141,185,200,210,225,204,221,200,204,233,162,179,157,161,174,183,163,172,157,152,148,145,138,96,103,106,65,83,159,162,78,138,162,156,157,126,155,146,168,143,164,177,146,70,76,97,145,112,50,81,112,94,119,116,136,106,147,116,65,183,169,70,105,118,133,138,161,130,92,69,114,126,119,119
119,116,140,131,104,111,156,137,141,150,116,126,112,130,121,164,151,156,131,140,135,143,140,131,124,146,140,129,118,141,131,147,155,154,134,145,168,124,157,156,149,151,223,200,177,123,119,112,120,140,129,90,105,111,154,98,137,102,108,126,116,133,145,165,191,212,185,192,214,248,218,211,232,94,167,152,166,172,176,171,162,155,148,127,149,99,131,141,34,77,117,167,157,136,132,167,169,135,141,146,143,117,135,158,158,134,132,101,166,136,54,109,89,144,133,113,133,80,147,63,84,154,99,94,70,155,108,92,152,136,51,77,132,122,122,72
71,128,115,116,95,106,129,132,130,96,133,122,138,121,123,125,138,152,126,144,155,132,134,134,143,155,140,142,140,161,155,179,165,161,151,161,156,156,129,142,135,188,235,157,157,135,130,123,101,110,123,115,100,105,116,184,109,92,105,107,113,107,111,135,148,192,162,157,189,205,220,203,224,205,128,151,159,161,179,157,176,157,150,117,124,104,87,143,78,56,96,91,183,177,137,161,140,145,135,156,151,161,138,162,161,147,146,135,142,120,139,105,80,142,139,119,87,125,136,86,97,137,84,112,137,30,91,102,114,119,45,103,143,102,112,95
184,132,127,133,133,175,96,97,156,172,173,159,127,149,141,147,151,146,160,158,138,140,142,144,139,114,138,134,150,158,132,136,135,151,155,160,162,143,145,130,157,212,166,87,132,155,154,141,110,99,114,110,92,99,113,179,84,105,107,106,116,112,115,146,157,156,166,163,192,218,178,191,213,206,190,154,154,161,175,164,185,158,141,96,101,124,85,133,112,42,51,79,110,163,200,149,146,96,137,159,142,151,150,155,144,161,136,140,141,89,58,101,56,106,141,86,79,142,105,129,137,128,107,73,58,87,114,80,106,114,70,129,99,113,76,94
156,151,135,128,185,137,148,158,196,196,98,235,149,141,139,145,153,142,141,141,149,99,82,114,110,126,238,148,140,146,114,127,150,149,142,121,144,133,135,135,247,147,143,129,119,119,98,124,107,103,105,122,108,94,97,118,129,119,112,122,122,109,119,144,149,129,141,150,170,197,179,176,201,226,187,106,143,169,153,197,175,179,151,100,89,124,94,149,149,37,63,53,53,99,175,202,209,156,151,140,132,157,166,147,163,147,146,168,135,130,122,108,137,86,73,66,79,89,92,142,156,131,99,104,61,61,76,104,122,105,69,80,140,125,83,115
130,123,113,124,152,121,132,106,241,255,17,241,155,136,132,160,168,155,159,150,154,114,130,142,160,163,154,152,150,148,159,122,143,133,128,100,129,139,150,187,208,174,116,133,90,98,77,92,99,84,105,105,121,91,84,121,175,121,112,122,155,98,119,141,136,135,109,114,121,175,183,168,184,220,204,191,111,165,184,186,179,182,155,97,92,108,115,72,142,69,50,44,65,64,76,152,184,158,150,135,157,157,125,151,162,167,156,150,151,152,158,142,130,89,55,45,107,106,99,149,107,112,110,37,34,97,67,62,111,128,112,91,120,107,73,64
143,128,121,132,153,141,134,111,216,221,92,201,214,99,135,144,155,182,135,124,127,129,159,138,141,142,133,141,136,127,153,146,74,134,131,133,138,138,151,223,213,147,97,93,98,81,88,115,97,92,86,112,112,94,99,109,113,158,127,122,113,132,148,127,140,130,91,120,119,147,161,158,160,189,212,189,162,133,175,178,182,181,160,103,59,105,82,94,113,103,56,63,51,27,51,93,154,170,143,143,148,150,144,140,130,135,155,113,163,169,139,134,78,61,87,106,33,90,70,134,108,89,72,41,89,61,98,104,103,90,77,101,130,56,70,47
132,145,136,136,133,141,134,105,144,180,142,90,85,91,130,152,152,124,142,134,140,154,135,144,147,142,169,137,135,112,100,142,108,118,130,140,135,151,141,232,129,103,86,112,85,59,74,123,117,106,99,86,88,98,99,109,115,178,117,104,118,86,78,121,134,130,109,104,129,151,151,154,156,191,201,181,187,139,154,188,184,181,160,48,84,107,101,123,110,87,58,50,50,61,57,63,81,140,173,162,145,129,137,147,154,139,170,142,148,139,165,146,107,91,64,120,67,79,148,141,74,105,9,64,41,69,100,104,121,99,64,66,116,91,77,24
119,126,124,102,101,121,141,140,136,125,111,130,172,154,99,99,110,152,142,149,199,144,157,108,98,142,116,130,137,156,158,130,179,177,142,140,144,127,164,191,73,126,97,92,105,79,84,83,116,124,109,96,102,102,106,98,101,124,198,124,119,112,98,107,137,134,129,115,129,156,172,164,155,166,185,186,183,168,136,174,195,186,172,85,85,85,75,84,120,128,42,71,43,65,48,47,50,66,154,129,135,131,111,142,118,121,127,121,152,153,148,167,133,101,126,42,70,42,145,123,116,113,8,56,137,11,83,127,110,93,91,72,86,126,103,77
125,117,117,124,152,130,115,152,91,110,142,145,149,127,114,116,113,85,117,166,173,164,139,152,127,162,87,85,114,132,176,149,166,124,126,133,132,126,214,163,119,126,83,92,95,71,103,70,114,112,119,110,110,102,109,108,103,103,150,152,119,121,116,92,137,129,112,104,98,146,161,157,152,164,197,187,178,174,136,137,183,179,165,70,55,54,85,85,114,128,55,63,60,45,46,46,48,57,100,125,137,112,137,105,82,76,108,114,122,146,138,127,144,162,112,113,113,66,119,52,68,121,81,55,117,85,110,97,55,87,55,92,73,106,114,21
148,148,157,163,142,143,159,166,175,150,102,123,136,159,143,119,104,107,169,138,178,174,160,146,144,132,118,123,138,128,151,99,135,145,137,158,136,182,205,151,126,106,80,69,79,75,110,101,121,114,118,124,106,99,116,113,110,90,102,177,122,128,105,92,133,118,102,97,119,136,145,157,140,135,187,183,155,184,136,104,168,183,165,97,90,72,65,92,103,130,84,63,36,34,43,46,45,43,92,170,131,128,151,143,106,125,126,122,135,137,125,118,148,129,152,168,128,121,121,87,70,121,117,97,96,143,99,86,104,52,76,109,111,77,85,86
127,142,145,115,143,144,145,143,142,136,185,159,159,111,191,120,130,135,183,167,156,134,171,158,134,130,134,123,125,86,76,95,111,136,128,155,124,183,222,77,112,98,99,60,57,82,116,120,128,121,126,131,127,126,115,117,114,92,95,142,162,93,104,102,111,123,121,87,120,137,133,135,140,141,171,205,184,193,155,120,141,190,171,91,71,79,75,106,85,120,114,69,43,49,41,53,45,38,43,77,108,122,126,142,147,136,151,100,142,60,135,143,173,88,129,138,133,142,46,73,91,99,83,170,85,112,112,55,128,31,53,104,96,61,11,86
161,135,155,125,106,216,161,118,131,120,95,144,128,133,178,230,146,113,155,151,157,144,142,149,168,156,139,114,86,113,101,128,104,124,98,113,220,219,146,122,99,102,88,72,65,85,110,129,139,130,142,137,142,137,121,113,108,92,95,122,154,155,135,120,112,119,121,106,136,113,132,129,119,154,150,155,193,197,153,171,121,187,173,104,70,84,84,103,97,114,129,54,53,44,37,46,39,40,42,46,51,110,168,97,117,134,116,128,157,137,143,140,149,140,111,140,150,139,142,91,122,112,85,122,144,51,65,57,161,63,70,83,78,12,104,99
145,119,121,151,202,199,162,182,101,132,138,115,164,151,120,164,223,155,124,132,115,119,68,106,96,166,135,101,99,120,118,100,119,132,131,186,178,155,123,133,104,109,73,65,69,111,135,136,147,146,142,141,142,140,135,129,112,107,93,98,123,176,148,132,119,108,101,115,90,104,129,132,122,119,159,142,150,178,160,143,127,186,180,99,60,76,73,56,112,104,102,49,47,53,60,52,45,43,41,35,31,55,75,147,87,109,134,116,142,112,142,152,134,137,158,123,141,145,148,157,143,115,68,113,71,69,80,21,161,88,93,70,87,125,81,107
86,163,95,164,229,146,91,151,146,122,136,141,175,134,124,119,134,162,97,126,113,32,63,43,94,132,140,146,126,146,137,133,149,148,194,139,212,161,142,121,104,95,46,55,69,115,136,146,156,152,149,141,141,143,144,132,108,112,89,95,106,143,175,151,125,111,113,109,120,116,118,130,122,116,150,137,154,151,176,169,108,176,158,72,97,83,98,85,81,106,58,43,52,48,49,46,36,46,49,41,38,40,61,69,156,135,211,194,166,138,128,134,134,127,146,169,168,148,155,153,149,128,114,110,104,48,43,7,132,89,62,70,50,74,9,136
146,144,129,197,111,142,136,142,130,130,143,132,138,157,175,143,170,113,140,138,133,92,78,125,157,148,142,148,147,155,158,153,150,153,145,141,208,140,137,115,93,56,50,56,57,129,150,147,157,158,148,142,142,136,128,130,113,117,99,99,100,119,158,169,136,120,115,119,115,112,109,135,125,107,123,132,135,137,162,142,142,176,144,112,94,61,94,98,98,92,43,45,50,41,54,43,48,44,44,42,38,40,40,40,64,170,155,215,246,248,213,144,134,171,204,112,101,154,132,185,158,147,125,104,68,69,50,61,103,69,51,113,107,9,112,107
155,130,159,130,132,156,123,134,100,144,154,169,129,145,152,170,142,167,104,125,138,137,145,140,131,135,143,159,169,185,165,177,146,153,131,198,140,129,126,99,67,42,42,62,56,157,163,141,154,151,136,146,139,134,148,154,130,119,82,88,103,106,114,169,156,120,104,110,121,101,105,105,119,112,108,143,131,137,143,151,142,170,116,97,70,87,109,100,109,47,63,45,43,36,53,41,63,54,62,55,51,50,50,43,41,131,94,151,192,212,232,229,216,226,195,131,132,155,152,155,136,151,155,144,148,86,87,110,87,122,22,87,86,87,142,64
139,103,126,101,135,136,134,125,149,59,127,79,132,133,142,135,152,125,131,120,114,141,141,149,116,154,147,136,146,95,110,170,145,160,87,193,146,131,115,88,18,39,52,61,62,144,151,148,149,144,129,131,120,135,126,119,118,116,96,98,83,85,102,90,169,152,104,105,104,98,88,123,122,109,115,143,116,118,157,154,144,167,98,106,98,83,99,106,91,63,48,54,55,55,44,64,49,58,51,51,54,58,53,59,37,98,50,105,127,172,181,224,151,163,219,126,107,126,133,140,148,143,150,158,152,107,138,89,142,22,93,68,9,125,164,82
117,174,149,219,150,121,125,176,145,129,134,142,129,151,139,121,123,112,137,120,140,130,149,139,151,149,107,176,169,115,180,145,145,120,149,140,155,134,113,53,36,51,52,72,89,111,118,137,154,141,123,130,129,98,95,121,84,114,106,94,80,65,63,88,113,152,133,117,106,108,107,110,111,112,106,120,79,109,155,135,153,156,106,93,101,85,94,120,64,70,64,58,58,55,57,42,53,40,47,56,59,84,67,93,135,106,57,112,106,140,159,167,219,175,132,112,120,142,143,119,116,138,130,148,164,168,171,154,76,88,70,46,37,100,106,107
127,123,134,49,105,127,141,120,161,138,107,111,125,127,147,127,121,100,122,134,137,133,73,113,115,143,182,151,147,163,134,126,135,143,225,155,133,121,88,48,56,64,66,77,108,98,90,91,130,131,121,123,112,104,75,82,84,87,102,94,79,76,73,71,84,131,140,78,87,105,103,102,104,100,110,120,97,116,148,155,130,135,92,95,129,101,115,71,83,80,72,77,56,61,49,43,53,51,52,63,99,49,57,66,54,80,82,115,84,134,146,156,212,228,128,141,126,126,133,118,120,161,145,138,109,145,147,144,157,150,141,93,120,78,84,115
132,135,139,128,123,130,125,117,131,135,98,137,134,150,152,149,136,116,94,122,126,108,124,120,113,117,98,191,165,142,126,103,111,78,191,141,120,58,62,63,91,87,77,97,102,85,92,87,100,122,116,113,105,94,72,79,82,80,90,97,88,74,83,92,86,90,142,108,96,105,108,99,101,97,106,110,103,116,148,135,98,112,103,120,134,111,103,62,78,82,75,54,77,78,64,64,37,49,36,93,91,26,48,55,9,66,91,103,96,122,114,118,185,175,221,148,136,124,118,124,99,108,85,142,139,141,146,142,139,114,126,134,96,129,89,99
156,146,149,147,161,140,104,139,120,145,120,123,144,132,139,153,138,157,140,147,140,143,143,121,160,114,129,131,83,97,116,94,54,54,167,136,119,107,30,76,86,79,86,91,77,74,67,73,109,124,105,104,95,104,72,79,80,80,88,99,79,78,86,101,112,111,119,125,101,97,65,62,92,92,98,120,111,123,145,139,88,108,115,119,128,109,69,74,63,58,65,71,69,69,69,64,62,36,56,35,56,27,43,45,49,63,126,116,103,94,44,93,87,59,39,156,116,96,125,134,142,91,134,115,101,139,108,131,121,128,147,148,137,126,124,83
126,124,141,133,140,138,148,130,128,131,127,156,157,152,134,115,150,126,141,136,141,133,136,115,115,146,148,136,140,189,97,122,57,148,139,115,106,64,51,48,86,87,88,83,79,77,60,65,76,106,101,96,95,91,81,82,86,101,106,100,101,67,71,100,116,101,111,115,105,93,69,51,73,74,91,108,101,132,140,141,65,117,132,116,114,83,70,60,52,47,50,41,64,68,67,68,60,48,41,50,27,28,41,28,54,115,147,124,51,60,49,55,93,33,100,159,129,138,127,121,128,153,143,142,128,110,136,163,169,146,152,150,129,149,136,103
119,115,125,135,132,150,146,112,109,134,116,146,144,181,85,107,66,86,137,126,116,116,132,108,115,133,139,162,161,148,148,141,129,113,142,107,99,31,54,44,82,70,80,73,70,66,77,81,119,101,83,76,61,79,63,82,79,111,106,99,97,63,80,80,115,112,109,101,85,79,67,51,87,91,79,97,105,142,135,142,72,116,132,113,90,80,75,72,66,61,50,53,49,50,51,54,44,56,50,46,29,43,37,49,144,143,135,101,70,52,57,62,69,78,93,160,160,159,115,138,134,126,78,134,150,137,110,133,126,134,128,173,157,111,90,101
128,154,118,117,140,142,107,125,119,156,135,142,150,188,198,131,145,113,142,155,145,45,106,105,130,141,148,149,166,175,133,128,151,163,114,85,60,37,39,47,51,86,61,69,78,71,69,86,88,77,61,59,52,54,60,66,82,92,109,77,79,72,73,79,107,118,141,129,93,56,88,54,76,86,107,105,133,144,135,126,76,130,129,105,68,75,74,78,72,69,62,52,44,39,47,57,55,50,60,51,22,41,61,113,155,142,81,64,49,56,68,79,103,100,134,176,192,150,137,137,120,107,160,72,118,118,127,78,93,128,145,145,127,130,121,101
131,132,121,127,142,134,135,128,159,146,144,109,152,190,242,145,147,114,136,150,137,168,184,165,150,127,134,146,164,129,115,137,104,149,99,90,61,60,49,42,54,54,90,80,78,77,87,104,99,54,50,49,59,68,75,83,80,83,79,73,65,58,72,56,90,112,123,137,95,93,98,63,86,83,112,105,133,145,139,115,78,128,136,78,73,76,81,85,78,74,69,65,58,47,42,62,70,63,70,15,56,49,86,164,143,142,152,54,56,64,65,92,108,102,132,145,151,169,151,152,142,147,138,136,153,131,126,149,107,80,115,143,138,129,146,123
132,140,112,119,138,138,123,153,135,168,156,142,140,152,137,131,141,145,167,102,112,140,195,129,142,124,124,138,87,135,143,107,167,155,99,95,55,73,58,54,58,58,61,69,59,65,74,86,122,62,77,71,70,78,87,84,92,81,76,83,84,70,72,76,88,123,119,114,97,110,117,75,87,85,114,119,134,149,127,115,88,134,128,53,70,91,81,88,88,79,72,70,69,68,60,59,83,81,45,52,44,70,165,149,148,142,156,37,69,76,84,97,113,102,162,143,158,153,183,140,136,129,121,125,119,144,143,135,142,142,124,120,130,144,155,148
154,127,137,138,143,142,149,157,139,119,102,121,120,110,147,106,110,140,133,100,115,148,110,138,115,106,85,127,121,113,137,191,173,169,74,92,61,78,76,61,63,47,49,34,50,95,92,89,110,75,88,78,77,81,89,92,96,73,84,88,91,77,75,76,65,84,114,108,97,103,113,99,84,80,102,126,141,135,101,113,101,128,114,144,99,135,92,90,89,78,72,73,76,75,66,57,51,54,27,51,48,148,147,155,107,140,161,67,70,76,70,72,91,141,155,142,113,142,133,162,156,123,142,133,131,127,133,128,170,147,142,142,127,131,116,139
142,141,106,134,131,164,121,85,114,130,144,100,137,152,123,132,146,142,167,182,139,140,156,152,172,157,119,138,136,183,150,172,145,145,110,93,68,86,85,77,59,54,54,43,49,97,89,94,98,93,86,80,77,77,95,102,92,71,78,84,74,97,72,74,88,86,112,87,95,111,120,98,81,102,108,121,140,94,104,104,98,123,134,146,96,125,66,114,96,89,79,87,77,84,75,55,63,36,34,62,144,119,135,113,147,205,193,61,70,62,61,74,84,126,135,120,122,124,114,86,152,140,139,161,170,144,133,154,144,133,118,148,141,154,163,152
129,131,114,129,144,190,148,111,92,125,127,55,77,145,137,136,153,125,156,145,129,147,146,164,118,132,152,86,253,167,167,130,129,142,107,92,58,108,77,82,77,61,54,52,55,80,88,92,90,92,86,82,86,99,106,106,74,71,68,78,65,90,65,80,91,88,83,105,106,91,111,107,105,105,113,116,106,96,92,92,95,119,132,166,147,142,130,149,92,116,100,103,86,110,64,59,56,21,60,163,131,128,141,155,185,65,67,74,74,57,86,76,74,114,93,138,135,132,125,131,153,151,161,154,169,148,147,152,166,138,116,120,148,128,121,149
135,118,80,107,112,138,134,62,115,137,128,132,139,119,197,160,165,166,155,164,179,157,143,79,71,115,127,216,168,150,143,153,110,100,118,82,72,82,110,89,84,78,55,52,57,52,116,99,86,93,87,87,97,104,106,101,78,74,65,69,79,77,67,81,100,109,107,97,100,125,95,102,96,102,87,77,87,114,110,89,94,108,161,138,155,101,118,125,46,126,102,130,101,54,72,92,52,52,105,157,132,148,113,62,37,45,69,67,44,62,70,78,94,92,109,144,139,140,138,124,142,134,155,140,152,129,154,127,143,152,166,123,161,147,140,133
138,140,142,112,115,114,154,126,102,93,162,137,141,164,188,190,106,97,121,136,163,167,148,121,131,132,149,139,157,171,162,111,150,133,113,86,76,109,123,98,91,85,61,59,59,32,129,112,93,92,92,105,110,111,114,72,82,72,70,77,73,76,68,82,90,114,114,111,109,106,105,93,102,112,84,87,86,98,121,96,86,143,110,101,120,116,109,122,138,114,123,123,128,31,81,85,78,56,133,147,149,94,45,64,47,42,71,65,66,15,82,79,95,100,91,108,141,143,100,115,147,134,149,113,131,123,119,136,136,136,125,158,129,145,119,132
153,139,107,103,76,113,127,138,139,112,100,101,159,150,149,149,149,157,149,141,152,160,150,125,142,103,122,119,159,129,123,138,101,123,137,85,78,110,163,103,92,88,62,48,40,45,132,113,100,95,100,109,114,112,99,67,82,89,84,86,83,85,74,92,107,107,109,126,123,111,86,88,95,99,101,115,115,92,106,102,96,118,139,120,77,147,152,154,152,158,173,143,127,90,92,92,100,84,86,86,73,72,68,64,57,35,59,49,87,50,7,23,91,123,144,113,113,135,106,159,122,127,103,117,135,107,117,126,137,180,153,149,121,125,138,141
149,149,137,137,126,135,153,146,141,177,152,178,159,176,197,161,147,165,146,151,143,136,142,136,118,123,130,119,140,137,155,140,134,145,156,91,77,95,136,107,83,86,71,54,47,36,122,114,104,85,85,113,122,122,86,80,87,86,76,74,97,100,93,98,106,111,126,130,126,99,86,86,85,106,122,173,100,90,91,63,90,145,116,121,119,145,136,133,119,105,77,75,138,112,106,103,124,55,31,70,69,66,64,64,59,49,50,69,79,88,97,76,94,135,144,147,138,100,122,160,129,127,117,138,138,129,135,131,147,156,112,124,81,126,126,137
157,116,148,130,118,158,151,121,133,142,154,131,134,119,115,160,110,137,137,125,116,105,116,144,177,204,178,163,171,185,182,143,139,119,165,109,91,78,139,156,98,83,75,56,56,50,119,116,102,84,91,110,115,100,89,102,95,86,85,79,85,86,63,93,102,111,123,123,97,119,84,76,82,126,114,61,106,90,101,59,106,101,111,122,102,106,127,149,108,88,82,31,112,116,98,92,41,87,21,64,76,77,78,64,66,57,60,63,76,87,92,107,131,87,131,145,158,117,85,107,97,106,128,162,127,136,117,137,106,105,90,67,85,121,160,129
137,137,149,148,121,137,147,151,141,196,177,112,114,131,135,129,111,81,110,116,132,129,153,154,114,142,115,129,175,109,112,139,143,136,163,94,91,78,153,132,121,89,81,73,61,49,119,114,99,79,75,100,115,79,101,105,98,84,84,77,80,79,86,104,101,112,109,117,115,97,77,76,99,112,100,95,114,98,94,67,99,118,132,91,121,108,110,98,109,72,108,132,147,117,106,111,92,143,130,64,92,77,73,58,54,59,51,70,71,72,76,70,88,108,115,122,105,111,34,84,106,121,113,130,114,112,98,80,20,72,91,106,147,108,105,125
134,140,105,122,94,127,159,166,136,135,156,148,121,139,132,94,65,115,90,113,149,138,135,115,117,110,120,134,150,113,137,149,110,162,137,115,80,85,149,170,130,101,84,74,62,45,120,115,98,96,86,108,87,81,99,99,94,91,94,98,99,97,87,103,103,111,108,119,122,95,92,98,101,124,131,153,89,80,90,86,127,129,107,104,101,124,91,87,115,57,104,106,71,121,120,111,78,94,111,35,74,89,70,59,65,75,62,62,65,72,91,77,203,106,112,114,114,110,104,107,74,107,141,123,134,155,137,135,114,133,85,85,37,95,126,129
156,191,105,75,103,195,239,169,152,118,205,186,125,128,127,103,146,138,155,104,110,120,128,147,141,107,91,159,125,137,112,94,126,127,136,136,101,94,145,121,139,126,86,75,60,51,128,122,105,87,103,121,80,98,93,85,85,86,87,91,92,90,86,99,103,108,109,116,122,109,96,95,123,122,128,135,115,127,81,74,131,142,100,131,107,72,169,158,146,114,104,109,37,105,106,102,141,47,97,94,44,93,91,91,79,76,72,59,67,101,98,98,18,96,142,94,86,154,147,115,151,136,147,106,131,57,123,103,97,137,124,87,90,107,114,75
148,131,184,108,193,201,203,184,113,141,126,174,106,128,144,130,117,140,123,144,81,102,92,165,128,127,166,124,135,100,109,126,142,141,148,131,103,100,129,124,111,148,89,78,64,49,153,130,99,93,114,95,98,94,89,102,93,93,76,76,79,78,78,82,98,107,107,114,119,116,88,140,128,97,99,109,149,120,82,66,96,165,128,119,139,145,107,119,137,113,136,123,120,155,167,141,143,162,122,81,149,117,126,83,86,77,75,50,73,94,119,184,136,115,77,111,120,57,111,46,76,57,113,131,104,108,117,98,111,5,84,142,80,68,67,85
137,142,186,170,190,222,227,119,135,104,127,140,156,152,110,60,118,168,148,129,101,154,185,200,136,156,127,116,143,128,125,144,127,152,158,139,97,95,144,152,195,111,114,87,71,33,155,145,109,108,114,105,91,92,101,81,35,42,59,74,85,80,85,85,82,99,106,112,119,106,126,123,47,147,125,94,84,122,70,80,130,119,140,142,160,129,91,110,72,129,132,148,113,178,88,53,66,84,24,151,147,69,149,70,81,84,78,63,77,109,131,126,119,121,93,93,103,16,99,93,89,100,111,95,119,76,92,92,119,189,150,128,91,84,129,120
138,126,118,109,109,122,129,137,159,146,132,163,141,126,146,163,146,193,124,140,172,154,162,157,142,78,122,97,126,129,129,132,126,149,146,137,96,92,150,149,129,135,151,103,87,36,159,135,108,112,119,91,94,94,123,150,173,108,87,109,90,88,94,82,85,81,102,102,102,112,136,138,89,113,90,96,124,127,65,83,120,121,140,105,77,121,71,103,102,98,145,109,150,83,82,71,64,88,121,108,107,130,129,114,90,79,75,66,95,107,154,122,144,99,38,80,133,89,85,105,116,92,87,27,120,123,84,122,128,138,109,121,102,86,123,68
113,101,150,136,116,144,114,129,201,134,152,109,123,169,155,154,114,183,115,150,142,151,141,134,119,123,137,88,154,140,126,86,103,141,128,144,77,96,144,125,129,145,154,114,99,57,166,142,115,107,97,90,93,139,131,138,116,175,130,89,96,119,111,141,107,98,98,108,84,84,136,134,121,136,133,131,138,134,75,84,81,95,57,117,95,69,143,150,66,141,155,140,75,84,126,66,51,98,108,116,55,124,110,76,72,90,83,85,95,132,115,160,44,115,99,82,125,80,87,61,92,75,107,35,84,95,111,139,91,101,89,87,99,116,124,89
118,181,148,161,147,120,120,105,199,147,126,132,127,121,129,126,130,173,106,111,150,166,143,166,103,117,143,84,87,157,167,145,146,143,137,143,75,102,101,100,114,124,146,129,99,78,170,134,110,116,100,88,147,129,128,111,137,114,122,107,144,122,139,127,122,178,140,112,86,76,168,150,117,123,120,113,96,162,81,65,136,119,161,135,97,156,141,148,128,100,102,82,86,110,123,88,71,130,104,59,91,93,99,73,88,120,84,78,90,99,101,125,56,123,91,137,112,97,64,114,154,117,63,45,46,83,107,105,120,88,97,130,75,123,119,134
129,97,137,146,180,117,114,92,220,126,171,136,142,141,132,133,142,129,133,144,154,133,114,159,147,140,146,130,123,115,141,121,94,112,97,144,88,100,144,121,142,126,148,121,104,70,177,135,111,100,109,142,132,140,126,117,149,142,170,122,133,122,94,134,46,173,118,124,103,53,109,134,129,126,117,134,135,172,75,74,83,94,96,97,103,114,177,136,107,121,132,106,98,143,135,105,128,99,128,35,116,59,48,49,83,60,99,94,148,116,133,133,121,102,122,102,122,84,61,68,69,92,94,29,28,15,104,99,121,128,127,126,143,120,151,140
140,154,115,172,146,169,133,137,105,100,125,139,139,134,135,134,137,139,128,111,106,96,116,89,140,155,127,145,152,166,136,145,94,113,125,163,101,106,153,135,121,122,168,116,104,66,177,137,121,97,132,136,140,59,82,119,78,138,104,123,101,55,101,155,160,91,114,105,106,81,85,133,141,116,139,99,167,143,67,71,129,107,99,103,107,41,77,85,97,146,78,60,133,72,126,118,68,96,106,150,125,87,85,75,71,81,96,97,164,107,125,103,126,74,29,29,66,45,69,181,140,39,69,67,32,82,76,122,132,104,128,145,69,121,119,112
159,149,137,162,163,108,152,130,171,184,137,129,113,107,110,105,68,128,66,106,103,82,66,114,109,99,142,174,165,92,111,121,122,151,114,172,100,98,138,95,131,149,139,125,111,69,176,124,126,160,132,166,122,142,120,162,116,87,122,122,105,170,99,114,133,148,112,91,97,66,62,86,88,133,42,58,139,140,59,73,146,95,67,9,76,89,56,64,83,71,39,10,131,64,80,72,36,99,142,137,109,104,75,119,163,107,89,87,102,89,101,89,54,33,104,80,57,151,141,90,144,141,86,86,134,145,98,85,97,82,106,101,119,116,122,140
137,143,114,170,140,139,101,101,49,122,89,100,106,101,105,92,124,131,91,98,88,158,116,97,86,142,176,123,144,192,124,134,153,119,121,166,105,108,147,145,116,134,133,118,104,65,167,118,116,111,129,132,112,150,137,87,133,80,103,111,141,117,116,136,140,83,108,87,81,63,119,115,152,99,140,142,158,102,48,58,155,99,101,85,96,39,35,62,96,84,57,43,126,68,78,88,6,108,143,117,122,133,139,118,126,130,100,89,46,112,60,58,112,89,49,96,125,46,69,70,86,107,92,136,127,116,125,64,118,120,57,81,112,102,121,119
123,125,181,200,177,131,138,141,142,137,148,106,92,101,118,145,105,144,140,124,115,181,150,112,114,128,117,141,134,201,145,142,166,144,133,145,107,100,153,155,133,114,132,134,108,130,133,118,121,151,114,91,111,152,170,144,122,165,204,152,142,148,134,116,112,129,107,146,65,68,119,109,124,30,108,99,40,92,64,76,91,93,37,130,87,59,115,154,118,121,89,67,126,147,122,115,132,111,115,66,109,125,123,125,113,104,70,34,15,60,26,31,145,71,74,68,106,95,82,129,92,123,105,163,130,67,31,122,135,118,110,91,97,128,150,75
158,117,144,133,155,133,113,147,114,114,106,123,101,133,123,139,150,135,110,128,154,148,152,172,164,104,122,138,134,163,141,123,99,132,188,157,92,97,139,121,156,93,126,134,120,156,130,110,102,69,107,159,127,129,156,106,148,150,147,226,197,130,140,86,45,110,118,160,63,48,135,107,83,68,91,97,140,105,86,86,141,152,140,108,112,160,154,130,96,87,71,101,78,150,127,113,120,115,82,100,42,108,113,88,126,96,82,36,42,41,67,76,92,21,49,70,97,56,65,111,87,57,147,140,137,109,113,128,115,122,156,113,57,64,117,102
173,137,93,108,110,92,125,167,88,65,133,117,109,127,142,110,96,117,129,110,141,160,132,155,127,140,114,130,84,133,147,141,124,121,163,163,99,105,147,131,82,112,96,149,183,155,136,121,97,119,170,116,141,90,96,66,99,82,42,139,171,183,120,87,79,102,91,162,69,62,139,103,41,93,120,119,105,91,78,131,87,92,127,128,124,147,171,137,111,42,109,76,95,78,137,102,93,87,59,38,56,85,56,125,83,82,67,42,26,41,71,58,72,42,94,88,102,136,123,125,60,101,161,106,152,113,98,76,88,117,96,120,69,77,111,127
157,90,173,138,149,94,131,140,101,110,167,140,150,133,137,120,119,112,107,167,135,129,137,111,62,113,112,120,151,152,115,152,83,40,162,173,106,101,149,139,133,141,121,82,189,145,121,132,79,108,150,109,73,79,41,40,20,124,29,49,150,163,127,130,114,115,125,125,91,91,69,89,47,74,101,125,135,35,97,84,130,108,95,129,105,131,125,117,84,136,119,125,90,101,27,107,118,56,133,23,86,99,98,93,93,96,53,57,37,57,99,84,82,95,176,132,99,132,121,142,84,102,86,63,72,117,71,114,29,84,51,43,121,98,134,92
63,99,94,88,106,118,94,147,146,144,154,135,131,170,141,101,115,188,176,189,116,118,100,115,98,84,84,130,152,55,157,125,123,149,136,159,94,102,147,90,118,155,150,122,160,129,115,127,128,126,127,120,10,69,48,71,92,73,104,85,139,163,120,96,131,126,190,108,80,86,95,91,180,138,124,104,72,136,120,135,132,84,108,128,135,140,97,133,158,56,126,119,109,106,112,134,128,122,76,104,111,65,128,109,83,95,28,2,8,73,94,106,102,99,141,181,100,103,70,104,89,100,71,88,64,77,46,24,7,113,72,62,52,138,114,112
131,181,136,78,101,86,146,140,146,162,170,131,169,157,157,145,139,160,169,139,137,126,130,164,128,131,133,133,152,130,95,113,151,205,118,155,98,105,149,143,118,119,152,160,141,105,117,103,114,44,86,59,117,24,79,99,62,134,137,112,102,106,91,118,74,161,130,116,81,71,117,156,119,132,143,124,130,134,115,86,102,129,92,118,92,92,92,99,59,169,132,118,126,87,113,124,89,89,48,124,103,69,104,102,113,68,54,81,34,63,61,13,89,108,123,103,104,112,116,105,80,95,51,25,66,37,16,83,71,112,34,59,93,76,77,91
168,194,155,95,104,139,139,148,146,140,106,127,140,128,136,121,125,129,132,133,160,146,130,135,158,129,137,101,130,98,70,109,171,71,122,114,113,98,187,164,154,149,121,186,120,116,84,77,117,99,71,52,135,135,118,147,121,114,135,131,158,148,126,75,119,154,106,97,69,79,122,132,114,157,153,156,168,103,92,78,121,94,76,114,95,92,89,92,127,103,117,99,101,137,94,61,121,108,107,133,122,136,124,142,91,72,57,43,43,29,58,29,86,122,82,91,8,124,42,6,37,80,23,41,11,62,102,61,56,60,38,57,65,117,103,49
157,199,156,146,93,112,115,128,134,153,125,118,147,134,98,108,96,94,93,164,168,84,107,139,92,72,127,111,83,135,211,92,81,147,162,151,129,110,170,167,110,164,171,145,105,68,162,235,216,138,118,123,158,149,150,145,131,141,129,177,187,119,113,109,112,80,65,104,69,40,88,106,120,94,115,98,86,108,78,86,72,104,131,137,78,64,101,77,94,79,111,134,99,153,130,95,95,116,116,121,109,121,116,91,59,72,19,36,62,61,79,109,51,5,131,87,114,34,67,89,74,9,78,90,112,83,34,77,71,98,121,134,119,139,126,92
135,84,114,157,144,103,97,120,156,149,101,48,115,77,107,175,153,134,116,198,144,107,115,93,56,54,68,128,159,196,232,197,189,140,149,142,133,95,155,155,147,171,202,106,123,224,234,200,206,144,150,167,164,143,143,167,145,142,99,134,109,45,128,113,136,78,23,66,36,62,89,127,135,97,81,146,131,81,93,85,123,92,40,14,87,108,95,134,126,94,115,125,116,102,98,103,75,131,121,70,67,59,98,81,72,49,36,98,46,90,53,78,93,123,69,108,78,65,29,113,107,99,55,51,29,47,29,9,105,87,120,72,72,127,139,128
138,151,129,145,71,91,120,98,127,51,107,110,148,104,99,121,149,131,124,119,108,142,109,74,105,115,64,130,148,146,142,156,116,106,146,125,136,101,112,154,105,151,153,110,207,208,191,155,169,144,141,166,129,138,142,162,145,141,145,148,163,137,139,150,144,57,98,77,99,87,34,102,85,84,104,87,129,124,66,76,32,33,80,99,53,133,92,133,68,99,79,40,65,110,136,128,95,85,64,68,21,60,52,61,50,54,78,72,121,140,63,19,96,71,51,62,128,85,96,72,114,78,71,42,31,51,63,23,72,100,108,128,115,96,116,123
129,125,153,145,145,117,51,119,115,82,77,88,130,139,143,127,145,143,115,122,125,124,109,110,103,151,127,159,132,139,134,108,148,124,106,114,160,71,93,86,81,196,93,126,139,137,130,135,90,76,99,116,95,98,109,117,102,165,161,129,151,163,132,124,122,107,108,89,87,70,75,72,138,78,148,153,88,93,70,65,32,44,35,114,38,51,83,30,127,61,85,79,111,125,157,65,87,89,78,24,92,105,50,75,32,34,42,63,81,108,86,70,90,62,44,49,114,109,72,36,57,35,49,72,100,82,74,26,94,128,89,25,97,90,74,61
143,123,87,114,147,156,156,138,108,132,91,97,140,127,138,161,133,117,114,132,142,143,140,127,73,112,149,159,164,155,120,115,86,98,111,120,161,104,112,77,112,139,73,115,99,141,77,85,84,94,106,44,44,78,95,41,95,138,129,134,116,104,126,76,94,83,62,128,58,89,82,102,142,123,110,86,88,107,64,93,90,36,43,62,76,116,126,127,96,120,101,156,123,110,98,117,59,71,67,52,116,65,101,91,38,27,67,41,91,16,100,91,73,113,47,15,10,24,37,63,63,141,171,37,18,10,104,142,122,83,80,117,100,56,99,67
119,129,93,139,148,158,163,129,143,141,128,145,162,146,140,126,93,127,114,133,73,110,112,171,96,154,153,143,126,82,91,116,74,102,115,100,137,103,100,102,172,104,112,115,108,81,100,98,54,134,100,128,123,47,73,150,71,129,169,142,67,114,98,108,89,116,133,91,95,94,150,109,85,98,129,135,143,96,77,69,99,69,41,147,92,99,161,100,106,77,155,94,95,70,91,92,114,88,110,55,88,41,57,38,33,50,77,76,72,118,106,113,74,45,51,42,44,130,64,32,45,41,74,98,129,122,155,146,5,91,131,76,117,110,72,99
115,112,142,124,111,156,131,114,123,164,148,128,144,205,129,129,78,219,103,101,111,155,137,153,131,149,115,111,113,144,100,104,96,118,118,121,189,179,71,70,128,86,118,133,116,103,119,79,97,72,84,131,141,35,105,127,99,134,110,127,117,126,124,113,129,109,127,120,103,96,106,90,93,105,132,121,98,115,127,69,94,111,74,142,135,179,47,93,139,70,94,117,56,66,118,59,91,114,82,81,110,59,69,93,54,36,18,11,49,65,83,95,51,64,46,26,20,4,79,91,68,72,114,107,133,99,67,92,49,99,85,14,70,57,50,117
164,124,114,123,94,76,143,103,146,119,120,109,120,117,119,138,85,183,162,117,130,102,156,131,95,124,123,157,159,168,161,135,156,160,113,147,108,178,174,179,92,97,121,105,107,146,113,130,148,92,158,148,124,111,109,154,152,127,144,149,122,129,127,144,135,113,95,115,110,125,110,113,94,107,107,122,115,114,136,101,93,143,96,70,156,18,120,2,139,79,101,104,87,124,104,15,51,98,126,59,98,86,28,84,28,58,20,59,84,59,88,72,58,46,36,48,50,32,69,107,73,92,152,90,60,77,58,49,86,120,40,91,83,80,73,89
117,138,128,106,110,93,112,140,135,133,139,190,38,109,137,123,120,205,197,104,129,133,129,106,104,109,123,116,118,219,157,73,151,171,136,169,112,153,157,120,78,86,119,126,126,143,106,90,94,128,132,161,130,126,148,127,112,132,141,124,119,132,142,116,136,118,107,138,156,104,48,168,77,112,107,125,133,112,86,111,78,94,126,219,69,105,115,143,4,88,108,105,97,91,101,95,98,113,51,92,62,53,44,57,93,54,27,78,109,55,46,84,59,67,90,113,65,51,65,134,120,69,5,135,34,114,79,5,107,121,27,69,68,109,91,82
113,6,110,108,109,122,123,167,162,148,148,165,187,118,105,65,101,205,192,121,110,124,120,153,77,113,123,148,143,191,98,135,146,133,154,165,112,139,155,87,100,108,113,106,99,135,123,97,82,127,124,129,133,167,145,131,152,128,111,129,116,116,94,150,131,112,142,121,108,108,134,164,88,71,97,84,73,91,64,86,85,84,163,85,148,137,60,178,143,13,29,38,15,113,82,84,105,61,79,77,39,63,78,81,101,23,54,81,73,57,53,22,96,76,93,86,108,85,87,135,127,85,55,16,109,77,149,124,153,115,133,89,79,82,92,99
88,25,89,131,100,77,89,139,135,131,200,167,182,105,170,121,122,178,173,199,113,135,130,122,135,73,139,141,140,192,104,135,121,146,161,155,99,134,87,78,79,111,106,89,107,115,81,100,120,136,154,127,137,132,124,162,113,120,131,127,129,126,124,73,118,106,98,98,79,117,111,129,79,102,81,91,74,97,109,55,58,82,69,128,88,105,135,136,44,138,111,39,106,128,102,34,41,101,65,87,84,57,61,59,76,14,60,65,47,80,67,34,47,68,49,8,44,20,115,121,112,93,106,152,5,99,95,120,100,136,104,104,61,79,70,107
128,174,140,82,90,79,72,90,120,114,143,140,94,164,123,162,176,131,179,128,191,137,176,133,120,158,157,115,99,93,138,122,155,96,127,166,99,89,77,57,82,94,118,48,90,115,106,109,97,112,120,127,107,136,118,95,126,111,126,141,103,119,101,64,139,103,123,128,73,98,144,135,98,130,55,41,66,90,56,37,87,60,72,29,43,70,121,51,121,120,109,92,75,114,74,60,28,2,107,92,74,83,62,33,96,120,50,63,83,34,51,70,36,98,105,90,101,134,100,104,90,108,95,58,148,99,140,84,115,84,121,116,129,119,89,58
131,100,98,63,97,108,114,86,3,136,155,137,176,45,142,100,152,168,133,190,137,140,206,134,131,147,125,130,127,197,118,160,121,120,108,127,80,62,45,75,90,99,120,64,116,89,102,133,100,125,103,100,74,100,97,109,58,114,93,132,125,111,127,127,100,109,140,118,123,128,130,124,105,118,93,69,63,49,43,73,52,76,49,48,93,75,113,88,91,5,125,79,57,41,55,48,80,103,71,56,21,65,57,55,35,136,4,58,57,33,76,31,66,76,76,88,50,91,95,102,79,157,109,115,112,107,6,79,150,64,102,118,127,104,84,116
119,148,131,128,129,150,106,139,115,122,120,168,159,187,165,134,133,135,102,182,121,115,146,109,111,136,104,94,109,97,167,121,44,94,144,94,64,45,99,74,91,88,91,85,111,133,141,114,123,135,58,73,74,33,77,126,85,102,143,85,88,89,137,129,121,155,87,131,118,102,161,138,119,127,76,62,78,115,102,63,63,37,41,30,42,69,24,71,71,111,37,87,12,42,55,78,11,81,79,38,82,53,77,53,37,74,35,84,37,76,101,67,59,60,62,79,67,83,101,98,100,66,40,51,49,139,176,104,156,87,98,99,65,88,105,105
134,141,121,129,107,104,84,94,114,98,119,197,187,153,92,100,123,144,136,157,147,146,87,128,136,160,122,106,130,169,122,111,153,148,135,76,44,40,59,94,85,89,73,95,122,110,107,95,122,170,166,123,131,140,88,164,97,120,131,127,121,128,107,163,157,129,134,84,113,96,137,163,107,113,67,79,79,80,108,114,106,81,66,78,5,69,105,93,37,80,84,78,29,98,55,71,76,63,53,54,82,69,23,70,51,6,123,42,65,50,92,23,43,56,79,70,57,81,69,81,75,121,107,95,125,75,94,92,59,149,150,78,70,173,81,86
126,120,76,117,126,149,101,112,114,139,167,119,163,109,147,141,128,157,164,152,144,82,113,147,148,146,125,135,132,148,145,126,122,161,134,56,30,25,90,60,73,66,114,86,158,132,103,104,111,81,132,127,109,140,111,107,137,72,129,150,120,121,124,79,117,75,108,121,119,122,105,68,129,101,104,80,99,95,88,39,108,106,38,51,81,84,56,70,79,66,56,69,68,41,67,82,54,53,66,79,91,51,53,62,70,64,131,34,58,38,114,77,8,67,72,86,62,54,84,75,71,122,85,86,64,143,94,51,93,48,25,77,39,135,78,71
112,89,117,100,179,145,128,161,121,75,161,144,126,143,5,123,130,113,125,103,121,135,122,94,140,8,99,107,154,129,147,131,133,107,134,45,23,33,54,46,51,90,64,88,136,137,127,116,99,71,112,127,140,111,144,128,114,104,107,83,138,141,110,107,103,112,37,111,74,92,101,97,118,57,79,73,57,85,84,117,91,127,88,53,53,22,11,65,69,78,72,44,52,59,55,113,71,40,46,39,95,21,51,84,52,50,64,68,67,99,108,55,72,56,80,73,45,46,50,59,119,84,128,90,112,94,45,78,76,68,126,74,62,94,91,61
139,132,121,147,113,125,142,94,96,103,156,123,117,69,129,135,126,134,132,112,119,117,128,109,112,133,131,111,91,127,145,126,126,147,135,59,28,21,89,50,39,78,67,76,128,107,136,138,90,119,115,110,106,109,132,131,130,147,117,71,117,134,130,119,70,84,46,52,68,108,99,119,88,72,92,54,76,89,124,114,98,108,56,75,77,78,101,100,84,32,88,71,65,46,76,118,55,82,44,84,94,58,36,68,79,52,52,96,94,77,74,78,88,63,47,25,62,51,79,105,71,36,57,103,64,113,105,62,118,1,12,78,133,109,58,64
152,133,128,90,131,162,141,160,16,108,98,87,77,169,105,92,103,91,82,109,119,155,128,147,123,135,138,114,138,166,122,116,145,115,142,59,32,34,105,28,35,91,70,87,95,64,62,112,94,137,125,82,86,108,131,130,168,77,92,89,103,119,123,106,31,26,94,88,119,80,66,55,107,72,68,99,66,68,88,95,119,92,80,60,76,78,64,52,87,78,71,71,64,70,51,92,77,25,47,58,88,77,73,58,1,28,81,82,28,64,77,80,93,45,47,57,35,80,72,22,125,56,80,77,124,84,112,100,72,76,84,112,87,100,125,94
145,93,137,140,148,134,166,118,84,88,65,118,19,146,120,91,67,101,99,78,119,145,162,128,154,141,135,139,119,167,85,145,117,134,137,63,35,25,108,16,55,91,105,87,82,71,47,58,92,85,52,90,115,38,115,116,150,98,84,107,102,111,134,121,47,25,91,9,90,39,101,91,8,79,113,90,70,71,78,105,108,100,106,79,78,60,65,76,68,69,54,84,80,69,87,91,95,37,22,72,77,37,34,99,86,63,71,73,86,59,74,80,79,76,66,50,49,52,61,79,114,106,70,104,58,57,67,135,68,133,25,91,70,57,122,105
146,126,122,100,127,176,169,140,114,58,86,128,72,162,103,95,64,101,80,147,108,97,156,143,92,145,112,117,119,157,127,140,145,151,201,50,36,28,100,7,70,87,90,69,71,122,63,70,125,101,72,129,98,154,113,118,140,68,123,86,134,126,118,73,118,78,29,122,105,113,103,134,125,120,87,135,77,80,76,88,108,78,84,93,84,65,65,79,40,42,63,39,66,76,77,58,57,29,49,64,39,38,105,74,95,74,84,68,88,88,57,32,52,42,32,22,37,78,78,79,39,132,116,53,15,62,69,99,70,97,98,110,131,116,88,92
141,179,124,160,101,133,135,117,98,143,145,109,161,142,146,109,117,127,153,108,121,82,101,234,202,107,125,118,109,143,103,121,177,213,189,66,39,32,79,45,74,93,66,58,67,71,88,39,44,94,82,157,136,98,116,131,92,95,115,124,69,67,89,69,59,146,89,65,71,72,94,96,122,151,99,92,117,65,79,76,73,76,68,88,69,66,36,95,92,21,74,63,55,67,91,71,56,23,62,46,69,65,51,56,101,69,81,58,91,95,57,49,47,76,40,108,60,74,79,71,44,51,91,49,43,81,109,90,113,121,100,101,124,90,88,106
73,30,167,9,79,99,105,101,106,101,118,138,84,116,159,115,128,140,142,151,68,72,96,237,202,114,74,91,95,127,122,234,168,125,110,87,32,28,67,81,72,82,63,55,51,58,116,5,112,99,123,122,121,147,123,108,99,93,119,122,117,117,94,125,163,107,100,100,102,66,117,119,94,79,124,153,111,105,83,94,96,48,21,85,71,72,102,57,75,55,43,55,66,54,53,92,72,87,53,38,50,34,55,73,91,97,55,45,95,89,70,62,65,51,29,98,55,50,34,46,22,24,65,29,96,74,91,98,77,106,117,130,68,57,66,66
48,77,107,84,93,114,92,56,120,123,179,115,115,153,139,177,157,164,143,38,43,131,71,182,170,96,36,61,56,99,5,82,30,84,138,92,22,17,54,88,64,77,87,47,41,31,43,142,123,120,113,96,93,109,124,115,127,106,141,126,126,119,178,108,133,114,124,73,153,162,135,91,107,93,81,133,127,110,125,116,124,27,53,63,52,85,75,61,63,96,76,93,72,70,78,55,50,58,53,94,55,43,4,99,87,58,56,42,112,36,69,70,50,49,47,124,48,61,37,86,113,107,8,55,69,101,3,58,143,105,112,125,59,88,185,99
92,133,77,81,146,167,156,133,132,45,67,129,127,123,140,165,150,114,67,80,155,91,84,195,128,193,57,72,56,99,51,148,7,58,83,134,35,31,105,108,60,75,86,47,41,22,64,100,157,114,112,104,116,85,129,68,92,128,60,58,117,148,97,112,141,146,165,199,118,108,108,134,91,107,52,19,118,124,57,79,82,53,76,88,56,31,73,76,48,70,92,128,106,62,47,55,95,78,51,49,45,15,78,100,144,56,71,98,87,113,95,90,98,58,36,54,122,101,59,104,83,40,41,44,69,101,127,116,122,74,142,128,54,59,153,98
23,155,107,95,153,84,62,93,156,125,119,112,95,130,91,88,88,116,109,116,134,161,107,194,120,119,129,1,77,38,39,85,70,121,111,76,34,32,86,126,43,69,63,43,35,23,56,31,94,114,103,106,105,97,106,79,80,0,183,64,86,99,136,177,151,137,107,207,169,44,108,114,202,85,86,99,83,106,96,99,46,49,63,77,55,57,86,69,74,117,111,113,85,111,120,90,87,96,71,67,45,107,75,110,57,87,65,98,122,79,97,92,103,52,77,106,101,78,81,95,92,31,50,41,52,96,65,40,99,91,83,141,68,81,124,100
190,87,121,92,64,35,106,127,104,46,120,136,111,29,98,108,126,127,116,86,156,226,90,157,84,101,121,137,74,127,101,126,112,61,147,35,24,35,167,60,44,56,67,31,31,20,48,106,57,118,84,127,79,116,107,37,48,104,11,100,110,78,58,104,109,81,121,172,116,102,66,224,171,19,15,103,13,63,108,17,72,63,38,66,63,49,61,94,109,99,80,102,93,81,98,99,106,110,76,86,62,94,125,140,120,109,99,56,110,110,104,22,99,65,71,80,57,90,124,33,90,124,89,28,64,88,29,59,139,128,66,115,100,122,88,158
180,98,118,141,119,93,110,44,7,137,92,124,108,40,59,83,101,104,145,87,134,77,113,108,101,126,144,143,180,137,153,100,113,69,127,62,81,63,209,120,50,76,58,59,35,3,117,110,103,96,136,124,122,150,75,79,70,137,113,96,154,12,59,53,87,93,69,121,155,141,93,162,165,190,152,94,4,51,77,27,29,70,65,36,43,30,105,84,55,67,93,98,88,84,88,74,90,94,112,123,134,112,108,124,64,75,78,88,93,67,70,67,72,116,143,127,125,108,85,113,90,41,110,88,127,101,100,90,112,94,83,6,50,64,112,94
114,95,131,78,150,148,149,101,151,123,86,137,145,138,149,122,46,75,146,130,155,126,128,84,112,60,108,58,94,114,117,146,135,142,178,148,145,171,135,141,78,90,68,51,102,79,103,106,142,142,97,129,76,125,26,2,151,69,38,100,68,120,99,73,75,106,128,90,113,121,124,75,181,208,114,115,112,101,85,80,37,41,41,84,92,102,68,65,34,19,39,79,75,83,63,60,56,57,56,84,97,70,98,126,69,60,14,59,84,79,96,90,110,123,109,105,109,86,75,44,34,41,53,98,91,72,105,30,162,57,82,93,105,122,116,78
128,137,119,135,73,67,57,136,111,121,115,99,120,100,122,85,9,143,93,140,138,95,103,158,155,135,156,86,172,139,131,100,82,194,162,126,86,92,103,65,79,99,103,92,59,68,40,82,67,85,82,31,56,105,2,127,9,25,27,33,90,152,15,88,67,88,137,45,108,112,85,60,145,151,61,32,37,84,102,77,66,50,47,90,107,76,37,49,31,54,64,36,37,53,50,58,73,51,45,35,57,73,74,95,119,80,142,143,83,113,49,120,107,123,86,98,65,90,8,91,86,62,125,6,35,71,93,46,144,99,144,142,80,33,113,132
143,129,123,92,114,150,145,94,119,111,31,79,49,117,85,123,103,84,137,143,78,53,155,134,160,76,94,192,137,123,124,156,141,164,119,146,108,111,95,68,71,87,60,59,39,5,25,72,74,58,42,84,76,142,141,69,36,35,9,148,169,31,69,6,101,100,59,137,113,65,94,78,99,167,156,81,92,120,100,86,65,72,106,66,91,93,50,41,19,45,105,91,42,22,85,45,105,107,84,96,86,65,63,128,109,87,114,115,164,128,71,40,85,79,145,117,81,96,135,95,111,109,65,80,71,100,6,122,143,140,34,161,124,149,125,102
137,103,109,111,67,107,114,90,107,115,106,99,117,66,93,95,63,93,106,122,101,158,105,133,216,214,141,142,111,113,178,143,192,114,121,149,93,101,65,62,64,106,70,37,77,36,91,67,52,66,64,123,120,126,121,62,60,21,153,138,156,99,121,140,112,119,37,184,128,40,69,40,19,170,196,82,99,104,85,64,114,56,36,25,65,80,97,101,92,94,79,89,70,66,85,121,115,80,65,61,25,85,67,78,87,84,82,112,111,139,73,127,98,113,7,74,66,21,91,129,63,91,31,95,119,108,146,98,134,104,105,78,118,115,129,87
76,71,94,86,102,105,52,85,109,124,110,62,24,83,55,122,99,135,103,97,135,112,132,172,191,132,129,87,138,155,213,200,139,130,89,143,111,146,29,44,52,54,6,49,63,110,49,28,69,93,131,97,134,49,30,53,61,136,149,117,116,117,149,79,101,114,98,138,111,160,65,84,87,73,151,96,64,93,92,37,24,64,43,35,46,95,64,70,33,62,103,106,50,2,38,80,64,63,36,41,70,55,52,109,21,62,64,52,62,32,100,105,76,76,114,104,105,97,104,82,134,46,90,66,83,84,130,97,122,115,138,77,79,115,95,119
147,135,159,139,92,120,108,135,168,142,144,60,58,65,107,131,133,155,137,121,156,124,108,192,178,139,94,209,140,171,204,174,121,8,119,131,113,165,47,37,44,61,148,138,38,39,95,51,63,113,95,143,119,37,118,97,112,130,136,67,89,78,125,70,119,37,77,110,83,86,92,62,79,106,93,96,111,81,71,59,58,45,56,34,49,20,73,47,23,55,50,6,56,124,85,84,58,22,50,35,68,28,73,78,49,24,71,76,20,97,122,107,99,66,105,114,44,98,57,160,146,89,135,130,94,143,119,99,113,105,125,65,91,128,115,121
100,43,194,166,159,174,139,157,196,37,123,105,124,112,171,112,105,121,115,95,108,113,134,84,126,96,224,128,198,185,145,147,139,114,56,83,121,144,97,27,12,87,84,120,108,63,18,134,58,78,17,22,148,48,88,105,103,106,80,99,99,100,124,137,87,92,45,113,10,73,160,96,106,73,72,70,73,84,62,50,63,50,62,54,65,29,65,67,51,43,57,44,55,71,67,52,77,128,56,81,84,102,131,87,87,77,73,45,65,32,83,116,114,108,87,97,135,134,117,123,161,69,123,103,106,108,110,127,135,100,113,121,113,64,54,49
129,197,100,88,119,32,93,107,147,99,136,109,123,71,135,161,112,96,118,35,114,120,87,80,65,188,173,141,135,140,155,135,99,97,78,95,119,108,93,100,110,65,53,121,100,57,73,101,118,64,91,131,113,108,96,61,97,141,58,82,98,97,111,120,90,101,151,118,107,0,63,88,32,92,73,59,92,66,68,37,48,72,89,84,31,72,56,89,99,41,32,37,99,87,59,84,84,7,36,79,81,81,61,98,95,67,48,30,54,75,89,46,120,22,91,149,106,136,135,27,114,150,86,95,98,77,94,121,140,156,77,125,119,81,83,21
155,130,102,123,130,91,83,104,45,122,141,157,112,115,151,143,88,68,75,47,118,38,78,26,140,106,159,191,123,121,141,47,64,48,27,108,113,148,83,72,43,58,94,96,45,79,55,80,119,78,49,79,76,85,93,96,143,85,108,33,64,122,71,79,113,86,82,79,117,140,112,104,55,64,60,55,89,80,83,69,82,71,80,43,73,60,51,67,73,78,91,112,68,54,54,29,51,98,107,68,106,110,104,87,29,62,40,36,78,69,64,79,3,123,100,149,143,85,102,126,99,89,120,120,106,85,98,85,105,122,99,54,86,98,84,8
74,127,133,149,112,129,102,28,121,100,116,124,151,140,84,109,112,101,69,73,85,120,108,118,79,11,204,115,193,201,84,66,88,85,136,177,163,91,124,65,19,42,71,59,54,77,79,62,92,139,89,58,33,139,79,33,113,107,108,56,51,101,135,60,77,81,84,71,87,126,80,91,50,22,59,86,51,36,88,65,9,53,52,55,71,75,81,103,106,17,73,68,92,60,36,85,75,84,122,32,77,54,58,76,80,63,79,74,77,80,72,18,74,89,71,120,99,116,99,108,90,51,85,114,88,77,67,107,83,110,109,65,65,83,87,87
157,111,102,139,127,138,94,158,153,139,82,52,118,130,179,136,148,83,80,127,143,111,43,127,10,214,183,190,84,83,126,70,104,126,97,88,125,112,90,53,100,65,75,80,93,110,76,73,102,105,145,70,65,99,108,63,77,85,77,118,29,48,121,98,59,53,87,129,93,67,122,86,99,105,89,84,100,64,52,63,122,90,44,30,61,48,116,84,87,127,97,44,54,76,107,63,75,64,85,88,92,90,47,16,52,60,63,85,77,99,110,60,88,78,107,110,110,99,65,111,70,32,42,89,131,114,92,62,49,130,116,52,66,34,75,78
107,148,144,129,125,139,150,122,140,76,144,71,124,134,68,130,102,112,118,102,99,100,99,103,229,196,197,88,114,103,95,108,144,85,64,79,78,112,127,97,57,13,108,88,56,97,91,93,54,131,116,120,49,88,68,32,69,83,84,126,38,99,132,94,84,92,74,120,88,53,117,81,99,69,60,114,108,96,102,109,101,43,63,58,51,90,78,50,65,105,57,70,77,87,53,124,96,91,68,52,116,83,77,49,81,87,63,131,133,142,87,65,126,122,122,66,91,95,172,104,51,61,60,108,132,85,108,107,44,110,104,181,140,94,49,85
94,109,134,114,71,138,120,139,138,140,120,118,130,201,134,96,120,141,64,14,119,155,62,227,179,134,98,141,188,116,142,126,91,143,86,65,77,44,89,66,134,11,34,64,41,64,72,74,102,125,98,74,134,88,62,44,127,77,104,78,84,73,115,119,36,72,86,86,116,106,88,95,70,59,100,85,79,73,71,105,82,78,6,56,98,115,71,96,30,26,88,81,74,112,80,84,116,117,117,141,118,74,85,73,76,50,6,74,78,135,128,97,89,124,135,174,46,53,75,108,81,91,57,6,116,153,59,134,125,59,79,55,1,52,57,49
123,117,106,117,126,92,102,108,127,113,116,94,144,192,136,170,105,133,131,181,147,145,156,143,160,112,129,171,144,144,109,116,106,87,120,119,140,57,27,133,1,38,42,54,49,57,26,62,47,56,110,133,118,79,74,151,43,87,75,98,76,87,107,130,48,52,62,55,85,66,99,87,105,99,82,87,86,86,89,93,111,119,114,71,88,93,65,44,94,68,37,87,124,80,109,83,83,138,101,119,127,88,104,100,10,42,95,105,77,122,86,104,105,105,126,117,92,75,37,53,104,97,170,107,75,157,107,122,97,140,106,108,40,84,44,26
121,84,127,62,83,117,120,120,107,122,126,96,64,128,184,171,152,113,155,131,138,99,77,57,142,98,103,111,125,76,91,89,29,86,76,84,80,32,132,59,33,50,77,95,78,45,86,46,108,110,98,134,117,93,133,153,136,118,119,103,95,61,69,135,57,88,105,64,52,84,78,135,135,118,59,88,101,116,102,91,95,99,68,75,78,29,41,68,91,97,71,112,69,108,44,72,70,68,92,89,110,118,90,116,106,67,94,83,74,75,78,44,118,132,102,93,103,66,107,107,130,100,111,83,97,133,80,130,150,192,148,39,56,44,62,60
67,44,109,93,151,157,120,79,83,90,95,117,134,106,174,147,101,137,125,98,143,98,69,95,77,125,108,96,104,126,126,126,73,99,101,142,153,142,126,106,105,25,80,68,5,93,84,43,103,92,76,122,65,92,121,75,121,106,99,90,107,88,79,137,45,70,49,94,63,93,87,42,89,110,129,106,79,90,99,106,64,58,67,94,76,117,121,84,39,63,40,110,28,22,123,127,56,65,58,47,84,84,92,88,96,87,65,78,75,103,79,88,79,76,79,93,119,114,114,108,97,103,89,8,106,152,148,141,171,90,104,97,89,73,100,114
71,27,77,61,143,98,108,74,60,50,114,170,126,107,86,125,104,141,157,147,33,101,88,75,82,106,108,51,39,65,3,101,187,84,147,114,135,56,82,46,28,106,77,96,88,78,46,60,58,73,74,78,63,99,104,88,110,117,89,94,87,85,39,123,2,40,67,71,65,87,84,124,106,82,94,91,68,46,106,91,122,107,106,90,79,107,82,101,130,132,139,174,82,112,90,39,76,89,84,104,65,100,49,90,88,19,60,71,105,48,71,96,104,107,109,79,50,154,111,121,105,109,128,93,109,93,149,123,156,124,120,87,135,34,94,98
45,61,39,127,93,102,83,90,72,85,120,82,110,133,129,103,105,224,225,185,185,117,90,57,47,70,95,54,60,153,21,100,60,89,132,59,52,39,64,48,25,82,80,26,87,49,51,50,63,96,111,83,56,116,90,125,141,89,97,90,96,93,81,125,95,65,52,52,41,26,80,77,60,69,69,67,96,118,125,79,72,119,85,87,78,94,126,115,150,1,109,161,136,93,97,80,80,102,57,81,91,81,83,99,84,135,84,98,64,38,41,122,73,74,112,124,131,95,118,83,103,93,101,106,124,102,123,128,108,26,135,58,108,125,82,37
118,168,82,63,56,45,95,58,96,90,78,60,108,43,11,76,93,255,250,137,61,90,66,45,43,63,39,67,83,133,49,5,139,134,71,71,112,49,58,50,71,78,103,63,93,50,72,40,88,70,82,68,102,91,115,134,102,110,88,92,77,96,87,111,93,85,107,101,117,123,0,70,78,51,28,96,74,87,89,95,50,82,116,86,92,96,34,109,111,79,106,102,80,109,86,114,107,120,77,65,93,63,38,66,106,95,126,107,39,49,69,76,74,87,104,101,109,115,56,84,121,149,80,110,121,58,81,75,94,92,117,119,120,111,144,154
179,6,43,32,107,53,35,16,84,66,33,135,53,46,78,108,103,248,184,178,141,59,69,73,22,57,18,77,137,71,34,169,127,81,101,63,101,99,56,100,57,114,81,77,52,62,89,66,73,60,102,89,92,115,83,127,107,81,73,54,86,94,108,110,85,49,77,125,127,38,91,80,43,41,83,85,78,90,49,75,102,95,106,81,101,81,102,96,87,16,92,51,108,120,98,74,142,76,87,87,77,48,70,59,46,93,66,20,101,78,39,45,81,86,84,107,101,80,105,84,102,115,113,145,141,113,88,19,122,90,88,69,100,126,115,135
254,252,254,254,253,255,253,253,255,253,253,253,253,253,252,253,254,254,255,254,254,254,254,254,255,255,255,254,253,254,254,254,255,255,255,255,254,254,255,255,255,254,255,255,255,255,255,254,253,254,254,254,254,254,254,252,255,253,255,255,255,255,255,255,255,254,253,255,253,254,254,254,254,254,255,254,254,254,255,255,255,255,254,255,254,254,254,254,255,255,254,254,254,255,254,254,253,253,253,253,253,254,253,253,253,254,255,254,255,254,254,254,253,252,252,253,254,254,253,254,254,254,254,254,255,255,255,254,254,253,253,254,254,255,254,255
253,255,255,255,255,255,255,255,255,254,254,255,255,255,255,255,255,255,255,255,255,255,255,255,255,255,255,254,254,254,255,255,255,255,255,255,254,254,255,255,255,255,255,255,255,255,255,255,255,254,254,255,255,255,255,254,253,254,255,254,254,254,255,255,255,255,254,254,255,254,254,254,255,255,255,255,255,255,254,254,255,255,255,255,254,254,254,255,255,254,254,254,254,254,255,255,255,254,255,255,253,253,254,254,255,255,255,255,255,254,254,255,255,254,255,254,253,255,255,255,254,254,254,255,255,255,255,255,254,254,255,254,255,255,254,255
255,254,255,255,255,255,255,255,255,255,255,255,255,255,255,255,255,255,255,255,255,255,255,255,255,255,255,255,255,255,255,255,255,255,255,255,254,254,255,252,254,254,255,255,255,255,255,255,255,254,255,255,255,255,255,255,255,255,255,255,255,255,255,255,255,255,254,255,255,255,255,255,255,254,255,255,255,255,255,255,255,255,255,248,251,255,255,254,255,255,255,255,253,255,255,254,254,255,255,253,255,255,255,254,255,255,255,255,255,255,255,255,255,255,255,255,255,255,255,255,255,255,255,255,255,255,255,255,255,255,255,255,255,255,255,255
255,255,255,255,255,254,255,255,255,255,255,255,255,255,255,255,255,255,255,255,255,255,255,255,255,255,255,255,255,255,255,254,255,255,255,255,255,255,255,255,255,255,255,255,255,255,255,255,255,255,255,255,255,255,255,255,255,255,75,255,255,255,255,255,255,255,254,255,255,255,255,255,255,153,58,255,255,102,108,87,84,73,255,149,91,255,254,97,102,253,125,85,239,255,79,99,255,157,63,255,255,104,101,253,255,255,255,255,255,255,255,255,255,255,255,255,255,255,255,255,255,255,255,255,255,255,255,255,255,255,255,255,255,255,255,255
255,255,255,255,255,255,255,255,255,255,255,255,255,255,255,255,255,255,255,255,255,255,255,255,255,255,255,255,248,95,123,255,166,90,254,81,255,64,160,120,116,251,105,104,255,66,128,247,93,126,154,114,106,113,254,215,108,203,63,251,144,255,212,101,205,203,98,226,163,90,146,107,255,255,94,255,234,255,249,255,255,204,243,235,254,255,249,255,249,234,255,255,98,253,250,184,255,255,93,255,251,205,208,255,254,255,255,255,255,255,255,255,255,255,255,255,255,255,255,255,255,255,255,255,255,255,255,255,255,255,255,255,255,255,255,255
255,255,255,255,255,255,255,255,255,255,255,255,255,255,255,255,255,255,255,255,255,255,255,255,255,255,255,255,232,140,248,255,255,249,254,81,255,64,255,255,255,201,118,111,226,71,255,231,139,247,255,255,253,251,248,125,255,255,71,173,255,248,126,255,255,118,255,63,255,226,255,203,255,255,94,255,217,250,255,254,129,255,220,179,211,233,214,251,255,221,255,147,250,249,253,172,255,255,94,255,245,208,208,245,255,255,255,255,255,255,255,255,255,255,255,255,255,255,255,255,255,255,255,255,255,255,255,255,255,255,255,255,255,255,255,255
255,255,255,255,255,255,255,255,255,255,255,255,255,255,255,255,255,255,255,255,255,255,255,255,255,255,255,255,240,255,77,255,255,254,242,80,254,75,255,243,241,241,204,255,249,56,255,240,255,87,255,242,227,183,253,77,255,246,64,161,249,253,77,248,240,76,253,112,255,240,255,213,255,255,91,255,255,176,255,255,118,255,250,179,225,214,251,175,180,253,141,251,255,243,255,177,254,255,88,255,232,218,220,246,255,255,255,255,255,255,255,255,255,255,255,255,255,255,255,255,255,255,255,255,255,255,255,255,255,255,255,255,255,255,255,255
255,255,255,255,255,255,255,255,255,255,255,255,255,255,255,255,255,255,255,255,255,255,255,255,255,255,255,255,255,255,255,255,255,254,255,255,253,255,251,249,248,253,255,255,251,255,255,255,255,255,255,250,255,255,255,255,255,255,255,255,253,255,255,255,254,255,253,255,255,255,255,255,253,255,251,255,250,255,250,255,255,255,255,253,251,255,255,255,249,255,255,249,251,253,255,253,255,255,249,253,254,253,253,255,255,255,255,255,255,255,255,255,255,255,255,255,255,255,255,255,255,255,255,255,255,255,255,255,255,255,255,255,255,255,255,255
255,255,255,255,255,255,255,255,255,255,255,255,255,255,255,255,255,255,255,255,255,255,255,255,255,255,255,255,255,255,255,255,255,255,255,255,255,255,255,255,255,255,255,255,255,255,255,255,255,255,255,255,255,255,253,255,255,255,255,255,255,255,255,255,255,255,255,255,255,255,255,255,255,255,255,255,255,255,255,255,255,255,255,255,255,254,254,255,255,255,255,255,255,255,255,255,255,254,255,255,255,255,255,255,255,255,255,255,255,255,255,255,255,255,255,255,255,255,255,255,255,255,255,255,255,255,255,255,255,255,255,255,255,255,255,255
255,255,255,255,255,255,255,255,255,255,255,255,255,255,255,255,255,255,255,255,255,255,255,255,255,255,255,255,255,255,255,255,255,255,255,255,255,255,255,255,255,255,255,255,255,255,255,255,255,255,255,255,255,255,255,255,255,255,255,255,255,255,255,255,255,255,255,255,255,255,255,255,255,255,255,255,255,255,255,255,255,255,255,255,255,255,255,255,255,255,255,255,255,255,255,255,255,255,255,255,255,255,255,255,255,255,255,255,255,255,255,255,255,255,255,255,255,255,255,255,255,255,255,255,255,255,255,255,255,255,255,255,255,255,255,255
