42,84,29,133,152,135,69,0,148,39,79,43,142,154,138,52,79,34,114,153,22,75,159,40,19,42,28,34,35,36,36,35,37,38,39,39,39,39,39,40,39,39,39,39,40,40,40,37,45,0,196,205,201,213,203,202,91,152,143,170,71,62,83,85,147,108,74,111,102,156,132,109,152,61,61,73,51,89,30,64,21,102,146,84,140,104,88,131,157,154,84,147,113,133,117,106,123
39,105,9,136,143,121,80,131,117,32,14,142,154,136,129,115,89,132,121,58,81,104,71,61,27,40,28,38,38,39,40,35,36,36,36,37,37,37,37,37,38,40,40,40,43,43,43,44,43,16,217,204,212,210,208,211,111,146,133,141,132,152,157,160,160,139,152,145,153,141,155,158,162,166,157,136,139,139,150,140,145,139,146,150,139,136,142,146,140,144,56,160,147,135,163,124,98
31,36,38,29,37,32,40,21,18,32,28,12,37,35,33,15,35,23,20,55,49,35,57,39,55,45,50,57,57,58,59,48,49,57,57,58,58,58,58,58,58,60,62,62,58,58,58,63,58,19,217,213,210,195,210,195,97,152,162,150,154,147,162,144,134,135,163,148,155,160,153,143,157,147,140,149,147,136,131,142,149,160,156,159,148,154,156,165,161,163,114,171,137,134,155,169,123
47,46,46,55,48,52,52,48,64,60,40,61,47,51,65,58,56,59,56,54,41,48,52,52,51,46,49,53,53,54,49,54,55,56,53,54,54,54,54,54,54,54,53,55,55,55,55,49,62,31,215,141,114,126,180,204,102,121,107,146,145,154,148,138,151,153,159,144,145,132,137,148,152,144,145,153,148,149,144,148,154,150,152,158,161,151,147,161,164,169,131,149,140,145,150,144,137
52,52,50,50,57,53,52,43,59,53,38,57,58,61,51,63,43,42,55,62,48,55,38,50,41,60,54,49,46,55,61,64,63,55,54,43,42,59,50,50,57,68,62,64,53,58,61,53,58,44,212,132,70,131,115,226,117,140,27,155,140,137,140,149,147,133,161,146,155,126,152,146,145,158,148,135,131,117,122,143,145,145,141,141,146,152,158,138,142,148,137,157,133,139,128,124,117
48,48,53,55,58,63,55,44,56,48,38,72,47,41,60,63,43,54,50,57,60,59,70,48,49,50,54,41,36,39,39,50,22,39,27,38,24,26,22,28,31,53,52,17,47,32,21,43,42,117,72,73,82,72,102,169,109,122,60,144,137,151,146,144,144,131,151,162,145,105,99,112,125,109,132,136,145,146,144,150,147,151,164,154,153,165,168,166,172,168,138,116,135,143,133,137,139
39,39,38,38,45,37,34,21,4,0,0,5,7,34,33,43,28,45,82,48,101,189,50,230,148,207,191,206,180,135,80,36,45,45,78,122,185,154,98,45,47,51,79,28,41,33,27,53,50,90,77,74,103,89,89,92,150,112,55,135,150,147,124,154,150,138,137,116,116,122,117,111,101,96,77,55,69,65,75,73,23,5,72,73,62,56,84,70,53,59,65,56,43,137,56,80,49
48,48,45,45,46,39,43,114,238,198,214,218,213,4,147,52,103,140,45,41,91,56,219,214,72,109,106,78,100,118,85,135,60,80,54,30,61,32,45,65,63,88,86,39,76,73,73,68,96,49,94,92,77,96,76,69,85,134,58,80,72,60,80,59,74,31,70,102,91,73,70,86,49,61,112,78,75,75,64,113,57,49,84,46,66,80,66,65,53,68,58,104,33,175,41,65,78
46,40,37,48,26,52,40,44,208,225,218,187,142,19,77,119,125,132,97,69,69,75,48,99,78,80,73,75,83,83,61,206,95,60,44,70,40,73,39,47,75,77,84,36,125,62,85,85,84,77,113,62,80,71,82,93,79,116,33,84,75,72,63,73,69,41,68,118,60,31,45,66,89,79,88,42,72,92,90,163,66,0,240,173,169,75,72,78,49,74,60,98,38,178,47,227,73
84,76,56,73,58,53,103,109,60,71,50,58,70,24,62,93,88,89,75,62,80,77,53,67,56,58,58,109,90,102,78,189,133,95,114,34,48,41,97,93,57,63,82,42,134,48,82,70,60,55,76,56,71,115,86,143,162,65,18,54,59,87,53,47,109,39,96,31,107,47,2,98,127,126,92,109,57,72,40,127,27,40,190,175,77,93,83,99,64,140,130,221,58,112,193,113,106
58,65,47,46,58,65,74,86,88,102,64,73,68,27,70,75,86,82,79,80,75,74,69,83,74,45,43,63,91,67,71,171,128,140,85,43,50,54,64,107,54,62,79,29,75,37,49,149,56,66,45,169,198,142,84,48,125,80,8,90,137,78,65,128,115,99,83,40,81,95,125,131,98,88,73,55,114,197,131,150,139,56,174,64,126,185,216,120,125,176,224,180,97,47,123,173,96
86,81,67,79,68,85,98,110,87,77,65,84,84,27,93,102,109,101,95,93,103,98,80,30,130,122,40,75,116,80,120,167,117,84,84,63,105,48,77,213,190,153,102,40,39,196,142,156,166,155,142,151,71,129,152,101,121,34,25,212,144,149,46,108,23,50,46,65,54,33,162,247,244,126,45,91,189,217,100,111,82,49,183,119,93,160,0,139,175,35,143,8,154,83,59,95,103
84,85,81,72,77,64,96,84,78,60,74,105,94,82,76,87,89,39,90,204,144,83,80,24,75,155,183,86,202,172,124,72,137,217,171,116,82,159,247,143,137,193,216,20,201,168,223,245,207,156,239,5,86,140,130,41,142,36,0,157,102,95,70,187,37,39,121,119,33,45,71,80,131,196,189,133,119,121,159,132,114,70,140,156,99,233,249,200,198,59,115,156,159,68,46,42,50
75,79,80,75,57,69,137,20,92,77,98,81,69,14,104,131,241,216,216,142,180,229,113,16,215,198,246,203,155,186,163,115,70,188,172,116,117,124,116,121,142,123,114,152,215,130,179,113,173,173,169,207,179,70,127,89,194,46,89,180,165,218,205,193,97,206,187,80,50,40,109,133,111,147,84,29,50,15,113,110,54,12,113,166,183,214,224,133,172,237,190,209,64,233,160,44,98
86,91,94,90,90,64,131,42,93,100,57,157,100,12,50,172,235,202,213,81,71,209,57,88,255,245,151,79,68,123,123,46,46,9,87,71,80,131,130,130,132,115,116,128,91,72,124,150,129,101,137,134,250,219,98,204,127,44,117,120,190,228,189,137,125,211,198,220,102,123,89,86,99,39,43,74,62,28,112,78,40,0,221,40,222,234,216,58,92,92,83,24,128,51,116,96,185
76,78,76,68,85,48,71,54,166,243,211,226,164,169,38,218,155,138,121,85,71,102,38,229,197,173,38,40,21,41,142,61,30,205,208,226,179,153,158,89,117,126,122,142,143,124,189,228,151,195,250,249,222,76,203,179,88,29,102,125,163,175,208,117,168,191,202,219,217,177,60,111,142,43,66,71,91,114,105,124,125,154,39,241,236,194,126,111,170,48,38,58,129,151,55,70,196
116,44,68,151,209,231,248,141,124,188,209,145,95,197,74,66,142,99,90,108,249,165,56,197,177,129,124,156,172,145,180,24,29,48,206,206,199,220,54,123,110,102,114,108,97,98,127,134,136,230,239,215,178,178,221,110,46,63,190,117,144,130,96,154,134,155,120,156,137,52,134,112,110,132,83,98,113,96,176,229,145,34,219,118,169,82,34,255,200,103,216,183,152,180,112,145,98
89,100,166,179,191,202,186,40,50,86,92,98,112,128,45,46,115,213,209,222,153,49,192,138,100,166,133,95,106,162,179,90,31,38,203,190,173,138,126,58,99,103,87,99,90,79,84,133,76,204,225,204,202,213,147,54,44,55,90,84,56,80,69,149,185,190,63,83,39,176,129,58,131,135,94,88,49,35,40,77,66,60,71,42,31,41,180,207,197,229,242,209,191,180,117,178,120
128,162,155,177,171,174,49,51,106,109,81,93,110,131,59,53,108,95,119,118,113,89,132,116,98,67,84,88,75,93,175,219,30,37,41,180,141,106,89,115,81,76,78,49,118,174,91,52,93,245,151,186,184,119,73,71,47,103,105,145,56,245,245,215,223,235,181,158,213,180,111,99,90,239,160,7,43,80,32,91,146,155,170,48,16,157,210,206,196,196,209,222,239,240,219,196,113
137,112,216,233,179,35,53,62,71,139,225,193,106,40,54,103,101,89,89,87,87,73,87,108,99,97,91,85,70,74,148,156,65,30,38,69,90,72,91,85,75,64,49,79,105,73,208,250,127,228,190,164,119,65,42,37,84,124,88,156,87,127,222,228,230,193,122,154,188,207,193,202,43,59,165,138,37,46,142,207,188,204,178,178,185,156,93,96,208,222,230,212,193,197,223,198,123
74,53,106,110,97,135,104,118,61,127,84,46,75,58,30,9,128,217,244,146,148,199,207,204,176,117,71,78,70,99,76,125,123,35,26,78,33,111,108,26,71,55,40,195,109,225,171,144,178,163,102,108,56,61,55,65,100,85,163,168,52,108,207,216,216,124,221,230,211,212,205,197,211,22,37,53,50,58,219,211,235,209,159,183,156,109,132,197,183,185,206,153,147,187,196,217,216
96,51,48,48,20,16,135,99,3,47,95,105,84,70,55,206,133,217,184,151,193,207,193,179,193,101,24,2,0,21,101,82,113,90,34,52,197,224,207,192,139,222,156,99,145,231,247,213,190,96,84,57,57,31,69,75,96,98,76,64,55,42,206,182,24,194,178,224,220,218,215,213,210,233,27,21,21,61,26,227,214,218,83,59,239,200,193,168,164,177,178,204,180,144,150,139,190
148,87,62,103,202,183,210,153,109,97,126,138,185,78,219,136,148,196,200,101,52,192,189,62,112,92,32,6,35,11,99,77,81,58,36,42,97,126,167,203,241,240,201,124,145,198,212,163,140,105,66,50,63,46,48,60,60,105,70,124,120,214,183,31,247,49,183,224,217,215,226,213,215,215,212,32,13,59,74,59,220,209,206,200,228,213,233,192,159,161,191,199,187,139,180,192,229
189,105,168,199,184,174,188,74,63,180,206,207,206,119,29,97,174,171,195,111,115,139,113,170,49,109,1,0,103,91,81,87,61,207,96,42,49,41,94,105,138,175,219,240,237,229,200,137,85,50,36,103,43,51,35,89,133,220,191,137,127,79,170,71,135,249,206,208,211,217,231,238,214,197,229,96,60,63,44,35,219,227,186,240,227,204,158,166,175,175,197,199,184,189,206,214,208
179,195,114,126,171,161,152,67,54,51,188,204,123,83,149,230,212,230,156,187,124,97,123,122,23,105,76,70,76,54,61,26,123,234,197,111,38,60,55,54,100,94,221,209,232,229,233,194,52,42,218,179,176,193,177,142,160,124,190,225,127,220,221,233,200,126,188,243,152,79,87,86,62,100,173,193,150,26,55,48,217,226,217,191,249,207,194,226,195,224,239,228,212,200,201,201,201
182,91,76,66,168,159,173,45,51,53,209,204,200,84,82,207,154,130,135,204,251,242,235,195,240,220,73,91,71,71,24,3,239,220,171,109,138,29,44,57,88,59,130,220,218,236,223,228,178,203,184,123,220,177,129,186,114,70,107,216,191,206,217,205,221,116,80,79,90,76,77,94,53,65,93,118,120,55,33,79,53,196,233,250,227,230,234,243,240,234,245,241,233,226,224,215,212
52,95,56,98,162,143,146,190,180,114,118,215,186,93,134,185,140,115,116,159,253,218,169,216,240,255,235,211,255,141,167,223,225,225,132,119,223,215,208,121,57,47,168,207,197,231,224,213,155,126,122,78,106,123,119,35,73,68,90,200,230,250,255,186,208,91,88,88,81,67,80,98,107,83,59,87,114,129,12,54,78,30,229,225,244,237,229,246,232,233,236,241,243,236,215,224,229
186,97,107,183,255,189,143,143,77,121,71,192,234,192,140,115,198,172,109,103,220,229,226,235,237,255,240,238,200,67,100,85,218,206,103,155,191,198,213,179,168,105,170,196,154,209,201,181,143,102,92,80,101,38,46,68,82,133,79,100,255,234,254,216,219,117,109,96,68,69,70,136,179,103,63,65,84,122,55,45,86,56,86,240,225,239,225,245,215,217,235,243,246,236,240,234,227
232,223,234,234,245,238,203,197,178,128,197,234,231,205,180,143,113,201,223,229,240,249,229,227,238,242,232,224,199,88,134,86,91,221,32,114,138,143,151,130,96,81,187,181,125,135,187,204,149,63,122,85,104,204,213,232,212,222,161,134,242,249,243,233,200,178,164,128,118,134,240,194,164,101,64,177,137,135,93,72,93,83,63,121,226,177,239,253,207,215,223,235,242,220,219,230,216
226,230,224,223,241,240,200,154,172,159,221,228,226,187,188,124,100,222,233,239,243,248,221,238,251,234,240,216,184,131,163,238,219,213,168,42,64,76,108,103,135,109,229,200,122,112,150,185,137,50,61,213,173,210,215,146,152,182,201,223,244,252,89,242,178,166,192,199,193,231,171,217,143,102,77,232,139,146,114,118,87,134,65,43,139,255,238,248,212,205,207,220,208,201,201,219,184
224,232,219,218,223,226,221,104,191,187,245,225,228,225,187,122,113,228,226,248,245,249,214,239,236,229,190,227,177,227,231,225,202,184,178,186,205,107,101,138,192,148,199,201,160,87,116,180,173,78,108,101,144,228,226,158,129,131,172,182,207,213,191,255,142,198,204,177,179,150,220,213,157,80,96,222,142,84,77,77,73,204,76,35,78,138,236,231,214,198,204,220,195,179,191,173,99
230,226,230,229,201,212,210,150,115,242,233,205,240,204,163,156,143,222,221,217,238,247,223,233,237,240,179,212,210,211,226,171,152,136,148,140,127,115,104,124,67,94,56,47,31,71,99,147,194,92,73,58,80,136,208,164,106,141,160,171,157,129,243,246,137,130,120,108,78,81,165,178,113,88,44,104,91,53,62,53,21,166,43,16,127,110,235,208,209,203,214,184,148,142,157,96,120
224,221,230,222,103,132,147,149,180,248,190,253,234,127,150,161,125,171,186,234,238,221,214,229,226,230,120,218,210,212,149,122,95,99,98,91,109,212,196,3,23,26,148,198,187,210,149,178,225,177,83,93,36,42,135,179,103,120,170,181,111,97,126,233,165,116,58,31,48,100,168,136,76,60,46,72,103,54,83,54,202,38,31,90,90,102,230,190,188,223,219,172,118,111,165,161,147
221,219,219,174,86,65,155,109,192,194,72,115,134,134,107,202,225,229,238,247,221,241,214,225,239,177,158,77,32,198,182,95,102,99,98,104,156,167,190,24,24,36,74,159,192,189,149,213,238,223,102,104,49,42,74,187,69,95,174,169,119,99,79,226,158,90,43,49,61,120,161,147,60,75,38,70,84,82,65,111,225,245,245,102,77,83,96,176,218,208,209,160,117,129,208,188,151
218,198,196,150,121,46,166,112,75,94,79,79,112,98,94,177,235,200,234,255,222,234,217,211,230,119,162,98,219,239,206,161,104,100,104,105,73,154,173,46,38,46,91,140,205,194,161,228,238,230,178,99,32,37,56,152,70,145,209,190,131,93,59,213,181,120,41,51,37,127,127,196,62,116,56,6,235,151,53,69,246,219,234,91,67,83,90,91,151,223,200,134,105,163,202,198,166
195,173,176,116,82,101,190,111,80,113,91,106,190,227,217,193,168,203,190,125,235,239,249,223,138,86,134,235,250,213,178,161,177,151,121,127,100,83,118,49,56,46,116,97,193,196,212,219,228,242,231,140,38,61,67,128,58,147,200,194,132,94,70,215,200,162,48,36,34,144,121,194,68,121,58,19,104,138,63,26,246,213,230,97,77,86,97,74,74,205,177,134,133,192,198,188,145
176,189,187,127,52,98,201,119,87,123,250,206,212,222,154,142,153,175,219,172,82,233,233,191,108,242,204,208,212,200,157,159,169,178,161,165,195,101,165,60,74,66,128,114,190,174,160,228,220,250,238,217,65,64,88,120,17,157,146,172,137,90,66,213,224,159,50,46,43,139,140,194,101,77,58,14,160,98,68,40,222,203,186,77,77,79,110,81,79,208,178,142,144,203,203,182,137
201,208,201,114,95,72,126,103,232,216,190,178,166,163,133,164,192,195,191,127,95,93,190,181,216,214,219,220,209,204,188,166,173,193,149,129,182,81,199,92,77,104,117,140,141,194,190,200,213,228,185,234,212,208,175,153,20,139,132,110,103,78,63,189,214,78,41,49,67,156,123,176,89,87,70,24,140,142,45,46,243,202,196,85,68,73,92,94,84,182,172,164,163,198,192,171,133
201,201,191,129,82,72,125,244,226,215,201,54,77,88,158,196,187,202,210,119,88,95,80,188,207,221,202,204,208,192,168,167,190,186,135,141,111,83,176,109,150,207,124,194,216,224,215,232,164,166,81,85,54,1,231,140,20,70,86,79,76,65,59,69,69,54,64,67,104,166,115,124,89,85,95,33,157,134,29,9,227,190,199,78,69,83,90,88,88,223,177,173,157,214,186,160,128
195,211,168,103,90,89,201,221,228,225,190,196,162,77,204,194,206,210,195,174,114,64,85,200,189,201,205,175,140,113,89,82,132,153,133,103,90,109,95,149,182,186,146,161,208,210,219,247,31,0,66,52,46,44,195,71,23,29,85,71,43,47,66,57,66,18,52,96,130,156,110,106,90,73,99,69,47,179,39,38,215,215,221,71,79,86,95,84,96,164,169,178,142,190,171,137,104
177,217,124,95,63,58,132,139,194,221,199,223,200,199,204,198,204,204,174,129,99,85,108,203,192,178,191,207,210,217,176,146,181,196,153,128,98,128,87,154,181,176,177,111,206,201,235,220,106,156,44,43,42,31,147,74,26,26,84,105,50,36,78,50,63,26,60,143,139,150,105,100,80,59,84,69,34,98,27,34,131,225,226,33,73,76,106,90,91,79,180,187,137,199,191,131,97
212,218,167,88,105,182,146,30,76,118,167,190,185,170,192,194,208,200,143,105,91,98,108,203,220,198,175,196,204,208,180,178,163,190,149,158,91,83,98,100,149,180,166,110,92,118,227,243,201,59,41,45,35,41,124,27,24,10,96,89,57,31,59,37,46,19,84,173,162,126,116,95,77,69,84,88,23,59,53,24,37,186,198,119,61,68,80,109,131,141,194,209,136,192,172,114,84
202,227,140,161,87,199,185,49,122,54,42,133,198,173,170,147,194,193,139,99,89,109,166,227,215,172,131,215,191,199,184,146,135,170,173,159,153,71,75,74,121,162,149,143,97,108,209,209,96,40,30,35,58,24,128,0,21,15,97,78,67,36,34,23,13,18,42,169,149,127,118,94,76,79,92,80,40,75,131,27,14,215,185,199,60,77,78,186,110,90,106,198,202,184,177,116,81
218,126,125,126,178,119,38,118,139,92,77,21,67,120,147,129,152,178,178,93,102,97,154,215,188,176,123,185,210,171,173,142,112,119,161,148,158,118,99,72,146,172,143,129,74,128,130,87,86,71,95,94,79,199,104,19,21,55,79,83,70,52,21,19,32,30,53,143,127,102,103,102,100,79,67,72,17,143,174,26,15,231,213,182,91,60,78,136,50,53,63,205,202,182,165,108,81
214,98,79,75,15,90,167,121,127,91,49,92,20,36,109,132,145,159,140,113,105,102,163,214,199,148,153,204,172,202,158,129,121,107,174,152,134,136,91,76,169,172,109,109,127,130,160,130,151,179,176,122,87,198,97,32,35,72,92,86,70,72,28,24,27,40,40,63,133,108,101,74,90,101,79,47,106,148,173,23,18,205,215,116,48,65,56,70,63,64,55,199,188,199,130,75,82
197,122,151,99,106,196,179,173,183,123,69,18,47,47,38,129,127,107,108,98,97,104,208,210,200,104,136,179,199,184,152,173,111,99,207,141,152,119,107,127,159,179,162,108,106,232,140,137,122,206,148,127,78,202,99,35,23,81,96,91,77,74,32,26,29,34,39,41,123,102,95,79,69,106,102,51,82,169,158,37,18,217,210,192,35,40,49,54,64,62,66,56,175,186,157,101,69
157,165,113,135,98,191,142,169,192,155,93,67,54,65,47,66,106,114,64,83,92,98,172,207,170,100,134,151,181,154,145,139,140,98,144,144,115,118,110,139,100,139,117,93,89,234,162,135,233,196,156,142,71,205,93,43,22,58,87,91,85,79,46,29,31,35,23,37,96,110,83,30,49,105,122,48,70,145,162,25,32,192,217,180,34,35,12,36,57,67,50,50,204,197,154,98,83
106,152,95,82,89,131,170,201,179,144,113,64,67,72,77,63,131,131,88,97,110,96,117,183,147,96,120,175,176,108,104,122,116,97,104,114,103,100,91,82,74,102,108,81,74,226,163,195,211,195,158,141,74,204,80,54,28,71,84,82,87,85,66,32,32,33,29,34,101,110,91,29,85,93,111,65,46,125,160,13,26,159,208,174,41,44,19,73,142,44,43,47,200,200,141,94,80
178,150,63,51,82,117,176,179,182,133,116,100,62,74,83,66,125,116,112,94,104,100,118,133,154,152,154,152,151,94,97,75,86,99,102,120,101,106,94,50,75,87,98,75,105,229,147,199,212,196,180,120,72,191,82,36,36,73,84,86,97,90,71,38,34,36,19,48,79,97,46,50,60,74,110,62,88,133,171,14,11,148,218,184,77,21,26,95,144,40,42,57,207,178,156,101,45
203,188,88,42,37,50,164,184,168,122,111,100,74,84,85,73,104,132,122,92,103,111,122,124,112,107,142,137,142,100,87,84,74,71,79,110,118,101,100,58,75,81,80,52,162,135,156,179,207,198,179,117,77,190,93,48,37,71,81,90,98,76,43,43,53,10,32,47,90,95,32,65,62,74,105,121,147,157,170,0,53,187,201,168,90,193,27,156,154,41,43,56,121,164,167,89,51
191,170,63,22,12,38,166,205,166,123,117,110,89,97,88,85,66,193,107,96,104,111,136,113,110,103,123,111,120,95,85,59,67,78,77,110,107,98,106,73,91,83,72,73,124,254,176,197,199,202,178,113,79,196,86,27,38,68,76,90,85,81,24,35,79,94,41,49,98,88,63,46,51,59,89,71,186,187,203,8,92,200,191,173,111,133,18,175,52,46,43,31,131,133,129,163,48
207,132,47,25,20,37,170,207,167,123,114,105,96,97,83,80,74,192,100,89,102,93,121,122,117,115,123,117,96,76,66,64,61,71,89,102,108,102,107,86,68,72,70,78,95,205,12,205,191,205,177,110,76,184,95,39,40,65,71,84,73,105,5,23,57,193,33,55,92,20,174,1,48,54,90,88,200,216,200,24,128,182,203,178,133,31,10,135,30,40,48,109,221,159,184,183,44
195,161,14,28,35,49,131,213,172,128,118,104,106,94,85,78,60,104,117,73,98,108,119,121,120,92,108,107,94,69,65,63,76,87,94,102,110,106,108,95,54,63,97,101,138,72,105,203,193,198,174,90,71,124,119,34,26,46,74,87,67,152,5,0,37,191,55,61,84,25,170,39,51,57,105,97,98,135,124,23,94,156,83,208,144,36,17,174,115,33,60,157,108,175,102,191,91
202,166,117,133,55,39,82,175,168,136,125,117,107,97,89,85,78,171,116,80,94,102,104,112,108,109,96,105,103,79,90,91,84,89,95,109,115,134,106,100,58,68,102,106,168,56,63,186,196,186,160,84,68,94,111,28,18,74,63,89,83,186,0,16,40,210,138,96,87,24,104,42,41,86,103,110,75,68,42,25,61,89,86,213,144,58,29,41,149,41,59,66,60,119,73,198,46
232,172,150,152,91,27,46,151,152,140,120,117,110,103,96,97,64,210,106,88,88,99,98,112,109,133,114,105,106,92,92,81,88,97,112,113,121,112,100,102,63,71,105,109,124,69,39,60,205,182,157,83,71,70,134,36,49,32,61,73,63,158,45,8,8,85,94,105,86,37,78,45,63,89,94,89,191,192,0,9,21,76,69,208,160,50,26,0,186,55,61,172,175,187,198,196,110
158,191,137,118,103,80,41,129,152,154,119,115,112,107,103,102,86,226,89,89,85,102,98,107,115,120,108,107,107,84,95,96,90,100,111,111,113,102,106,99,65,67,101,105,107,68,47,15,217,194,176,91,70,40,140,36,38,128,60,75,61,97,10,30,36,64,69,83,85,33,29,54,60,52,80,84,61,36,21,19,49,43,42,218,171,46,17,8,228,41,49,192,198,208,236,225,150
66,193,156,124,84,69,52,112,140,172,127,118,117,118,116,107,99,223,80,85,94,95,100,110,113,109,112,94,96,99,106,109,106,109,116,123,113,101,102,82,64,66,97,101,104,60,36,65,181,183,193,75,81,16,145,35,32,29,52,82,79,21,13,28,27,67,58,93,71,4,5,30,51,10,105,89,51,18,22,8,17,24,19,199,102,57,20,24,152,106,40,22,9,68,221,232,93
84,201,189,152,98,81,76,89,164,166,124,121,117,114,115,116,101,241,84,88,96,94,99,110,117,114,114,97,98,100,102,106,104,108,113,114,114,102,97,81,84,60,105,84,109,52,45,69,144,201,176,100,87,110,129,43,41,8,49,73,93,69,40,49,27,60,64,116,64,14,48,22,41,0,123,93,46,35,31,22,25,27,30,208,116,68,17,15,11,202,64,61,66,18,212,205,46
39,214,186,138,122,113,119,62,149,174,130,113,117,114,113,115,101,227,91,94,93,93,99,109,117,88,98,106,102,101,101,106,99,103,107,106,107,103,87,79,88,55,119,107,69,67,53,28,47,203,184,77,74,101,121,40,31,9,51,71,84,94,7,42,53,58,67,91,70,47,64,32,39,13,76,41,91,44,40,44,43,43,27,176,146,37,7,2,55,186,45,33,41,34,183,156,38
18,152,196,142,147,132,79,49,150,144,133,115,114,114,109,98,100,170,97,99,92,92,98,108,116,90,91,96,107,102,100,100,105,96,101,99,95,105,79,77,72,61,112,88,60,57,39,23,8,212,196,92,91,17,88,51,25,15,56,75,77,91,18,21,27,29,62,34,72,43,53,28,12,4,97,177,110,41,42,51,39,29,39,139,153,42,28,52,33,181,42,47,5,28,153,158,42
41,130,202,169,164,124,70,47,137,139,133,94,123,117,106,110,92,136,90,100,90,95,103,110,119,90,102,101,113,108,91,80,101,108,104,81,91,96,76,73,76,93,91,48,98,57,52,36,27,208,186,104,70,40,92,51,10,22,50,59,61,95,8,34,18,19,61,29,44,57,51,34,16,29,86,122,101,40,46,32,30,28,18,120,141,28,28,45,39,102,21,33,53,46,117,151,35
25,11,199,185,137,95,78,10,20,165,129,137,122,118,109,108,191,103,98,98,88,95,106,116,120,135,90,95,102,109,106,84,97,95,99,113,106,100,81,82,74,65,84,11,27,42,65,38,12,158,206,157,62,22,56,54,27,19,56,61,73,83,6,21,27,17,57,32,7,57,7,52,22,10,49,62,46,43,43,27,27,26,25,116,120,32,34,23,41,140,17,9,36,29,78,186,48
15,0,219,168,122,95,86,69,50,124,102,125,123,119,105,99,233,66,107,99,94,100,111,114,110,116,112,89,107,99,92,93,99,98,96,114,101,98,87,91,77,104,98,35,79,26,43,53,8,56,175,174,57,42,91,52,33,13,51,59,90,63,9,25,19,16,65,50,39,28,10,40,37,32,32,45,51,86,33,34,36,38,33,156,57,41,37,29,0,108,32,19,170,132,111,72,51
13,17,242,180,137,109,96,88,71,31,93,125,122,120,113,108,158,75,74,105,107,109,113,111,106,120,104,106,103,95,89,94,102,100,90,107,106,87,92,87,84,101,42,36,177,32,37,63,12,17,187,196,64,61,100,52,43,34,58,72,100,49,18,12,20,24,47,63,60,32,41,43,46,29,38,37,55,91,38,34,39,42,40,85,40,32,37,29,11,48,37,35,42,36,114,70,49
33,18,241,188,143,111,102,93,86,68,134,121,110,123,109,202,89,99,116,99,107,105,116,115,109,117,114,110,100,96,94,101,99,99,97,106,112,112,106,84,88,94,37,0,168,20,51,19,20,14,204,240,117,57,37,50,20,17,45,98,101,36,30,18,16,26,54,61,63,26,20,40,45,44,25,49,54,96,37,41,48,39,38,53,34,30,36,28,25,33,26,26,37,41,50,58,38
30,18,237,184,119,93,94,94,57,45,130,130,117,119,111,206,78,85,99,94,104,98,97,93,103,105,114,109,101,98,97,102,99,99,100,103,106,108,80,105,58,198,35,16,158,12,50,27,9,24,159,165,96,49,33,26,31,23,78,98,103,22,30,22,20,35,45,51,51,16,40,45,45,28,37,20,56,90,23,30,25,26,31,46,33,27,36,41,38,25,21,25,26,31,59,69,104
27,20,246,207,132,103,97,83,71,98,161,146,121,114,194,82,103,96,86,93,89,95,79,80,89,96,105,109,103,101,103,102,99,99,100,101,101,102,71,90,105,34,28,33,43,42,47,17,16,7,89,180,55,32,25,16,26,4,115,61,80,35,24,13,11,27,33,60,33,51,69,109,53,68,140,71,56,79,16,19,23,11,47,35,23,38,47,42,32,22,22,26,27,38,67,70,108
41,23,239,206,144,111,99,89,74,41,172,136,118,135,193,106,95,102,104,106,99,72,81,103,108,106,115,107,105,104,107,102,99,99,100,101,101,95,91,62,101,94,28,17,25,60,52,30,10,10,93,182,51,37,11,12,29,10,115,56,70,44,24,11,9,25,17,46,26,26,121,87,28,62,123,11,55,70,26,36,25,37,31,22,20,29,33,36,31,17,8,7,21,45,70,53,82
61,65,206,216,136,113,98,88,55,37,190,143,118,220,81,114,109,127,113,104,77,88,100,103,100,97,104,104,106,109,101,103,114,90,91,92,101,102,84,85,72,73,20,26,26,61,16,13,3,20,99,146,67,48,8,8,26,0,86,55,84,36,31,23,2,21,32,55,47,36,27,38,27,21,28,43,58,78,31,37,31,20,23,18,3,28,31,50,71,108,110,77,112,157,46,34,58
108,100,242,197,118,108,103,89,72,50,74,185,138,150,100,94,113,134,98,92,88,91,98,100,101,101,101,102,103,104,99,100,106,93,99,104,96,98,94,65,60,101,72,19,11,64,25,31,22,12,11,127,75,48,17,25,35,13,134,49,79,28,37,23,25,20,34,63,41,29,28,31,28,25,23,27,56,98,31,28,19,26,87,41,47,74,55,94,54,38,57,55,141,57,45,33,35
54,126,255,222,104,100,101,87,68,50,84,168,226,88,118,104,120,68,68,88,94,84,86,96,96,98,96,97,97,95,97,97,99,83,96,82,78,75,57,57,57,58,87,30,15,65,58,37,89,131,20,117,74,34,19,40,21,24,145,45,75,23,65,33,37,26,27,51,40,29,31,20,19,30,21,14,54,101,32,39,71,140,127,87,37,42,47,61,41,86,159,100,30,54,48,20,25
131,167,226,199,109,94,89,71,73,78,80,100,124,157,98,88,35,214,142,67,57,84,85,84,92,100,93,94,96,88,95,93,89,98,53,147,147,172,186,110,69,59,97,51,25,69,46,119,118,137,138,105,83,32,30,63,33,41,94,43,68,45,37,66,26,36,27,50,36,29,32,11,20,10,27,30,54,53,3,33,112,134,91,137,140,145,42,52,73,48,54,58,46,42,9,19,28
183,88,184,209,113,101,86,80,78,88,72,105,67,102,103,109,128,206,142,53,63,95,51,105,106,100,85,92,62,96,87,6,8,48,14,179,97,189,178,102,49,38,102,102,38,41,32,73,120,113,131,135,93,5,30,42,58,93,3,29,62,14,23,34,31,21,25,40,36,8,14,6,0,9,19,38,61,28,31,34,28,26,33,42,36,39,57,49,38,40,39,42,39,24,20,14,22
97,133,235,197,108,97,88,72,68,99,72,31,181,160,108,155,114,235,122,115,151,113,115,65,64,65,73,63,147,139,69,38,57,20,101,221,47,195,125,133,46,37,107,105,31,25,26,33,29,32,50,112,96,10,20,26,41,0,30,56,52,28,34,24,25,27,30,22,57,25,30,34,25,36,42,30,44,43,57,39,42,44,42,42,44,45,40,34,46,42,59,41,76,57,37,49,44
86,114,199,188,99,91,77,83,94,114,64,16,198,142,106,177,153,210,126,92,152,157,96,71,74,76,59,83,112,111,45,65,70,0,60,208,147,175,83,128,51,31,122,93,106,29,18,5,19,29,35,35,100,19,10,10,0,20,30,105,54,34,29,31,37,36,31,23,73,35,25,31,42,36,32,35,58,55,32,35,41,45,39,39,32,31,41,42,48,53,61,44,55,50,50,69,56
153,123,215,161,92,87,100,72,164,75,43,0,168,139,89,173,205,224,101,70,131,129,158,164,83,72,100,111,113,90,66,98,70,20,2,189,108,157,167,183,63,23,126,87,96,15,28,15,24,34,39,25,101,29,10,10,15,25,20,110,49,35,41,34,35,34,29,22,49,40,22,20,42,32,28,25,50,71,42,43,41,41,44,48,42,38,42,48,34,48,67,35,58,59,39,50,36
130,112,213,161,91,93,80,60,143,13,11,0,130,111,82,147,220,177,98,75,143,162,129,197,62,76,169,154,159,114,47,105,43,42,94,215,49,84,206,197,68,26,99,82,97,25,14,34,23,14,30,15,106,32,20,32,55,27,35,133,41,38,24,15,19,25,12,33,29,45,29,25,27,28,28,34,46,77,43,30,30,35,45,67,45,10,13,11,36,46,53,48,40,61,38,53,38
138,154,240,138,77,81,87,165,58,59,13,31,123,99,98,147,150,150,62,68,98,126,173,112,75,77,131,145,116,55,134,123,34,26,205,180,44,5,185,176,102,32,64,101,77,85,61,39,31,47,39,24,113,38,52,59,34,55,87,126,60,99,131,94,127,127,108,35,16,47,32,27,28,31,37,41,39,67,36,38,33,30,33,20,40,46,48,47,54,45,38,54,55,53,48,48,55
125,158,225,94,61,88,84,130,34,6,21,80,121,78,110,228,160,125,83,85,132,99,24,104,62,49,166,104,144,56,47,83,30,5,185,170,41,17,204,200,138,37,34,118,80,87,51,61,54,31,69,48,121,45,50,112,87,90,161,38,69,76,78,11,11,39,49,14,39,48,36,33,21,25,32,38,39,68,58,40,37,38,44,51,46,31,42,36,44,58,63,48,55,62,41,56,41
183,103,180,52,56,90,65,135,0,16,10,116,150,137,140,204,188,31,39,176,85,75,109,146,87,13,48,103,55,40,38,84,57,113,181,119,50,15,198,171,144,36,41,116,90,108,70,64,57,71,103,139,137,65,120,103,112,89,101,37,37,128,145,91,128,141,74,46,28,35,25,36,40,41,44,46,46,54,56,53,46,38,37,39,55,57,59,59,55,63,57,52,56,64,57,57,64
118,115,133,57,58,76,84,128,13,28,3,119,167,99,97,140,146,33,53,116,136,143,135,128,16,39,86,46,100,103,77,59,12,163,122,38,55,31,182,173,147,37,37,110,118,114,86,59,56,72,36,94,128,46,85,129,163,109,86,21,14,96,113,98,99,161,93,131,37,24,22,25,37,42,38,42,43,40,42,35,43,39,46,42,43,45,46,54,41,42,53,40,57,65,51,75,75
143,177,52,76,73,79,137,53,16,5,3,162,210,81,90,138,34,25,18,21,79,53,54,128,137,160,112,134,115,43,102,97,126,143,55,33,127,41,175,175,166,65,29,140,96,120,83,52,64,52,46,20,79,30,0,122,111,103,38,7,40,13,144,127,141,122,115,89,42,17,20,24,41,44,42,44,44,39,40,29,49,35,45,51,47,46,53,62,52,53,61,42,69,68,60,56,43
155,92,40,97,90,87,143,64,23,11,15,42,128,80,90,64,156,79,135,164,159,101,125,139,129,103,101,121,116,105,137,103,193,171,44,40,94,154,185,198,174,57,56,130,108,125,73,63,49,55,51,58,34,34,24,33,27,22,31,40,9,11,90,124,163,159,143,68,11,5,24,27,63,38,50,50,39,23,16,21,29,36,49,38,50,56,47,68,66,61,63,65,65,57,66,46,87
104,67,73,99,91,86,124,20,32,22,29,124,120,69,87,89,142,163,171,143,160,122,103,117,80,57,81,82,87,84,152,184,152,72,36,42,127,103,157,210,115,62,53,49,106,116,75,65,48,49,38,62,56,36,13,49,29,40,54,32,26,42,36,23,18,44,22,41,37,57,25,91,47,54,46,50,55,45,46,42,68,40,47,73,73,74,77,72,51,87,90,74,65,94,137,144,48
70,63,60,92,79,152,164,33,20,9,8,156,87,92,85,133,122,78,80,133,178,78,94,50,78,109,128,80,31,126,128,185,141,10,34,18,5,98,123,207,144,34,68,33,151,76,92,25,42,70,54,40,32,25,32,73,53,36,39,22,57,37,50,67,118,95,104,104,78,64,51,141,79,49,184,174,30,63,81,77,107,108,43,68,23,57,88,78,134,62,28,80,89,88,81,99,75
68,32,60,45,60,124,77,5,22,65,82,142,46,61,90,138,132,150,104,107,83,112,78,91,142,140,149,55,97,184,103,135,135,46,64,53,66,33,15,194,135,52,22,158,154,78,45,52,58,58,78,23,17,12,13,22,61,52,38,48,32,48,38,35,54,87,47,47,60,37,34,117,96,121,43,119,117,137,161,123,158,130,133,190,179,129,99,65,85,72,118,163,86,75,63,87,124
51,38,16,28,122,141,112,25,10,46,111,123,45,49,66,162,121,148,137,128,114,167,106,132,162,99,70,184,110,114,183,128,126,112,109,59,99,196,162,174,125,86,35,79,114,80,61,45,41,74,50,58,28,10,44,41,42,55,60,62,59,44,64,53,47,30,58,29,25,37,45,72,123,183,183,136,157,157,154,144,141,146,153,171,95,106,81,40,59,132,133,123,117,145,155,86,131
137,29,28,20,119,38,84,21,3,29,158,38,44,69,60,55,143,164,141,103,63,148,164,117,85,56,73,139,157,104,131,145,34,150,159,143,117,92,169,178,83,122,179,220,150,79,105,142,110,81,49,63,49,188,141,119,51,60,60,66,66,72,69,61,67,72,97,95,117,122,123,94,150,154,139,125,71,117,167,145,128,74,59,162,125,96,144,128,165,152,130,147,121,122,163,151,157
121,45,20,42,123,140,73,15,12,86,130,145,32,15,54,153,130,82,117,69,117,147,140,136,101,91,136,113,123,118,95,214,73,61,105,126,109,99,203,150,34,32,102,162,90,100,106,81,104,113,162,121,174,162,60,38,147,140,113,126,148,158,150,128,138,129,111,105,101,114,113,138,179,189,140,110,63,154,150,100,202,106,149,174,132,137,130,176,106,144,189,170,178,91,184,189,135
167,34,30,56,165,103,77,20,11,132,138,131,29,42,57,106,128,163,148,153,162,44,122,0,31,106,131,124,53,70,127,143,81,106,32,35,96,161,175,169,21,13,66,19,36,61,111,148,174,76,112,106,159,71,18,88,119,23,118,141,108,114,162,142,129,144,112,143,146,154,113,160,129,133,126,83,152,178,116,110,140,84,138,103,114,86,169,159,160,183,182,116,148,151,160,167,122
