185,163,112,61,42,47,57,47,38,31,25,16,20,20,26,13,20,18,23,24,19,18,21,19,23,17,14,23,22,22,14,27,25,24,17,19,21,20,14,20,14,16,10,22,33,51,60,63,59,56,79,78,83,79,81,94,83,71,68,78,113,138,118,124,119,129,136,130,135,131,143,136,124,117,208,179,135,130,137,142,150,139,139,115,131,160,138,209,173,101,115,81,100,97,104,106,110,127,126,136,100,77,141,66,94,94,129,176,115,122,108,166,155,126,103,114,126,155,143,188,154,158,216,197,197,177,109,102,99,98,146,159,184
192,168,163,59,59,52,50,42,39,29,22,11,15,22,23,21,21,29,36,38,31,30,35,33,24,26,31,41,44,39,22,12,18,19,13,14,17,12,14,39,52,55,49,52,36,48,57,54,52,56,70,74,84,87,94,100,107,106,94,76,102,114,110,88,94,111,133,149,158,157,139,139,130,139,131,125,141,139,128,143,130,137,150,132,130,136,121,216,144,112,88,99,93,113,111,114,104,109,101,114,129,68,162,103,94,74,170,156,116,115,142,149,147,146,142,127,147,158,178,167,162,202,160,149,120,134,118,125,122,83,88,139,126
191,182,178,116,60,47,40,38,26,9,6,10,20,27,30,30,33,33,45,47,44,40,39,34,34,61,71,57,57,64,61,28,20,10,3,5,7,6,5,15,41,46,40,50,48,57,55,53,56,63,61,68,74,88,100,101,101,105,104,100,82,85,85,85,92,103,107,120,130,156,159,150,131,138,143,150,140,119,146,134,148,111,135,130,127,138,131,158,134,82,90,107,55,96,108,98,99,96,81,89,91,63,116,97,74,91,164,181,96,137,121,141,152,145,146,169,163,142,161,140,167,177,205,197,147,137,130,204,241,253,204,196,105
190,182,175,169,134,60,33,31,27,24,22,29,40,43,43,53,56,50,52,55,53,50,51,47,49,63,85,80,63,108,114,60,42,26,20,21,24,26,27,43,53,54,56,64,67,58,70,70,70,55,50,70,72,83,108,112,112,112,117,121,113,96,85,86,89,93,87,96,96,115,129,143,130,134,143,145,140,117,133,117,168,125,138,136,150,122,139,149,138,94,105,102,117,129,131,91,102,105,88,79,86,109,127,87,86,78,184,147,95,93,121,144,138,152,156,140,124,140,139,133,134,151,136,159,174,183,197,255,217,255,235,191,190
194,188,173,168,164,158,126,89,76,67,58,49,54,63,81,61,87,49,54,57,59,62,59,56,53,77,82,84,82,59,60,63,57,54,55,57,60,64,68,74,77,73,85,86,75,55,43,40,49,61,51,59,68,82,90,101,112,116,117,121,124,120,115,83,70,73,86,85,99,99,93,122,128,133,153,129,166,119,103,148,172,138,135,123,136,127,135,129,131,110,117,110,127,123,127,122,115,122,101,83,81,128,146,99,90,79,199,99,104,106,122,125,143,166,177,180,137,145,170,174,148,152,154,139,101,188,206,251,187,255,245,178,188
193,183,178,170,167,164,163,159,154,143,97,111,115,120,114,68,60,61,65,69,69,72,69,75,81,87,80,87,66,83,82,76,70,72,65,65,70,74,73,76,82,81,81,70,62,47,57,59,48,49,53,62,72,78,89,90,90,101,108,116,127,126,127,142,113,57,76,69,73,74,80,95,100,118,131,116,153,107,104,145,154,143,137,138,126,130,128,109,133,124,120,135,129,129,116,133,129,135,145,142,127,126,158,116,107,90,202,76,85,99,117,132,124,170,165,176,166,150,143,175,108,104,139,169,115,166,167,255,207,255,206,122,183
193,189,181,173,171,161,156,150,148,140,126,124,147,128,117,73,78,64,62,70,76,75,65,65,83,93,91,84,78,82,97,93,75,74,77,68,78,85,81,80,87,84,81,72,71,66,74,79,61,68,68,71,75,82,99,100,87,87,88,103,104,113,115,122,123,75,59,66,70,77,88,90,92,104,106,97,119,101,93,120,139,146,143,119,111,124,138,136,129,131,119,143,132,219,199,109,134,128,139,129,127,110,160,117,134,109,191,70,93,116,126,130,131,142,161,150,146,156,141,168,147,139,122,83,139,159,169,171,209,180,162,177,136
195,190,185,177,175,169,161,150,145,148,130,140,136,131,134,81,77,76,75,73,77,79,71,45,53,73,78,72,69,128,138,122,104,96,122,86,89,84,84,83,83,93,91,84,89,91,87,74,61,63,67,71,76,88,103,110,116,113,99,92,105,105,116,122,118,117,105,87,65,85,86,89,86,82,84,87,93,98,93,114,145,164,156,144,161,145,145,171,130,119,121,142,156,173,144,138,140,141,148,140,128,131,161,128,122,116,167,77,109,116,113,129,129,150,178,163,142,138,144,140,93,150,130,166,157,133,179,180,156,147,166,165,159
194,187,182,177,176,173,171,173,157,143,128,146,135,141,128,97,93,94,80,85,93,96,80,108,121,115,117,91,101,122,119,119,109,116,139,127,128,125,127,127,119,112,103,90,94,95,105,95,78,76,66,70,97,98,115,114,113,119,98,119,109,152,162,169,165,166,170,179,178,192,91,69,79,81,81,89,104,82,115,118,158,155,153,138,140,131,132,149,122,149,162,148,159,154,157,149,169,161,161,148,145,148,139,120,145,137,132,105,113,117,125,119,126,146,158,174,164,134,128,152,122,119,91,141,175,140,158,181,159,169,154,187,157
195,190,189,182,183,178,175,171,161,142,143,121,112,111,124,140,130,124,137,132,114,92,115,138,148,118,134,120,131,137,119,119,118,120,127,135,130,139,140,137,144,149,141,124,131,122,128,115,118,113,106,91,115,118,117,111,129,136,134,150,157,155,163,169,168,186,185,175,180,190,215,174,103,69,72,81,86,92,114,123,137,136,145,132,122,127,130,128,131,165,166,164,163,162,153,159,158,155,155,167,149,168,108,121,110,119,102,127,129,121,130,111,124,146,151,148,149,141,109,154,155,103,147,158,131,139,137,173,159,159,170,161,158
196,195,192,186,184,181,171,174,166,152,145,149,144,136,153,148,151,137,118,111,126,100,140,132,142,114,131,130,137,140,127,127,131,140,135,148,133,137,148,151,150,146,153,139,143,130,88,104,107,111,103,141,138,132,132,119,116,128,138,159,179,170,161,152,160,162,157,169,175,174,192,207,207,208,82,72,86,110,126,151,154,135,137,142,165,196,228,213,164,160,164,154,163,152,179,168,149,243,242,179,137,87,97,124,78,102,102,118,132,126,137,111,124,138,148,146,145,128,97,158,151,61,109,143,166,137,155,166,158,163,152,137,132
197,192,190,189,187,175,173,172,169,164,171,154,129,134,137,148,148,153,136,147,141,136,150,145,125,138,119,116,149,137,137,137,138,135,147,153,145,145,149,156,156,140,146,147,144,146,138,143,127,121,130,125,97,152,136,108,101,120,144,165,190,174,168,155,157,155,163,160,173,198,194,200,204,182,177,202,146,118,125,140,141,141,141,142,138,179,204,231,192,200,164,138,147,162,236,203,218,166,213,198,196,192,142,113,149,216,128,113,134,142,140,137,137,134,138,115,136,133,147,123,132,145,94,126,150,188,165,140,138,161,144,136,151
195,198,195,189,180,175,170,168,150,176,166,173,172,147,143,146,166,141,158,153,143,151,142,130,134,112,92,200,202,126,135,150,145,155,154,151,161,160,162,154,159,154,149,151,168,156,133,129,122,141,143,148,148,147,139,145,141,146,140,138,201,182,116,142,156,141,145,159,148,146,214,153,202,213,218,213,208,202,174,110,98,135,150,132,111,124,142,142,132,147,164,164,131,179,228,201,205,158,147,186,184,184,199,239,212,205,157,128,140,138,151,144,155,131,135,128,129,117,147,157,152,136,140,131,127,138,140,140,139,144,153,154,161
197,196,195,191,179,174,172,167,151,183,183,177,138,136,147,138,135,133,142,165,148,152,151,128,127,103,142,165,168,152,147,143,139,150,131,143,158,163,173,156,165,178,180,158,160,168,178,140,152,140,155,183,172,134,130,172,155,155,193,170,234,184,130,146,167,158,160,160,154,146,142,154,160,194,209,217,216,216,219,198,155,134,142,139,121,119,144,149,162,143,149,146,144,128,142,172,208,211,224,203,237,213,225,192,193,199,172,138,139,163,128,183,180,165,164,149,121,142,146,136,149,136,116,120,116,124,126,129,144,138,137,187,170
192,195,191,187,187,180,180,165,153,180,173,154,155,134,128,129,155,121,127,124,152,155,140,165,154,144,182,152,159,122,126,127,145,158,137,148,164,160,159,169,162,155,158,157,161,157,180,153,148,140,146,129,131,142,138,146,124,161,143,144,140,151,145,149,151,153,149,145,144,150,165,160,187,188,206,216,214,216,216,200,203,186,149,130,148,145,147,160,163,176,167,140,136,143,194,188,182,178,211,231,211,236,203,204,192,191,230,196,165,142,136,241,183,160,157,154,141,130,133,136,136,115,121,117,120,124,125,133,138,138,144,165,149
181,188,195,189,191,182,189,177,149,168,153,147,132,140,141,127,117,130,145,151,164,147,155,152,159,155,157,157,142,135,134,143,141,132,145,137,157,171,177,184,212,174,184,165,153,163,161,160,134,161,138,160,155,137,137,144,150,138,149,141,161,146,141,145,155,159,142,154,154,143,144,175,174,165,180,190,195,199,198,212,196,195,193,169,153,149,154,149,159,148,157,139,132,142,106,118,123,107,120,175,229,202,216,171,164,163,212,196,214,94,174,159,154,155,156,139,139,132,120,118,131,138,116,118,121,121,121,135,149,135,139,130,109
174,178,187,184,186,182,179,169,179,201,164,149,159,143,140,145,152,175,162,153,151,183,165,149,161,158,151,165,158,112,100,109,133,99,128,144,168,167,166,193,235,180,161,166,152,158,175,190,183,180,161,159,147,171,177,174,183,169,167,167,163,153,160,160,164,164,160,195,191,143,154,150,133,160,174,168,158,166,165,156,148,143,176,153,147,106,187,149,129,122,133,132,130,147,161,156,157,154,158,130,192,143,127,135,190,105,169,184,246,249,187,219,173,155,153,148,133,129,120,116,131,112,106,104,141,123,120,154,137,123,140,130,170
205,203,196,185,174,174,165,159,158,154,170,179,142,135,136,143,158,150,145,165,159,164,151,139,97,121,145,122,108,117,92,91,114,118,135,157,156,162,180,172,198,189,205,205,174,175,177,170,181,180,139,136,182,185,135,114,172,198,166,167,168,166,170,161,127,139,150,193,213,136,161,159,122,155,128,144,150,143,163,162,131,138,112,131,137,128,139,134,131,147,134,178,155,147,146,147,150,153,151,166,163,174,112,116,129,145,114,126,183,180,229,173,139,158,164,131,141,131,120,111,134,129,107,115,127,125,134,154,138,127,132,146,148
198,200,196,186,187,180,172,159,159,186,153,168,162,152,139,150,159,146,141,99,166,164,127,46,115,160,139,141,154,154,160,167,143,140,144,157,166,170,164,168,181,149,156,176,170,164,174,202,205,197,148,173,200,145,163,168,166,166,163,154,153,156,167,154,164,166,147,241,239,187,181,196,192,126,150,142,149,161,45,47,85,141,167,141,142,137,160,121,159,126,201,145,159,163,141,143,134,137,122,155,157,129,147,150,165,174,130,159,175,163,185,138,180,165,157,147,143,147,146,148,128,148,124,132,131,128,136,134,137,135,133,137,129
200,195,190,187,183,179,166,158,160,185,191,187,164,144,149,165,180,163,167,183,93,65,73,136,168,150,158,136,137,148,136,139,134,123,146,161,169,158,152,147,160,161,170,173,173,147,169,194,180,204,186,183,172,169,186,185,182,181,166,155,151,147,160,169,167,159,160,182,164,163,164,138,150,135,146,127,148,168,110,99,108,111,147,117,133,122,160,144,148,156,155,146,169,175,156,161,156,154,143,145,142,116,193,153,201,168,157,141,140,152,218,213,220,158,177,175,159,161,154,148,141,142,132,123,129,130,133,129,126,126,127,128,142
197,194,188,184,185,180,171,168,160,191,196,190,189,181,187,170,183,166,166,169,166,165,167,164,163,164,169,145,135,143,123,143,149,145,157,153,180,151,145,154,160,161,153,177,188,173,193,187,148,149,168,176,176,175,181,137,153,165,161,173,156,152,141,159,155,151,156,163,147,126,142,93,131,108,114,103,146,157,82,113,86,144,159,116,125,124,141,139,159,166,137,173,156,162,137,119,149,174,150,145,129,187,194,132,168,152,157,195,199,171,153,158,153,153,149,134,144,173,166,168,164,138,124,129,150,116,129,125,121,119,128,117,121
198,197,191,187,177,175,169,165,161,196,188,169,169,161,159,155,168,156,139,147,145,133,150,160,173,159,166,164,173,113,145,124,102,139,148,153,149,196,241,225,168,168,183,166,173,172,170,172,157,163,158,165,197,184,161,152,149,175,169,173,175,172,172,166,164,154,161,168,155,141,131,148,127,131,97,94,148,163,90,83,90,127,134,121,122,134,129,137,133,144,104,140,163,117,131,137,119,152,171,165,162,133,158,133,156,167,145,163,170,157,158,137,156,160,152,145,143,155,160,162,154,153,140,142,143,121,119,120,121,103,123,127,118
198,196,190,190,187,177,166,161,172,183,175,171,152,149,159,152,122,129,125,136,152,147,159,154,149,132,151,153,148,159,151,158,157,151,147,140,172,169,133,181,159,163,163,175,164,147,144,144,157,168,154,156,152,155,151,142,161,113,142,166,186,183,192,185,140,163,180,161,165,192,172,172,143,116,123,113,127,89,132,97,129,135,147,131,129,130,97,115,115,131,133,120,120,167,152,157,156,146,166,170,163,171,161,152,153,142,154,160,154,159,175,173,161,162,169,159,158,166,154,139,157,161,170,149,140,149,119,116,115,112,143,148,136
195,192,188,188,183,176,180,172,164,171,162,152,151,143,142,132,180,135,150,141,150,149,146,150,148,150,145,143,142,143,152,140,147,149,150,162,161,163,145,200,177,149,164,167,165,179,183,160,166,164,174,189,167,169,177,153,155,139,152,149,140,145,163,174,198,199,210,213,201,172,142,140,163,117,150,143,133,121,151,130,124,90,104,110,103,127,92,90,82,118,113,116,147,135,149,146,159,141,156,155,160,149,163,156,159,159,152,165,176,181,160,164,169,172,183,187,188,185,180,169,167,160,177,159,163,151,140,132,115,126,134,126,122
198,194,189,184,175,173,172,163,151,153,167,153,145,145,125,136,111,148,150,150,173,145,148,148,146,148,147,147,151,138,146,144,123,127,125,134,146,158,145,142,177,164,146,176,171,160,171,176,174,176,178,179,182,179,172,174,161,152,149,147,159,147,159,159,166,168,168,145,159,150,149,138,150,150,143,143,154,154,110,119,105,98,75,76,122,60,58,58,76,104,120,129,141,131,129,131,140,141,153,167,165,200,179,177,186,189,167,164,197,163,138,141,172,180,198,186,190,189,190,189,187,181,170,153,141,145,120,128,137,138,136,129,121
197,194,190,190,180,179,157,150,149,150,180,180,159,153,143,147,165,144,154,153,156,142,149,146,138,136,163,151,139,149,127,114,106,105,110,140,162,164,182,183,192,175,169,139,148,169,178,156,159,161,152,168,179,179,169,165,151,161,143,150,155,169,161,169,172,169,165,153,151,155,161,137,149,133,117,135,149,136,112,126,55,64,94,67,67,78,57,57,65,127,109,111,117,111,118,129,150,139,150,155,140,159,174,172,181,158,165,176,185,170,155,158,191,188,184,180,178,182,189,191,192,185,182,168,175,129,134,135,136,132,142,142,124
195,195,189,184,167,155,162,145,141,156,174,176,183,180,165,138,164,163,154,144,138,143,149,148,141,143,143,156,144,139,143,110,118,133,165,162,130,176,158,196,211,228,151,181,217,202,178,167,155,159,167,167,158,182,168,169,164,167,151,153,157,167,190,193,194,189,182,181,153,151,145,157,157,141,136,122,128,129,95,109,56,83,32,39,51,37,47,28,54,93,76,102,128,125,139,153,169,135,128,142,153,141,137,159,190,183,167,166,168,160,144,128,172,209,190,184,189,192,186,190,189,193,185,199,191,187,161,134,143,145,134,144,130
194,180,185,178,169,150,139,161,151,164,184,176,166,168,155,162,139,167,201,207,202,186,153,135,125,141,138,153,153,144,147,115,114,119,134,137,156,127,149,170,122,161,162,143,141,151,160,158,158,152,145,160,145,158,159,157,157,156,157,151,150,170,181,192,196,193,189,187,172,156,139,155,154,165,152,118,108,90,131,90,67,50,34,25,28,33,18,55,75,82,83,96,106,126,136,135,136,140,139,145,149,159,167,144,152,169,149,141,152,157,146,136,124,119,189,185,177,172,186,186,182,178,169,167,173,173,132,138,129,134,127,140,146
198,183,171,156,162,145,146,172,184,188,179,179,184,179,173,155,207,200,207,209,209,198,171,157,154,151,174,138,134,158,149,159,129,181,197,184,151,143,143,147,141,149,152,170,154,154,154,146,144,152,160,160,162,161,156,154,163,133,147,147,141,150,162,178,185,172,204,195,195,194,154,144,137,152,70,117,121,119,117,131,73,43,12,20,43,36,58,66,54,33,65,100,104,107,113,111,121,118,108,120,131,129,142,144,155,145,161,164,128,130,143,139,146,118,101,147,147,174,159,148,143,157,150,131,108,101,128,125,117,124,132,143,139
193,187,170,158,169,155,156,184,183,200,190,176,167,161,172,157,134,219,179,195,201,208,198,198,178,151,145,140,134,138,145,147,119,248,238,248,239,155,146,177,161,157,159,159,158,150,152,159,158,152,118,149,153,148,154,153,166,171,155,154,142,163,162,161,139,155,185,167,147,175,172,169,160,132,117,142,132,103,153,142,109,40,42,23,66,45,63,80,66,26,43,36,101,60,97,167,179,208,216,206,205,211,210,212,212,199,188,156,125,126,96,121,150,111,93,137,171,154,155,152,147,111,115,124,140,102,142,122,126,150,160,154,145
198,186,173,172,131,153,169,186,198,192,178,184,169,159,137,147,136,172,181,181,202,197,178,137,130,134,136,128,120,139,141,140,115,135,76,110,60,126,150,127,133,160,155,147,162,157,154,160,152,151,160,158,160,144,150,162,160,168,150,164,164,163,158,160,167,158,206,221,202,199,193,175,165,177,185,156,130,123,107,124,120,120,30,50,47,45,61,55,84,104,97,136,51,165,207,183,206,203,194,215,209,210,211,214,204,206,214,203,189,155,117,111,116,150,130,89,89,112,104,96,82,132,137,142,125,133,140,135,183,177,145,133,149
200,195,186,177,185,159,161,185,197,187,175,182,165,155,154,153,137,122,134,168,188,143,130,134,109,131,129,117,119,127,129,158,141,137,151,129,147,155,149,166,135,147,142,149,157,160,151,159,148,153,152,150,156,147,143,159,136,142,168,156,160,177,184,161,159,141,190,191,177,188,192,151,173,161,172,175,178,156,166,177,149,138,87,39,91,222,110,152,60,255,136,114,111,179,199,147,186,196,189,198,195,174,205,207,219,210,208,209,203,136,93,98,71,132,101,102,135,120,106,139,151,151,135,109,143,142,153,160,142,156,156,192,176
190,185,172,168,147,185,172,186,195,188,190,177,213,189,168,151,137,125,134,124,135,142,144,132,119,127,113,110,125,121,132,140,144,142,135,147,157,153,155,134,139,136,147,154,173,182,166,172,160,147,147,154,150,140,141,151,149,147,149,175,202,195,196,204,201,166,164,169,170,154,145,148,155,159,170,179,166,168,180,147,148,160,151,146,97,60,147,151,163,166,139,161,165,120,137,162,169,204,202,178,189,144,113,71,99,151,161,116,206,213,185,126,90,114,141,79,127,128,137,148,134,139,143,153,142,146,155,129,138,166,163,162,172
191,184,171,144,147,135,158,180,182,191,192,193,202,182,166,167,149,143,134,133,128,131,154,133,128,108,119,129,119,134,126,123,138,150,153,147,146,140,128,140,151,157,141,156,172,165,155,153,147,151,156,146,147,146,138,152,132,139,156,142,170,181,172,166,167,160,156,161,166,164,162,158,149,153,154,188,178,157,157,183,168,157,135,136,162,170,188,183,164,153,164,159,148,166,140,172,186,166,151,168,191,206,180,193,232,183,176,189,206,210,215,213,184,124,138,145,156,134,139,134,118,132,132,165,155,140,152,190,169,147,162,165,163
191,189,165,162,149,158,153,168,179,181,184,170,181,173,163,147,147,145,141,155,141,140,130,164,161,132,117,153,145,129,145,161,143,130,132,123,137,139,139,138,148,152,198,205,151,178,146,147,152,155,155,157,146,146,129,140,152,159,149,145,157,159,138,139,131,151,158,167,165,169,169,167,149,151,150,152,156,163,159,152,150,149,153,147,148,157,162,151,141,131,149,150,152,173,153,153,138,176,165,124,142,160,174,199,182,196,182,176,165,188,201,214,220,174,147,148,143,139,133,136,118,122,113,150,145,145,126,140,151,157,150,138,136
192,185,175,152,158,139,153,144,171,167,167,175,183,168,159,157,159,159,155,161,151,151,151,155,158,152,139,151,143,146,130,133,133,122,115,109,125,111,149,151,145,135,169,161,145,171,160,149,148,147,146,128,136,147,156,152,142,132,151,194,149,141,150,178,163,166,167,176,157,164,164,160,165,176,184,176,166,155,155,152,155,159,153,148,145,147,160,152,159,150,155,159,179,157,136,136,147,140,139,121,197,190,164,193,192,193,193,178,183,196,205,206,213,195,159,142,135,151,147,149,140,134,147,144,154,141,119,120,134,130,120,135,138
185,176,165,155,163,158,155,165,179,192,155,147,155,145,166,160,146,151,163,178,169,171,183,151,160,166,159,148,135,131,144,125,169,156,188,66,143,97,97,142,132,125,140,135,157,155,166,150,151,136,146,131,163,147,141,149,146,190,196,189,151,140,163,154,170,174,202,190,163,197,198,202,204,189,189,171,173,161,163,169,160,152,153,162,168,139,161,151,163,148,138,171,166,165,197,151,146,165,146,171,154,148,132,142,128,140,148,175,163,203,208,210,208,209,205,198,123,109,93,111,147,132,124,104,133,142,128,161,129,131,126,142,150
187,185,191,184,167,147,154,174,178,167,171,164,145,151,153,151,145,149,156,154,189,189,186,161,172,179,189,155,145,141,140,152,140,144,137,118,79,143,125,140,137,156,135,144,168,150,157,134,153,144,143,145,150,146,145,150,147,153,152,160,156,162,178,158,134,157,151,186,219,167,174,181,165,184,162,164,165,162,156,159,138,116,161,145,159,155,163,147,149,159,150,151,159,181,165,152,159,169,176,159,142,172,134,145,157,170,166,172,170,162,183,199,213,208,213,173,152,130,141,149,141,135,137,137,138,113,156,147,127,111,151,124,141
188,176,178,178,160,147,165,156,175,162,158,144,140,146,152,170,173,175,157,174,172,141,157,143,154,159,165,133,149,156,140,137,158,144,152,181,184,226,141,135,142,139,147,134,145,149,157,156,152,150,155,154,127,139,135,130,134,140,147,146,156,155,145,177,217,187,194,208,200,182,167,166,161,178,140,179,155,140,156,157,159,155,148,158,154,158,164,153,130,153,100,128,140,133,140,148,157,149,158,157,158,165,158,162,166,168,120,136,122,200,178,182,190,185,189,208,186,170,148,140,127,127,143,115,118,166,158,147,127,145,133,154,156
185,181,172,171,168,155,153,165,172,149,147,151,159,147,159,159,167,149,183,170,173,183,167,152,145,133,134,157,146,140,139,158,132,125,132,188,172,192,220,151,145,120,134,140,157,147,150,153,144,147,143,147,141,145,148,144,142,156,142,164,156,160,161,174,204,210,185,178,189,195,161,163,168,179,140,149,156,158,151,162,151,148,155,140,146,143,147,158,150,152,166,152,140,155,161,161,146,193,156,148,138,152,140,150,147,170,167,157,136,147,168,163,171,170,178,208,213,213,184,138,133,154,143,159,146,181,152,157,139,149,150,153,125
178,184,178,168,176,156,170,179,174,177,159,161,150,156,173,131,146,157,148,162,149,156,184,146,148,139,143,146,135,139,144,150,152,150,142,210,221,205,223,203,136,129,130,130,149,143,144,150,146,142,144,156,154,132,135,143,141,150,145,173,159,177,149,170,186,187,187,196,167,176,179,159,207,232,173,164,174,162,168,157,138,125,138,131,138,141,174,164,175,162,163,164,158,165,166,160,172,178,165,170,164,153,158,179,147,166,165,159,178,236,216,165,192,197,203,200,202,204,207,211,150,151,151,141,119,167,171,222,168,149,151,109,137
187,181,186,166,157,156,161,169,172,171,160,158,166,174,137,149,140,151,142,149,149,145,140,156,148,135,137,130,135,133,134,152,150,151,138,194,227,193,229,213,119,144,148,145,148,129,127,147,157,155,151,151,129,156,144,145,160,156,157,130,166,149,162,184,166,170,173,179,159,167,164,177,172,199,203,146,162,169,162,156,150,167,151,147,161,165,165,148,162,142,148,152,155,142,159,156,156,162,155,162,178,191,195,185,191,222,194,232,236,158,165,185,186,179,179,193,194,196,194,182,140,138,130,134,139,152,151,160,130,140,135,119,126
185,177,173,173,154,171,184,163,168,143,148,147,150,138,147,148,156,131,167,145,138,181,199,163,141,138,135,133,144,136,129,133,116,144,134,142,239,205,233,236,112,154,142,138,141,148,142,158,159,147,150,156,136,181,146,149,141,141,135,136,144,134,159,152,150,137,136,159,151,150,181,192,182,170,168,173,167,161,154,132,139,159,157,169,152,151,159,163,171,163,165,154,155,155,161,164,163,167,160,157,169,160,159,155,173,186,255,215,219,230,190,173,185,188,201,205,204,209,209,202,157,137,128,133,153,148,165,154,160,156,136,150,150
185,185,184,162,152,159,154,174,165,158,164,143,131,136,140,144,140,156,174,162,184,163,134,132,141,147,142,128,131,140,141,132,146,146,153,138,242,230,225,248,114,136,137,139,137,140,122,134,143,153,157,153,139,148,146,147,143,141,144,136,141,149,153,168,177,167,177,169,170,149,167,177,176,183,188,178,170,154,167,168,144,150,153,155,153,147,156,151,164,166,169,151,158,150,148,155,145,150,160,164,160,155,182,159,158,201,167,169,183,188,177,182,170,185,182,195,194,203,209,216,221,176,132,139,136,132,144,131,121,115,135,136,140
196,182,176,175,160,185,177,180,163,153,160,156,143,139,154,153,169,160,161,176,175,174,192,106,140,126,128,149,144,114,151,153,147,158,143,134,194,242,218,246,89,155,124,163,158,162,160,148,158,164,153,153,176,155,143,150,138,146,125,129,148,158,143,127,139,115,115,163,140,148,169,157,153,152,152,147,152,132,150,159,178,167,169,174,153,154,159,157,160,153,142,156,161,171,187,182,159,164,165,154,138,152,159,168,162,159,169,156,180,169,170,159,191,181,182,189,188,197,204,212,212,210,133,115,128,123,126,124,128,142,139,144,116
184,181,172,169,152,171,203,184,187,177,159,161,134,115,113,126,150,165,166,154,163,158,132,145,135,141,128,139,150,139,138,148,148,154,168,158,152,254,236,232,156,146,173,145,169,136,140,174,157,168,162,178,151,159,147,143,142,136,128,137,131,153,140,139,144,158,155,159,150,145,152,165,163,175,175,156,161,168,155,160,177,168,157,148,151,168,141,134,153,144,161,176,190,176,168,169,152,152,161,165,165,169,165,163,178,167,181,159,147,156,164,171,188,193,182,184,179,190,206,210,209,130,147,215,202,169,117,158,147,139,128,155,163
192,184,159,152,151,173,190,214,185,173,176,167,122,125,122,149,127,165,143,139,150,155,161,142,125,122,108,145,133,147,152,144,150,151,131,133,149,148,255,196,255,162,156,164,139,156,161,148,158,166,154,162,149,134,138,137,143,138,147,136,124,135,128,144,131,146,123,134,153,139,141,158,163,156,160,175,163,157,164,175,169,166,171,165,172,166,161,166,142,154,165,157,165,145,134,154,150,160,158,157,156,154,152,147,152,160,173,164,143,163,170,173,185,189,186,178,172,187,212,212,207,217,146,190,192,252,189,120,131,146,182,110,136
193,183,184,170,160,166,203,190,151,195,200,162,176,153,173,134,175,156,185,166,158,161,119,92,97,107,125,137,153,122,121,115,146,137,147,140,169,129,179,228,236,255,146,125,142,162,127,159,145,167,178,161,144,160,132,149,141,151,116,136,140,147,142,147,136,144,135,158,157,159,178,152,155,152,161,173,156,166,165,168,170,185,172,160,154,176,162,165,166,162,159,164,161,162,144,150,152,152,170,161,155,157,158,152,156,137,157,147,162,170,177,165,173,181,195,182,173,178,192,206,209,193,172,143,143,181,120,127,136,141,131,134,151
202,190,184,172,181,189,161,216,200,174,204,172,149,143,149,159,141,135,144,148,157,235,51,79,88,93,134,127,147,169,107,128,113,154,132,150,169,160,140,199,223,219,233,127,148,152,167,180,161,154,167,183,161,145,154,142,149,124,141,155,153,147,144,147,121,168,150,158,159,150,143,150,154,158,157,149,154,146,175,181,126,153,151,132,168,194,174,151,152,151,153,148,134,157,165,167,177,160,157,141,163,147,162,135,154,161,154,148,152,151,159,162,159,174,187,186,181,177,166,173,202,202,199,147,114,145,129,129,140,129,130,141,146
194,184,178,160,177,157,170,187,188,210,193,150,151,139,142,119,142,156,142,147,147,219,37,82,81,84,136,177,163,166,182,125,121,104,142,143,160,144,140,132,206,220,215,173,153,171,154,179,188,158,191,163,158,169,152,171,166,154,162,170,148,145,134,130,158,142,133,170,215,174,166,159,149,156,139,151,157,171,157,163,159,167,185,202,149,142,141,143,147,165,155,153,149,134,140,158,190,148,160,124,130,150,157,147,162,163,157,156,161,159,164,163,166,162,172,175,176,184,183,188,203,206,206,201,188,126,118,129,130,140,145,138,150
194,185,171,145,168,182,192,183,176,174,177,174,169,150,152,121,123,145,167,156,201,35,77,66,62,97,56,63,143,138,172,166,105,137,129,144,153,153,156,169,141,231,224,188,163,147,157,158,184,184,190,151,160,163,155,172,153,169,146,136,125,138,159,177,136,132,131,144,166,178,141,158,155,158,170,148,163,162,186,191,207,214,208,207,153,157,150,155,161,173,167,146,164,146,138,148,183,163,149,128,137,143,129,150,135,134,141,149,145,151,165,169,169,166,166,172,173,178,176,175,182,193,208,202,205,214,148,125,146,164,148,143,139
194,185,186,155,187,203,206,191,172,174,171,181,156,145,142,133,156,158,157,157,181,24,61,74,67,122,45,68,130,150,111,170,72,159,117,127,139,149,171,141,158,153,170,157,170,175,161,166,183,169,168,165,170,155,156,169,161,150,148,133,178,180,174,140,138,147,153,154,150,144,142,152,144,151,148,146,147,147,142,135,151,181,183,198,163,151,159,165,161,149,149,149,144,148,158,162,167,126,148,158,150,142,137,128,132,135,152,159,148,153,162,159,147,159,161,155,161,176,182,182,181,186,192,203,207,206,209,183,177,179,172,160,145
192,182,183,157,165,183,202,183,180,184,181,170,172,163,151,163,142,127,132,164,96,48,28,57,50,116,135,160,173,116,114,153,99,105,142,122,161,152,141,161,126,137,152,138,164,164,144,149,148,162,149,166,153,132,156,154,153,157,167,169,172,128,153,162,150,133,160,120,145,135,141,153,161,146,159,159,155,149,149,126,151,112,112,130,103,146,172,185,165,152,165,147,152,151,152,151,135,154,158,131,136,155,137,154,152,152,158,145,150,158,146,137,136,147,159,154,154,174,157,176,185,187,188,192,198,211,212,213,192,193,194,184,181
185,189,194,181,160,196,201,218,176,157,166,169,170,152,157,125,141,177,175,137,138,51,68,64,58,65,145,152,137,64,112,133,117,119,133,100,139,152,145,139,152,155,131,146,153,143,145,154,156,173,165,161,154,159,160,149,142,157,149,141,148,148,140,143,134,156,154,142,142,140,127,137,144,153,150,159,153,145,159,148,146,143,150,138,141,152,154,166,164,155,153,147,157,141,135,155,158,162,184,197,202,145,157,154,168,158,161,161,169,152,144,150,149,163,153,155,161,151,152,158,179,202,197,199,204,208,212,212,217,188,163,192,203
186,183,182,167,162,208,192,191,172,159,146,146,135,148,159,123,153,142,149,165,137,85,95,97,52,85,93,103,111,208,250,237,213,222,161,130,156,156,154,157,144,139,163,155,156,154,153,159,160,160,142,155,156,152,153,156,149,153,162,159,141,162,143,136,135,172,150,147,146,158,137,142,147,150,136,144,166,162,157,145,155,158,153,143,149,167,164,120,140,133,158,154,148,208,255,206,126,131,127,162,146,150,168,159,168,153,151,149,141,143,157,155,158,174,191,172,147,151,152,155,159,172,184,193,200,206,207,211,206,219,188,152,143
182,174,179,180,174,177,195,196,180,159,174,169,159,147,155,173,212,236,180,154,148,89,108,140,115,44,101,221,223,111,124,97,89,101,107,148,135,146,146,137,156,169,144,156,150,138,142,152,168,139,119,149,145,160,141,162,165,173,173,154,148,135,127,119,134,137,144,166,151,178,145,143,139,133,149,156,152,151,138,133,142,138,133,130,155,156,158,152,157,171,156,157,151,138,124,181,176,198,172,158,139,168,155,184,165,142,139,149,142,154,162,165,158,163,181,180,153,147,121,147,165,167,190,192,201,206,209,208,206,203,215,205,182
186,176,160,155,166,176,194,183,181,183,176,154,170,184,169,139,142,149,153,135,130,93,111,124,167,58,255,97,90,110,120,138,135,133,133,129,127,130,122,125,146,153,157,143,157,154,163,153,158,151,132,147,147,167,161,189,174,154,168,149,143,131,151,143,123,136,148,152,131,138,127,144,120,136,133,145,161,138,131,142,135,149,154,152,148,139,143,156,154,149,159,146,147,156,161,160,160,181,178,154,145,140,148,153,145,134,148,145,147,153,147,161,161,161,147,154,160,161,161,164,158,176,174,194,188,198,207,207,210,214,213,210,211
185,170,159,163,161,186,166,179,166,147,159,162,155,150,214,121,164,149,152,138,126,132,86,27,107,196,102,121,133,138,136,140,137,136,131,129,127,127,132,128,126,140,153,152,166,140,140,166,148,159,141,142,157,149,157,163,158,162,143,148,167,154,125,133,129,133,141,123,137,137,117,140,136,132,129,157,147,150,138,142,153,140,144,124,118,141,149,152,149,142,154,153,156,150,158,160,162,157,169,160,147,150,140,145,144,148,137,156,206,162,148,150,142,147,145,159,165,166,154,151,151,164,181,193,198,202,206,203,204,209,212,210,209
184,177,170,163,164,164,169,157,150,162,172,196,167,155,124,145,154,166,146,139,130,85,43,92,96,102,135,171,140,138,133,134,132,134,137,138,138,137,137,139,127,126,148,169,163,159,170,144,163,155,164,146,170,149,169,155,155,195,210,187,160,148,169,141,139,120,113,133,145,126,116,132,137,139,137,164,137,150,141,151,161,160,150,157,161,158,159,168,176,160,149,138,144,149,156,157,159,167,164,156,155,154,140,150,155,150,157,168,167,157,150,154,135,136,138,147,141,138,134,142,162,152,163,191,190,191,195,199,205,206,209,212,205
170,166,147,145,159,173,162,165,186,176,169,175,181,149,133,133,118,163,144,127,121,82,111,108,220,255,233,153,124,130,138,135,134,137,138,143,149,149,149,146,142,132,122,151,159,154,154,140,150,137,147,137,176,200,201,199,161,155,181,200,167,147,163,188,227,249,255,251,255,170,142,144,198,162,132,137,146,146,152,143,148,157,154,152,154,170,162,153,170,158,146,141,141,155,159,154,151,162,169,171,160,153,151,149,148,155,165,149,141,134,121,146,148,144,143,143,149,141,147,155,153,167,193,197,184,184,184,192,198,202,207,209,205
163,156,146,141,159,179,168,165,164,188,158,129,158,109,125,151,163,137,133,138,146,154,146,159,255,133,106,127,131,133,130,127,127,131,136,140,146,152,162,153,151,136,135,130,127,131,124,154,194,171,181,248,255,249,255,254,253,255,250,253,255,255,251,255,255,241,168,246,255,123,81,105,137,135,128,148,137,127,147,151,150,162,146,163,161,148,139,136,148,157,151,143,145,155,161,161,149,142,150,152,156,162,144,168,172,142,160,167,176,161,154,138,161,154,146,142,153,144,157,149,154,153,162,183,188,185,182,189,185,195,200,202,203
177,161,157,159,155,169,172,161,155,187,161,184,148,124,96,88,125,136,142,144,176,150,160,231,179,93,113,117,122,126,127,128,129,128,131,137,148,157,172,178,187,148,131,124,129,113,118,106,142,150,146,172,206,255,252,255,255,254,251,250,251,254,255,249,250,255,216,239,255,152,103,117,143,135,141,140,137,134,151,134,161,169,167,168,159,162,163,163,161,152,153,139,145,155,157,156,153,144,143,157,163,152,157,169,171,157,161,162,179,167,164,164,159,165,156,152,155,160,147,154,156,158,147,188,189,190,172,179,180,186,191,199,202
170,168,170,158,154,169,135,146,162,170,156,161,146,145,142,178,171,159,142,170,165,159,135,246,110,95,86,119,121,116,118,131,135,135,139,146,157,166,169,179,232,243,225,218,243,250,176,163,146,148,170,153,151,247,255,253,252,255,252,255,253,245,248,250,255,254,255,251,255,244,237,216,171,167,157,147,149,150,147,137,152,152,144,151,156,163,160,161,152,153,166,155,144,144,142,142,145,155,147,165,173,171,187,173,160,167,165,174,172,159,158,172,173,152,155,158,158,148,148,156,159,159,152,168,190,198,179,190,186,190,186,199,200
176,177,162,176,175,158,149,145,147,142,118,144,147,134,143,180,148,137,142,164,137,163,139,255,117,75,119,121,127,125,118,130,124,123,135,145,163,179,178,229,114,214,241,248,239,196,168,196,201,188,182,162,146,137,147,154,158,155,177,199,219,248,250,249,255,250,245,255,220,252,255,215,142,104,134,142,142,137,138,141,139,133,149,155,148,163,148,155,156,136,139,148,145,146,146,146,145,160,157,159,167,170,185,174,168,159,163,164,158,154,158,172,141,147,157,167,156,149,155,159,154,156,155,157,168,181,188,202,194,194,186,189,189
181,168,142,156,172,152,151,156,161,132,160,147,164,144,180,173,171,157,148,140,129,129,213,124,60,85,112,125,132,141,139,131,121,115,123,144,165,188,196,224,245,218,195,180,155,151,142,132,97,58,57,52,67,83,85,85,99,95,91,82,104,122,143,115,160,197,225,255,154,218,218,118,54,96,141,140,140,139,120,109,122,158,144,143,156,150,167,161,158,158,144,149,151,149,153,147,142,155,154,156,160,158,155,159,156,147,189,151,137,154,175,156,157,162,166,135,120,144,165,161,152,153,154,154,154,153,170,198,212,193,194,189,184
186,173,148,156,170,172,155,168,172,164,155,159,180,142,171,151,146,157,164,156,121,156,121,54,69,95,124,135,143,139,138,162,113,120,120,140,163,187,192,208,246,184,163,160,185,181,142,89,68,66,77,105,106,124,130,137,138,155,178,152,156,146,192,165,143,167,147,149,152,162,191,108,136,147,147,129,128,132,143,135,139,142,146,144,155,162,163,159,156,162,151,155,156,154,159,156,155,149,160,168,164,170,159,172,157,173,191,163,155,170,163,161,173,153,149,153,148,147,148,147,158,162,162,154,149,167,161,180,195,202,200,187,188
178,177,157,159,179,177,178,172,172,157,158,149,147,124,171,147,188,155,157,140,158,153,75,65,79,125,121,130,132,139,125,105,108,114,134,143,159,193,219,246,243,211,154,162,185,135,83,107,119,122,134,146,150,152,160,170,174,166,131,149,156,148,168,163,181,155,144,166,147,132,144,135,135,138,151,150,124,136,167,143,153,145,168,158,173,175,166,174,172,154,153,158,162,159,166,163,168,155,156,160,168,162,163,163,171,170,173,158,154,166,162,165,149,154,155,154,147,149,142,157,161,150,143,145,157,190,159,171,181,188,173,183,188
195,175,167,151,183,167,169,176,147,162,145,159,121,137,168,162,199,185,157,150,145,155,63,59,102,114,124,126,116,121,136,120,125,127,143,160,177,197,232,255,255,240,177,68,95,139,138,161,140,148,175,170,175,172,177,190,176,146,181,168,162,163,170,137,149,188,200,166,190,149,128,130,126,128,145,152,132,143,147,165,153,152,203,163,154,134,156,161,149,158,166,160,155,160,168,166,175,165,158,157,170,168,164,151,153,144,162,155,148,161,144,138,152,146,132,142,142,166,158,156,142,134,141,153,162,190,148,161,156,158,184,174,181
196,165,182,159,214,201,190,218,195,168,165,160,143,181,181,196,187,180,167,161,137,139,53,91,93,124,122,112,102,91,111,120,153,155,163,240,255,255,255,255,255,252,249,109,129,138,148,154,146,168,162,157,159,164,190,170,156,142,164,163,149,157,165,163,155,149,161,130,130,131,201,205,213,228,146,140,121,163,116,161,155,193,156,166,166,161,166,152,168,175,154,177,149,157,177,151,158,156,162,165,169,173,178,172,165,145,144,156,161,158,146,155,140,146,151,140,149,181,164,145,159,135,150,145,148,154,153,154,164,163,165,181,181
171,180,172,200,133,140,157,158,143,161,177,155,153,146,175,187,170,166,157,180,160,139,64,79,107,99,119,112,99,128,255,239,255,255,255,255,255,255,255,255,245,253,238,167,106,147,147,157,170,157,158,168,183,163,156,187,171,165,176,132,159,170,165,162,163,135,121,136,150,132,95,121,78,85,104,109,103,155,183,166,203,192,189,194,187,226,213,203,206,197,188,160,154,165,163,169,164,163,167,175,170,170,163,169,171,167,154,150,156,158,143,151,142,152,135,138,130,140,157,173,151,168,146,170,141,157,156,156,161,165,166,179,173
172,175,179,143,185,175,171,163,163,157,171,173,157,156,164,164,143,163,175,160,132,87,52,227,123,160,129,125,129,196,244,255,255,254,251,255,255,255,250,251,255,255,255,210,104,141,158,161,162,171,171,152,163,148,160,158,171,178,172,168,139,149,158,139,156,154,144,133,131,155,140,148,127,143,155,142,149,143,139,129,131,144,151,132,107,84,112,121,146,162,149,181,197,226,215,226,229,241,209,179,162,176,164,174,177,172,181,178,163,158,143,154,159,155,150,153,158,155,157,178,179,164,168,143,147,145,155,169,165,159,155,162,176
197,189,200,249,157,168,150,126,154,165,157,181,162,186,146,129,155,154,157,167,141,94,156,255,135,115,120,133,132,133,127,145,134,149,173,186,193,204,236,255,255,255,250,255,237,158,147,156,172,175,178,150,171,158,180,177,172,161,160,162,152,167,160,147,155,147,140,151,155,141,143,166,134,161,167,144,147,144,152,137,170,153,143,171,147,152,131,161,149,159,146,134,170,170,155,182,178,161,210,238,215,171,171,170,167,166,172,173,182,176,151,148,150,153,156,165,155,162,159,170,169,168,165,174,177,175,160,160,159,153,155,154,161
184,180,166,174,242,148,150,159,134,151,166,113,243,171,109,137,178,166,139,132,137,161,245,249,97,101,100,109,106,110,126,127,118,113,129,140,152,153,169,226,253,255,255,255,255,255,250,172,171,162,183,160,177,168,171,148,177,159,151,159,158,171,164,162,143,143,156,165,152,124,155,141,126,154,142,130,142,142,156,147,125,116,179,138,134,152,159,133,161,171,137,156,140,146,160,165,154,182,122,165,174,216,226,228,200,190,215,175,179,172,166,168,183,161,162,181,179,164,148,145,151,166,162,158,173,168,170,162,181,168,184,164,157
182,170,167,171,173,144,161,155,164,181,133,245,151,166,136,139,152,140,131,150,145,148,251,255,166,80,107,105,117,107,100,122,109,117,114,117,126,134,144,228,246,255,255,255,255,255,251,255,190,156,184,167,181,169,127,139,152,167,186,162,168,170,136,179,229,158,168,146,144,150,164,166,158,147,137,159,150,138,159,187,255,233,189,126,186,141,156,160,189,190,160,138,153,172,193,228,238,192,196,123,135,130,131,141,169,152,158,186,218,189,168,171,180,184,168,175,160,178,166,156,142,144,156,163,154,161,159,169,182,181,181,160,166
185,192,146,156,165,243,141,141,168,150,210,180,148,113,134,134,131,136,144,129,163,151,253,252,226,139,137,175,183,134,164,190,115,126,114,112,120,137,148,249,245,249,255,255,255,255,255,250,255,185,132,167,140,168,152,165,163,175,166,167,170,175,184,207,200,181,141,150,150,148,133,160,160,157,136,159,224,249,244,255,251,255,158,47,118,137,155,168,175,199,197,210,192,240,235,237,232,233,236,188,179,170,153,168,170,166,165,166,163,219,210,151,170,155,167,167,162,190,184,181,161,152,161,163,167,150,161,156,157,168,176,174,174
178,166,131,164,181,200,98,161,144,177,200,135,134,138,133,146,157,149,132,150,151,169,193,255,255,255,255,252,254,255,225,217,134,116,118,120,133,154,161,255,245,248,255,255,255,255,250,255,254,255,207,152,161,156,178,180,142,146,169,173,164,182,159,166,193,184,155,159,170,149,167,133,163,208,253,253,241,248,255,238,229,231,121,77,159,158,187,186,196,201,214,203,202,230,252,239,216,224,232,239,188,176,187,203,204,228,206,166,158,162,208,192,152,154,144,147,156,169,181,177,185,190,181,167,149,147,175,187,190,188,183,188,184
188,180,134,165,169,215,116,151,161,238,192,146,143,127,127,131,152,119,149,159,178,182,151,254,246,255,236,255,255,116,103,112,113,120,127,127,143,154,159,219,255,254,251,255,251,255,255,255,255,255,255,254,253,252,231,220,201,184,177,205,227,218,192,194,195,194,188,162,192,211,246,255,255,251,253,251,254,255,244,158,187,224,163,154,143,184,215,200,181,214,219,228,212,176,167,184,180,240,212,245,227,217,219,211,222,222,235,216,200,166,129,205,206,167,171,168,169,177,187,185,168,175,172,171,151,171,176,192,203,201,209,212,217
177,175,182,183,181,192,166,150,236,178,254,139,128,138,121,143,131,138,141,158,166,152,167,224,255,255,255,255,132,99,103,117,114,96,78,75,91,107,133,145,161,178,212,254,251,255,255,255,255,255,255,254,254,253,254,255,255,255,254,253,252,252,255,255,255,255,255,250,255,255,255,253,255,252,252,255,229,206,174,153,150,167,146,115,165,190,205,223,170,234,210,224,220,192,185,173,139,170,179,172,237,213,236,221,217,215,224,219,233,210,203,203,193,190,173,179,188,175,167,162,166,169,174,186,148,157,177,205,208,209,187,175,179
164,196,185,157,156,182,174,215,157,157,142,143,128,137,149,131,160,163,139,156,143,150,180,178,255,240,245,186,93,103,104,110,108,91,88,76,78,86,113,131,144,150,144,163,246,255,255,255,255,255,254,255,255,255,255,255,255,254,255,255,255,255,253,255,255,255,255,255,250,255,255,255,218,192,197,167,167,167,150,144,143,154,151,159,217,205,199,210,188,243,222,211,222,167,169,194,165,164,152,176,224,223,189,228,230,243,240,227,240,231,233,220,195,151,170,162,183,195,223,255,189,149,160,158,151,155,149,145,168,177,199,208,207
164,165,183,155,157,158,146,166,157,143,147,149,162,182,125,126,164,137,125,138,153,162,141,146,184,255,255,97,114,90,103,107,112,98,90,85,96,104,122,150,166,166,138,232,255,249,255,255,255,255,254,255,255,255,255,255,255,255,255,255,255,255,255,255,255,254,245,248,220,142,144,161,143,159,131,177,155,165,219,214,231,247,158,182,207,200,189,208,182,241,217,201,206,190,164,164,198,184,167,146,234,218,207,187,204,234,242,236,235,249,228,227,197,200,186,210,222,223,220,225,248,221,168,170,152,131,115,128,141,117,98,86,124
189,175,194,151,162,170,152,163,202,167,168,155,134,187,152,165,144,126,154,166,141,135,166,176,168,159,248,66,97,91,82,107,116,107,90,114,104,104,118,122,141,152,152,137,243,229,246,255,251,255,254,247,255,255,255,255,255,253,255,255,255,255,250,255,245,185,102,90,117,160,164,161,147,186,239,255,245,255,255,253,255,253,189,174,215,198,188,183,184,249,218,202,161,165,148,168,181,172,187,189,183,226,241,180,217,188,240,234,227,225,229,209,178,179,196,230,195,223,205,225,207,221,167,140,150,196,191,163,161,175,137,158,172
183,184,181,140,161,195,217,212,206,196,148,162,197,150,154,187,128,162,165,160,149,139,170,162,158,144,195,66,90,122,153,128,108,99,100,103,113,94,118,121,117,125,107,109,85,67,66,101,197,239,213,227,255,255,251,252,255,255,255,255,255,255,223,179,150,150,186,214,228,235,239,255,255,251,255,253,255,250,255,255,251,249,181,74,180,192,201,196,189,239,214,187,159,195,147,168,113,126,186,182,208,204,219,226,182,185,189,239,222,219,222,184,165,201,217,203,160,185,235,203,221,240,227,178,169,169,148,141,161,181,150,140,128
170,180,162,162,161,185,151,131,177,170,161,163,103,166,150,158,149,149,138,143,156,162,180,152,171,155,171,74,93,114,108,106,127,137,146,135,75,120,115,121,98,152,126,88,127,110,119,115,95,95,128,161,144,198,251,255,253,255,255,255,255,255,255,255,253,244,253,253,255,250,251,250,255,255,254,254,216,236,179,162,145,188,171,98,174,205,206,174,172,236,211,197,185,186,136,209,149,166,151,196,197,187,197,221,168,176,197,236,226,218,193,179,202,212,187,198,255,239,255,218,236,219,222,173,160,153,144,130,185,194,208,163,143
173,169,148,143,169,152,142,146,183,191,180,157,208,151,174,189,161,135,146,157,152,167,184,203,177,159,150,72,80,97,67,85,110,127,180,203,113,132,149,47,118,174,154,170,127,176,142,144,140,144,139,116,145,161,177,246,252,255,255,255,255,255,255,254,252,253,255,248,247,255,255,255,252,250,228,204,173,161,156,122,161,189,216,198,185,201,207,169,168,228,186,199,182,191,144,198,122,164,156,109,175,199,197,198,206,181,218,229,218,169,177,170,163,173,193,192,247,252,224,24,101,197,224,185,195,177,213,198,175,215,189,153,162
194,180,156,168,149,173,148,160,190,201,169,165,184,214,138,198,134,179,168,143,161,153,195,168,173,168,156,141,58,85,82,94,92,87,109,104,162,182,149,118,191,169,167,153,137,146,136,148,142,176,140,122,148,145,160,173,247,255,255,255,247,254,250,255,253,255,255,255,235,255,226,154,118,128,155,156,194,167,179,110,191,159,224,235,197,222,184,170,177,208,219,201,177,191,116,167,144,121,163,147,115,102,116,141,192,207,217,219,172,141,170,149,150,172,151,207,194,196,163,161,104,73,185,196,231,221,224,206,229,234,207,181,141
171,156,151,147,160,152,134,168,196,198,173,142,146,182,212,206,225,174,154,163,149,159,179,172,163,166,151,172,87,70,76,91,85,73,82,108,93,80,111,194,165,176,137,127,105,124,129,146,149,165,146,155,171,189,136,158,155,216,254,255,252,254,255,243,250,220,220,209,240,220,243,208,179,170,158,155,157,121,137,163,180,183,178,179,179,181,219,180,178,169,160,186,173,162,114,155,155,126,179,160,166,188,147,130,159,200,206,225,150,151,144,141,158,170,218,161,220,216,206,205,193,199,201,178,186,198,146,142,159,199,213,194,176
163,159,165,174,180,137,139,180,191,193,200,156,177,171,183,182,202,197,155,143,138,149,162,172,148,166,175,165,131,76,68,66,76,74,58,61,67,90,117,202,131,171,177,119,148,215,206,196,161,154,162,182,168,145,162,135,168,238,255,248,225,176,153,122,214,235,248,247,245,192,235,234,218,191,224,177,173,144,174,175,168,189,195,147,168,199,179,181,158,158,161,185,202,175,152,141,155,208,223,219,218,205,202,253,216,130,180,160,152,150,147,146,156,145,183,151,197,199,195,206,213,212,210,197,152,154,189,156,165,171,177,153,166
161,165,170,175,166,148,142,175,162,182,179,183,167,169,189,191,210,198,174,182,177,162,151,142,146,151,153,157,147,154,126,118,67,76,209,250,195,223,231,196,132,97,131,121,175,247,255,146,209,198,177,185,166,163,169,157,169,166,151,116,132,163,182,168,187,190,193,202,228,221,201,211,236,232,213,186,135,157,160,162,148,188,151,185,190,173,156,159,153,171,169,149,185,186,172,171,120,118,145,107,161,227,211,230,200,176,173,138,130,159,147,152,150,157,177,167,175,189,209,204,203,208,217,211,225,198,186,155,163,189,170,171,167
183,182,164,194,180,151,161,184,184,173,150,185,206,193,177,168,186,147,178,175,156,197,194,146,132,144,157,160,139,136,159,167,164,111,221,196,188,209,198,243,143,156,194,176,135,192,232,139,147,187,124,213,195,170,161,148,147,159,162,168,186,174,185,191,193,147,156,249,233,240,206,239,240,226,238,184,137,169,123,182,162,187,187,186,131,160,164,125,190,139,148,137,141,132,150,178,91,101,125,149,162,183,198,206,142,112,152,132,141,186,173,160,158,138,138,162,177,150,201,195,191,189,208,213,212,177,165,197,169,206,218,204,195
166,147,149,173,162,150,153,175,166,183,151,182,178,182,160,157,164,134,151,166,205,155,168,172,105,127,152,146,175,143,149,153,150,144,229,181,189,245,231,236,246,185,153,178,212,94,209,89,171,174,190,178,190,221,234,249,177,153,165,158,173,178,181,167,128,137,162,180,203,246,229,228,253,212,177,151,197,151,193,222,205,197,207,142,205,173,125,129,112,166,149,149,128,125,169,164,70,166,165,169,121,176,179,203,174,181,172,149,144,135,178,184,163,143,136,159,119,147,196,203,172,166,162,138,159,167,151,177,159,188,187,200,186
162,169,151,172,164,155,141,157,175,181,163,185,160,152,165,170,144,141,140,156,141,153,164,78,131,147,153,157,162,159,160,165,157,155,234,204,243,204,220,218,239,244,255,240,232,189,96,156,180,246,254,247,233,240,226,235,177,156,156,174,161,171,173,172,121,148,152,166,152,188,172,210,166,121,165,172,169,135,197,173,199,174,207,156,139,174,212,195,199,202,214,157,162,132,165,181,113,89,142,69,99,147,183,195,178,163,182,175,173,147,142,155,165,124,161,152,117,135,175,165,176,173,165,179,162,152,140,135,155,240,216,236,226
157,158,160,170,155,157,145,144,166,180,172,173,148,142,162,169,145,149,158,131,137,134,94,143,138,149,124,140,131,137,144,158,153,179,168,218,228,214,208,222,210,225,231,228,224,241,151,206,234,228,230,246,240,230,240,233,217,180,153,159,150,172,182,166,145,212,146,149,155,129,166,152,202,173,169,155,172,144,201,191,217,192,175,202,190,207,178,178,176,164,210,214,164,165,126,138,144,136,165,147,190,227,225,203,180,176,174,167,161,152,124,97,115,130,129,99,85,116,173,187,192,187,185,145,156,159,145,153,161,212,210,208,144
164,159,160,147,159,153,142,162,156,196,155,134,153,168,164,172,144,141,158,155,156,169,164,132,131,138,101,130,122,99,139,147,143,146,140,214,215,204,227,213,216,216,207,227,232,226,173,213,223,215,204,204,231,230,220,226,228,211,166,138,160,179,166,157,138,189,146,151,155,153,169,197,177,171,168,199,167,127,198,162,156,156,182,172,157,136,200,166,168,185,192,202,184,128,155,163,106,160,143,141,233,218,203,223,180,188,150,164,148,135,112,118,94,97,96,116,130,144,172,168,171,189,195,214,184,168,134,147,173,171,209,189,159
158,155,145,148,136,142,118,164,152,151,144,149,133,145,151,162,156,142,165,155,133,138,130,131,121,120,114,107,100,151,157,148,164,141,136,148,230,202,195,182,175,209,202,216,217,210,193,221,225,226,214,214,200,216,223,224,221,229,241,131,148,165,165,166,144,203,177,139,154,150,158,164,186,144,162,159,154,158,178,191,182,178,181,182,177,168,180,174,178,191,197,199,191,179,159,147,137,174,189,191,162,215,204,203,185,117,173,173,153,140,127,111,121,103,122,141,140,141,148,143,165,175,176,184,185,49,66,141,84,168,169,177,167
138,148,137,133,121,125,127,129,169,161,144,142,146,144,147,146,113,130,138,132,133,128,138,137,114,115,126,117,150,131,143,149,123,143,146,80,223,198,197,196,172,206,209,214,211,206,195,210,206,216,210,219,220,212,213,218,215,214,166,124,148,147,153,157,131,186,198,123,142,138,131,145,170,176,168,144,173,134,166,165,166,165,156,164,157,152,171,172,180,191,198,197,196,198,137,145,176,160,164,151,141,198,205,194,195,165,120,151,146,141,143,132,127,143,135,128,126,127,133,140,149,159,164,171,159,57,58,56,68,48,140,140,156
