148,145,150,153,157,159,161,159,158,155,150,147,144,145,140,134,98,57,96,113,123,125,126,129,126,129,108,95,90,86,65,45,51,40,56,58,46,40,40,39,52,65,54,47,54,54,56,59,64,69,74,73,73,72,77,83,82,83,81,86,86,76,78,70,82,93,107,119,114,97,101,96,95,94,87,77,96,103,109,96,95,111,113,112,110,108,109,110,110,110,110,117,122,118,118,97,88,106,109,117,111,63,54,54,58,40,78,83,78,170,201,202,196,225,221,228,227,229,231,233,231,219,228,202,201,236,227,209,177,222,222,215,217,232,224,228,229,232,231,228,233,230,230,234,231,231,231,237,235,224,222,230,229,225,221,225,227,223,221,213,214,221,218,216,211
146,143,148,151,153,155,157,157,155,150,148,145,141,142,137,132,103,56,84,106,127,122,122,126,125,127,108,93,84,75,62,33,41,29,58,39,23,22,20,20,61,58,46,37,38,43,51,52,55,58,60,61,62,64,63,69,68,69,69,72,69,59,56,57,67,85,110,115,110,104,105,82,74,75,65,61,84,77,72,62,62,79,84,88,85,82,82,83,83,83,83,91,107,112,110,86,83,70,76,77,80,63,50,53,56,41,75,74,78,139,202,199,207,217,209,224,230,218,221,227,220,226,226,216,165,205,231,216,204,221,216,182,184,222,220,219,227,227,228,225,226,225,224,225,225,225,232,224,223,213,200,221,221,224,219,219,219,217,214,210,205,217,209,210,206
144,141,146,149,151,154,153,153,151,148,146,143,140,140,136,131,111,92,76,88,123,125,123,128,124,123,108,89,81,72,63,28,37,34,72,25,6,1,8,21,59,43,34,28,25,34,45,45,46,47,45,46,49,51,52,57,57,58,61,61,57,48,46,52,57,70,91,107,114,107,106,77,57,62,46,40,65,59,51,37,38,61,73,79,77,74,74,70,70,70,70,79,105,118,110,83,78,57,61,59,67,63,56,55,54,36,67,64,70,147,201,195,213,215,206,207,218,233,228,228,221,217,217,222,224,201,183,229,224,216,221,225,224,228,220,218,221,224,221,223,223,223,223,222,224,224,226,224,224,202,212,228,229,207,215,222,216,211,217,192,205,214,206,211,209
145,142,147,150,153,155,156,155,152,150,147,144,141,140,137,133,117,116,95,78,97,127,119,127,123,120,108,85,76,75,59,29,37,34,66,14,12,5,14,28,58,39,26,24,23,30,35,36,38,40,42,42,42,42,45,51,50,51,50,49,46,41,45,49,62,64,70,91,106,109,106,76,46,55,35,33,43,50,48,42,35,48,54,61,60,61,63,63,63,63,63,72,98,111,104,77,75,65,61,66,68,65,68,61,53,35,68,72,76,161,185,212,220,218,216,214,179,207,218,223,222,228,198,168,208,213,209,213,232,212,221,212,222,223,230,220,225,222,219,221,216,220,223,223,224,224,224,227,215,202,224,221,215,202,206,210,218,214,216,199,206,205,208,213,211
145,142,146,149,153,152,152,153,153,152,149,140,139,141,136,133,116,132,114,92,83,113,122,120,124,120,104,82,73,71,21,18,19,43,89,18,10,7,24,27,55,50,18,21,21,28,30,32,36,40,41,41,42,43,43,45,41,43,50,47,45,45,41,54,63,67,65,77,101,111,104,69,40,50,33,33,32,38,37,35,34,36,39,44,46,45,51,56,57,51,48,59,93,105,104,96,78,58,53,51,64,70,70,66,60,41,73,86,122,178,193,198,228,217,201,211,220,221,220,229,218,222,217,223,217,216,214,215,210,175,221,221,218,219,221,227,222,221,218,211,207,193,165,176,217,221,227,232,172,208,224,223,222,221,220,216,220,214,214,211,217,184,168,219,210
146,142,146,148,152,152,152,153,152,151,149,140,141,141,136,133,127,120,127,110,75,90,121,124,123,122,107,84,66,58,61,33,38,52,85,42,35,39,43,51,60,65,51,48,51,57,65,65,66,67,68,69,70,70,69,71,68,70,71,72,68,62,59,55,67,78,80,81,97,114,109,68,45,54,46,51,50,55,55,55,55,56,58,56,62,62,64,71,73,67,65,73,77,85,116,101,92,84,76,78,77,73,72,68,55,39,77,71,135,188,192,184,199,223,208,209,227,223,226,217,178,192,227,221,223,216,219,216,201,202,222,217,219,220,219,220,220,217,212,209,225,214,201,200,221,222,223,219,204,222,224,224,222,221,216,210,220,218,213,207,206,209,180,208,210
147,143,146,147,152,152,152,152,151,150,149,140,141,141,136,133,124,123,128,126,98,77,98,119,122,119,101,81,55,68,71,59,61,57,92,72,61,53,69,72,83,93,75,78,81,89,94,97,102,107,107,108,109,110,113,116,114,117,119,119,115,105,94,85,103,119,117,114,112,118,130,136,125,130,127,116,117,124,126,123,122,122,124,133,141,142,142,136,137,129,125,121,111,78,97,116,130,141,136,138,127,65,58,58,49,41,62,73,92,174,173,200,201,215,220,221,228,225,214,225,223,223,217,220,222,221,208,213,227,218,219,221,222,222,221,221,220,215,217,222,225,222,227,220,224,225,231,200,217,223,224,223,220,216,215,208,219,218,211,205,201,214,209,212,209
148,143,145,146,151,151,152,151,150,150,149,140,141,141,136,133,124,124,122,128,111,89,81,111,123,112,86,71,45,60,63,75,76,70,80,69,74,73,73,71,73,96,94,83,91,92,92,95,100,104,109,109,110,111,116,119,118,122,125,122,117,112,104,109,117,122,125,119,113,117,135,148,150,149,139,132,135,147,152,150,148,148,149,148,152,151,156,160,160,151,147,154,143,131,133,118,142,144,151,145,139,56,52,46,50,43,64,83,116,188,169,173,156,191,220,221,197,204,221,222,224,223,209,211,191,201,213,223,220,221,223,213,207,204,208,211,212,218,223,222,216,221,223,225,223,223,218,191,218,217,224,221,219,218,218,213,220,211,210,208,212,213,217,212,208
147,143,141,145,149,150,151,151,150,149,149,143,138,140,138,132,129,123,125,127,131,109,83,87,114,108,74,60,37,43,61,68,68,58,88,54,56,49,62,64,69,69,76,67,63,69,79,77,78,83,85,86,86,83,90,90,90,87,89,87,85,82,81,85,84,86,84,82,78,95,105,106,107,104,98,94,103,115,120,117,116,115,114,113,115,113,119,122,121,121,120,118,125,119,131,116,104,110,112,121,112,62,61,54,50,41,67,71,146,209,189,199,154,147,182,227,208,186,212,224,220,226,216,221,197,185,211,216,219,183,200,217,211,217,213,224,219,220,218,221,224,224,224,223,222,221,219,222,223,223,222,221,220,219,212,209,216,195,215,211,206,212,210,211,210
147,143,141,145,149,150,151,151,150,149,146,141,136,138,138,132,129,123,125,127,129,121,100,85,98,103,67,42,28,28,35,43,48,53,78,21,23,26,42,44,53,47,47,39,29,44,61,66,68,72,71,71,72,72,72,73,73,71,70,70,69,69,69,68,62,64,61,64,61,77,75,69,70,74,79,81,79,77,77,76,75,75,74,73,75,72,74,75,76,77,78,71,82,84,100,95,87,82,81,79,83,73,72,62,49,56,66,73,159,200,195,195,176,226,186,215,222,223,205,194,220,216,225,189,190,215,222,218,219,196,210,221,222,221,218,225,220,214,218,220,222,222,222,222,222,221,222,220,224,223,222,222,222,219,216,215,217,223,200,206,203,211,211,212,202
147,143,141,145,149,150,151,151,150,149,146,140,135,137,138,132,129,123,125,127,124,126,116,90,78,83,58,33,25,22,24,38,51,50,71,16,22,18,22,44,38,52,42,38,26,39,52,58,60,65,64,64,67,72,77,78,79,78,74,75,77,78,79,76,67,65,62,59,64,71,82,80,76,73,74,74,73,74,79,77,77,77,78,78,81,77,75,76,77,79,81,80,88,85,93,95,90,85,93,90,86,70,65,67,41,21,68,78,148,195,181,192,198,216,223,214,221,209,224,212,220,214,222,210,167,208,214,215,219,209,211,218,220,211,204,224,225,222,218,220,222,220,220,220,222,221,224,219,224,225,222,222,222,221,217,220,218,208,199,202,206,212,212,213,208
147,143,141,145,149,150,151,151,150,149,148,142,137,139,138,132,129,123,125,127,129,128,127,117,84,64,50,31,25,26,26,31,45,50,64,21,23,20,30,35,34,46,27,29,35,37,45,52,56,60,64,64,68,77,80,82,84,83,79,79,80,80,80,83,75,67,71,76,71,73,90,76,69,73,75,76,79,80,80,84,85,86,87,87,92,90,88,89,90,90,90,87,91,84,85,92,102,105,105,108,95,67,57,42,36,21,63,70,99,178,178,191,181,211,207,226,220,207,190,220,203,218,217,216,233,223,216,213,217,219,211,221,219,224,222,225,218,210,218,220,222,221,221,221,222,221,221,222,223,225,222,222,220,217,219,217,217,205,209,209,205,213,213,214,213
146,142,140,144,149,150,150,150,149,148,145,142,139,139,136,134,127,123,126,127,127,132,122,121,98,67,48,30,27,20,26,32,32,39,73,20,21,23,25,28,29,53,32,30,40,43,48,63,65,68,68,61,64,71,71,72,75,76,77,77,76,75,79,77,72,66,69,72,65,69,78,86,61,67,70,76,74,83,78,80,84,88,90,91,91,92,92,102,103,104,102,106,102,87,93,95,109,122,126,120,110,55,48,33,18,34,47,81,115,182,183,184,191,210,205,220,210,211,199,215,199,187,219,174,199,216,210,194,205,222,219,222,219,217,191,212,210,205,221,221,225,222,222,222,222,226,224,224,219,220,216,218,217,214,218,220,215,217,207,205,205,213,213,215,210
146,142,140,144,149,149,150,150,149,148,145,142,139,139,136,134,128,124,125,126,121,128,127,130,120,72,49,30,26,20,29,28,28,47,63,15,23,28,35,31,35,47,41,49,54,56,59,68,69,69,67,61,59,57,57,58,60,61,66,65,64,63,64,64,61,57,63,66,60,63,76,85,67,59,60,68,68,74,72,71,70,73,78,78,81,87,92,94,96,96,95,100,95,83,93,94,109,121,124,120,113,62,46,44,41,40,78,83,150,208,193,194,207,216,216,223,221,216,230,219,224,218,202,199,211,218,216,214,221,198,196,221,220,222,213,214,217,216,216,221,215,218,222,222,222,223,227,219,215,222,221,207,216,225,221,219,217,220,210,206,206,211,211,213,210
146,142,140,144,148,148,149,150,149,148,145,142,139,139,136,134,130,124,125,125,126,128,126,121,101,61,49,39,27,27,27,30,31,44,57,19,38,46,51,46,54,60,58,55,55,57,61,64,64,62,59,56,58,58,59,59,60,61,61,60,59,59,58,58,58,58,61,63,59,61,75,84,68,57,56,58,63,65,67,62,60,60,67,69,70,74,76,82,84,86,86,91,88,85,85,85,91,98,98,99,97,57,58,22,46,60,80,62,107,190,202,197,199,209,217,221,221,224,213,224,226,224,216,216,223,213,217,221,218,214,205,222,221,218,222,221,221,221,214,220,211,216,222,222,222,225,224,213,203,225,224,205,207,223,214,207,217,215,207,207,206,210,210,212,209
146,142,140,144,147,148,148,149,149,148,145,142,139,139,136,134,131,125,125,124,125,124,123,113,79,64,48,30,29,26,20,23,27,48,56,24,50,58,62,59,50,54,60,57,52,51,56,60,60,59,57,57,56,60,66,66,66,66,62,62,61,60,62,62,57,55,57,58,56,59,67,75,65,54,55,56,64,62,68,63,63,65,67,66,69,74,78,78,80,83,83,83,84,76,73,75,77,80,79,83,86,59,59,41,74,61,69,93,120,178,201,206,189,209,211,211,218,228,198,219,219,206,225,222,212,217,219,214,206,226,221,219,221,216,223,217,217,217,221,223,223,222,222,222,222,225,218,227,224,223,227,226,226,223,218,204,213,216,206,203,205,212,212,214,208
146,145,143,144,147,149,150,150,149,148,144,141,138,139,136,134,131,128,124,122,127,114,101,93,77,67,47,43,34,27,18,19,25,64,58,27,53,62,62,56,52,56,61,46,36,39,43,50,49,47,46,44,47,52,57,61,59,60,60,58,59,64,63,61,60,50,50,50,50,47,56,56,51,54,57,58,62,66,66,64,65,67,68,75,70,66,67,69,70,72,74,78,73,63,57,61,63,65,64,71,73,45,63,55,69,53,65,105,136,157,178,214,195,230,202,159,214,219,220,219,218,217,217,215,213,212,212,218,214,220,221,220,220,220,211,221,212,213,220,221,222,222,225,221,220,218,212,223,224,222,224,225,227,223,216,217,211,216,208,205,208,212,212,212,206
146,145,143,144,147,149,150,150,149,148,144,141,140,139,136,134,131,127,123,121,120,102,86,79,84,83,58,83,79,35,24,20,34,65,53,35,44,48,48,54,47,59,71,43,37,38,40,43,43,44,45,48,44,44,45,49,47,49,50,52,54,55,62,66,49,49,49,49,49,47,52,50,49,49,53,57,67,66,64,66,66,65,65,62,63,64,62,60,62,67,70,73,69,62,57,57,58,54,53,61,65,62,58,89,85,45,69,102,144,166,168,174,203,213,221,203,215,220,226,219,218,217,219,217,210,216,218,217,223,218,219,216,214,215,220,202,212,221,220,221,221,222,217,220,228,223,217,224,224,224,223,220,219,223,217,218,214,215,209,206,208,212,213,218,208
146,145,143,144,147,149,150,150,149,148,144,141,140,139,136,134,131,127,122,119,122,101,82,71,94,82,81,124,128,77,25,18,38,60,44,43,46,58,45,57,50,69,68,49,55,54,57,63,65,68,70,68,68,70,68,72,70,72,70,74,75,73,74,73,76,81,81,81,81,83,86,83,84,85,84,83,83,86,88,89,88,87,85,85,89,92,90,93,91,89,88,88,86,84,85,84,82,88,90,77,96,124,115,111,53,45,63,98,151,164,184,186,210,216,214,206,219,219,222,223,221,219,218,211,207,189,202,216,212,212,218,215,221,223,212,204,204,221,210,217,219,204,205,221,213,222,223,224,223,222,222,221,219,222,218,214,212,213,208,209,208,215,203,181,191
146,145,143,144,147,149,150,150,149,148,144,138,140,139,136,134,132,127,121,117,115,97,77,57,76,82,88,126,138,118,51,9,26,63,56,44,37,49,48,48,43,58,55,39,42,45,50,59,60,62,63,58,59,62,65,69,67,69,71,70,69,70,71,69,70,72,67,67,67,73,80,79,75,78,75,74,75,75,79,80,80,81,81,84,83,83,85,85,83,79,81,80,80,82,79,79,78,68,78,124,149,103,43,31,40,39,64,62,94,152,176,182,201,214,212,203,219,209,201,223,218,217,214,219,212,210,214,211,213,184,197,197,201,209,215,224,212,217,219,222,224,225,215,212,201,208,221,222,222,222,221,219,217,209,221,215,213,213,207,205,208,207,216,213,207
150,147,144,143,142,145,148,149,148,147,142,137,139,138,135,132,128,126,121,115,112,104,73,59,61,61,71,98,130,131,93,31,13,36,29,16,15,18,27,8,33,80,45,23,28,30,38,40,40,41,42,40,39,41,45,45,45,45,47,43,42,47,43,44,45,46,46,41,44,48,51,54,54,56,57,60,59,49,53,53,54,56,59,62,61,58,55,55,55,53,52,52,51,50,53,54,56,37,117,98,68,24,47,37,27,38,71,59,41,97,168,185,210,217,201,219,217,190,167,219,219,213,213,214,218,215,214,212,216,180,181,194,189,198,204,214,219,224,223,220,220,219,216,221,218,205,208,223,214,223,225,199,197,200,218,220,215,210,205,212,206,213,211,207,208
150,147,144,143,142,145,148,149,148,145,142,137,139,138,135,132,128,125,119,111,106,97,82,67,50,46,39,57,103,134,119,68,9,26,47,10,24,12,20,16,41,80,34,19,26,28,32,33,33,34,35,35,32,34,38,37,36,34,33,33,33,33,37,37,38,39,37,35,36,39,42,44,44,43,45,49,52,43,46,45,45,47,51,53,52,49,47,45,45,44,45,44,43,42,45,45,46,53,62,33,53,51,53,41,32,86,57,50,29,30,154,193,203,211,214,225,225,221,217,214,222,220,215,218,216,219,214,205,211,212,213,195,200,178,196,220,219,215,216,217,223,222,225,220,218,222,218,221,222,203,196,201,218,217,222,219,216,206,206,188,196,213,210,206,203
150,147,144,143,142,145,148,149,147,145,142,137,139,138,135,132,128,124,114,104,104,96,88,74,45,66,72,56,86,125,130,92,50,36,51,61,54,37,4,16,56,83,21,16,24,25,28,29,27,28,29,29,26,28,30,29,28,27,29,30,29,26,30,31,32,32,35,36,36,37,38,40,39,37,41,46,47,45,40,39,39,41,45,46,44,42,39,43,43,43,44,44,43,42,43,43,44,45,47,40,52,55,55,46,18,23,28,33,34,69,175,193,202,208,205,188,176,211,221,212,187,205,205,189,214,199,206,218,212,194,209,219,219,204,208,215,215,207,201,214,224,217,220,224,222,220,205,197,193,205,213,224,223,222,219,215,213,210,205,200,205,213,209,204,203
150,147,144,143,142,145,148,149,147,145,142,137,139,138,135,132,128,122,110,98,94,94,87,87,62,69,94,79,73,93,122,115,90,60,79,79,105,92,80,26,40,85,16,18,25,22,28,29,30,28,27,29,26,28,29,30,31,33,35,31,28,29,30,31,32,33,37,39,40,38,39,39,38,37,43,49,48,48,44,42,42,44,48,48,47,44,42,46,48,49,47,47,46,45,44,44,45,46,44,44,61,49,44,31,5,29,28,44,45,97,180,193,200,208,212,217,208,226,211,211,200,215,205,200,225,198,214,214,191,174,201,218,218,211,213,216,219,186,175,219,216,206,222,221,223,214,209,190,181,226,221,225,221,223,215,218,216,213,206,206,207,214,208,202,204
152,145,145,143,147,147,149,149,147,147,140,135,134,134,133,132,132,119,107,95,82,90,95,97,77,54,82,90,68,75,113,98,92,72,78,93,127,87,100,73,133,121,87,18,8,38,37,24,43,22,25,25,24,23,29,33,39,33,37,36,34,21,33,33,30,36,34,43,41,32,34,35,35,42,45,47,48,47,47,47,46,47,52,53,51,49,50,50,50,50,50,50,48,47,49,47,45,46,49,44,59,44,45,28,18,26,24,50,43,85,197,197,191,205,214,215,219,222,195,209,228,215,183,207,213,193,203,206,217,216,215,217,220,215,121,217,210,178,163,218,204,212,215,209,210,223,168,193,196,207,221,211,215,217,216,216,220,221,207,200,195,207,208,201,204
152,145,145,143,146,148,148,149,147,147,140,135,134,134,133,132,126,117,105,89,82,89,95,98,78,51,72,93,77,56,63,60,73,89,72,81,66,89,63,57,57,123,142,97,116,65,25,29,15,26,21,21,20,19,27,28,22,30,40,34,35,26,28,36,35,31,30,36,35,32,29,31,29,35,38,40,40,42,43,43,43,45,46,48,47,46,46,46,46,46,46,45,43,41,41,41,42,43,43,40,39,45,38,32,25,31,31,58,52,83,201,182,169,205,213,215,209,195,177,200,212,202,202,217,218,189,221,218,215,209,212,215,218,215,187,188,217,198,185,211,186,188,197,203,206,217,205,217,198,191,223,216,220,210,218,216,216,210,207,208,205,211,211,203,204
152,145,145,143,146,147,148,148,147,147,140,135,134,134,133,132,121,113,102,83,78,86,92,96,80,51,57,79,74,48,34,36,71,71,50,90,79,25,67,38,13,55,110,149,117,106,84,14,21,17,19,18,17,16,16,17,30,28,30,20,18,32,33,33,28,30,34,36,31,27,28,25,24,30,32,33,32,32,32,34,35,39,38,43,41,43,39,39,39,39,41,39,36,34,28,32,36,37,37,37,36,55,37,32,23,23,32,44,56,91,181,192,200,204,214,216,211,203,209,208,211,212,210,218,213,199,226,215,217,219,216,212,216,204,217,173,205,200,196,187,178,178,190,194,204,220,209,218,204,208,218,214,206,216,221,218,214,194,183,208,209,213,213,205,203
152,145,145,145,145,146,149,148,147,147,140,135,134,134,133,132,124,112,97,82,71,80,87,92,72,58,61,79,73,49,24,29,45,32,38,83,100,190,129,162,49,47,87,148,140,118,94,85,19,24,28,27,26,26,28,28,19,37,86,132,129,100,58,53,35,24,44,53,53,48,50,54,48,29,29,30,28,28,30,32,33,35,40,40,34,33,32,32,32,32,26,23,20,16,14,21,29,30,24,27,24,52,38,36,18,28,32,45,45,98,164,170,212,209,213,214,212,202,213,219,216,218,211,214,200,160,210,218,213,216,212,210,213,202,206,177,180,187,166,182,179,179,176,188,185,212,217,216,209,222,215,211,213,204,214,211,215,221,210,209,207,213,212,203,202
149,146,143,144,145,147,148,144,144,142,142,134,132,133,132,133,120,106,90,85,62,75,100,104,99,109,91,81,73,61,74,74,61,41,49,77,74,71,24,115,57,50,66,81,93,114,67,37,54,52,55,45,50,45,48,42,103,159,172,169,165,164,183,197,205,158,115,101,85,88,92,115,112,77,57,59,56,57,62,65,64,61,64,56,51,48,49,47,50,48,42,41,41,40,41,51,54,53,58,61,49,72,47,48,18,26,32,47,49,77,162,171,185,202,216,222,217,208,200,152,188,202,200,215,206,155,207,215,202,178,214,210,212,206,194,169,136,163,155,167,176,165,171,176,182,201,225,221,196,217,219,214,203,164,207,213,215,203,200,206,209,206,210,203,199
149,146,143,144,145,146,147,144,144,142,142,134,132,135,126,128,122,106,81,109,169,152,133,145,123,123,147,180,158,66,95,80,84,69,57,67,71,87,86,56,50,64,66,69,69,113,81,72,70,61,59,59,49,59,111,176,134,167,159,162,169,160,149,148,142,167,144,106,84,87,100,112,109,93,96,94,92,95,97,98,98,100,91,89,87,87,97,105,102,103,109,108,107,107,110,119,121,122,129,122,124,103,45,41,15,17,30,47,43,84,178,169,195,176,206,223,223,212,205,202,163,149,162,191,197,179,183,185,191,193,210,202,191,192,174,177,197,194,176,196,191,210,192,181,162,177,203,212,211,212,218,205,209,197,194,208,214,203,202,203,209,208,207,202,199
149,146,143,143,144,146,146,144,144,142,142,134,132,128,137,124,104,114,178,160,75,78,84,63,55,60,55,78,166,178,58,96,78,76,63,57,63,67,73,77,99,71,81,65,63,71,81,68,65,60,50,53,73,106,144,173,124,137,154,151,125,126,115,119,134,139,107,167,116,73,67,74,78,84,90,90,92,93,92,91,91,100,103,109,109,113,121,132,126,128,130,129,128,128,128,134,135,138,135,140,140,116,49,42,14,16,38,47,51,58,122,169,206,194,201,193,198,189,199,203,181,167,167,176,154,184,176,177,161,130,156,210,198,164,151,171,170,177,177,202,201,226,194,185,187,203,199,211,191,188,194,197,178,185,212,222,207,195,201,206,185,186,200,201,198
149,146,143,142,143,145,145,144,144,142,142,134,132,134,130,121,152,190,109,54,51,86,79,0,7,25,20,20,67,165,162,67,89,87,85,80,56,50,58,71,81,85,91,79,67,68,84,74,66,67,69,86,105,130,163,174,153,127,110,133,147,140,86,90,129,142,139,70,143,81,69,75,74,76,83,84,86,89,88,92,92,102,112,125,124,127,127,128,127,124,119,119,118,117,116,121,121,126,132,136,132,115,62,49,42,40,47,51,47,75,113,189,177,187,199,202,201,208,214,205,202,157,214,193,140,202,178,161,162,185,200,182,180,158,153,165,168,175,193,224,193,215,212,191,218,218,217,194,209,182,184,185,186,185,153,184,204,203,194,194,192,197,206,197,185
149,146,143,142,143,144,144,143,142,142,140,131,131,127,128,145,120,67,56,57,47,66,57,4,1,6,22,7,44,121,188,97,94,89,80,92,57,65,57,63,62,73,68,78,57,59,95,84,95,108,108,126,105,131,140,147,148,146,116,108,85,76,82,96,110,144,146,154,127,116,70,80,84,87,89,89,87,96,100,98,102,102,106,110,113,112,117,116,114,113,110,109,108,108,112,111,110,109,112,117,118,104,60,60,43,28,25,46,59,55,123,201,204,192,200,198,203,208,215,209,210,213,215,218,164,212,218,173,146,193,191,176,169,159,160,146,165,173,189,206,188,227,213,191,221,215,204,209,200,167,186,151,209,187,206,173,194,190,182,190,168,193,201,201,199
149,146,143,142,142,144,144,143,142,142,140,131,131,126,136,102,46,60,56,51,59,68,79,0,0,0,6,12,54,85,87,159,61,74,72,79,77,66,60,60,66,72,58,64,56,46,88,103,117,119,131,95,95,110,126,144,133,140,128,93,92,107,95,110,128,139,133,93,128,90,81,90,94,96,98,99,97,102,113,103,102,103,104,106,109,108,108,107,106,106,107,106,105,104,107,105,102,99,102,104,106,98,64,64,49,44,52,34,45,46,142,183,209,195,208,210,193,176,206,199,212,213,215,215,179,210,219,214,192,162,178,166,168,159,150,167,164,167,173,199,197,206,206,197,217,214,217,219,221,195,208,213,220,216,217,176,173,185,99,161,138,202,207,195,192
149,146,143,142,142,143,144,144,142,142,140,131,131,148,67,43,67,57,52,50,51,71,86,15,21,31,43,66,72,65,97,154,129,38,70,55,60,53,66,62,71,63,66,69,52,70,107,112,108,107,102,103,111,132,125,134,129,118,100,136,88,96,111,135,137,145,150,135,143,76,91,100,102,104,104,107,104,106,110,113,114,115,115,120,120,121,122,122,122,123,124,123,122,121,118,116,112,108,107,107,106,99,66,64,53,62,49,30,36,30,95,209,183,173,190,192,189,180,188,186,186,198,214,207,191,222,212,214,180,138,158,160,151,147,150,149,152,161,176,202,190,198,201,186,183,208,183,222,202,212,203,206,181,213,211,200,180,159,99,177,178,189,196,201,193
149,146,143,142,142,144,143,144,143,142,140,131,131,106,2,14,39,52,52,48,48,53,84,69,62,48,53,79,62,82,89,153,174,101,56,52,60,52,54,59,62,79,73,69,79,57,95,102,112,103,112,103,136,130,133,131,113,100,92,183,74,78,95,138,177,167,139,143,113,86,92,100,102,103,108,112,110,109,111,114,113,114,115,120,116,119,121,122,123,124,127,127,126,125,125,124,121,120,123,123,118,101,62,58,47,24,15,22,39,51,62,163,195,192,193,202,193,201,187,179,205,179,199,191,195,182,160,187,136,138,164,157,140,146,146,157,154,156,174,174,177,207,220,194,208,207,171,170,216,212,216,212,189,214,217,209,214,192,151,200,199,175,204,202,200
145,143,142,143,143,143,145,143,142,141,139,132,131,106,7,0,11,47,33,44,34,46,30,64,87,44,45,79,63,78,93,123,151,157,55,66,56,49,44,58,70,69,53,65,94,92,104,90,83,127,157,157,133,141,110,119,113,143,172,186,161,92,113,127,137,159,149,137,115,110,104,104,110,110,116,112,115,114,117,119,118,118,118,120,122,123,119,120,123,126,129,127,125,126,128,129,125,129,127,126,120,103,66,45,40,18,9,34,57,44,45,91,167,181,188,179,196,203,171,184,177,169,201,211,202,185,215,183,132,137,160,159,152,138,142,158,148,160,166,169,170,191,175,160,197,208,212,192,199,210,218,208,214,199,187,193,204,197,127,211,191,149,196,195,187
145,143,142,142,142,142,143,143,143,141,133,129,127,110,5,0,2,15,14,54,46,45,60,48,63,70,61,54,65,67,77,115,138,156,66,47,47,48,52,42,63,66,59,62,94,101,132,52,81,130,151,158,134,140,127,73,76,138,172,184,203,212,188,156,157,155,131,113,115,113,111,110,116,118,118,115,118,115,116,116,117,117,117,117,117,118,117,118,121,123,126,125,125,127,128,128,122,121,122,121,115,99,61,50,42,21,15,38,50,59,58,44,58,86,182,168,187,181,176,181,180,139,173,206,194,212,210,162,130,152,154,144,146,135,133,151,147,157,167,161,158,188,178,164,185,192,182,184,170,185,205,207,211,211,204,209,205,206,141,202,195,189,199,188,166
145,143,142,142,142,142,141,141,143,141,138,135,128,110,0,11,8,9,21,47,47,54,59,63,49,54,50,44,34,50,70,95,132,139,107,54,48,50,57,48,49,57,72,71,75,84,111,103,72,86,108,142,137,109,95,83,102,165,180,171,200,200,205,178,167,133,107,107,104,103,103,100,106,111,113,110,115,107,107,106,109,109,109,110,110,110,110,112,115,117,119,120,123,127,128,128,118,113,115,114,110,95,53,54,44,19,18,31,44,52,87,42,68,59,126,169,196,186,195,188,182,183,171,186,191,200,189,155,119,133,155,144,118,149,142,142,147,150,166,165,159,184,177,156,183,172,168,181,184,184,184,175,205,212,205,208,201,195,173,199,193,201,210,171,158
145,143,142,142,141,141,139,141,143,144,139,132,131,120,3,30,21,8,34,60,78,44,68,43,60,61,42,62,26,55,84,92,107,122,137,102,48,56,79,60,64,65,74,66,70,51,50,104,67,85,71,100,135,134,107,107,147,147,159,173,191,208,205,193,119,100,101,102,104,100,95,91,97,104,108,111,112,106,104,103,105,105,105,105,104,102,102,103,106,108,113,115,121,127,127,128,119,111,112,112,108,94,48,49,45,24,17,27,32,51,82,79,42,48,53,101,149,158,195,162,173,163,175,172,188,203,179,150,127,136,146,168,165,169,142,138,149,144,162,158,160,172,170,150,179,169,169,179,174,172,171,168,200,213,203,204,189,202,191,189,199,200,197,156,147
145,140,142,141,141,141,141,140,142,141,143,134,126,119,18,24,19,17,32,56,71,51,88,92,63,77,54,42,12,28,44,45,77,69,73,99,99,35,41,62,60,68,75,65,68,59,59,55,65,79,78,59,92,83,82,89,153,164,184,187,196,197,204,210,87,100,98,99,100,100,93,94,98,104,106,107,108,105,102,101,106,106,106,102,103,102,97,98,100,102,104,106,110,114,122,124,121,113,111,110,111,92,50,49,44,29,21,50,53,48,68,82,97,80,44,112,105,137,219,209,199,201,205,195,205,207,146,139,135,132,165,164,199,154,136,153,142,149,159,158,160,190,183,148,170,157,167,178,171,174,168,176,181,211,197,191,182,190,161,168,162,176,184,144,143
145,140,142,141,141,141,141,139,141,141,141,142,122,115,107,27,17,15,11,27,71,71,91,105,76,53,21,16,5,12,22,13,29,26,26,34,71,105,37,51,61,64,76,60,67,64,60,52,65,94,104,79,83,92,94,105,167,169,156,187,211,215,185,146,93,100,99,99,100,101,95,96,98,105,106,106,108,102,97,99,100,100,100,100,102,100,95,92,94,95,96,98,102,105,108,111,111,108,109,109,110,90,48,47,44,19,18,53,59,60,59,83,118,121,82,116,135,139,204,206,196,196,218,205,219,213,151,130,138,154,149,168,155,140,131,131,160,162,188,172,175,188,216,149,176,163,163,169,137,168,160,176,196,211,202,169,191,192,170,159,201,195,174,129,143
145,140,142,141,141,141,141,139,140,142,140,143,141,111,103,57,26,10,8,26,21,45,28,52,58,64,19,8,6,3,8,17,14,9,8,18,47,80,90,44,56,50,52,49,75,65,62,55,92,103,116,112,102,109,138,128,132,168,192,175,132,111,99,94,110,90,100,100,101,102,100,99,100,106,105,105,107,101,95,95,94,94,94,94,95,93,88,87,88,89,89,90,93,95,98,101,104,106,105,107,109,87,45,50,46,20,21,65,47,64,64,91,116,134,110,120,156,124,195,188,192,195,217,199,206,202,143,127,138,192,161,174,152,119,142,185,221,218,212,204,192,199,169,163,164,152,166,168,174,208,188,197,206,207,213,209,187,187,166,146,181,195,153,134,131
145,140,142,141,141,141,141,139,140,141,142,143,142,133,90,79,13,40,22,13,9,21,53,90,120,120,66,62,66,39,3,32,4,6,8,15,22,56,83,80,55,46,42,40,66,69,64,47,59,110,111,121,114,107,110,110,104,108,102,98,93,101,97,95,102,94,100,101,102,103,104,102,98,106,104,103,105,104,100,94,95,95,95,95,95,93,88,89,89,89,88,88,90,92,93,94,97,101,101,105,108,84,42,52,45,43,48,44,51,75,64,84,109,129,121,92,131,106,160,217,207,181,206,203,204,201,150,139,140,195,132,175,136,163,181,195,208,196,210,191,181,189,170,197,185,179,149,171,202,207,194,196,170,173,165,188,204,189,155,141,156,196,168,151,135
136,136,136,137,138,138,137,136,135,137,143,143,140,145,97,84,56,22,8,13,21,97,87,112,109,111,86,92,99,79,42,30,34,18,21,3,11,27,55,57,58,51,46,34,59,55,68,61,78,110,112,107,105,106,98,93,90,96,99,99,99,99,101,99,97,97,98,99,100,102,101,100,100,103,104,99,103,106,102,99,94,94,87,93,93,101,97,95,90,93,98,93,94,94,88,85,96,100,99,106,104,86,39,44,40,38,31,23,39,73,73,83,103,123,118,99,129,115,147,190,194,165,181,183,210,217,157,161,166,203,122,142,145,197,179,180,211,205,193,168,178,197,144,165,184,207,141,185,207,206,200,200,209,191,163,200,195,174,151,191,180,187,155,146,133
70,69,69,69,65,68,73,78,81,84,89,89,96,94,99,86,87,33,17,7,64,101,90,85,89,120,108,68,74,145,164,97,50,32,53,28,10,0,10,35,57,43,45,32,39,46,52,69,55,104,115,120,120,112,113,112,112,113,114,114,114,114,111,109,108,109,110,109,109,108,105,105,105,108,109,117,112,116,112,110,104,109,105,100,111,102,103,105,103,98,98,97,99,98,101,94,96,101,101,105,108,88,40,32,33,33,13,22,54,75,69,79,112,117,119,93,124,87,152,202,178,155,190,192,194,218,169,142,163,178,131,151,191,186,171,185,206,213,171,191,195,210,173,200,204,213,138,191,205,205,184,179,196,205,214,195,202,186,166,193,160,160,151,141,130
47,46,45,44,43,45,48,51,52,53,52,53,47,51,54,60,57,50,28,15,60,89,96,65,80,100,82,118,136,136,118,106,75,62,91,80,66,23,22,45,57,37,36,41,36,36,41,64,64,59,86,88,83,84,84,88,90,86,86,86,86,86,88,87,87,89,90,89,87,86,89,89,91,93,81,91,92,96,93,92,96,88,83,83,90,92,83,81,89,80,88,91,95,93,83,90,94,94,99,106,84,78,66,72,73,86,87,48,47,70,75,82,117,133,118,91,112,120,181,186,164,171,208,202,208,215,195,150,147,178,117,125,158,165,166,153,191,183,183,184,185,191,191,174,184,199,125,184,195,199,183,187,197,201,205,205,172,173,172,203,196,198,151,139,131
17,15,13,12,6,9,15,20,23,26,23,21,15,19,21,21,21,20,33,30,23,65,80,68,58,63,53,97,142,165,160,125,96,92,95,113,101,69,69,57,59,38,34,41,52,56,50,59,67,65,64,68,53,47,51,52,53,51,52,52,52,52,51,50,51,53,53,54,54,55,58,62,63,56,57,61,59,63,61,61,58,50,49,48,50,53,55,45,59,43,54,58,58,56,47,51,49,53,55,60,56,54,54,44,55,55,55,44,42,77,86,62,85,109,112,98,127,156,183,179,197,194,196,205,214,204,202,145,156,152,128,166,145,145,156,167,179,175,156,196,197,173,185,181,182,166,126,151,180,172,162,166,188,185,200,204,170,177,198,203,196,151,142,135,130
34,29,19,24,26,25,27,25,33,29,22,22,27,28,26,23,21,16,27,31,1,24,59,70,59,36,84,89,71,102,99,98,82,84,77,89,106,86,83,81,53,33,38,41,39,66,63,53,66,71,65,77,66,28,18,21,12,12,13,8,13,12,9,20,16,13,12,15,21,23,31,22,23,26,25,24,21,19,27,23,20,24,19,18,15,16,19,21,17,14,23,25,17,25,20,18,18,21,19,25,21,21,14,19,20,24,21,34,48,82,89,68,71,112,124,113,152,169,192,171,170,180,182,196,204,210,206,146,139,133,164,194,144,116,130,178,188,180,190,196,205,188,202,186,158,152,134,136,163,156,137,164,184,172,196,179,188,173,202,194,187,162,147,135,126
58,51,30,42,61,55,51,49,64,55,57,45,51,47,52,57,56,68,61,56,16,15,23,41,33,31,38,47,80,77,57,79,72,67,76,111,80,62,76,70,45,30,38,41,42,63,60,59,69,70,70,69,82,70,50,50,51,50,47,46,48,44,51,41,48,69,78,51,43,43,45,57,42,39,40,31,38,33,29,28,29,32,35,38,23,21,30,24,27,27,24,15,14,12,17,11,14,5,2,4,0,0,6,4,3,2,24,31,51,60,55,57,75,100,117,94,113,121,144,175,149,151,195,211,214,202,207,150,136,141,197,204,159,141,168,188,182,140,205,186,186,170,179,164,156,147,135,133,154,167,139,190,193,185,162,206,202,190,184,172,170,165,153,121,126
42,35,12,9,25,36,18,20,26,32,6,10,7,9,22,52,41,33,30,56,39,9,45,45,24,20,34,49,75,42,47,63,89,83,117,123,77,70,60,60,44,34,39,53,46,56,70,66,64,78,74,66,68,71,63,79,65,58,55,60,63,63,70,52,54,66,68,62,72,70,61,62,57,71,57,71,51,58,65,79,62,58,62,61,64,65,75,75,72,65,66,57,53,32,19,27,34,10,21,31,41,38,27,10,10,22,37,14,62,71,52,29,64,106,116,91,94,95,108,151,176,201,196,204,209,198,207,158,143,147,194,187,175,165,192,192,140,138,170,193,139,135,153,154,135,132,144,176,202,196,163,200,176,133,143,208,207,183,191,167,159,144,149,123,128
64,98,120,79,39,35,41,96,89,101,103,56,82,75,71,55,55,67,132,126,107,45,8,30,18,22,43,16,57,47,64,61,79,95,113,116,98,93,75,70,56,47,45,45,54,65,68,58,61,73,75,69,61,62,70,66,47,19,27,27,22,26,42,33,21,23,38,42,49,68,70,37,31,27,25,65,44,20,24,47,29,19,24,20,23,31,30,36,35,52,27,20,12,3,2,13,12,8,10,4,10,17,15,1,3,11,29,20,40,69,77,70,90,125,123,81,87,137,134,170,129,170,178,190,204,207,204,162,151,117,167,207,194,182,184,200,172,155,169,195,137,137,150,152,114,129,135,168,188,166,146,204,163,175,189,204,202,200,172,173,149,143,137,125,124
51,104,135,141,66,32,39,124,137,141,147,51,83,138,142,132,124,79,107,113,101,99,48,23,33,13,49,37,44,36,49,73,58,90,121,119,129,117,97,99,78,66,51,47,54,55,53,47,64,63,68,68,56,49,58,55,47,76,84,82,74,73,46,61,77,78,70,72,22,69,34,63,66,64,66,43,70,65,70,77,65,66,62,65,75,72,69,55,19,67,27,37,28,35,32,42,34,54,69,66,46,42,21,25,4,2,28,31,45,53,79,74,92,130,113,84,81,154,192,179,138,136,155,177,200,211,207,156,146,109,206,177,212,198,207,211,190,185,213,169,137,133,146,168,162,137,132,127,173,173,126,194,180,203,183,197,198,201,182,192,143,131,141,126,111
50,98,133,136,78,42,42,124,141,141,145,53,97,137,138,132,132,90,91,78,72,83,65,23,23,50,55,36,45,49,47,56,81,149,154,152,149,144,137,117,101,75,57,52,47,35,40,38,53,69,65,63,59,32,32,40,46,73,99,93,99,98,47,78,104,106,98,103,52,59,75,101,101,108,98,64,97,102,100,96,99,103,101,100,101,101,92,94,43,36,46,57,77,79,76,77,84,66,50,82,87,69,29,33,17,2,29,39,36,76,84,66,88,124,124,91,75,137,178,193,151,170,153,168,174,180,203,150,148,137,206,194,210,210,208,210,162,176,173,147,133,140,181,175,162,143,125,122,164,155,150,183,204,179,176,187,189,177,174,187,129,153,134,121,125
52,89,131,132,83,43,46,124,141,141,148,47,92,136,132,126,125,89,84,61,62,60,57,36,32,54,49,50,75,50,59,65,103,102,123,170,154,129,118,106,107,109,78,59,43,35,40,38,39,57,59,59,62,27,22,28,36,50,77,97,89,90,56,81,94,99,101,94,46,61,78,102,99,96,91,63,93,93,92,90,88,94,92,90,94,94,85,97,54,58,54,57,84,77,81,75,74,80,43,73,90,65,20,24,19,3,21,53,45,66,83,74,70,107,131,113,80,106,183,191,181,209,210,144,156,205,198,150,144,139,191,206,211,208,201,204,152,158,161,131,153,187,205,192,173,179,123,125,176,159,144,197,170,166,157,138,133,149,158,158,128,141,137,137,130
56,85,132,131,99,46,44,124,141,141,147,52,88,136,140,109,121,91,77,53,54,48,49,36,24,49,47,48,50,37,70,87,75,77,100,122,96,107,110,87,81,85,85,76,65,57,64,40,50,56,62,51,52,24,30,35,46,46,54,85,84,88,48,79,93,99,96,97,40,51,78,69,86,95,87,55,87,83,85,88,90,92,88,90,92,89,88,90,52,72,68,66,80,85,67,77,78,83,57,60,88,59,12,15,19,33,13,49,43,44,68,75,68,101,120,119,85,69,158,189,206,212,209,169,163,215,198,153,140,106,168,209,203,202,204,208,143,151,143,180,153,194,183,167,158,155,111,119,164,113,157,185,132,158,158,168,192,170,162,151,126,135,128,132,127
58,82,134,127,105,45,46,116,143,139,143,58,88,134,143,117,117,80,81,63,64,49,45,41,43,33,21,15,8,30,69,100,101,99,69,56,90,109,94,61,65,71,66,64,60,57,63,55,56,68,67,57,42,25,29,21,41,35,45,67,84,90,45,77,92,94,92,94,40,40,39,60,88,93,86,52,97,95,92,93,89,92,95,95,92,94,92,87,45,47,54,69,92,82,77,75,73,73,63,51,80,68,15,23,30,36,23,61,54,45,54,68,54,105,105,122,108,76,127,150,192,204,210,204,172,215,209,148,149,151,192,203,195,204,202,211,159,165,165,210,171,181,204,180,153,154,133,117,150,140,189,173,181,154,165,194,170,186,181,165,141,121,133,116,121
57,82,137,126,100,41,45,116,142,138,146,59,90,137,135,122,113,78,76,46,50,56,46,41,41,39,19,3,16,26,51,89,99,100,55,46,48,63,68,40,44,47,45,46,51,52,39,53,52,68,73,61,49,32,32,31,34,35,42,65,69,80,48,79,95,97,93,97,42,44,54,58,92,97,88,60,102,102,99,100,95,98,100,100,100,97,101,83,38,44,51,74,93,85,86,83,79,77,71,42,80,65,29,34,33,32,14,58,43,28,35,35,37,73,104,110,116,77,91,142,200,201,206,179,179,204,199,162,141,145,194,183,182,176,203,195,145,155,179,200,148,185,170,155,149,153,124,128,174,179,206,214,200,190,185,179,200,186,167,164,132,118,122,99,113
59,80,137,127,92,38,46,115,142,137,144,66,87,139,126,111,107,81,57,55,85,56,41,41,40,37,47,21,13,29,45,69,71,84,53,44,28,21,30,27,20,18,19,22,29,25,22,31,38,56,47,32,35,31,36,34,20,40,40,37,66,63,48,79,95,97,94,100,41,46,66,62,102,102,86,66,107,104,101,102,99,101,102,101,103,97,102,72,54,61,51,89,98,95,95,92,87,85,88,41,84,67,28,39,40,32,31,30,29,19,34,19,23,41,66,109,118,101,77,120,186,190,184,182,202,195,148,165,129,146,200,206,203,197,197,160,142,141,189,173,191,195,156,157,147,142,113,158,189,169,188,201,202,174,180,205,187,190,184,158,103,134,114,121,110
65,76,134,129,89,38,49,114,141,137,134,74,78,136,125,106,104,70,50,32,69,87,47,41,45,46,43,43,7,23,34,50,51,43,39,39,31,19,14,19,15,6,8,10,3,16,26,34,28,32,16,14,30,31,35,33,32,30,33,48,64,58,56,87,103,105,96,102,36,41,48,59,102,105,76,60,107,106,102,104,105,106,106,105,103,103,99,68,28,52,42,93,95,96,97,94,92,91,93,44,80,65,35,53,40,29,26,13,16,3,11,23,40,68,91,122,118,118,106,181,189,202,192,184,199,212,140,147,128,150,195,204,213,204,204,154,160,137,190,135,173,165,143,161,150,145,129,173,184,175,185,205,196,192,171,146,170,171,169,142,132,128,112,107,106
60,69,139,127,100,41,50,114,141,135,136,70,72,143,129,105,101,67,48,36,39,61,84,48,48,56,49,52,45,3,27,36,43,34,23,35,40,47,31,18,24,5,6,5,9,11,12,15,14,6,6,7,18,27,44,42,32,26,38,37,68,64,51,68,95,96,94,107,32,36,44,56,105,101,73,65,103,108,101,108,103,110,104,102,108,102,87,70,36,57,45,91,100,102,102,94,93,92,95,64,61,70,27,43,41,26,32,11,34,28,20,26,58,54,68,110,135,105,100,148,185,191,181,185,194,197,143,152,120,158,171,212,195,195,202,135,165,168,208,179,187,156,149,151,154,152,106,165,184,196,145,188,208,197,186,156,156,154,153,136,123,121,105,108,109
60,67,136,128,99,40,52,111,138,134,142,73,72,140,132,106,91,61,47,37,36,34,39,58,54,51,58,49,70,12,17,19,36,17,31,31,38,43,49,39,32,15,12,7,6,7,8,7,12,8,16,16,33,43,46,50,28,21,21,33,55,62,56,53,72,89,101,99,39,35,49,50,105,106,65,69,105,109,101,106,106,104,107,107,105,108,65,70,34,56,46,91,97,96,97,92,92,92,93,66,53,61,23,38,47,35,33,20,40,33,41,39,42,49,79,108,106,105,63,65,160,212,209,202,203,198,146,142,120,166,159,186,186,194,190,132,159,193,209,180,169,152,148,152,162,148,142,180,195,195,141,192,194,191,175,127,158,148,143,119,113,121,124,109,109
61,63,127,125,105,41,63,110,137,132,140,72,72,132,128,104,57,70,54,52,53,57,53,37,70,77,72,64,65,41,8,22,25,15,18,27,29,34,59,59,47,32,20,8,11,10,7,9,4,14,9,17,30,44,42,50,33,25,24,35,56,63,55,56,63,70,74,84,45,34,41,68,97,110,63,73,99,100,95,96,99,87,86,82,82,78,53,83,40,61,49,81,91,85,80,77,78,75,76,44,50,55,36,25,29,28,38,10,5,5,36,49,51,63,86,96,85,100,88,105,164,203,197,201,200,213,166,145,104,135,149,184,177,187,190,123,154,205,202,171,175,153,135,154,165,140,174,186,210,199,154,135,182,185,168,175,148,126,132,104,111,115,107,121,106
63,58,115,117,94,32,59,49,129,122,125,66,70,121,116,120,82,41,62,104,125,124,101,30,113,116,124,129,118,35,52,2,10,12,7,13,26,25,34,35,33,28,19,11,11,10,6,8,8,13,15,13,21,32,45,49,37,26,23,38,31,61,63,59,56,58,50,61,87,90,66,80,99,100,62,64,75,73,70,72,68,63,51,49,54,57,44,70,35,51,54,64,88,75,61,58,57,50,46,42,47,31,37,29,31,34,29,7,1,15,50,55,53,60,56,66,76,106,98,136,205,202,200,177,208,210,147,139,108,118,141,178,191,190,164,106,176,203,208,170,202,179,141,156,181,129,151,182,173,198,200,174,167,180,155,162,109,124,132,110,112,122,124,93,101
63,60,115,111,102,27,66,48,101,115,106,63,61,117,122,122,95,47,53,126,126,120,121,27,116,124,133,130,129,42,103,15,21,0,7,0,8,15,12,17,29,14,12,21,14,6,1,10,15,15,9,2,16,18,30,41,45,24,25,38,34,61,63,62,58,62,55,47,54,96,95,92,91,91,65,53,71,57,61,58,51,54,43,57,62,56,47,54,39,39,57,60,92,81,90,84,72,68,76,69,58,18,36,32,21,33,33,8,13,16,38,65,50,71,49,64,97,110,97,135,199,202,197,158,209,189,160,139,103,111,129,181,163,174,141,95,195,207,208,183,198,200,152,165,171,123,145,189,185,196,179,157,183,166,175,105,26,28,118,98,114,139,138,98,99
59,60,123,117,105,35,55,36,88,119,118,65,60,121,122,122,87,43,55,125,130,127,127,33,117,128,129,128,127,32,100,121,0,7,7,10,9,15,10,9,14,8,13,3,6,8,14,3,15,18,8,6,8,22,35,41,39,21,16,23,45,62,55,63,56,57,46,43,38,68,85,91,91,95,66,71,81,62,54,56,55,63,79,78,75,51,51,58,55,59,53,45,84,94,91,105,95,89,92,56,52,22,33,25,13,34,36,4,18,14,67,91,92,75,69,105,122,115,110,148,175,187,174,110,206,192,169,145,101,117,144,191,208,150,121,99,203,207,203,180,192,207,138,159,165,129,179,180,177,198,191,171,154,140,195,158,153,73,26,104,128,129,129,117,103
52,53,124,119,101,37,50,39,84,121,118,70,71,121,118,122,84,40,53,121,127,125,126,36,114,134,131,128,127,41,109,133,101,11,9,7,14,5,17,11,0,23,8,0,3,9,12,13,10,20,12,4,5,17,33,40,37,25,17,26,49,48,48,58,62,56,51,48,36,47,67,83,84,90,88,92,102,91,89,60,46,86,84,95,69,53,54,57,50,56,54,63,64,88,111,127,106,89,90,59,51,24,28,17,36,32,36,8,38,32,47,92,60,56,104,124,116,112,98,154,195,191,154,116,197,173,152,130,109,134,148,184,194,123,124,104,170,208,191,172,201,191,149,203,199,131,198,188,191,185,197,175,162,146,197,185,139,177,56,80,120,132,134,112,93
57,50,122,122,110,39,54,47,75,119,118,67,73,124,122,122,92,41,46,115,124,123,126,32,107,137,130,131,130,36,111,132,143,74,15,6,10,14,4,15,94,157,14,9,3,4,8,19,18,20,18,9,6,25,35,40,33,28,13,36,45,41,49,61,65,54,51,40,38,35,61,81,80,94,88,87,92,99,98,87,61,91,89,84,69,48,78,64,43,57,57,78,93,113,128,126,108,102,90,69,49,21,14,14,41,36,24,10,40,32,40,30,61,75,106,114,117,104,105,192,166,210,218,209,202,177,157,127,107,107,163,181,175,126,103,110,156,202,201,178,206,185,153,200,196,127,211,186,198,198,179,184,162,147,194,165,146,167,166,97,133,124,124,98,108
61,61,127,120,108,36,53,56,84,120,119,69,63,128,122,125,97,34,35,111,122,125,123,33,104,132,133,130,134,38,110,131,132,128,130,32,10,18,11,129,136,144,115,0,3,4,7,14,29,28,11,19,16,16,18,35,36,36,30,37,40,41,51,64,68,52,56,38,43,48,64,75,80,89,94,93,88,85,82,92,92,86,93,97,78,46,104,90,28,28,72,100,102,119,125,112,100,117,106,95,48,23,14,9,49,48,27,16,49,32,40,55,77,53,79,99,120,103,103,193,195,208,196,199,163,179,160,128,93,127,181,192,157,109,77,139,196,206,199,183,205,169,182,171,199,121,201,191,158,203,192,194,162,171,187,183,168,167,172,105,148,135,130,107,113
63,59,127,120,105,36,57,54,85,121,121,62,62,122,124,127,100,36,38,113,126,128,126,38,107,131,133,130,132,40,109,132,132,138,138,60,40,57,137,148,141,141,151,21,2,3,0,8,25,33,32,27,22,17,19,41,45,42,34,39,36,43,50,66,64,44,48,50,50,60,70,75,77,81,83,84,81,79,81,81,87,95,93,94,94,83,127,111,32,26,66,100,83,107,109,99,104,131,101,84,54,16,18,10,44,46,31,18,38,35,62,66,49,58,81,103,113,107,125,193,187,204,212,206,207,173,152,134,99,158,203,205,132,118,70,158,203,190,194,161,188,159,186,184,181,122,193,198,179,198,198,190,156,174,193,183,181,171,138,116,146,131,127,104,104
68,57,127,120,103,32,60,52,86,122,115,57,64,124,125,128,100,35,40,113,128,130,127,44,111,131,122,130,133,43,107,133,131,141,138,64,57,74,145,139,138,139,144,31,2,6,2,6,15,27,42,34,25,23,21,38,51,50,43,41,44,46,48,58,66,43,52,69,65,68,71,73,79,83,78,79,80,76,78,71,77,85,91,95,93,104,114,91,36,27,93,131,103,109,113,123,120,127,118,117,65,14,22,16,44,49,27,21,38,37,84,78,44,54,71,93,96,103,154,191,188,204,201,199,199,153,155,137,110,189,191,201,129,162,121,162,164,175,189,171,186,161,167,178,171,124,198,207,188,202,195,194,169,171,197,181,187,164,118,121,131,115,125,102,99
72,55,126,120,106,28,58,51,87,122,122,71,65,119,123,126,98,32,40,111,124,125,122,45,112,132,120,136,136,46,106,133,130,129,137,61,48,90,137,135,143,144,141,44,59,0,3,2,7,27,34,45,30,31,17,34,46,54,52,41,51,52,47,58,68,47,40,45,62,64,76,71,73,71,77,77,80,81,76,73,69,76,81,88,90,88,100,95,61,41,97,118,97,114,115,121,119,108,117,134,72,23,26,11,41,45,34,14,36,41,57,56,60,57,93,94,85,100,179,197,192,197,191,174,189,139,135,139,113,188,182,192,133,155,97,151,173,189,193,181,194,152,175,174,155,152,204,203,180,181,183,188,174,175,177,159,178,192,121,119,107,115,124,96,91
69,51,125,123,100,34,49,54,86,117,119,76,67,127,122,122,98,32,37,108,125,126,127,52,110,129,130,133,141,43,102,128,132,134,136,59,46,77,148,142,149,138,147,40,121,34,0,2,2,15,32,45,49,31,19,27,42,61,61,48,46,46,46,47,51,39,42,48,68,62,74,63,69,71,68,78,76,83,78,75,73,66,69,79,85,93,94,95,92,85,109,109,55,112,106,106,109,104,123,130,83,27,18,13,42,44,24,0,4,17,34,44,44,58,95,66,65,87,160,193,204,201,185,186,167,154,120,133,118,167,197,208,146,142,104,131,183,188,192,172,192,145,188,200,148,202,198,196,184,155,197,194,173,172,163,179,173,184,125,127,105,117,131,95,88
65,47,121,120,103,37,51,51,85,121,122,74,63,126,122,122,98,33,37,108,125,126,128,52,110,129,127,131,137,47,101,133,134,134,138,58,47,76,146,139,143,153,149,43,132,154,5,0,3,8,22,41,57,43,33,23,47,70,70,57,50,47,45,45,45,36,45,51,53,66,70,64,68,62,62,73,71,76,74,75,79,76,72,70,77,79,91,91,84,84,83,88,90,91,88,87,90,101,111,102,12,25,19,16,46,46,30,9,21,15,14,29,17,34,50,78,40,76,163,204,207,196,203,202,166,166,142,137,103,163,185,200,158,121,98,132,201,197,173,184,188,134,158,199,148,209,193,187,185,152,192,192,166,166,162,166,163,184,150,146,108,116,123,97,91
62,43,118,116,119,38,48,55,81,126,124,72,60,124,120,122,98,34,36,107,125,128,130,52,110,129,130,134,137,52,98,139,135,135,140,55,45,74,143,135,141,142,147,40,119,153,15,3,4,3,10,26,57,57,36,18,39,63,66,59,52,48,42,39,35,37,44,40,50,57,50,60,68,59,57,70,68,70,69,81,81,78,96,95,75,63,60,93,86,82,93,95,94,92,89,93,95,96,105,107,74,49,25,19,37,40,31,23,41,23,27,18,21,29,51,58,70,47,176,202,209,198,200,187,164,165,136,142,104,185,196,194,137,124,100,135,171,199,166,181,168,142,151,195,133,201,202,176,193,192,181,191,187,179,174,178,180,183,131,144,109,126,121,101,86
61,43,118,116,112,33,47,50,75,126,122,72,62,120,122,122,98,35,36,106,124,129,132,52,110,129,129,134,134,53,93,140,134,136,142,52,40,70,141,135,137,139,136,38,121,139,76,0,4,6,6,7,42,65,51,21,37,58,63,70,59,58,53,43,39,42,36,35,59,59,56,75,81,62,58,73,71,70,58,65,69,73,95,101,103,98,95,106,70,68,75,79,77,83,90,87,92,90,94,96,123,122,107,78,45,26,16,22,34,23,25,15,22,20,46,52,55,68,112,208,200,195,193,173,166,152,138,135,119,189,181,149,112,116,95,132,160,194,152,164,164,121,176,195,125,206,188,158,185,184,157,182,189,175,174,167,189,152,126,147,109,121,122,96,95
68,46,118,118,104,19,47,44,73,116,119,63,59,119,121,119,98,39,38,116,126,124,122,40,105,131,128,125,126,48,101,133,130,132,142,54,31,76,145,136,131,128,122,36,119,136,139,4,3,5,9,5,32,68,78,18,31,45,62,73,70,65,59,50,41,50,39,38,67,52,53,71,73,65,67,75,68,72,77,71,70,64,75,76,80,85,78,77,77,72,68,67,66,65,63,75,85,83,83,87,108,113,116,116,118,76,25,9,34,26,13,16,19,11,11,30,62,79,66,180,195,163,169,210,172,140,151,118,140,185,171,156,109,118,105,157,186,200,162,193,174,128,191,203,108,197,185,191,198,183,159,180,155,145,181,189,191,151,130,112,108,123,114,95,86
67,44,116,115,109,32,45,38,72,117,121,67,58,117,118,118,97,39,39,115,126,121,122,44,91,128,128,123,122,44,97,129,126,136,139,62,41,68,138,131,129,129,125,44,121,129,145,43,3,4,2,2,16,54,78,45,20,41,58,77,71,63,73,69,60,59,55,45,54,58,61,64,64,71,68,70,75,74,79,80,69,70,65,67,69,74,69,71,72,73,72,72,74,78,70,68,78,82,77,78,90,102,106,114,120,126,117,85,46,17,21,24,17,15,30,50,63,81,67,189,192,188,199,196,174,160,142,98,130,180,169,174,133,123,107,161,177,196,164,193,179,101,193,189,109,200,195,196,195,196,196,188,162,152,190,186,186,147,150,111,96,98,95,74,30
67,44,115,113,101,35,42,34,70,117,119,71,57,116,114,115,95,38,40,113,126,119,123,52,84,129,128,123,119,41,93,126,122,120,137,54,48,64,130,125,128,129,123,46,132,129,135,81,0,2,3,4,7,40,64,67,30,34,49,67,84,68,74,64,62,63,59,44,47,53,63,62,63,62,62,57,70,65,56,71,69,73,65,69,73,72,69,73,72,70,71,73,73,70,71,64,70,74,82,78,70,81,103,112,114,121,112,116,130,116,79,55,22,18,36,49,50,73,105,192,184,198,206,193,165,150,155,119,135,183,186,167,134,113,128,195,176,172,167,186,176,101,171,195,103,191,199,196,196,196,189,191,163,150,192,189,181,131,114,114,40,57,88,65,54
70,47,116,114,112,38,44,27,69,118,115,72,57,119,111,113,93,38,41,112,123,122,124,49,83,125,117,118,119,40,93,126,122,122,123,55,44,69,127,124,129,127,114,36,126,135,128,129,9,3,0,2,6,28,61,71,51,25,43,62,77,70,71,63,64,72,58,50,43,52,49,48,58,60,58,53,57,55,64,72,78,78,84,76,72,74,72,74,70,73,75,75,72,70,64,65,67,66,74,81,84,77,95,109,112,114,114,115,113,113,117,119,125,103,69,69,76,107,96,200,205,204,205,201,185,178,157,112,126,186,185,159,157,114,140,177,167,144,137,191,179,121,186,188,104,185,200,201,189,191,180,184,166,147,193,176,168,118,110,116,66,88,101,69,98
67,50,116,111,110,36,45,40,67,121,114,67,58,118,113,113,94,35,41,107,123,114,124,48,90,121,126,120,121,35,95,129,131,124,117,51,36,72,133,127,134,126,108,36,127,135,129,131,46,20,8,12,0,17,56,67,57,34,33,47,77,82,62,66,78,81,72,61,53,52,55,55,63,65,59,56,59,51,55,58,72,74,79,73,78,79,70,80,72,67,65,58,61,65,69,59,63,67,67,70,77,88,84,99,105,97,109,107,111,111,116,108,122,122,126,118,110,103,100,150,197,202,211,197,203,147,166,100,155,195,186,154,155,112,119,147,144,137,129,194,166,141,195,165,105,179,201,186,177,189,192,189,163,146,176,176,167,131,137,125,81,101,107,90,88
57,47,114,110,102,35,49,42,69,123,116,66,60,114,114,115,96,35,41,107,118,121,93,49,86,123,128,122,120,36,90,128,129,127,132,52,51,71,135,131,130,127,102,39,132,134,129,133,84,15,11,0,6,8,39,66,69,36,26,41,70,87,86,74,66,81,68,65,60,54,59,54,63,64,64,61,64,57,63,66,74,72,65,62,75,81,75,75,60,57,57,52,56,61,63,59,65,68,62,70,78,82,72,79,96,99,100,102,105,109,111,96,106,112,110,102,109,115,102,84,126,163,204,212,202,126,146,100,171,181,182,162,160,111,98,176,156,152,167,184,141,161,199,147,115,186,200,192,201,179,171,173,155,147,165,173,169,134,139,110,91,105,111,88,79
49,45,110,109,106,29,38,40,67,121,115,63,62,110,120,115,98,36,42,108,120,117,109,53,80,125,128,123,118,38,82,127,127,128,139,49,28,67,127,126,129,132,97,49,136,131,130,131,123,13,24,49,3,8,46,52,48,34,40,39,69,82,87,79,43,63,64,56,67,61,70,62,67,69,78,71,71,64,75,81,83,79,75,69,76,73,73,72,69,67,70,67,69,72,68,64,59,65,69,64,74,78,82,75,82,90,98,99,104,109,114,87,86,91,100,107,86,88,87,82,72,75,84,121,169,179,146,97,167,184,186,145,140,111,105,165,140,129,164,188,146,176,200,128,128,162,184,189,182,154,171,168,162,144,156,188,174,139,125,108,112,104,97,79,98
52,47,104,109,89,21,38,38,59,113,113,61,67,113,104,107,96,37,43,109,119,117,124,60,78,126,125,118,119,39,75,127,124,127,128,43,52,63,126,127,122,132,87,52,132,128,132,125,129,50,12,87,5,11,34,42,46,37,37,36,50,74,81,89,51,30,53,53,70,69,77,80,73,88,93,82,76,68,73,84,86,86,86,77,81,74,79,69,72,72,76,72,70,72,66,67,64,64,64,69,74,73,78,79,78,88,97,107,102,102,116,89,87,90,88,94,85,80,68,78,75,62,68,69,75,57,72,79,153,134,121,74,59,42,46,42,58,50,38,50,75,168,205,125,174,188,178,191,170,175,191,177,165,153,168,182,163,126,114,126,145,118,120,59,64
64,47,102,103,84,26,44,36,61,113,112,42,65,106,93,97,91,39,38,90,115,124,119,54,72,130,122,123,115,37,73,128,112,122,117,25,42,26,95,131,116,132,57,59,124,130,130,129,114,100,13,40,26,0,31,64,63,35,41,40,49,67,88,88,83,21,47,61,56,80,95,92,79,101,90,97,79,67,75,74,89,93,93,94,86,78,76,75,75,68,81,70,70,70,73,76,76,74,70,65,71,70,74,76,82,90,103,108,105,98,85,79,91,82,83,84,84,82,71,66,64,64,65,70,69,66,61,65,61,57,51,50,47,45,44,49,49,49,49,49,48,54,127,136,186,195,198,195,174,190,179,185,177,158,156,150,176,126,111,112,128,104,151,61,68
46,39,71,77,68,27,50,37,53,84,78,40,87,93,67,77,95,37,30,61,94,99,94,34,69,118,106,115,112,42,66,110,92,104,105,28,35,26,42,71,92,91,39,55,101,105,116,128,117,100,30,24,76,2,11,61,72,38,39,39,47,59,79,84,97,25,41,58,59,71,97,112,99,110,99,95,81,72,68,73,100,91,83,86,85,85,78,78,78,76,73,78,76,78,77,77,81,82,80,76,74,73,64,69,77,84,97,97,96,90,80,64,79,73,73,74,76,77,74,69,68,60,58,64,67,63,64,57,63,61,58,60,48,49,49,47,47,47,47,47,58,47,38,55,76,186,208,198,201,193,169,175,170,167,169,164,170,113,112,109,99,110,128,59,69
35,38,37,39,42,33,32,36,29,32,32,43,47,58,47,60,66,52,45,52,63,61,43,42,33,68,63,59,42,39,43,56,58,59,48,31,37,38,40,48,52,31,38,44,53,56,63,56,45,43,32,23,52,7,9,26,91,46,33,40,38,41,63,79,108,38,40,76,89,88,100,105,113,117,113,105,95,89,88,90,111,98,82,85,85,89,83,78,79,70,77,78,80,81,77,76,81,83,85,77,81,72,66,66,72,80,91,94,95,104,88,66,75,73,69,69,70,74,85,81,69,62,56,49,49,54,55,58,72,63,58,55,56,56,57,51,47,47,47,47,45,56,51,46,67,51,126,169,189,194,190,179,190,173,168,168,178,120,120,116,110,132,92,54,48
28,40,35,36,31,30,30,40,32,24,19,24,29,32,36,54,51,49,44,46,56,56,32,26,30,38,42,40,24,26,33,24,30,35,30,36,48,37,26,26,24,19,36,39,36,30,38,36,26,24,33,32,25,13,4,31,56,51,50,44,35,32,58,86,93,67,59,82,99,95,104,100,121,120,119,105,97,90,83,107,125,112,105,101,92,90,85,76,77,68,70,79,83,82,82,82,82,81,86,75,82,73,73,72,79,77,92,79,104,94,92,75,65,66,70,66,65,69,87,85,70,56,54,52,46,52,55,61,54,60,63,64,58,54,52,53,53,49,49,49,53,46,44,60,60,65,170,196,186,176,186,184,191,175,162,155,160,107,117,122,108,135,81,60,45
36,43,30,22,20,19,18,15,13,13,14,14,14,11,19,34,21,25,42,38,28,37,18,18,47,21,11,18,3,13,35,2,6,18,14,22,34,12,17,7,8,3,35,30,15,7,9,5,3,16,37,36,28,15,15,28,54,58,55,45,43,31,65,88,97,102,56,96,112,104,119,115,128,122,124,112,104,99,93,134,135,119,108,111,95,97,91,78,77,74,69,79,77,88,90,84,79,85,87,81,76,75,78,72,81,79,78,88,106,105,89,90,74,60,72,61,66,56,62,72,62,62,48,46,54,59,62,68,72,65,58,56,55,59,50,53,55,51,51,54,54,56,49,45,62,66,74,152,183,206,191,193,189,143,167,161,150,106,131,117,118,143,88,58,50
36,40,73,89,106,26,40,100,100,102,66,107,111,108,84,100,112,44,48,16,48,109,105,98,54,54,100,97,108,39,50,81,84,75,76,22,37,16,89,103,99,94,31,71,97,106,101,104,101,84,33,49,26,35,13,22,51,50,49,44,46,47,70,88,82,112,77,101,111,118,113,126,150,134,126,102,104,114,121,141,135,125,118,112,108,107,96,83,73,77,74,74,91,103,91,95,88,80,88,87,81,82,83,74,73,76,75,81,93,96,86,84,78,64,62,58,63,54,55,63,56,52,47,45,66,59,61,70,88,74,66,48,45,53,47,48,49,49,49,52,60,62,56,51,56,56,53,51,186,180,197,175,157,149,173,166,143,137,144,117,112,152,75,56,44
45,43,106,109,106,27,52,119,114,51,50,115,121,121,110,120,117,87,33,29,84,122,117,121,66,60,127,126,120,58,82,131,128,124,116,34,41,50,135,127,133,137,40,91,147,142,146,146,146,117,36,110,23,35,19,18,53,50,48,38,43,46,67,85,84,108,78,96,115,123,133,133,140,139,121,111,129,142,140,143,140,141,125,111,115,110,105,86,75,75,94,81,87,98,100,97,94,77,89,93,89,92,90,78,68,74,77,81,83,87,82,85,83,71,56,57,60,59,53,57,59,54,52,51,68,55,59,68,71,59,55,50,55,49,48,46,44,50,50,52,58,61,55,52,51,52,62,46,167,185,185,137,128,160,177,178,170,155,143,111,123,142,91,77,34
57,45,108,109,122,31,50,124,115,66,54,116,119,123,111,114,110,106,24,37,88,116,117,117,65,66,128,126,129,60,70,123,134,123,128,38,40,57,144,125,131,130,45,83,138,137,142,144,147,114,36,134,61,28,18,12,53,52,55,44,39,42,62,76,84,92,81,101,116,128,103,99,135,128,125,137,142,146,144,143,148,144,129,118,117,108,114,86,87,80,89,93,99,112,106,96,85,83,91,93,94,96,95,82,71,73,76,66,79,84,100,97,85,74,53,52,52,63,52,51,55,59,62,65,77,59,52,58,61,55,55,54,55,56,54,49,46,45,42,45,54,57,52,49,48,59,53,53,60,157,179,157,159,171,188,172,168,167,144,109,127,126,85,50,37
57,34,107,115,115,34,48,123,116,67,61,122,116,113,103,112,123,91,20,34,92,120,121,116,55,55,129,126,129,72,59,135,124,124,136,49,49,60,145,134,133,139,41,94,123,129,137,143,132,96,44,130,115,11,15,14,41,51,44,41,39,61,62,62,80,92,81,86,108,124,127,112,125,136,131,138,145,148,144,139,146,135,125,129,123,113,108,91,103,92,89,86,94,91,82,78,77,93,95,88,95,98,98,88,79,70,71,64,74,79,95,92,86,74,61,50,56,57,51,48,51,62,64,71,81,80,67,66,62,55,51,55,53,52,58,57,56,48,47,44,55,52,57,47,50,55,57,51,47,52,132,183,170,168,176,179,153,150,128,115,115,94,98,62,28
59,35,106,115,106,28,52,125,113,61,62,121,115,113,111,116,123,96,32,34,96,118,122,120,64,41,115,121,128,63,61,139,133,128,136,47,44,58,138,131,134,134,35,97,123,128,134,137,136,78,53,136,142,57,27,19,22,35,52,52,49,54,50,62,65,85,98,71,115,116,132,130,151,140,138,146,143,150,145,139,140,131,131,140,121,122,118,101,91,92,98,93,107,116,92,82,76,93,105,82,85,88,104,97,85,75,65,68,72,78,94,102,83,80,61,53,61,67,62,59,58,61,66,70,84,86,69,65,62,62,59,60,60,59,57,53,48,49,45,47,50,49,53,49,52,58,62,61,50,51,47,168,158,154,185,174,156,161,139,117,117,112,75,53,24
63,36,106,115,119,33,58,128,116,61,61,122,118,112,109,116,122,98,44,34,101,118,121,123,72,46,123,124,126,63,67,133,129,128,132,40,47,63,127,120,124,123,31,112,131,133,135,135,137,85,55,135,147,106,35,28,16,38,56,68,66,43,41,62,66,77,111,67,120,117,133,153,153,149,146,151,146,153,142,138,138,138,144,135,129,132,113,87,97,112,111,97,98,94,91,75,82,91,102,103,94,88,106,100,89,86,73,75,72,77,103,95,94,88,66,60,63,71,71,69,65,63,59,51,59,62,49,59,56,60,58,62,64,63,58,55,50,50,46,46,53,53,51,52,53,60,61,64,63,59,48,60,167,171,171,162,159,161,147,114,97,120,72,57,38
66,37,105,116,116,39,51,120,114,62,46,115,115,104,109,116,117,94,45,35,101,121,122,123,65,50,120,124,124,57,61,120,127,121,124,32,45,65,121,120,123,124,33,118,134,135,134,131,131,82,50,127,118,123,39,16,16,39,55,66,56,35,44,59,65,82,84,81,107,121,128,153,152,158,157,154,163,164,153,147,140,142,146,147,145,140,123,111,115,113,88,83,97,105,98,95,99,103,108,112,116,113,106,103,96,85,81,74,75,78,99,91,93,81,75,66,56,60,65,68,67,60,57,48,53,50,59,63,56,51,54,59,58,57,58,59,61,51,63,65,68,67,54,55,50,60,60,60,58,64,54,30,72,130,157,157,149,159,156,116,111,128,101,47,36
73,49,102,115,115,41,44,116,114,58,50,116,115,103,105,122,120,95,46,34,97,121,120,119,66,54,123,117,116,62,52,113,116,110,117,40,45,64,127,120,116,118,32,112,137,128,126,128,129,72,63,153,164,146,71,21,20,39,62,54,40,30,50,57,75,89,108,98,112,112,131,150,147,150,169,170,173,164,163,152,140,142,142,143,142,125,121,92,100,78,82,89,98,104,108,107,110,113,117,123,124,117,120,112,101,91,83,73,69,75,87,110,84,100,73,69,55,61,68,74,72,60,60,59,50,48,58,73,66,62,57,61,54,53,52,56,59,56,85,76,68,64,55,53,45,59,63,58,68,74,62,43,44,44,65,129,168,163,150,122,120,112,93,40,34
76,43,103,115,113,39,44,117,113,59,51,115,116,106,107,120,117,94,44,34,96,120,122,119,68,47,116,116,114,71,47,110,113,113,118,29,48,60,118,114,114,114,30,112,132,128,129,125,119,51,63,140,141,143,119,26,12,42,63,59,41,34,50,62,77,100,108,113,103,115,129,133,145,150,160,169,169,162,160,147,145,128,132,149,121,78,53,73,85,76,91,99,104,100,104,110,116,125,129,137,118,101,115,115,106,101,98,92,85,75,80,103,93,98,70,85,67,69,68,77,74,68,65,62,47,58,64,78,77,65,65,74,65,52,51,54,57,54,68,69,65,51,50,44,36,49,54,58,63,69,68,50,51,48,40,169,167,177,151,119,118,115,82,26,32
75,38,102,112,111,37,45,117,113,60,52,113,115,109,108,115,112,92,43,38,97,121,126,120,73,38,112,117,118,86,48,123,127,124,127,31,46,60,115,113,112,109,28,114,126,127,129,121,119,50,84,125,120,125,137,50,23,37,60,72,51,39,46,67,78,96,120,112,104,106,137,141,147,150,171,171,166,166,162,162,147,142,155,156,135,90,73,79,88,87,94,93,96,102,109,107,112,120,123,129,103,102,110,105,116,113,110,100,88,77,69,107,95,87,68,83,77,69,75,84,73,71,65,74,49,46,60,65,65,70,63,63,56,55,52,52,55,51,52,57,60,44,48,40,37,48,52,58,62,73,72,70,55,51,51,166,162,170,141,138,115,103,56,36,34
68,41,97,109,112,38,46,118,113,61,53,111,111,109,105,111,108,91,45,43,100,122,119,118,80,34,114,126,126,95,46,129,122,120,120,34,46,57,114,111,114,108,30,119,126,123,125,119,115,43,88,128,126,130,126,100,27,23,59,74,55,42,43,71,78,95,114,119,108,94,133,132,140,166,189,171,169,178,181,180,166,165,182,156,113,84,84,84,93,100,98,104,110,110,111,109,104,101,104,101,98,111,116,103,116,113,107,98,93,83,71,93,102,84,68,85,85,74,71,83,71,77,64,57,53,51,56,57,60,56,56,57,54,59,56,54,53,49,53,47,47,42,44,38,44,51,58,58,67,80,73,64,61,56,46,117,152,173,147,137,135,87,36,40,28
62,38,101,105,103,39,45,111,111,57,58,112,112,107,106,111,104,90,42,48,91,122,116,116,79,36,119,122,123,93,44,117,116,113,112,26,38,56,113,110,109,104,32,111,116,116,116,116,116,46,83,120,121,119,123,111,24,41,42,86,61,46,34,69,82,111,117,131,112,103,134,137,139,173,182,167,178,188,178,191,166,175,176,108,89,78,88,99,92,102,114,119,119,118,106,106,95,92,95,89,106,111,118,108,114,99,75,94,85,88,76,73,108,92,66,83,86,81,77,77,80,76,59,43,52,58,54,66,64,61,54,64,66,75,61,52,53,46,56,50,46,48,44,40,47,50,58,61,68,78,71,54,56,53,56,53,56,103,140,140,98,84,55,50,36
63,37,99,104,103,37,42,108,109,49,58,112,109,102,107,117,111,91,43,48,92,120,114,114,86,40,114,125,119,94,43,108,115,113,110,32,42,51,113,112,105,108,36,110,119,119,117,116,111,39,92,123,118,116,121,109,23,31,36,78,60,67,70,58,80,115,111,120,117,109,130,132,142,162,167,175,186,187,192,180,186,163,86,75,86,88,93,104,116,121,125,127,111,103,95,86,82,87,93,101,109,111,112,101,106,85,60,70,68,71,77,63,87,91,66,91,93,84,73,69,67,59,43,51,55,53,63,68,65,59,62,80,84,87,82,74,62,52,54,50,42,43,46,47,49,51,58,62,73,73,62,48,57,59,47,53,59,51,74,92,108,109,55,49,33
65,37,96,103,109,40,37,104,106,47,56,111,106,95,104,111,112,96,37,42,86,116,111,110,82,47,110,119,116,86,52,113,111,105,120,35,40,51,113,113,112,96,30,114,123,123,122,121,121,36,93,122,118,116,122,111,20,14,37,78,64,68,61,32,77,106,111,126,114,103,126,136,151,159,165,167,171,179,174,184,149,95,86,113,127,127,119,112,121,126,120,120,113,102,94,84,89,97,100,106,102,103,105,101,105,84,63,63,69,75,69,69,83,96,69,99,98,89,83,68,56,48,45,50,50,56,64,72,78,68,63,83,89,85,85,81,66,66,66,50,51,44,45,48,50,52,59,65,74,69,64,57,66,64,54,52,51,49,50,62,74,87,87,45,29
67,36,94,102,104,38,33,100,104,57,53,109,107,92,99,106,100,90,34,40,83,113,107,107,83,43,93,112,116,76,49,103,102,113,114,44,50,59,114,110,113,77,31,118,115,116,118,119,107,35,91,108,110,108,115,105,16,25,28,61,69,64,79,43,73,81,89,114,120,114,127,138,148,162,166,166,170,178,196,155,88,86,97,107,98,98,97,101,114,124,122,119,114,106,94,94,97,95,98,88,88,104,109,108,100,74,64,60,70,68,55,65,71,93,72,101,96,91,87,71,61,41,52,60,52,62,70,78,81,79,78,82,79,83,78,79,82,78,69,57,54,42,46,51,52,57,59,67,77,70,69,59,65,61,56,50,54,54,42,47,47,46,42,49,37
71,34,98,96,93,31,34,100,102,56,50,109,100,88,98,99,98,82,36,38,74,120,114,109,82,42,106,113,120,95,45,108,102,116,112,42,52,64,122,112,114,74,35,118,115,118,116,116,82,28,98,113,118,119,116,101,17,30,13,35,51,64,92,71,68,67,95,108,131,127,137,157,163,169,158,174,177,174,171,112,77,84,95,89,94,92,97,102,112,123,114,102,105,108,100,112,106,106,93,79,75,97,100,86,76,64,56,58,67,67,56,59,69,85,62,108,96,86,85,73,54,55,63,53,50,65,76,75,81,87,78,79,80,79,70,73,76,74,78,79,68,37,49,56,59,62,63,68,71,71,70,63,60,60,59,49,49,47,45,42,41,44,42,42,39
55,33,95,100,103,39,34,101,102,55,51,106,101,90,98,101,109,86,41,47,75,105,106,105,63,51,115,114,114,80,48,117,116,119,117,37,32,64,121,117,116,72,38,123,114,118,115,115,82,25,101,119,126,121,111,95,14,33,35,18,36,58,76,71,76,65,106,121,128,147,173,181,182,171,178,178,194,186,145,82,82,86,84,91,91,90,88,95,106,116,109,101,109,122,118,114,112,101,99,78,73,95,102,70,66,59,51,54,62,74,67,70,53,88,57,99,97,87,81,71,61,73,58,52,56,65,68,82,83,81,78,76,78,80,73,67,70,66,78,76,58,52,57,61,62,64,68,71,68,64,61,56,68,52,55,58,55,52,50,44,41,40,40,36,37
59,36,91,100,102,48,33,100,103,54,54,101,104,95,99,96,107,78,32,46,71,103,96,94,56,46,103,107,106,77,58,112,108,113,111,33,35,64,121,118,124,72,44,117,118,121,118,119,94,32,93,113,114,111,105,91,21,30,53,26,23,52,68,77,79,72,93,104,125,158,171,171,171,173,177,188,195,185,144,75,64,68,74,81,74,71,75,84,97,106,105,98,102,105,114,104,95,94,85,66,78,96,87,72,69,49,43,47,53,58,63,54,67,84,69,116,94,86,79,58,61,63,72,68,71,72,69,66,79,83,84,76,77,81,78,63,60,58,73,77,51,63,65,68,71,74,79,65,61,58,57,53,72,61,62,53,54,59,53,52,48,44,40,38,37
65,25,82,99,101,44,29,97,104,52,56,97,98,90,92,95,95,70,33,38,61,66,91,103,68,42,94,102,102,71,62,107,113,119,102,33,33,65,121,112,111,63,52,119,115,118,115,116,99,40,76,107,107,111,110,91,25,22,71,25,13,35,75,95,88,83,94,106,138,161,165,167,161,159,173,181,191,177,115,43,51,57,66,60,60,64,67,78,93,101,103,91,80,86,82,73,71,65,58,63,80,85,85,74,60,40,37,42,45,46,45,41,53,47,81,104,88,86,61,48,53,52,64,82,79,78,59,58,57,74,84,76,78,78,78,65,54,59,63,76,49,60,67,76,74,88,101,74,51,56,61,54,61,69,64,56,48,54,51,54,52,47,42,42,39
66,28,74,101,101,33,27,97,103,54,56,97,97,85,84,95,94,66,31,33,84,91,100,95,74,43,95,99,98,67,51,93,108,110,87,36,37,74,118,115,119,68,51,116,116,121,118,116,93,32,77,109,111,116,112,90,20,26,71,7,20,24,80,127,114,100,116,119,145,157,146,144,156,162,175,174,188,158,90,35,44,33,30,40,47,51,61,78,91,106,96,82,64,54,61,67,67,68,55,86,80,77,80,66,46,38,36,42,40,38,28,39,49,57,104,78,87,59,45,59,49,43,60,70,73,67,52,61,58,80,76,77,83,87,85,73,64,75,67,63,51,60,69,70,73,92,120,96,88,79,72,49,56,79,60,50,57,57,60,51,51,48,37,39,41
74,27,72,103,100,30,28,100,100,52,51,96,105,88,86,99,87,55,39,35,91,107,99,97,66,39,94,92,90,64,50,97,103,104,89,36,35,72,119,113,107,50,62,131,129,117,128,128,108,43,91,112,114,118,115,92,22,19,77,49,28,19,63,147,133,122,121,135,138,140,141,157,159,169,164,180,159,126,92,24,26,11,10,26,29,37,45,64,84,98,105,87,59,65,70,76,77,73,81,92,72,60,54,38,31,33,33,46,39,27,45,52,83,97,70,69,65,44,48,55,67,54,52,57,59,59,63,64,68,64,61,65,66,75,81,74,73,82,81,64,59,68,61,68,62,75,92,118,124,89,76,56,62,64,57,55,54,56,58,45,46,44,37,40,41
68,30,86,103,102,27,28,102,100,55,49,100,103,80,80,94,94,72,35,30,89,101,105,107,67,40,95,93,93,74,59,111,108,109,90,34,42,64,110,114,106,48,74,108,118,116,115,122,109,35,97,112,114,119,115,93,16,35,90,100,2,30,31,111,123,116,139,145,136,136,141,154,156,172,165,158,143,130,89,22,22,24,22,32,30,37,50,55,75,91,100,81,64,62,66,71,74,67,86,74,51,30,35,36,40,40,47,34,38,61,77,90,93,51,59,68,52,47,51,54,57,56,52,49,51,54,60,62,55,50,55,60,58,65,75,74,77,75,77,66,69,76,63,60,59,71,101,117,120,122,96,63,60,49,55,54,52,55,58,47,48,42,36,39,44
63,26,91,106,106,27,24,103,106,62,52,109,109,81,88,106,99,77,27,30,85,95,100,102,69,36,90,101,102,76,55,109,104,108,77,35,36,59,109,108,108,54,87,117,123,113,111,120,124,34,102,115,112,117,113,91,15,33,92,104,49,20,21,74,132,123,138,134,133,160,161,156,167,175,163,155,150,133,93,36,17,28,39,38,51,62,53,43,62,90,93,82,57,51,53,57,62,65,67,42,36,36,34,28,33,50,58,69,90,95,102,110,95,57,54,66,68,49,51,50,63,56,49,50,50,52,52,56,52,48,52,62,63,68,68,75,76,77,76,69,74,75,70,70,72,98,119,111,107,113,91,77,58,58,67,55,51,55,56,53,47,45,43,45,49
83,39,86,108,116,29,30,103,114,64,60,113,105,79,95,104,101,83,25,30,84,79,102,108,79,29,96,99,108,88,51,108,101,107,86,35,26,66,127,123,131,71,72,143,128,126,131,133,115,34,100,109,102,121,111,93,18,28,87,100,105,15,30,42,108,128,124,135,161,174,165,148,167,157,168,134,137,128,101,39,27,33,39,41,44,44,39,37,52,78,98,84,55,35,32,38,43,49,45,37,33,45,44,57,74,83,83,86,94,97,100,92,70,58,77,81,79,47,48,58,57,53,55,52,51,51,48,48,47,56,55,57,62,72,70,71,76,82,77,72,77,72,85,86,92,138,108,111,113,82,69,63,44,59,63,54,49,52,56,53,48,43,48,48,48
91,45,84,105,115,26,28,108,109,57,58,116,120,82,104,117,113,97,29,31,88,99,110,113,96,29,101,96,99,83,55,100,95,93,87,38,28,78,140,134,128,60,95,108,111,119,122,128,103,28,111,109,112,118,119,97,31,27,94,118,118,75,1,41,88,118,140,153,172,174,159,155,158,177,175,149,125,122,91,50,32,29,32,33,32,28,29,31,46,68,93,77,55,25,51,62,57,60,65,67,69,82,81,104,116,117,103,115,110,96,104,89,63,77,86,66,72,61,50,48,49,56,52,48,48,47,41,40,44,49,45,50,62,69,70,75,72,72,72,68,67,81,78,80,104,135,115,113,85,75,56,56,57,56,50,52,50,51,52,50,46,45,46,47,49
81,43,82,103,109,27,26,105,108,50,53,104,105,99,100,115,111,97,28,29,84,95,105,106,84,36,85,87,85,68,49,88,89,89,97,32,38,68,119,107,121,44,70,134,124,117,113,121,109,29,120,129,130,122,132,102,21,30,96,116,116,133,40,51,77,101,113,149,147,143,147,162,171,169,161,153,137,114,98,65,37,29,28,33,35,30,25,29,42,64,82,78,85,89,92,77,79,82,91,97,104,107,108,126,128,119,124,125,103,103,89,81,96,84,71,67,62,47,33,47,52,54,48,47,46,46,40,44,42,42,40,48,62,71,72,73,64,73,74,67,69,73,53,88,120,129,110,108,81,64,61,58,51,55,52,52,52,50,49,44,44,46,47,47,50
68,40,78,90,99,35,24,90,91,38,52,97,102,93,88,94,91,81,29,33,79,93,92,94,67,41,103,102,93,72,52,101,110,110,122,40,38,67,151,142,133,42,97,126,123,117,132,128,106,31,113,126,134,126,130,94,24,31,101,116,115,117,98,13,70,100,126,138,137,136,148,158,162,156,148,133,121,117,105,78,55,26,28,33,34,26,25,27,36,53,69,90,98,101,93,89,101,107,111,112,123,118,127,132,138,148,129,120,107,106,83,95,110,93,71,63,51,45,41,38,48,52,47,43,40,39,35,36,37,37,38,46,51,59,68,68,64,80,81,72,67,70,76,115,110,113,94,110,94,82,73,62,55,58,54,52,51,53,48,45,45,45,46,46,50
63,43,74,84,94,40,23,85,94,49,55,94,101,69,92,82,99,73,31,38,70,92,104,83,67,39,68,43,36,54,41,106,104,102,82,43,29,93,143,133,110,27,90,111,117,128,129,137,101,30,116,133,127,124,136,89,31,38,108,119,108,121,112,69,54,87,104,113,107,112,119,119,121,112,101,100,131,138,138,110,92,76,53,36,41,26,21,27,31,41,67,82,103,105,110,113,119,120,111,130,136,137,148,146,151,141,111,124,119,96,84,116,112,94,83,66,65,64,56,48,50,49,48,43,42,32,28,31,33,37,35,37,46,70,63,58,68,81,75,74,64,74,81,100,77,74,71,95,95,92,83,66,59,64,54,55,54,49,48,47,47,45,44,45,48
89,48,64,84,99,48,31,80,93,48,54,92,87,72,90,96,77,49,25,46,76,87,71,55,44,38,36,29,44,47,45,76,87,77,37,24,31,60,85,104,95,37,85,94,108,125,127,124,93,33,87,99,116,128,113,83,37,31,107,107,118,124,118,88,42,64,78,81,99,108,108,115,113,102,103,92,114,129,129,129,126,115,111,75,50,29,12,3,29,40,58,74,98,110,117,123,131,135,139,141,152,172,168,152,141,131,148,145,108,99,99,127,127,114,103,98,85,79,63,48,53,48,50,49,40,34,30,32,38,33,34,44,34,36,58,62,75,77,82,76,61,72,91,79,75,76,63,70,80,84,88,75,71,69,53,47,47,48,49,48,46,45,44,45,45
85,48,67,85,91,47,31,74,85,42,48,83,78,71,97,79,52,20,26,46,44,55,32,30,42,34,31,38,46,48,46,36,76,78,65,32,40,63,88,95,96,30,88,101,97,104,103,104,96,31,109,126,121,121,106,83,30,39,101,102,77,86,103,78,34,74,79,62,79,95,88,92,100,101,96,96,97,107,124,128,123,123,114,107,96,86,67,33,19,35,43,60,81,99,111,123,133,139,138,151,164,162,157,151,145,143,167,150,126,121,113,130,134,126,104,94,81,76,61,50,49,56,49,45,37,38,34,34,34,37,38,24,23,45,59,64,75,87,96,84,71,48,80,54,53,43,56,55,51,46,67,82,99,78,53,51,55,57,52,51,50,49,46,47,48
81,53,78,92,103,58,29,84,87,45,51,83,82,90,75,32,25,9,21,33,32,35,30,27,25,33,24,24,37,41,25,26,66,87,75,16,42,64,106,97,88,32,86,95,95,102,104,104,113,38,116,111,120,121,111,83,35,33,87,89,73,82,93,67,39,67,62,69,59,80,72,71,79,82,86,84,92,94,115,112,117,124,122,128,113,100,77,55,41,27,32,48,60,83,100,117,128,143,152,156,159,163,153,151,143,157,164,157,146,132,120,138,119,83,77,69,61,60,54,50,49,52,47,43,40,42,37,36,34,39,40,25,34,51,61,74,76,84,87,65,54,51,77,71,67,56,48,35,34,23,50,72,83,74,65,61,61,60,51,57,56,55,49,50,45
77,50,65,92,90,59,26,86,77,41,50,82,93,77,48,13,10,4,19,29,21,16,19,21,22,30,1,15,25,21,25,18,51,82,69,41,55,61,108,91,80,22,95,93,97,104,106,105,104,38,108,101,101,96,91,51,41,30,77,108,101,101,106,47,30,33,70,57,40,54,74,70,61,72,74,72,92,90,100,116,109,113,114,112,104,97,80,76,68,56,37,37,43,62,84,106,118,124,139,140,148,151,152,142,152,165,154,162,138,132,136,114,86,73,74,67,70,62,48,54,54,41,46,44,36,47,35,33,31,31,39,31,34,34,84,74,59,63,62,63,51,53,50,47,56,53,32,16,11,16,15,51,68,68,76,84,79,69,46,53,68,67,55,47,48
77,45,68,80,78,48,35,72,88,44,43,74,71,35,29,1,12,10,23,31,17,7,12,21,31,31,22,29,17,28,32,23,29,68,55,37,58,47,99,85,79,39,80,74,76,79,82,84,76,32,72,76,82,77,65,43,24,31,62,79,82,79,70,37,29,31,44,46,37,36,67,62,58,54,63,70,82,79,85,94,99,105,110,104,98,104,100,95,90,83,62,28,35,49,68,87,100,108,122,129,138,142,153,170,158,132,130,118,119,131,121,88,73,75,64,62,62,44,46,51,56,60,49,47,42,40,35,35,37,40,40,41,34,58,120,58,48,54,63,47,33,47,31,30,33,28,16,13,15,19,15,52,47,81,135,139,103,79,58,56,66,74,66,57,47
61,43,40,48,52,31,65,59,63,38,65,59,46,35,52,43,51,27,13,35,40,53,53,53,55,48,52,80,66,63,48,62,42,49,35,24,38,39,49,50,45,33,46,46,54,56,68,68,55,25,53,61,51,70,71,37,30,28,46,58,45,65,47,26,28,32,30,36,39,30,44,48,48,46,50,65,68,69,77,89,95,97,110,113,111,107,97,91,85,71,67,60,37,39,52,66,81,97,108,119,129,123,130,110,85,76,78,103,119,124,87,72,67,58,57,66,49,51,59,65,75,75,57,53,44,46,35,37,42,48,46,50,40,84,97,38,47,57,50,34,37,28,26,36,24,22,31,49,51,28,29,38,46,76,131,130,98,89,79,60,62,70,67,42,43
28,27,30,28,33,45,45,41,22,52,58,49,25,33,42,53,58,53,39,40,46,66,64,54,38,40,38,63,61,66,41,51,33,46,40,40,48,43,37,28,27,30,33,40,45,46,51,33,25,30,35,34,31,44,68,53,44,44,42,53,37,42,27,24,29,32,38,28,34,32,36,38,32,39,38,52,49,64,59,74,87,98,104,110,111,109,98,99,98,77,73,72,68,52,41,51,68,83,89,103,111,106,93,73,71,76,66,85,79,74,63,60,62,65,65,55,61,69,71,83,81,69,64,56,48,57,43,45,51,58,56,65,59,80,53,44,53,41,37,25,19,29,42,52,39,33,40,50,50,48,50,40,40,56,82,82,83,96,90,72,49,61,60,54,37
16,21,27,29,30,26,28,18,21,30,32,36,28,29,31,33,36,39,40,19,31,50,42,29,18,14,30,32,41,41,36,25,28,26,32,25,25,32,31,30,17,19,28,31,29,28,34,25,16,33,25,21,20,21,23,25,26,28,27,32,31,24,25,26,29,32,43,41,26,31,30,27,21,31,27,31,42,47,56,66,67,73,83,82,108,101,104,103,88,77,79,86,84,76,52,36,55,65,82,84,88,88,73,70,67,58,55,53,55,56,62,60,63,69,68,57,75,72,75,76,74,69,68,54,61,64,52,46,64,67,65,73,63,49,46,51,38,32,21,26,38,61,45,53,44,31,37,41,52,44,53,40,21,43,80,50,60,84,87,91,62,46,61,46,39
0,3,6,2,4,1,3,6,4,4,8,0,4,7,11,10,7,5,6,6,4,5,6,6,6,12,13,7,12,10,9,7,9,7,4,5,4,7,4,6,8,2,6,9,3,2,8,10,6,5,3,1,0,1,2,4,8,9,6,7,21,28,29,29,31,34,49,57,29,20,19,17,13,20,20,24,23,23,32,42,56,56,53,57,66,73,93,95,79,75,76,94,97,89,73,33,42,51,64,66,69,73,76,74,73,72,67,62,59,57,62,64,68,70,60,59,65,64,60,61,68,71,65,57,64,63,52,61,71,71,67,69,58,45,41,35,29,24,27,34,42,88,74,68,41,30,37,42,44,53,48,43,36,29,44,40,49,52,64,81,86,71,44,44,47
14,9,9,16,17,17,19,16,16,16,33,21,18,29,25,31,29,30,31,31,31,36,35,33,32,33,32,40,46,39,35,35,43,38,31,37,36,30,26,27,29,23,27,33,38,33,25,24,30,21,29,34,36,37,37,38,38,39,40,38,38,32,31,35,37,41,57,73,47,21,24,11,11,13,14,13,13,13,20,14,22,25,33,51,46,49,60,69,74,84,95,98,79,71,52,45,35,35,44,54,63,66,78,76,73,79,74,65,56,51,53,59,63,63,63,53,44,39,47,56,57,63,52,52,67,61,51,68,69,66,61,54,53,49,38,33,24,27,37,44,63,92,57,42,42,35,46,51,58,54,55,53,45,45,20,59,58,36,44,63,72,83,62,48,54
22,21,19,23,22,18,28,24,17,21,29,21,27,35,27,29,27,26,28,30,29,28,27,25,24,24,25,25,28,24,21,23,18,23,27,26,27,26,23,21,25,20,21,18,16,19,15,17,21,17,17,17,15,15,15,15,25,27,29,39,44,42,43,50,57,62,70,75,75,29,22,16,11,13,15,16,13,13,9,13,15,22,29,41,37,47,48,39,47,36,24,42,43,58,53,58,54,31,40,50,59,63,66,76,78,81,78,67,55,50,47,54,56,64,63,55,35,29,40,52,55,56,44,47,58,64,63,67,65,62,59,49,61,45,33,30,31,48,46,49,58,71,53,51,37,34,48,53,58,56,48,50,48,53,31,83,54,35,32,42,66,69,82,50,48
4,7,0,8,15,2,5,14,13,16,8,6,4,13,12,1,5,16,12,3,4,4,16,18,20,16,14,17,16,18,13,17,11,24,14,0,20,16,31,17,2,4,2,5,0,8,2,7,2,10,12,10,5,3,3,7,16,24,40,42,52,57,56,63,73,79,81,83,82,49,25,16,14,19,23,21,14,13,10,11,14,16,20,17,24,39,43,27,29,30,35,39,42,49,51,50,43,30,28,34,46,53,60,70,77,69,70,62,57,51,52,50,54,53,49,41,39,41,34,40,55,56,35,48,46,31,43,55,54,52,47,53,55,51,25,32,42,48,49,50,58,58,75,60,34,43,53,50,47,73,62,70,82,81,41,64,39,31,30,35,53,75,84,49,44
25,27,33,10,22,25,30,32,43,40,22,18,24,28,31,27,27,26,42,29,22,24,37,43,41,38,39,33,36,34,28,29,36,52,45,32,45,41,52,50,49,44,37,30,32,43,40,43,48,46,41,48,48,29,25,30,34,45,47,50,54,66,74,76,80,85,86,89,89,62,39,18,14,16,19,17,15,12,10,11,14,17,12,18,14,18,10,17,26,27,21,23,29,34,26,23,37,30,21,24,34,41,47,55,60,63,63,53,48,52,50,47,40,39,34,37,47,51,45,36,50,58,60,61,52,50,48,45,47,50,45,35,34,35,42,48,43,45,44,49,56,64,84,67,50,33,70,63,100,82,97,102,118,86,59,49,50,21,27,49,59,80,62,54,49
31,40,38,39,47,37,43,39,59,54,47,49,43,50,45,47,45,40,46,50,48,43,41,41,42,48,50,41,40,42,40,44,42,46,51,47,36,42,60,53,53,45,43,42,55,63,54,53,50,56,58,64,63,64,38,28,30,38,46,56,66,78,97,91,85,90,93,93,94,77,56,36,24,9,14,14,16,23,18,20,22,25,38,45,35,25,31,34,33,35,46,40,38,30,27,43,36,34,20,22,26,31,35,39,40,40,42,40,44,51,50,47,38,34,28,37,41,42,37,36,44,44,66,64,58,46,47,45,48,48,38,39,29,32,37,49,43,42,38,44,48,65,87,73,43,56,83,74,99,86,90,101,76,89,90,45,70,30,29,48,67,66,70,41,47
33,49,59,47,72,64,62,59,70,69,58,49,57,62,67,68,70,64,61,58,48,49,53,67,68,55,63,60,68,71,63,54,52,55,53,31,30,46,74,71,70,52,54,63,62,66,60,69,64,63,58,62,59,53,46,40,39,36,37,51,83,85,108,94,82,89,97,98,101,92,73,51,33,21,11,12,12,19,22,24,26,29,31,40,68,78,65,65,76,76,57,54,64,60,47,52,23,18,21,21,22,23,24,25,24,25,27,28,36,39,41,41,36,30,24,37,43,46,33,32,34,35,46,39,41,31,43,38,44,43,28,36,37,35,49,41,44,43,37,34,37,56,77,72,76,104,80,79,112,129,102,113,91,108,114,75,68,51,39,47,83,89,85,65,48
76,63,72,75,80,72,60,62,73,94,91,76,69,74,82,81,81,84,78,71,70,59,68,70,65,48,62,66,66,58,52,47,46,60,55,53,54,67,73,78,72,59,58,69,73,72,72,71,65,64,65,67,69,59,57,49,40,38,44,59,90,97,108,94,82,88,98,96,102,98,87,67,50,50,28,18,9,11,14,16,21,22,32,37,67,75,76,80,83,72,68,69,45,22,15,21,25,20,11,11,10,14,17,13,13,14,17,22,26,26,32,32,26,22,22,31,39,37,31,28,25,26,25,31,34,36,40,49,44,39,27,35,29,35,37,43,44,46,37,32,43,58,69,79,95,106,99,79,110,132,83,135,144,141,146,146,97,67,51,67,81,108,90,91,64
