58,60,80,44,29,19,6,24,1,0,35,2,9,19,22,33,33,33,44,63,44,133,106,64,52,91,33,59,117,3,26,26,67,75,88,108,120,137,119,73,84,65,113,62,143,107,146,143,5,136,81,81,67,16,4,0,7,1,2,5,0,1,4,6,4,1,0,6,13,16,5,1,2,7,4,130,56,6,23,96,20,152,0,25,70,192,124,47,8,13,9,31,16,10,54,37,71,15,19,3,8,0,16,15,0,18,0,2,0,8,10,7,0,11,21,13,6,4,10,12,43
79,54,74,40,14,22,28,18,39,52,31,16,26,14,17,31,43,61,93,48,57,113,88,53,80,129,67,103,90,6,27,87,70,109,78,130,122,102,116,34,97,101,76,66,54,85,135,107,48,95,94,58,103,3,36,50,9,4,3,5,2,4,6,5,11,14,4,0,16,10,5,3,0,4,4,134,72,25,1,55,71,158,72,38,91,65,133,6,15,19,5,45,43,50,47,68,75,13,3,11,7,0,4,5,10,16,3,0,15,18,8,0,4,22,11,13,79,17,4,0,101
75,43,80,25,28,22,91,58,98,150,111,41,35,0,36,58,43,69,29,16,29,40,60,71,86,93,103,125,61,74,68,140,44,70,161,139,105,131,133,96,84,87,108,97,113,114,122,133,107,116,114,90,89,0,69,78,59,4,4,6,4,7,8,6,4,10,1,3,0,22,2,2,20,2,11,127,77,2,22,27,127,63,89,57,121,131,103,28,6,12,34,40,45,33,18,32,52,26,20,31,2,3,2,5,39,31,3,25,1,10,22,18,23,6,0,2,44,14,22,67,9
31,62,52,29,12,11,97,54,61,74,73,47,147,144,105,59,92,67,66,61,51,117,78,54,62,78,130,116,122,63,89,143,92,85,112,168,102,113,124,107,87,96,59,120,121,137,108,150,113,119,102,77,67,29,70,60,38,4,3,5,6,6,6,4,0,4,5,4,9,46,45,9,0,8,9,124,69,3,0,147,165,94,55,89,127,91,41,45,11,7,48,26,43,7,6,23,80,7,56,35,5,0,2,6,6,8,1,57,2,4,35,17,3,15,18,8,0,29,36,5,59
25,56,55,31,8,18,57,59,65,93,19,96,44,52,81,160,105,108,50,90,82,77,70,59,42,73,113,115,38,68,101,84,47,58,148,154,158,119,144,121,148,95,139,87,102,130,144,131,36,119,125,96,67,20,64,68,49,2,3,3,4,4,0,1,0,5,5,0,3,7,12,10,3,11,11,114,74,99,16,18,125,70,29,0,13,64,0,82,10,4,61,38,16,0,3,0,67,20,0,62,12,0,3,2,15,8,10,11,1,0,0,0,4,7,10,0,0,37,0,5,15
45,31,33,36,45,2,30,19,60,44,61,54,71,38,47,44,100,106,111,113,88,48,83,23,61,71,53,88,67,111,85,33,59,120,134,64,152,122,110,74,127,16,93,101,110,162,125,138,65,99,98,79,89,7,53,59,64,19,4,5,4,4,2,1,0,1,2,1,0,10,148,20,36,11,19,116,73,33,69,129,5,6,30,10,7,116,29,34,35,8,32,29,11,7,8,0,19,21,36,11,12,0,0,7,11,7,4,23,0,1,1,31,17,24,9,0,6,28,16,8,0
86,93,64,74,80,53,69,72,59,119,33,110,104,84,135,71,64,47,137,38,122,77,112,77,85,45,71,63,59,70,29,71,120,161,131,114,122,155,153,106,105,78,0,158,108,107,159,127,87,74,79,110,81,5,31,9,11,35,5,6,2,4,2,2,5,14,1,0,2,7,181,0,33,35,25,113,71,20,85,0,23,80,0,21,117,3,37,10,44,3,18,30,28,3,27,5,2,39,55,62,35,16,6,54,46,13,0,22,4,2,1,15,28,9,6,23,78,24,15,2,0
85,65,105,82,71,88,98,99,80,85,115,108,105,90,121,80,107,110,102,83,130,93,60,75,93,141,155,85,68,119,35,70,121,124,140,115,107,135,77,43,69,47,39,34,98,121,67,118,73,33,113,80,29,20,5,0,11,28,5,6,8,2,4,2,1,13,0,1,3,0,162,6,2,33,28,115,90,25,92,22,91,64,3,6,111,5,50,69,51,22,26,31,36,11,51,1,13,10,10,36,62,5,7,90,6,10,8,12,2,11,8,20,19,0,34,11,56,16,5,9,104
64,79,125,124,82,80,60,98,86,87,86,67,91,83,84,97,113,75,103,125,78,104,111,165,80,137,90,121,135,114,55,139,131,99,70,134,101,96,141,80,73,0,48,48,106,148,67,110,86,17,71,119,30,2,55,8,58,4,6,6,5,0,7,1,19,3,2,9,12,69,121,10,18,21,25,115,96,97,35,3,3,121,8,103,41,6,67,98,1,20,48,48,10,22,18,11,13,5,9,6,16,37,7,5,2,2,8,5,0,2,0,0,0,26,68,74,48,12,10,102,79
60,80,101,82,125,63,66,66,76,45,107,97,70,100,101,90,111,109,96,142,47,85,125,170,128,88,123,147,146,171,153,125,155,159,176,167,150,138,170,67,77,50,32,11,70,102,43,134,66,0,59,117,29,24,69,8,62,0,1,7,5,0,8,5,7,0,2,3,21,137,74,27,6,25,47,113,100,0,19,7,26,87,53,106,0,0,71,76,13,7,38,26,25,21,8,27,26,24,7,11,5,12,22,3,3,11,23,10,0,45,52,57,36,40,16,82,52,27,44,134,0
64,55,81,118,94,57,86,99,82,100,67,63,69,81,103,79,51,97,101,85,129,147,121,153,119,132,138,108,108,124,104,134,116,94,133,110,142,142,175,133,129,130,136,91,160,126,112,83,130,43,94,69,67,0,79,13,39,14,9,8,5,10,0,13,11,0,7,1,5,94,67,6,29,27,43,39,111,19,14,7,41,83,153,47,31,0,62,35,15,3,19,23,49,11,21,71,21,18,0,1,1,2,17,2,1,26,27,23,33,47,50,37,36,51,81,52,0,13,46,60,130
61,86,45,28,64,85,80,114,95,99,81,75,107,67,63,51,90,56,92,113,138,112,148,125,128,131,130,118,142,158,149,161,131,154,151,115,145,103,139,155,165,184,127,166,151,192,167,142,159,110,154,106,82,17,89,11,48,14,7,7,4,3,19,12,16,10,6,0,0,141,10,16,44,45,25,4,67,50,0,7,6,82,125,0,10,0,82,7,5,13,10,64,75,30,25,72,43,12,3,2,4,4,1,0,16,32,28,1,0,11,18,41,20,0,33,18,63,8,113,2,48
75,56,26,17,30,3,63,87,104,80,101,37,51,14,123,57,58,42,41,75,156,99,161,108,95,113,90,121,85,143,91,64,137,136,123,121,119,103,140,124,112,147,145,190,148,155,176,159,168,126,81,99,116,15,62,40,95,81,25,48,1,0,2,14,8,8,8,3,152,183,0,11,35,27,4,159,98,20,0,14,31,69,79,17,0,0,73,12,10,5,0,25,13,28,40,34,11,11,6,1,24,15,8,40,31,26,27,9,47,59,32,14,44,18,49,16,34,131,132,78,3
124,118,126,5,37,4,44,105,62,66,49,90,82,144,101,59,62,103,92,114,60,68,1,194,107,147,128,106,134,126,123,150,118,97,135,137,147,168,165,93,159,72,144,114,154,178,166,143,77,158,185,152,172,167,140,157,138,122,70,81,93,89,7,0,15,10,2,22,0,36,0,16,10,21,123,109,81,11,11,64,57,2,38,17,0,12,95,0,0,29,242,246,217,7,9,65,55,1,10,10,5,18,71,42,40,24,15,3,8,34,44,7,1,21,5,10,40,121,45,34,0
57,81,24,91,70,28,29,104,54,65,32,44,106,114,119,99,100,149,56,80,107,99,169,117,123,130,131,148,142,98,173,155,92,102,104,121,140,102,107,98,102,114,117,82,160,105,127,128,156,143,146,144,144,166,145,96,143,125,124,107,81,52,67,137,24,44,118,33,23,159,27,12,19,11,53,90,74,52,0,74,106,90,56,4,23,7,140,200,239,244,240,234,241,242,23,2,29,0,3,6,22,35,36,62,25,50,58,59,59,35,45,5,2,19,43,26,111,51,108,132,1
43,103,40,22,0,114,52,44,81,64,59,61,69,108,33,137,85,64,117,145,132,87,148,143,114,80,135,143,125,120,150,84,180,74,129,122,136,135,175,182,167,137,120,157,107,108,24,108,147,165,154,117,154,191,191,180,166,147,124,122,110,46,95,125,128,134,136,31,85,99,20,12,56,82,50,107,77,105,77,47,61,113,74,5,100,227,246,235,240,244,243,236,245,232,249,135,0,23,25,30,35,12,75,63,51,60,32,27,0,15,47,15,26,19,0,131,7,0,157,11,3
36,35,35,73,34,26,63,78,80,57,60,80,56,8,76,105,85,93,117,55,62,117,134,55,88,57,84,45,110,153,127,144,89,157,134,107,99,111,169,62,102,108,131,195,168,95,120,111,148,121,151,133,101,114,155,166,124,107,61,109,77,57,156,111,186,158,64,131,129,107,36,51,7,43,31,52,98,77,120,25,11,11,103,208,237,240,243,246,246,244,244,242,236,236,241,236,244,76,126,134,26,2,8,24,14,12,18,12,4,43,46,41,16,9,3,70,36,10,1,13,0
30,10,34,67,45,45,67,40,107,40,87,69,69,106,119,146,119,123,57,62,92,58,89,135,66,129,121,98,112,41,93,133,144,175,120,134,121,158,204,136,135,156,112,93,148,119,134,115,172,45,183,144,159,103,81,131,109,140,89,122,71,48,103,83,156,155,167,137,102,74,13,5,17,0,2,7,18,10,48,39,60,160,246,245,242,244,246,247,243,243,241,238,235,236,238,242,236,240,224,178,21,18,16,9,0,14,14,21,17,37,56,37,26,0,132,13,66,6,24,3,12
102,63,78,89,92,87,110,95,86,132,86,120,42,118,52,68,74,43,56,64,66,56,57,120,130,126,139,90,55,90,74,143,69,134,146,89,132,100,192,88,90,86,98,132,170,133,154,121,133,171,132,158,155,144,160,134,114,98,135,82,113,96,110,98,137,147,174,178,177,137,54,27,33,44,20,0,51,82,35,48,233,233,241,238,239,240,241,242,241,242,237,237,236,234,237,233,240,233,191,188,198,88,29,30,25,21,7,4,11,14,15,4,16,40,0,2,3,6,31,1,5
156,121,57,70,99,78,81,100,127,103,119,160,169,33,49,11,108,90,111,79,61,64,105,65,171,129,140,112,99,138,77,112,30,50,93,136,66,139,193,182,168,163,67,34,136,153,147,142,154,135,131,98,167,126,162,111,107,136,134,134,107,87,115,96,102,173,160,193,183,186,191,171,181,105,84,157,153,88,166,255,244,240,240,247,241,242,244,240,238,236,234,233,233,232,230,229,231,230,214,208,203,151,80,39,16,35,50,54,5,38,19,14,4,11,16,0,18,51,19,1,1
51,81,99,107,110,75,150,97,75,106,74,103,64,114,127,139,123,95,101,139,126,155,194,172,158,93,137,128,167,123,105,125,183,140,141,124,145,136,148,136,99,159,200,153,149,121,156,121,97,107,132,135,98,103,75,121,124,70,90,56,144,203,156,111,0,152,162,131,202,185,191,179,179,197,145,195,196,234,243,243,242,242,242,242,242,242,242,240,238,239,236,233,229,230,228,226,230,227,222,230,227,195,15,43,26,9,0,0,69,43,21,38,6,0,1,14,13,17,16,3,7
99,108,20,116,63,55,132,125,157,87,104,116,70,106,44,111,91,182,140,162,114,122,137,150,122,128,183,111,166,118,140,156,133,166,124,127,149,81,121,77,159,158,87,105,148,165,96,118,63,88,93,149,75,134,107,112,99,125,40,86,52,128,148,117,191,162,123,133,127,196,194,169,197,170,173,206,244,243,240,244,242,242,243,244,245,243,240,237,234,233,229,229,227,223,230,227,224,225,224,213,225,213,58,28,22,11,71,95,48,39,33,41,25,21,66,19,9,4,23,8,0
60,58,80,115,119,103,103,94,137,98,103,172,89,115,173,166,110,115,185,135,98,154,122,129,160,159,140,170,138,0,120,50,77,118,103,140,146,116,113,133,84,148,111,145,122,99,39,53,16,137,142,181,102,139,75,121,83,80,94,120,144,80,136,141,146,159,136,157,140,145,158,180,181,171,223,245,239,241,239,242,242,243,244,246,245,243,241,236,232,231,229,223,222,216,222,228,225,222,218,213,214,225,13,50,11,20,30,47,44,50,38,57,79,77,58,86,14,7,2,8,2
86,73,94,113,93,124,91,62,51,121,149,98,66,103,140,148,108,170,108,95,120,151,157,159,144,173,164,78,120,106,92,140,87,177,88,157,140,107,57,107,127,88,166,173,110,73,59,104,124,140,182,116,69,138,109,119,119,140,8,149,144,195,124,80,89,73,99,102,123,126,155,169,193,236,235,255,250,253,250,246,247,247,246,246,245,244,241,236,233,233,227,225,224,216,215,220,216,220,219,206,211,211,60,53,48,30,43,60,80,91,113,60,61,43,46,0,17,0,2,5,8
64,73,104,113,84,139,125,32,138,90,97,104,53,114,61,119,148,133,120,42,159,140,156,118,73,68,179,160,177,156,169,177,202,48,124,123,146,148,116,117,111,101,158,149,141,76,101,200,165,135,149,154,127,121,137,125,157,134,125,177,145,95,130,113,83,116,122,107,146,184,131,180,167,247,249,248,250,248,248,251,250,250,246,244,243,242,240,239,235,232,231,226,223,225,216,217,220,214,215,211,204,200,205,63,53,50,73,21,27,65,81,4,4,8,5,5,76,12,11,5,0
69,69,29,48,71,80,97,127,99,120,122,53,83,107,114,12,109,114,68,120,110,109,200,179,134,171,144,76,80,113,109,96,54,138,195,157,153,158,138,149,185,59,165,139,144,139,144,173,180,134,162,155,152,173,195,131,146,151,134,151,108,176,163,97,146,76,159,165,175,158,205,236,251,239,236,242,245,249,251,248,246,246,247,244,243,241,240,240,236,235,236,234,229,230,220,212,216,216,214,206,205,208,207,151,33,50,17,0,36,43,47,34,36,30,8,39,37,60,19,29,33
125,46,101,93,53,88,106,56,72,129,121,138,86,61,107,112,55,112,121,147,83,122,197,93,153,145,109,128,186,73,114,95,180,168,156,205,198,182,190,90,151,179,165,147,82,151,152,143,136,179,170,166,138,166,181,191,181,158,181,174,189,136,174,209,172,188,201,200,217,236,255,250,241,243,238,233,233,236,241,248,248,248,245,243,241,238,236,238,238,239,240,238,237,231,227,223,219,205,210,195,179,188,209,211,68,0,61,19,8,28,59,64,49,25,10,15,32,69,60,21,1
92,57,58,90,116,132,89,145,131,114,65,94,105,68,83,99,85,107,101,97,136,85,128,83,134,145,110,113,163,170,135,138,160,132,152,125,118,140,156,156,152,160,169,128,108,140,181,150,167,106,150,177,171,186,193,141,170,163,161,156,147,169,169,125,190,232,228,241,247,245,239,241,238,240,242,240,237,234,231,231,239,245,248,248,245,239,237,237,237,241,240,235,230,227,223,215,212,214,197,201,184,179,208,173,93,92,36,29,55,37,50,64,35,5,8,12,18,6,63,42,0
62,48,3,43,52,64,76,44,132,120,153,103,162,101,154,165,106,167,139,156,178,174,144,95,184,139,123,175,127,169,130,152,105,121,130,173,159,164,206,112,108,148,200,146,148,173,132,158,176,121,153,151,181,171,202,125,155,170,202,179,159,134,160,203,216,238,240,242,243,241,240,236,235,232,238,243,241,236,230,225,226,226,228,234,240,240,240,238,234,236,238,237,233,227,218,220,210,203,193,183,195,162,188,216,165,118,141,90,110,0,80,72,53,65,5,16,43,34,41,50,23
100,70,165,74,0,40,24,69,85,66,75,75,52,164,150,139,147,52,101,145,132,117,138,134,154,166,119,158,171,157,124,88,158,104,151,178,156,181,186,136,132,153,148,177,171,109,77,161,181,129,109,134,167,187,151,137,179,195,164,130,144,152,105,15,232,159,242,243,240,237,236,232,230,227,232,238,241,240,232,230,228,226,225,236,240,241,240,243,242,243,240,233,230,227,222,214,202,192,181,187,179,167,192,188,202,113,143,132,78,113,72,78,66,51,43,3,16,54,75,47,16
59,65,161,0,103,90,91,39,53,132,90,100,66,132,181,66,158,117,99,127,181,160,177,164,94,119,199,180,184,174,194,192,178,81,154,93,113,147,152,82,140,133,107,178,81,121,62,102,97,120,187,160,89,170,155,133,154,159,126,9,85,58,71,77,21,209,243,241,233,231,230,225,223,220,226,234,241,228,238,235,234,233,227,236,237,236,238,236,236,237,234,234,220,216,210,206,189,179,152,159,164,162,174,195,209,94,126,127,143,142,101,49,53,16,4,27,0,9,55,81,2
88,40,0,0,40,4,133,122,133,109,97,127,107,95,129,88,42,93,74,176,64,78,112,137,69,88,129,102,172,148,195,142,134,78,89,124,127,90,179,161,184,186,180,104,132,116,94,60,80,92,132,201,55,69,132,150,143,143,67,55,142,81,25,52,213,228,244,236,229,223,221,217,215,214,220,240,237,242,243,243,242,228,220,216,222,219,216,223,222,223,222,218,217,209,203,198,176,171,165,175,149,150,178,177,189,147,136,144,134,95,56,34,21,54,45,8,11,20,15,6,25
54,72,83,78,62,47,49,130,6,52,98,4,147,101,98,135,51,167,85,130,169,133,123,114,139,188,107,143,155,139,99,184,118,147,204,137,145,150,169,175,127,122,94,9,138,61,144,140,123,95,100,164,112,105,64,63,66,95,180,148,162,51,41,210,246,243,235,229,228,220,211,205,210,210,229,241,228,240,244,243,239,230,211,192,203,206,207,213,217,212,215,213,213,215,207,203,194,163,167,170,152,154,163,171,171,122,98,96,91,114,92,90,33,54,116,39,0,17,15,1,10
54,38,67,56,93,84,81,71,63,43,73,105,113,125,85,147,149,94,90,153,151,93,171,98,65,90,153,183,118,181,79,125,75,30,95,109,62,91,128,117,121,116,134,140,132,163,21,34,133,107,57,143,87,41,60,108,124,74,109,118,58,222,242,247,238,239,231,230,223,211,201,198,209,215,224,229,224,237,237,241,234,226,213,195,164,200,207,210,220,215,202,218,212,211,217,211,207,195,178,173,164,141,151,173,173,82,108,134,158,111,121,179,101,141,130,174,149,105,31,0,4
38,84,36,77,65,70,58,68,71,82,79,68,96,88,66,57,113,97,136,116,102,130,119,165,121,137,149,137,144,104,80,132,72,107,80,103,202,208,92,102,146,134,155,89,93,119,52,37,96,142,157,70,88,82,39,25,102,93,164,7,142,214,248,246,239,237,227,209,213,205,198,207,218,211,223,215,225,227,240,238,234,227,208,172,156,163,204,207,207,209,215,207,204,215,212,213,212,210,190,181,167,153,143,156,159,117,156,131,153,149,175,142,162,136,95,105,111,60,78,47,58
2,2,72,128,61,24,1,56,47,63,52,82,82,58,37,119,119,104,132,147,140,192,152,46,54,107,156,60,88,120,87,151,98,110,135,154,108,70,106,161,140,103,113,141,79,114,134,9,139,20,135,48,98,134,81,76,118,100,74,177,143,255,245,241,238,232,224,218,208,215,219,211,207,202,217,201,232,218,239,237,230,222,202,189,160,176,189,194,201,206,192,183,203,200,198,206,205,220,222,190,182,190,141,126,146,163,163,169,158,156,114,131,121,98,106,108,100,61,48,25,55
105,83,78,31,48,97,144,75,110,68,93,78,72,79,15,100,79,155,137,128,110,134,129,106,63,72,59,25,61,139,63,66,131,72,92,83,130,85,131,140,69,171,189,169,123,94,100,2,116,150,111,101,109,120,150,3,22,34,63,91,229,241,245,236,233,224,213,220,217,223,212,206,191,198,196,176,227,227,236,234,227,220,204,192,159,180,173,190,193,195,188,203,196,173,199,187,188,208,184,185,191,183,154,121,123,131,143,168,169,128,132,133,101,138,129,152,116,142,98,76,89
150,97,82,83,36,29,14,99,97,149,108,104,80,34,153,137,127,138,129,109,109,113,88,75,56,74,133,41,50,55,44,145,155,143,16,107,138,135,51,102,97,101,106,204,134,87,166,124,157,136,78,77,164,91,80,105,139,138,144,240,237,239,230,225,227,232,225,229,220,211,199,198,173,183,177,156,199,245,232,221,215,213,203,189,180,178,173,180,194,182,182,191,197,190,176,191,194,184,202,181,191,178,179,123,99,144,157,125,92,90,141,181,150,124,118,99,146,145,182,157,132
65,0,128,75,63,43,99,89,108,90,131,123,80,86,116,117,152,72,107,30,117,103,87,65,13,23,58,66,100,69,31,74,122,132,159,51,123,0,123,199,195,180,161,179,184,152,168,157,101,92,71,110,170,165,135,147,145,204,238,238,232,225,217,224,224,221,228,231,226,212,190,182,150,168,142,134,178,239,226,212,207,207,201,192,184,173,157,167,171,162,162,149,177,164,179,179,171,185,188,183,194,188,188,161,97,120,138,165,140,120,119,115,112,122,122,121,120,73,115,110,90
28,6,2,150,65,95,54,101,124,73,124,59,136,100,117,55,69,98,17,114,65,86,127,99,16,10,68,89,14,187,42,62,96,112,40,185,59,96,56,95,139,163,129,177,94,107,47,153,149,122,135,175,184,135,142,190,246,249,240,235,229,221,220,226,225,210,217,222,222,211,180,154,157,136,155,22,231,228,225,214,208,206,193,177,179,155,154,171,168,162,156,167,171,172,169,161,168,146,156,186,183,172,169,183,135,107,140,151,123,126,165,129,136,87,95,132,31,157,87,109,70
79,97,58,81,105,69,100,69,141,144,72,111,76,69,84,184,64,54,146,124,68,96,112,73,72,91,68,64,19,8,126,0,182,147,101,155,212,147,199,109,155,135,103,170,141,80,116,163,138,165,146,104,199,212,247,245,245,243,240,236,226,224,224,228,225,217,214,202,215,209,178,122,114,150,73,0,236,238,231,219,208,203,189,165,180,174,154,155,165,168,142,157,148,122,150,138,155,128,131,144,175,163,171,158,176,171,121,57,136,208,159,152,121,140,154,113,58,65,119,75,95
67,57,91,73,57,40,72,137,174,133,187,104,58,115,40,75,118,207,56,113,123,78,91,70,21,59,88,13,54,31,8,114,132,142,129,169,125,218,210,163,97,130,186,182,140,139,191,204,195,196,180,193,248,248,248,247,247,241,235,231,227,225,219,222,225,200,204,206,199,182,129,136,137,90,20,29,235,255,226,222,206,199,187,189,184,174,161,180,157,141,123,134,135,122,111,127,123,124,137,127,146,142,157,167,165,157,211,200,169,179,148,136,121,116,80,53,20,76,98,137,63
36,88,140,144,53,9,111,147,55,79,148,59,128,0,125,8,88,72,171,161,103,85,79,36,57,70,73,138,66,130,159,137,102,162,131,97,183,164,124,192,151,132,131,150,140,139,115,163,162,135,197,255,244,244,246,244,241,236,234,228,225,223,218,219,216,200,199,190,168,129,137,149,54,35,54,106,252,240,229,221,208,201,198,177,166,179,169,172,145,133,129,129,119,117,109,103,105,100,126,127,130,136,119,149,141,132,144,131,151,114,162,100,144,140,107,78,47,74,120,102,102
63,44,0,134,100,80,40,49,24,155,98,136,28,170,74,126,130,118,2,118,44,13,99,75,44,122,143,114,117,180,154,159,95,133,121,124,96,106,127,123,147,191,139,121,122,136,82,128,188,226,247,249,240,251,244,238,234,232,233,225,224,220,218,213,202,185,187,160,118,149,136,20,46,24,55,188,192,233,230,218,210,200,193,181,175,177,160,117,114,119,124,117,108,102,97,95,94,86,99,112,126,108,113,106,116,105,166,136,168,142,134,124,143,153,86,119,94,154,117,101,78
81,51,89,117,124,163,154,159,137,126,133,105,150,0,128,116,56,68,133,138,156,156,176,179,207,128,122,113,174,151,147,113,174,202,149,132,154,130,143,163,179,88,110,145,109,110,153,107,248,244,241,249,239,240,237,233,226,227,228,210,212,202,204,202,180,157,155,105,118,81,64,43,35,51,76,90,225,218,223,222,211,214,202,207,202,186,152,141,115,115,105,101,105,91,76,60,64,71,93,76,91,96,83,88,106,133,86,82,116,149,92,84,79,98,77,105,141,129,125,67,83
55,61,55,94,33,102,40,60,49,102,81,77,24,110,116,136,59,84,124,145,60,125,113,92,165,155,117,190,220,175,121,111,94,127,179,127,112,171,107,183,111,102,178,38,149,87,232,242,243,237,239,239,232,221,209,214,215,215,213,224,202,192,180,163,148,149,143,110,112,50,54,54,68,93,65,203,194,205,187,212,219,213,218,208,195,174,157,132,136,119,102,99,92,68,59,42,53,59,67,75,68,69,91,117,133,89,80,95,141,112,38,135,97,124,123,58,106,106,132,103,73
65,52,69,64,71,58,6,79,68,101,76,73,109,167,116,77,7,101,147,29,134,73,160,113,165,125,129,103,138,201,148,168,86,98,165,188,162,163,187,160,143,143,162,112,130,255,247,245,231,238,227,218,218,212,201,194,200,202,208,210,194,184,150,147,126,112,96,120,123,88,75,82,83,74,73,145,161,157,164,210,210,213,207,202,183,174,172,153,152,143,136,128,122,84,41,35,42,57,88,116,135,136,142,155,165,121,127,135,98,146,129,144,102,98,75,116,142,160,112,110,135
129,35,18,44,84,57,42,71,88,142,73,43,130,78,92,40,81,111,175,17,125,19,98,157,180,100,170,140,167,106,127,110,157,132,117,200,162,80,132,105,217,124,139,219,252,232,240,235,228,219,222,222,201,190,186,172,177,186,169,173,166,143,122,132,99,94,112,165,122,99,75,71,57,78,88,94,114,127,149,164,195,190,176,160,160,165,146,148,140,140,127,127,131,137,134,148,173,189,185,192,205,192,186,166,130,126,120,125,163,184,191,145,63,62,119,82,84,42,112,111,95
58,62,153,108,52,41,97,104,2,68,52,77,17,26,165,72,51,116,47,225,101,81,137,146,172,128,111,140,127,128,121,134,163,141,132,198,145,52,183,210,186,173,237,242,243,239,232,224,214,216,223,204,191,171,160,165,138,125,124,138,131,120,116,112,95,104,216,226,115,107,94,74,69,67,72,80,91,104,103,116,176,206,210,215,228,226,227,216,181,126,126,132,138,131,146,187,202,205,196,202,209,202,190,173,153,126,97,124,118,105,114,139,140,131,136,118,50,59,72,79,69
183,87,72,68,62,50,79,47,80,63,87,0,76,134,52,148,50,96,77,56,43,134,150,127,93,143,117,164,168,179,113,184,0,151,192,195,164,172,125,189,226,247,242,243,238,227,221,216,218,205,216,210,196,168,143,113,114,81,90,106,120,116,92,90,111,227,233,229,131,109,92,76,63,60,62,78,125,244,243,252,236,233,221,230,214,216,208,205,218,231,222,224,224,227,221,215,217,221,227,226,229,200,171,159,124,93,68,169,127,147,92,85,112,127,140,131,104,78,125,112,109
104,86,126,102,83,110,90,45,69,28,43,74,150,146,74,152,95,153,59,147,139,131,119,94,110,112,96,193,123,152,141,155,169,74,141,210,126,225,242,238,237,240,240,239,229,209,192,188,190,201,172,192,168,152,148,115,77,70,77,102,92,88,110,122,245,248,238,232,164,124,88,72,70,68,71,77,160,242,247,244,203,165,157,129,100,99,80,78,142,180,217,213,215,227,229,231,228,227,227,224,234,190,173,140,116,78,59,168,152,127,126,149,118,214,98,140,174,71,31,155,157
33,108,16,131,64,50,7,176,129,99,58,63,31,127,102,65,96,144,68,48,127,82,83,118,116,136,169,94,103,131,123,149,135,180,212,243,239,236,234,245,239,242,234,225,213,198,184,145,164,152,171,153,162,106,97,88,79,55,75,93,91,114,106,235,242,252,255,245,198,115,82,78,70,67,71,78,219,250,199,159,156,143,75,59,48,45,45,85,83,114,157,204,213,212,223,225,227,226,228,227,242,240,167,120,80,81,65,148,158,68,123,123,140,166,89,76,64,66,71,50,87
103,46,49,67,104,46,77,126,188,140,103,64,67,97,163,115,120,150,119,135,51,103,73,129,176,142,112,151,54,172,184,228,240,238,238,234,239,237,238,239,230,222,218,187,183,181,121,110,147,153,119,120,127,95,58,64,65,66,78,91,112,107,254,251,239,234,253,248,141,101,90,78,66,67,77,46,255,245,173,158,148,136,96,47,42,37,26,27,36,65,94,126,169,196,211,207,220,231,225,225,221,224,239,226,132,35,73,180,204,179,170,153,88,50,66,76,55,53,50,125,71
64,51,59,105,145,144,171,158,171,204,205,160,87,149,121,150,178,176,148,142,158,149,199,101,154,122,203,211,250,234,245,237,235,236,234,236,232,233,228,208,203,177,156,138,141,150,98,49,97,94,110,98,58,81,81,45,47,69,95,116,121,227,229,251,255,185,198,243,133,98,87,66,62,72,76,73,255,187,165,142,114,88,53,41,30,26,24,20,28,19,32,58,109,148,166,181,203,211,219,196,176,197,187,200,212,219,92,53,67,59,112,85,114,116,65,60,74,56,66,86,81
88,117,113,100,136,158,169,117,166,115,64,58,112,20,120,164,151,204,202,183,201,192,219,233,231,245,231,235,232,234,234,240,233,233,226,215,211,203,185,163,142,119,111,100,104,83,87,64,53,38,35,58,39,39,56,60,73,90,99,166,249,234,240,245,255,78,72,62,58,84,62,62,70,71,81,122,250,217,170,111,79,55,34,32,24,20,22,23,14,7,25,49,49,87,111,147,171,174,181,184,198,215,137,180,178,221,88,110,128,157,85,122,102,88,57,65,48,46,43,45,81
133,88,125,99,73,72,79,96,99,135,187,168,193,246,194,209,218,210,216,225,214,230,229,228,229,232,234,221,216,217,223,223,210,217,205,186,175,149,129,103,86,92,72,69,58,61,53,62,58,55,62,54,56,68,81,76,105,103,221,249,242,253,131,42,27,56,48,51,59,36,31,54,65,70,82,171,244,221,184,123,82,68,43,23,18,24,23,24,17,15,18,31,8,42,153,184,188,170,175,190,201,152,109,149,205,243,214,121,175,160,131,165,37,102,90,71,64,64,62,69,65
70,49,62,72,116,173,195,204,216,216,218,189,172,80,98,90,141,133,134,131,179,136,175,171,187,184,177,201,206,205,210,201,180,159,157,109,99,86,72,75,64,73,56,68,70,78,163,106,0,43,56,156,85,88,51,125,115,115,217,238,245,120,72,67,65,65,57,53,94,103,71,25,32,57,75,209,245,221,186,155,107,111,116,115,92,62,47,5,8,45,45,10,154,187,163,96,85,86,100,118,146,135,139,187,214,236,231,231,131,137,94,56,60,145,142,60,88,82,79,80,42
62,75,83,143,193,208,213,223,228,182,81,46,137,24,30,32,62,63,56,62,59,39,75,119,134,139,186,188,190,181,165,140,139,108,74,76,60,41,50,42,98,166,145,94,89,71,116,61,69,76,66,205,159,75,11,125,229,117,231,233,234,51,73,74,68,70,64,55,84,108,117,91,44,50,73,198,232,228,194,169,142,130,118,121,130,152,157,145,133,123,146,222,149,58,55,53,62,70,76,87,80,116,191,217,225,230,231,226,166,68,96,86,90,182,138,152,139,121,67,15,109
71,113,83,161,193,212,229,227,196,95,53,7,146,73,38,54,65,39,59,15,14,23,85,95,101,140,133,145,158,109,105,109,56,61,48,45,61,76,83,114,160,56,132,106,105,197,73,131,64,162,173,169,143,71,179,235,60,180,201,199,132,72,60,65,62,67,64,50,77,118,116,121,91,34,63,209,236,233,216,180,156,139,132,164,150,136,146,184,202,219,160,19,47,87,98,59,40,8,0,5,47,106,189,224,226,234,231,221,222,226,219,208,197,156,206,183,126,149,92,116,46
102,65,124,179,196,209,212,224,163,40,31,21,144,11,39,41,17,44,19,8,14,23,44,63,76,100,79,81,96,55,63,34,46,54,66,100,89,99,103,118,91,75,92,89,39,40,150,57,5,158,126,133,174,194,169,111,132,160,146,178,7,10,126,52,60,63,66,50,79,110,118,126,119,76,45,201,236,236,194,191,162,143,151,148,154,203,238,242,248,246,246,252,238,236,240,237,237,248,236,236,208,177,152,217,243,242,240,238,225,220,227,147,188,175,146,206,138,153,116,93,83
107,101,157,195,208,190,209,194,145,63,69,96,131,3,27,16,11,26,7,24,30,30,37,34,35,60,58,47,37,50,55,47,68,103,97,158,147,85,141,140,104,188,151,143,130,12,9,77,173,22,69,31,167,117,207,146,0,143,116,121,34,156,0,46,52,59,59,61,88,108,116,119,135,111,57,131,225,240,204,170,172,170,134,123,160,245,250,246,246,245,245,244,242,240,241,242,234,237,236,232,236,96,114,242,245,239,237,238,234,225,218,215,177,136,135,103,78,0,127,78,103
77,103,128,189,203,204,204,197,170,33,1,9,71,0,5,5,17,27,16,19,15,20,13,35,19,26,41,24,42,20,76,184,189,207,186,120,91,156,128,135,144,80,113,90,82,18,6,104,0,43,50,212,93,182,117,88,184,124,158,59,0,174,25,21,38,43,43,65,93,111,111,123,141,147,129,132,239,209,205,192,172,180,150,141,169,252,248,248,247,247,246,246,247,246,242,237,238,228,241,174,248,247,229,216,197,216,209,238,238,238,228,209,190,158,184,191,16,36,130,145,92
68,70,99,159,170,177,175,164,129,37,13,15,0,115,22,28,28,57,58,32,11,27,19,18,11,22,36,39,83,197,223,206,219,222,247,239,251,222,247,187,31,49,56,50,51,49,36,77,161,30,144,2,80,5,25,51,4,115,178,124,170,5,12,26,23,30,33,67,88,106,113,126,128,146,117,223,240,226,202,201,190,205,165,174,254,242,247,249,249,248,247,246,242,236,233,233,231,236,145,75,198,230,171,140,16,2,1,42,152,209,214,213,171,167,130,147,104,61,65,97,65
27,65,35,95,140,189,151,156,109,77,35,27,29,141,5,18,22,51,24,36,20,8,16,7,28,39,24,65,47,98,38,84,20,143,55,106,112,82,53,103,95,59,42,60,62,60,103,0,118,68,83,136,139,88,48,56,76,73,128,82,174,18,4,9,12,16,43,65,81,91,100,107,125,114,178,255,237,203,205,177,197,209,229,201,233,247,247,249,248,247,246,243,241,239,238,234,237,139,92,237,222,113,0,10,10,3,8,16,59,179,206,203,181,176,156,137,57,103,56,88,88
14,32,43,50,72,101,138,136,145,137,128,89,39,8,96,21,22,56,8,19,44,15,20,32,41,100,107,117,165,137,148,193,166,190,99,10,36,99,8,43,50,24,6,30,9,4,41,66,156,0,72,148,0,25,2,41,58,7,65,160,1,1,23,0,7,3,43,43,44,49,71,83,61,188,252,229,211,197,197,223,200,218,210,196,234,249,247,246,244,243,245,241,249,242,239,252,145,81,252,247,203,61,12,12,4,8,3,8,40,188,194,193,179,194,152,157,64,114,104,104,36
9,14,44,52,73,81,135,139,164,136,136,119,48,44,162,1,10,45,33,0,60,30,37,49,1,21,56,136,180,149,132,102,2,130,167,64,34,6,39,57,36,60,37,64,10,48,23,11,91,86,73,177,17,50,41,29,38,25,5,185,138,69,25,42,47,11,51,68,123,193,210,217,255,255,237,180,203,195,189,192,221,213,217,243,111,246,248,245,244,244,246,254,246,237,244,142,84,232,233,231,201,103,12,3,7,8,4,4,57,171,175,197,194,119,108,146,62,93,145,158,144
19,43,106,158,185,152,117,161,163,158,169,112,53,22,68,15,29,28,18,0,95,43,52,99,47,55,8,10,58,31,62,8,105,74,116,0,98,106,18,63,45,0,33,11,27,36,11,128,133,138,65,171,5,27,14,5,0,104,153,15,185,18,14,28,5,7,109,249,255,228,237,241,244,247,245,219,196,195,197,206,217,214,239,215,206,241,249,247,246,247,248,241,244,251,184,78,201,240,235,229,193,141,24,8,5,7,60,17,54,164,174,128,179,169,172,156,137,101,114,146,16
26,81,122,153,141,117,111,132,151,137,138,151,97,58,0,113,18,18,29,35,73,30,9,95,22,3,6,9,0,17,0,51,0,20,9,188,16,42,31,4,3,20,29,90,103,133,187,68,170,132,0,116,102,152,1,46,135,146,192,169,217,61,114,97,33,39,205,255,121,254,235,227,227,233,240,211,173,184,206,227,212,227,47,0,143,252,251,247,247,247,246,242,253,212,95,168,251,249,235,221,199,185,55,6,7,6,3,8,99,118,191,145,121,126,125,138,46,102,84,69,122
31,116,128,105,77,65,110,84,91,120,110,104,83,57,25,121,0,22,0,67,50,89,29,10,41,11,0,9,6,13,98,173,122,0,206,20,16,17,22,10,178,183,114,150,70,211,0,115,58,155,130,177,146,179,18,117,166,179,190,184,172,109,160,148,57,185,134,118,229,244,220,210,209,224,224,174,172,203,231,233,232,77,50,241,247,252,246,247,247,248,248,242,242,105,104,246,248,237,234,229,210,194,68,8,5,4,10,75,188,218,196,167,129,99,78,134,74,85,104,105,167
60,0,41,45,27,96,51,38,82,73,46,17,36,35,29,3,103,23,0,14,32,120,7,7,0,12,0,13,28,27,5,32,130,178,156,54,0,21,18,0,95,124,158,132,202,199,220,104,83,147,224,110,185,151,5,194,63,207,92,108,104,180,181,156,142,154,114,192,149,236,231,240,245,252,220,192,232,239,229,119,95,164,254,245,249,248,248,245,250,251,244,255,112,71,255,250,241,233,229,230,212,176,29,11,8,3,90,197,230,201,199,162,131,106,115,136,109,125,101,139,78
58,22,0,3,77,51,64,85,43,20,25,36,15,4,9,28,126,0,3,2,28,99,48,12,0,3,28,7,1,7,0,0,127,22,116,187,148,59,47,10,145,97,0,73,90,117,38,43,141,190,201,178,148,189,135,171,119,171,163,157,34,90,144,150,153,56,129,170,146,246,252,240,250,250,251,203,110,14,40,55,190,255,251,245,248,249,249,251,252,236,250,134,98,171,230,241,234,210,211,228,227,139,0,2,9,69,217,231,211,209,194,150,113,92,96,91,40,39,99,68,76
87,72,7,80,12,104,35,6,18,15,19,7,1,0,0,2,0,140,0,0,101,9,10,57,120,18,0,3,12,27,50,222,218,130,48,11,129,171,173,159,162,160,156,135,138,138,72,106,100,112,75,201,176,136,108,24,187,206,165,150,207,88,109,126,103,120,188,195,179,222,243,222,248,250,251,254,255,232,228,218,249,254,246,247,247,249,250,246,241,253,167,115,92,255,255,235,230,220,214,216,228,173,22,9,72,210,225,207,207,203,186,146,96,69,70,68,79,71,66,30,98
102,104,121,11,108,5,6,16,63,76,74,63,30,5,0,35,0,77,115,115,102,114,114,0,146,122,150,165,156,139,118,135,36,2,136,5,115,1,120,144,166,171,157,185,150,182,199,147,129,158,176,224,130,118,116,217,193,133,81,138,116,83,117,153,151,189,130,138,86,144,164,219,239,239,244,249,253,244,242,250,245,245,248,248,237,249,253,249,248,196,105,16,225,239,248,236,235,233,234,229,226,200,86,137,218,232,212,206,198,178,177,111,56,48,52,56,31,54,113,159,124
121,50,101,99,83,0,3,5,0,49,0,12,0,37,95,72,67,75,82,125,126,143,113,178,162,120,113,131,113,62,16,93,162,180,165,67,61,132,48,96,166,140,186,179,128,173,4,48,112,189,25,142,198,135,165,12,170,226,126,161,104,138,147,131,153,194,111,169,195,130,102,111,125,231,239,244,247,245,245,247,244,244,245,239,244,250,250,242,231,112,67,110,255,249,238,239,231,225,231,226,218,198,182,217,238,193,200,210,201,186,159,103,55,49,59,65,65,184,77,115,2
195,39,0,50,135,37,16,0,34,57,0,0,74,129,166,198,191,207,180,180,130,109,146,112,97,100,101,82,114,112,104,133,174,171,177,162,158,143,187,152,216,132,89,101,149,167,169,150,80,50,177,142,102,89,130,217,0,99,169,146,159,130,135,68,202,162,152,193,148,181,190,148,129,45,153,238,253,242,248,242,243,242,243,242,242,244,246,249,131,101,73,252,251,242,239,231,230,227,215,204,194,208,215,230,216,207,199,200,190,167,116,57,51,72,87,86,4,109,144,141,109
189,153,117,138,199,11,60,94,156,149,155,162,162,86,107,93,89,114,94,105,155,125,69,0,2,58,59,49,70,39,11,49,41,61,108,22,128,191,150,114,80,64,185,190,163,164,87,181,175,111,172,154,0,241,191,59,216,154,123,131,197,124,99,149,218,94,146,143,166,129,120,235,149,176,114,237,236,243,247,237,244,243,243,247,248,245,246,153,100,80,173,247,248,239,234,230,222,213,201,207,222,216,224,221,207,200,193,178,158,154,86,58,79,85,80,115,44,11,125,88,138
161,124,55,5,166,0,72,85,59,92,98,66,79,113,115,76,86,57,97,114,55,78,104,78,57,72,38,149,76,102,43,47,71,2,159,101,184,117,145,181,135,65,84,124,17,185,182,160,124,141,174,167,206,158,162,236,89,119,232,71,183,145,134,186,160,122,129,102,81,85,122,124,167,172,154,67,241,226,208,230,239,250,247,247,255,248,156,96,193,14,255,245,243,237,232,217,206,197,210,229,242,235,221,204,193,183,173,153,160,72,80,118,94,80,120,128,50,73,0,67,106
70,119,143,117,80,52,14,94,127,95,58,135,143,67,97,117,58,57,51,110,107,130,122,50,15,70,132,0,126,74,94,99,95,160,142,133,107,148,182,122,157,197,200,172,160,187,111,0,42,169,177,189,192,207,107,7,223,86,0,226,194,149,192,197,159,156,159,93,147,128,182,159,156,111,62,168,190,191,207,210,246,243,248,254,255,212,100,208,30,162,248,249,243,233,225,224,218,210,227,239,234,228,222,206,178,171,151,134,95,84,71,118,77,138,108,76,119,114,118,64,57
27,158,162,168,149,107,147,5,22,102,105,117,8,59,97,74,72,71,95,139,89,58,66,86,57,134,79,97,81,78,63,155,142,151,123,88,130,150,194,133,121,190,150,185,189,149,97,149,122,12,58,131,186,97,112,110,178,188,193,201,190,213,131,192,120,102,112,63,56,175,114,147,193,91,109,20,106,138,199,213,227,246,247,245,231,102,149,80,86,251,252,249,244,239,225,217,223,227,233,239,229,222,212,199,172,152,125,95,86,105,103,91,137,132,136,99,43,106,128,87,113
141,114,112,160,167,173,165,170,131,10,159,165,187,191,175,150,148,37,22,56,105,38,50,169,111,90,118,97,67,63,33,190,154,134,176,92,134,161,141,119,108,97,125,168,138,150,181,132,152,159,152,178,94,132,72,107,130,141,68,157,187,207,188,57,209,200,122,25,42,114,1,87,136,112,12,120,181,203,196,200,251,248,247,248,134,99,163,38,232,241,243,243,240,236,221,223,225,231,231,231,219,213,211,203,192,157,144,127,128,117,93,156,136,132,156,104,65,57,91,68,97
63,20,20,90,53,32,0,66,84,144,168,177,164,192,179,185,195,194,193,201,190,179,154,116,118,87,26,51,114,47,84,136,142,214,165,137,144,98,156,148,189,183,157,90,141,89,56,85,63,90,204,73,77,146,152,181,84,86,50,185,114,160,160,164,153,111,94,206,199,182,140,184,149,112,115,210,204,187,220,208,254,241,255,116,77,183,60,214,249,242,246,243,239,214,229,228,229,236,229,227,213,215,205,200,193,175,162,125,97,104,143,169,125,129,77,66,41,62,64,4,94
117,25,22,26,104,56,35,66,61,38,154,8,87,29,121,175,177,197,170,165,189,170,189,190,197,210,193,174,166,96,181,102,88,73,104,111,76,65,95,150,155,106,141,145,112,62,99,128,152,92,138,75,110,148,117,84,30,113,126,167,196,173,107,123,128,157,171,157,59,86,189,106,134,121,164,240,212,199,240,242,246,255,121,47,194,8,129,249,246,248,246,242,241,237,230,228,228,205,201,209,213,217,207,196,193,173,166,148,109,158,168,172,121,96,80,55,53,51,11,72,64
79,80,61,59,25,71,113,117,11,44,16,134,156,153,82,55,72,66,93,69,79,43,98,14,0,6,46,47,76,106,124,195,145,135,148,154,192,63,50,107,139,147,124,173,61,160,196,72,97,89,114,128,0,81,105,60,56,44,127,170,132,189,79,59,223,149,109,149,154,145,132,134,140,128,190,226,224,213,247,252,248,150,14,104,13,186,241,238,245,245,245,243,238,234,219,220,206,173,167,175,184,184,186,172,177,158,152,142,142,167,115,138,119,116,91,26,102,69,123,70,63
111,124,94,102,83,107,118,44,131,144,74,78,105,68,39,104,12,42,77,69,106,93,136,155,167,188,127,50,62,9,137,88,155,143,107,186,180,215,198,53,142,103,103,26,45,93,133,141,207,101,60,104,143,112,79,152,121,102,109,79,188,131,195,164,134,134,107,125,136,159,157,148,147,137,223,237,209,219,218,229,169,6,55,47,233,229,240,242,245,246,246,244,237,230,232,206,197,176,179,162,163,152,158,153,162,149,141,130,134,135,116,110,105,98,76,117,67,89,123,62,52
100,79,8,133,127,75,90,100,90,35,42,110,108,37,84,171,115,80,28,72,175,139,103,133,115,59,36,30,71,61,74,105,115,85,119,108,133,90,20,218,165,191,0,71,116,177,22,61,139,92,178,139,100,3,157,132,92,146,135,94,155,122,78,130,134,119,119,151,155,145,151,150,147,192,233,215,226,208,193,186,31,26,102,235,233,230,235,242,247,243,240,243,237,226,224,219,209,188,193,197,197,185,191,182,187,181,155,139,142,145,86,79,62,149,149,101,47,35,24,36,0
157,4,104,121,55,126,150,176,198,199,158,53,121,187,212,177,154,146,164,156,142,136,149,110,129,132,88,114,147,172,179,188,173,68,150,39,146,140,175,89,168,162,198,167,150,86,65,164,2,52,140,58,146,130,150,128,137,121,93,99,149,108,169,116,95,111,144,156,140,131,144,149,150,194,224,218,205,198,164,30,28,107,239,230,216,214,234,239,236,233,239,238,234,221,221,219,208,196,197,191,183,187,182,184,171,162,168,153,143,134,107,105,167,77,84,70,33,16,36,40,60
8,137,142,168,176,111,90,44,13,78,36,105,116,187,135,147,171,182,209,216,180,88,104,42,117,116,75,95,113,60,63,24,17,128,185,156,166,115,89,109,126,195,141,209,144,104,61,24,158,64,155,154,140,126,182,81,102,159,165,133,196,68,96,150,84,133,125,132,136,136,144,145,164,228,211,190,131,158,23,24,123,227,225,214,217,228,234,232,232,232,239,241,235,220,223,217,209,211,199,190,188,187,111,98,108,120,104,93,101,125,93,171,163,0,5,39,99,31,39,13,18
170,106,91,72,109,82,96,12,21,54,76,12,0,81,100,59,26,34,104,121,14,146,200,97,52,92,38,124,102,128,97,77,97,135,99,144,156,169,148,138,143,131,221,187,178,169,150,144,152,141,91,109,123,119,10,192,15,48,101,142,151,130,130,89,112,124,108,95,129,133,118,127,162,198,225,172,148,19,37,158,233,241,209,205,216,231,231,230,230,229,227,231,231,227,223,217,209,203,198,195,169,151,31,45,30,0,23,20,20,53,70,95,7,78,59,73,72,75,0,31,0
95,10,142,132,55,59,60,40,141,130,106,46,65,81,110,112,118,158,96,113,24,77,42,38,145,139,189,68,89,68,97,111,86,70,77,100,72,44,116,86,103,56,0,53,129,152,134,137,122,77,138,195,168,138,145,84,186,173,8,126,131,162,66,124,111,98,108,120,114,123,139,139,175,207,200,42,98,26,140,243,224,217,191,210,223,223,225,214,229,219,224,221,228,212,229,221,204,200,183,190,173,147,1,84,135,136,126,103,76,76,0,71,73,51,45,75,45,0,2,0,93
53,58,0,90,117,51,50,71,44,127,27,24,6,81,65,77,141,116,106,80,60,115,88,79,29,10,56,65,40,136,62,124,157,80,125,91,147,123,93,125,71,133,129,135,97,212,0,79,53,46,79,172,119,120,80,45,120,170,228,236,228,71,128,122,98,107,95,124,147,129,133,142,200,163,189,25,28,132,255,243,233,190,196,199,211,218,212,216,213,221,214,220,208,215,211,206,210,208,195,177,172,168,155,146,128,96,90,30,70,72,189,135,0,8,100,35,2,19,27,56,33
89,109,131,54,1,162,121,91,156,156,87,92,111,159,163,104,39,36,69,37,45,30,102,125,148,125,108,125,131,98,189,163,122,75,28,122,139,127,124,172,156,152,84,18,31,18,178,152,154,90,163,73,92,116,99,137,190,157,184,163,245,211,138,58,93,85,82,122,139,125,115,144,186,188,146,110,101,250,223,248,229,195,171,192,200,210,209,220,230,228,228,223,215,217,215,211,208,199,192,172,162,150,164,121,96,103,77,65,58,109,114,67,73,9,128,1,42,62,77,10,12
34,56,141,166,140,145,143,181,133,22,137,94,39,4,65,52,59,36,7,39,39,34,34,45,86,95,118,91,113,107,142,175,176,105,160,108,95,134,174,185,100,55,60,50,88,126,139,75,149,60,94,93,122,21,127,127,175,243,132,76,197,235,181,184,52,89,123,120,128,113,118,185,192,115,89,40,193,219,230,237,209,175,197,166,194,208,223,223,231,235,228,220,222,222,220,223,222,214,198,197,150,143,114,92,128,119,66,140,64,81,31,58,61,141,1,20,3,1,120,59,2
159,136,76,67,76,104,135,181,180,101,1,0,53,57,43,35,32,18,32,13,43,35,4,4,141,152,135,57,71,90,127,121,113,170,170,162,175,108,97,98,141,149,126,150,101,98,0,178,178,87,83,134,119,134,113,97,116,180,181,235,205,175,231,204,85,42,96,140,130,125,153,131,91,120,17,31,102,230,228,231,233,168,182,156,198,217,222,230,234,225,221,216,207,225,229,217,214,210,184,184,169,160,90,117,121,137,127,93,111,52,76,57,72,29,49,0,36,71,104,3,62
7,66,10,10,14,57,28,4,5,74,114,133,122,43,8,35,12,22,20,2,3,29,0,48,80,20,83,79,118,134,118,92,102,86,124,134,111,109,99,47,77,85,190,239,163,126,145,112,195,205,159,166,143,155,174,173,74,105,103,104,213,255,206,214,135,168,100,81,112,112,89,86,84,85,48,28,63,211,236,227,227,198,158,180,222,232,226,215,216,206,218,210,218,225,222,223,219,187,190,167,155,162,146,130,126,167,177,145,127,80,70,49,40,51,2,63,151,65,0,42,60
100,105,112,68,44,49,25,0,69,62,41,0,43,126,231,132,4,38,26,2,17,0,63,57,134,37,101,121,120,171,117,110,80,76,14,59,99,123,123,62,104,188,142,171,54,177,202,191,131,188,107,123,123,121,93,87,66,107,45,49,133,23,198,174,134,131,63,58,55,58,81,67,9,14,11,3,39,186,228,240,214,194,160,201,218,216,219,211,206,195,217,224,225,217,226,220,213,185,188,187,159,151,157,121,132,162,162,139,104,115,156,48,90,10,2,30,67,92,117,101,61
6,60,66,70,30,106,43,100,63,95,112,123,80,36,81,100,204,152,24,79,68,132,46,55,116,95,138,117,138,138,191,112,76,82,60,92,0,50,116,78,123,118,74,172,173,205,138,134,163,194,86,46,89,127,80,97,89,61,85,63,94,70,39,128,142,140,88,66,0,3,19,17,29,3,0,37,50,188,227,232,187,167,144,177,210,205,212,211,187,183,198,209,213,219,211,208,204,201,177,180,160,144,105,63,157,175,171,133,69,105,101,111,104,3,21,68,47,67,46,64,95
61,29,1,7,35,0,135,110,68,40,11,2,66,92,177,188,180,199,215,7,57,107,104,73,131,132,69,160,171,90,118,94,63,57,98,48,54,46,42,7,130,29,47,105,108,110,111,50,119,76,78,27,5,122,163,158,169,167,147,86,65,90,88,140,195,178,78,13,16,28,19,80,45,3,12,40,47,199,215,213,179,147,116,170,211,200,211,208,200,181,197,196,204,200,212,199,192,180,171,165,151,113,82,161,181,137,66,158,144,40,4,32,5,19,5,0,1,6,4,0,100
33,27,6,36,19,133,10,39,10,45,89,76,2,115,3,0,53,56,148,240,130,0,88,84,49,111,129,128,151,127,139,83,78,116,54,76,17,33,21,42,146,220,152,12,110,172,157,243,201,131,204,107,156,129,157,172,168,13,131,0,159,122,80,136,159,141,87,82,14,48,178,182,40,49,29,41,50,172,211,178,182,145,134,170,186,197,194,195,192,197,198,195,195,190,205,198,159,162,175,178,99,140,133,146,206,173,58,5,128,13,14,9,34,78,56,165,46,8,63,35,94
20,23,24,29,76,102,46,1,1,93,13,101,144,52,79,94,5,104,36,74,183,221,47,40,99,72,134,112,74,61,88,166,101,123,73,51,61,60,51,23,35,7,57,230,145,12,0,144,123,215,113,126,132,176,170,168,135,172,33,138,52,101,181,140,68,128,99,117,129,60,120,107,67,53,3,46,66,156,196,227,172,108,115,153,150,165,188,168,179,192,176,174,180,187,168,151,180,174,171,148,151,77,143,218,176,136,84,77,32,8,59,9,56,24,72,40,70,82,48,96,41
19,11,18,53,105,61,65,46,53,14,75,116,65,50,29,31,105,35,101,36,74,44,21,8,70,62,82,98,125,66,48,117,112,119,103,6,3,0,6,1,27,40,90,177,173,216,157,157,170,135,186,150,155,160,163,134,209,157,180,77,10,7,83,135,177,110,75,104,105,57,255,87,138,106,25,26,82,166,217,177,179,105,117,141,143,155,154,161,168,179,186,173,171,156,171,176,176,169,149,127,99,68,80,110,150,86,61,36,141,0,13,66,26,103,152,136,16,94,100,74,83
0,14,52,94,43,89,89,27,0,91,88,2,10,12,4,15,53,79,98,74,33,53,135,42,13,103,106,133,126,166,125,136,95,84,26,3,7,0,19,26,0,74,169,188,155,93,188,20,120,168,140,19,53,111,206,226,211,175,99,206,108,5,122,69,56,103,62,57,126,62,208,95,113,163,10,87,82,148,200,195,156,74,99,103,92,111,129,171,186,192,203,193,187,163,168,157,154,135,120,40,35,36,34,53,101,3,8,58,125,140,92,0,173,113,94,68,126,108,72,95,103
6,16,8,127,113,68,25,38,101,89,43,31,37,74,46,53,82,44,134,104,86,104,123,75,74,23,68,107,122,117,100,63,62,80,29,57,42,17,2,145,249,110,2,183,58,113,77,36,0,145,212,122,88,37,11,155,216,192,208,57,195,53,86,63,50,105,65,74,55,47,131,112,99,138,6,58,69,123,175,162,77,32,54,67,119,165,177,199,200,194,168,194,197,147,133,120,100,72,47,45,44,1,80,82,148,5,58,0,0,101,148,84,114,102,104,141,4,54,69,49,0
10,17,9,0,17,82,59,24,21,63,49,24,64,93,25,72,0,106,82,171,139,68,113,98,196,129,73,135,19,22,42,116,0,59,84,114,62,112,227,121,38,136,142,22,134,92,152,122,73,61,46,204,199,68,101,172,56,116,209,189,174,153,105,123,150,123,61,58,44,61,76,85,51,147,37,26,72,119,149,121,44,31,87,136,156,156,176,200,186,179,189,164,123,110,51,25,33,24,39,26,33,11,152,172,129,151,129,112,116,81,82,234,12,42,111,101,139,41,56,24,57
4,13,55,68,66,63,48,53,62,49,65,107,82,63,5,4,118,89,184,159,68,105,94,173,114,139,1,0,48,70,27,194,50,23,68,87,137,183,178,131,83,84,70,115,97,112,17,41,100,102,99,1,71,177,203,114,0,99,65,113,160,187,202,50,46,141,66,40,59,42,91,63,43,13,33,55,60,149,136,85,38,23,128,128,164,169,188,176,144,153,115,73,44,35,25,0,25,176,5,13,28,47,159,40,9,94,145,9,46,47,69,137,116,111,39,63,94,136,74,91,80
29,44,4,57,46,65,1,68,42,65,81,50,0,38,31,137,132,202,122,82,62,2,165,24,42,63,101,92,47,122,142,137,33,102,178,95,63,204,159,200,98,78,81,73,79,105,142,73,120,97,10,121,130,109,47,91,189,205,137,20,90,196,114,201,139,164,99,41,33,33,40,50,67,159,125,89,79,114,117,48,37,21,100,156,161,154,141,59,99,79,36,4,1,5,20,59,94,41,176,170,145,109,2,39,95,85,98,126,87,116,21,114,161,99,113,102,116,138,88,63,47
10,17,16,13,4,6,14,29,70,22,83,100,113,87,118,109,107,104,102,61,44,146,0,59,14,123,28,27,57,0,175,49,121,58,85,105,81,179,178,198,169,40,216,163,93,159,93,51,86,104,38,156,160,84,55,38,124,63,58,145,148,127,203,152,147,189,102,58,2,120,100,59,75,36,16,13,75,133,87,29,28,36,112,139,136,121,37,47,34,0,1,5,3,3,3,10,8,27,2,177,125,104,99,124,0,37,78,126,94,7,138,7,246,82,84,97,130,68,95,0,6
40,41,48,0,42,44,0,66,26,104,130,84,99,60,146,53,121,25,159,92,61,2,14,61,96,80,118,84,137,126,83,76,39,104,58,118,99,128,202,164,230,2,0,23,36,140,174,107,147,109,199,178,175,127,25,48,64,115,140,152,49,197,201,192,179,183,143,76,28,54,33,31,36,103,16,60,101,129,41,35,36,82,137,91,61,33,23,0,8,0,0,0,1,0,0,1,0,0,4,90,85,165,121,53,9,168,34,28,126,137,78,3,175,120,110,41,11,50,71,65,79
40,33,26,62,45,52,67,80,89,11,129,105,154,88,86,53,55,103,133,74,0,49,121,87,117,143,135,122,102,143,141,119,0,49,9,71,95,88,157,190,201,146,0,48,122,57,121,79,180,110,171,148,113,127,53,144,127,91,41,122,105,35,131,195,189,156,138,81,34,29,73,51,19,36,54,45,74,68,39,38,42,29,35,33,17,3,0,103,19,7,0,0,1,2,1,0,0,0,61,158,184,174,137,165,206,204,146,94,170,101,54,64,71,114,112,66,98,72,51,42,59
67,73,79,82,74,54,74,102,78,83,137,115,3,73,66,96,61,173,141,112,121,111,0,37,86,0,88,120,112,19,3,85,1,57,89,101,50,81,119,212,164,206,152,155,170,160,196,154,106,92,124,125,165,182,142,68,92,7,153,172,113,143,56,113,224,181,140,94,41,27,41,34,37,33,48,58,141,98,32,38,34,37,7,0,1,0,0,97,72,10,0,0,0,16,125,147,162,167,129,86,201,157,48,130,59,123,41,153,122,135,75,70,19,196,80,112,120,49,78,151,78
65,96,8,10,24,7,129,97,130,93,123,94,31,141,119,53,96,112,78,57,74,92,142,87,82,114,116,22,146,80,141,105,151,161,148,131,93,123,92,136,120,216,176,187,144,180,41,62,104,15,181,182,193,105,62,68,23,130,19,161,85,87,113,114,141,158,145,111,60,36,21,25,43,32,53,105,107,47,41,26,39,0,4,1,4,11,78,1,62,102,174,168,33,7,107,58,151,146,156,131,137,68,124,122,136,81,70,127,0,21,42,85,92,110,124,93,75,96,99,96,150
107,4,86,0,26,85,55,33,68,49,62,96,148,87,24,45,31,72,38,72,30,59,124,64,169,117,80,142,101,133,173,141,191,160,107,4,118,122,141,155,162,21,200,165,120,220,185,188,206,196,183,102,28,9,9,65,160,127,97,121,171,118,28,124,187,172,146,115,54,7,35,28,6,40,114,82,115,39,36,10,0,2,0,3,7,2,103,137,193,102,67,140,160,174,206,216,216,217,132,102,8,12,39,86,79,26,40,138,132,146,90,160,131,162,45,93,34,116,56,92,103
82,74,98,119,100,121,59,9,32,107,103,89,79,58,82,84,153,83,113,99,74,68,70,46,98,153,220,76,131,158,140,122,184,103,4,30,0,0,77,92,168,121,176,154,121,164,116,195,194,193,190,166,116,116,126,133,152,107,122,50,183,167,196,109,93,210,129,114,80,158,46,19,5,64,100,113,116,55,6,0,0,80,41,37,23,71,134,147,158,128,123,173,164,149,176,163,147,128,139,97,113,86,84,68,100,87,124,149,146,120,136,133,105,85,106,60,143,167,50,68,57
13,45,0,43,72,35,46,61,63,76,90,75,80,76,49,5,4,0,74,18,7,85,103,125,73,0,160,45,58,17,184,52,69,230,237,136,87,53,117,143,103,164,149,125,113,63,39,42,59,34,75,129,171,160,167,212,193,202,174,150,159,141,173,160,134,160,194,141,89,21,115,73,10,85,101,105,69,44,0,5,7,4,35,116,64,94,137,162,196,177,126,100,143,136,162,137,138,208,143,158,188,208,212,204,185,172,119,133,173,173,140,1,53,92,84,121,117,109,1,86,25
42,61,56,44,12,17,11,1,21,46,18,31,41,59,37,79,57,50,12,50,91,66,73,65,82,139,47,28,105,70,122,217,221,36,126,220,184,150,95,155,93,162,126,86,80,75,13,2,108,153,120,117,0,68,118,39,74,30,95,159,107,164,45,126,137,217,170,108,126,28,15,0,21,72,85,97,42,56,72,90,18,126,80,213,232,236,226,215,175,100,34,139,105,75,21,0,121,114,52,47,44,172,147,84,151,96,89,69,124,99,199,121,0,0,24,17,59,41,9,5,36
24,76,24,22,37,31,25,44,5,47,78,78,68,100,90,9,13,74,20,59,109,59,143,129,90,97,6,60,72,50,25,80,120,109,208,200,159,198,146,143,79,184,155,50,22,47,20,5,39,112,66,78,113,224,96,164,149,144,155,91,121,166,130,84,104,224,5,220,61,78,2,13,24,65,68,56,46,0,142,218,216,232,153,127,81,153,51,97,125,139,219,106,121,170,8,28,115,127,6,1,132,58,154,172,94,166,109,43,23,7,6,124,164,12,189,45,0,7,6,53,92
55,40,0,92,155,78,41,63,88,20,32,91,94,31,28,16,14,108,88,33,59,118,142,75,78,96,37,28,58,23,40,73,93,13,114,183,188,202,97,155,164,89,13,2,42,39,35,20,15,1,0,134,66,153,167,118,205,32,138,112,205,95,115,132,85,195,2,136,211,94,23,12,9,18,43,36,9,0,145,0,38,60,54,29,130,78,107,73,138,147,71,89,172,99,129,146,168,152,188,92,29,41,92,146,143,77,66,128,164,180,61,65,36,147,198,0,23,9,9,7,35
54,35,41,94,63,78,127,111,67,77,101,73,45,100,42,43,132,82,69,105,134,126,145,117,72,8,168,1,40,59,0,94,51,35,94,85,152,159,39,160,151,192,131,66,45,51,41,41,17,8,44,121,144,129,103,105,108,229,213,173,66,70,79,54,180,177,17,131,76,121,61,30,21,12,3,3,25,124,33,4,34,3,64,125,0,78,116,164,0,43,52,69,120,108,105,135,93,185,95,88,70,130,113,197,158,163,149,116,37,0,68,93,130,120,121,134,98,86,51,33,57
0,56,62,121,158,181,193,140,55,61,60,18,84,68,125,10,113,68,54,46,113,46,124,124,35,22,86,15,42,82,151,137,0,87,62,151,154,91,158,155,186,207,206,217,140,8,44,14,0,127,78,141,113,114,88,140,115,113,172,226,250,196,110,164,151,162,6,214,56,47,160,63,35,17,12,0,106,184,156,196,165,204,167,111,136,167,7,130,51,46,19,67,11,38,122,150,97,107,63,129,103,70,12,226,107,94,73,110,59,50,38,151,157,74,115,67,117,92,98,58,79
98,156,113,63,113,15,49,57,66,12,10,40,80,73,72,99,65,79,66,99,38,80,30,81,53,26,60,118,57,127,74,126,129,102,114,161,104,150,163,110,107,168,206,226,177,179,164,107,153,146,156,125,149,83,86,80,89,60,143,110,208,219,200,116,126,146,83,211,107,129,157,169,88,9,5,9,80,141,114,78,102,115,65,101,133,126,81,34,124,113,55,18,45,25,69,151,61,21,36,35,201,16,6,215,76,112,8,25,8,75,5,155,135,83,16,114,59,111,104,109,134
49,11,20,0,0,92,83,68,8,34,9,19,76,82,84,75,88,29,32,81,32,62,82,13,76,89,98,125,73,44,10,48,35,90,7,225,67,100,88,106,16,48,115,174,204,196,156,145,135,81,153,139,224,162,90,101,69,112,176,183,102,133,111,201,91,139,135,203,0,163,113,190,206,168,139,154,19,101,39,79,69,163,106,116,147,76,42,106,61,100,47,78,82,15,144,8,48,44,35,166,11,73,21,154,137,94,43,105,3,61,0,168,89,67,19,17,13,116,73,80,73
35,3,0,100,95,59,57,29,68,0,25,113,35,80,62,82,55,16,30,45,36,51,50,53,1,95,14,112,60,36,122,1,0,93,142,136,49,175,112,104,111,104,149,116,118,184,150,19,76,116,140,88,218,175,110,2,136,5,155,122,53,108,137,117,66,169,148,172,139,120,163,192,220,197,166,206,108,125,150,105,154,3,105,164,142,132,172,98,72,66,106,127,109,95,31,25,138,69,9,48,39,63,7,59,195,73,80,98,133,112,86,161,60,56,55,9,47,108,29,87,102
33,29,56,48,92,19,9,21,41,58,86,41,113,31,107,142,55,8,57,126,42,35,25,50,131,20,86,122,88,10,49,108,85,109,63,134,113,115,92,33,28,41,86,60,129,201,137,5,69,0,11,142,149,111,208,141,115,140,113,170,80,120,71,196,87,8,172,177,69,138,122,66,231,209,150,187,159,138,231,217,181,113,138,121,129,164,146,145,142,117,96,96,114,121,80,133,159,149,131,129,61,6,4,6,220,7,72,120,144,89,95,158,38,46,12,72,25,46,37,145,51
113,121,120,95,46,35,121,79,101,41,160,81,48,47,11,61,74,122,7,52,10,28,25,20,53,130,40,70,84,16,40,68,109,89,87,40,111,98,101,117,33,43,156,63,118,106,216,6,11,56,215,200,74,135,123,92,90,76,135,100,167,196,227,127,117,95,197,180,35,31,167,164,135,91,80,49,120,0,0,142,161,131,76,112,72,118,157,132,118,106,80,24,97,116,173,79,57,160,114,2,70,48,0,0,194,53,81,101,66,52,138,151,74,156,34,0,96,98,76,71,114
12,4,42,62,92,45,32,66,59,54,154,84,43,83,0,158,84,37,47,6,77,2,66,81,16,102,112,34,127,11,1,95,102,136,90,72,150,89,132,91,55,47,142,121,159,83,192,86,44,80,101,191,99,180,101,151,88,103,57,87,108,212,127,133,22,188,170,186,9,111,135,199,52,81,160,145,140,108,197,118,38,141,123,130,124,169,12,176,145,156,161,158,137,75,109,20,123,158,188,211,206,152,52,25,131,121,69,106,30,8,149,107,15,18,3,0,96,78,79,58,39
37,102,168,63,55,86,89,30,95,59,24,91,101,56,81,47,58,27,0,56,18,0,44,34,36,97,105,52,133,94,21,58,1,141,37,71,98,113,85,73,111,58,182,107,143,54,132,86,92,163,163,170,96,1,179,234,137,118,19,106,92,105,125,90,141,150,187,165,0,50,107,132,232,213,171,160,133,102,11,116,113,130,130,124,153,105,169,137,164,189,206,209,212,222,228,223,201,173,182,29,124,150,61,113,120,201,117,83,79,116,174,54,1,138,18,28,48,67,15,107,174
42,67,18,4,53,86,122,119,40,38,28,67,116,31,121,53,11,47,92,67,0,88,0,56,78,106,93,110,156,41,25,47,30,48,44,31,91,53,47,50,100,181,157,187,55,176,185,201,184,172,149,58,129,6,103,204,64,104,133,9,132,163,176,149,106,82,153,108,5,91,63,98,175,199,175,174,186,69,58,4,225,201,200,197,182,198,195,191,194,156,121,87,85,50,158,13,23,60,71,103,151,71,50,64,13,221,4,49,104,99,178,20,136,26,52,8,96,127,175,65,52
56,19,92,86,99,117,85,53,42,93,30,51,21,53,42,6,18,9,103,68,77,9,30,36,33,64,76,41,155,8,4,44,33,25,9,0,24,118,82,104,184,180,222,111,120,127,52,66,192,117,155,162,137,35,47,107,89,82,115,143,19,115,131,99,49,0,106,113,17,70,174,172,111,169,216,162,157,216,79,25,24,67,50,15,78,64,70,119,3,26,4,43,142,162,0,11,67,61,92,130,38,50,126,118,163,178,41,59,73,114,134,28,50,125,132,70,13,85,78,96,118
26,43,50,89,92,55,90,42,35,63,22,26,56,25,34,42,0,30,66,88,57,6,67,100,110,55,88,5,142,22,8,64,34,22,10,134,172,133,116,94,29,161,132,0,62,135,114,144,210,205,178,41,47,12,46,50,77,91,73,165,161,39,82,0,73,142,170,106,72,124,144,138,159,159,207,67,110,177,176,41,34,76,66,110,131,109,67,0,154,70,23,149,127,204,223,159,4,74,138,79,77,117,9,76,104,95,144,48,97,122,85,90,65,76,126,67,31,28,109,43,12
15,17,82,83,14,86,139,11,37,19,48,67,19,2,41,23,47,42,46,26,50,44,53,64,41,82,105,111,94,52,163,155,104,16,146,142,161,148,191,148,122,120,71,181,173,143,128,158,181,96,21,3,150,61,94,40,92,159,124,147,104,126,62,167,104,128,124,114,0,88,82,12,90,81,75,66,50,29,106,40,49,18,79,140,140,164,175,175,129,111,146,104,121,19,106,201,175,147,122,148,17,3,21,143,65,124,192,70,85,94,89,34,11,62,94,90,71,23,58,19,6
47,30,0,44,68,87,122,17,12,26,21,48,54,107,42,45,26,22,14,18,9,60,79,54,21,83,82,106,127,52,12,2,11,94,51,42,73,99,27,68,57,93,63,130,148,133,71,50,102,108,78,154,85,137,123,45,160,73,54,139,54,55,50,0,111,113,132,126,0,127,155,218,131,128,94,138,167,44,98,0,33,90,31,112,137,110,99,33,122,96,139,155,146,173,150,183,160,147,132,58,62,0,86,42,42,130,115,49,11,47,63,0,119,76,41,71,80,12,118,170,152
255,255,255,255,255,255,255,255,255,255,255,255,255,255,255,255,255,255,255,255,255,255,255,255,252,255,255,255,243,255,255,252,255,254,255,255,255,255,255,255,255,255,255,255,255,255,254,251,255,255,255,255,255,255,255,255,250,255,250,255,255,255,255,255,255,255,255,255,255,255,255,255,255,255,249,255,255,255,255,255,255,255,255,252,255,255,255,255,255,248,255,255,255,255,253,255,255,255,252,255,255,236,255,255,255,255,255,255,255,255,251,255,255,255,255,255,255,240,255,255,255
255,255,255,255,255,255,255,255,255,255,255,251,255,255,255,255,255,255,255,255,255,255,255,255,255,255,255,255,255,255,250,255,255,255,255,255,255,255,255,255,255,254,255,255,255,255,255,255,254,255,255,255,255,255,255,255,255,253,255,255,255,255,255,255,255,255,255,255,255,255,255,255,255,255,255,255,255,255,255,255,255,255,255,255,255,255,255,255,255,255,255,255,255,255,255,255,255,255,255,255,255,252,255,255,255,255,255,255,255,255,255,253,255,255,255,255,255,255,255,255,255
255,255,255,255,255,255,255,255,255,255,255,255,255,255,255,255,255,255,255,255,255,255,255,255,255,255,255,255,255,255,255,255,255,255,255,255,255,255,255,255,254,255,255,255,255,253,255,251,255,255,255,255,255,255,255,255,255,255,255,255,255,255,255,252,255,255,255,255,255,255,255,255,255,255,255,255,255,255,254,255,253,255,255,255,255,255,255,255,255,255,255,255,255,255,255,255,252,254,255,255,255,255,255,255,255,255,255,255,255,255,255,255,255,255,255,255,255,255,255,255,255
255,255,255,255,255,255,255,255,255,255,255,255,255,255,255,255,255,255,255,255,255,255,255,255,255,255,255,255,255,255,255,255,255,255,255,255,254,255,255,255,237,255,243,255,255,255,254,243,255,248,255,250,255,248,255,255,255,255,255,255,254,255,255,255,255,255,82,255,255,255,255,255,255,149,65,254,255,117,131,72,252,255,192,87,172,255,110,130,255,198,104,224,255,112,121,135,81,219,255,81,115,255,255,255,255,255,255,255,255,255,255,255,255,255,255,255,255,255,255,255,255
255,255,255,255,255,255,255,255,255,255,255,255,255,255,255,255,255,255,255,255,255,255,255,255,255,255,255,255,255,255,255,255,255,255,255,255,232,105,124,255,158,106,255,93,254,96,191,100,174,121,230,101,125,255,84,116,239,123,129,175,122,107,130,187,95,212,67,230,140,184,101,223,106,255,91,255,233,237,255,100,255,244,76,255,105,232,242,249,232,79,255,70,234,235,240,255,255,111,253,255,173,255,255,255,255,255,255,255,255,255,255,255,255,255,255,255,255,255,255,255,255
255,255,255,255,255,255,255,255,255,255,255,255,255,255,255,255,255,255,255,255,255,255,255,255,255,255,255,255,255,255,255,255,255,255,255,252,227,143,239,255,233,255,254,75,255,61,255,245,255,255,192,101,110,232,61,255,216,144,229,255,245,255,243,96,255,255,50,152,249,255,255,70,233,255,91,253,255,255,255,85,255,227,116,255,110,215,255,255,219,94,250,94,214,255,255,255,255,127,248,255,177,241,255,255,255,255,255,255,255,255,255,255,255,255,255,255,255,255,255,255,255
255,255,255,255,255,255,255,255,255,255,255,255,255,255,255,255,255,255,255,255,255,255,255,255,255,255,255,255,255,255,255,255,255,255,255,255,241,255,95,255,255,255,249,92,255,66,255,241,255,238,245,200,255,255,58,255,241,255,95,255,242,177,255,93,255,239,56,157,237,244,81,112,255,255,94,255,255,245,255,95,255,255,80,255,77,255,178,176,255,114,255,112,255,170,181,255,255,92,241,255,162,247,255,255,255,255,255,255,255,255,255,255,255,255,255,255,255,255,255,255,255
255,255,255,255,255,255,255,255,255,255,255,255,255,255,255,255,255,255,255,255,255,255,255,255,255,255,255,255,255,255,255,255,255,255,255,251,255,252,255,255,255,255,255,255,255,239,255,255,255,255,255,255,255,255,229,251,255,252,255,255,248,253,250,255,255,253,250,255,255,255,255,255,255,255,255,241,255,255,255,255,247,255,255,255,255,249,252,255,249,255,255,255,255,255,255,254,255,255,255,255,252,255,255,255,255,255,255,255,255,255,255,255,255,255,255,255,255,255,255,255,255
255,255,255,255,255,255,255,255,255,255,255,255,255,255,255,255,255,255,255,255,255,255,255,255,255,255,255,255,255,255,255,255,255,255,255,255,255,255,255,255,255,253,255,255,255,255,255,255,255,249,255,255,255,255,255,255,255,255,255,255,255,254,255,255,255,255,255,255,255,255,255,255,255,255,255,251,255,255,255,255,255,255,255,252,255,255,255,255,255,255,255,255,255,255,255,255,255,255,255,246,255,255,255,255,255,255,255,255,255,255,255,255,255,255,255,255,255,255,255,255,255
255,255,255,255,255,255,255,255,255,255,255,255,255,255,255,255,255,255,255,255,255,255,255,255,255,255,255,255,255,255,255,255,255,255,255,255,255,255,255,255,255,255,253,255,255,255,255,255,255,253,255,255,255,255,255,255,255,255,255,255,253,255,255,255,255,255,255,255,252,255,255,255,255,255,255,254,255,255,254,255,255,255,255,255,255,255,255,255,255,255,255,255,255,255,255,252,255,255,254,255,255,255,255,255,255,255,255,255,255,255,255,255,255,255,255,255,255,255,255,255,255
