15,15,16,19,19,34,40,42,36,39,69,84,79,70,39,12,14,14,15,27,42,43,31,20,20,23,31,41,43,35,22,27,30,43,40,49,35,29,30,34,34,32,28,28,25,33,35,23,23,28,25,25,22,34,43,38,46,40,37,32,41,35,37,44,32,59,32,38,38,37,41,60,78,65,67,66,60,26,30,30,41,48,46,44,45,57,57,48,41,47,45,41,58,55,55,58,51,43,60,47,63,33,43,70,36,76,36,25,69,52,43,73,137,126,54,85,95,71,62,45,52,52,54,51,45,87,38,44,20,79,41,41,33,48,24,61,59,60,62,59,61,70,70,68,65,46,35,47,38,38,43,20,19,40,39,30
16,15,16,19,18,33,39,42,37,40,71,86,87,78,46,17,15,15,15,27,42,43,31,20,20,30,43,42,47,43,31,32,27,40,42,45,28,36,34,28,31,33,34,31,28,35,34,30,30,30,24,25,23,36,56,43,47,41,37,34,43,35,45,36,45,57,35,44,35,34,42,62,74,66,69,64,61,42,39,40,42,50,50,44,56,50,43,55,50,53,57,44,45,42,50,47,40,43,59,49,64,36,36,58,41,54,61,43,69,62,74,53,69,90,76,101,79,60,88,54,40,42,34,32,37,52,37,40,61,53,40,30,47,53,46,54,48,55,61,63,67,61,63,63,62,57,23,34,44,31,58,12,31,28,26,29
17,16,16,18,19,34,41,45,38,42,74,90,88,80,48,15,15,15,15,27,42,43,31,20,21,24,44,43,52,45,36,32,25,35,41,51,31,40,34,31,33,34,32,33,31,37,33,27,24,26,27,30,30,44,61,41,47,40,42,42,51,38,68,40,48,58,43,49,40,40,47,69,69,71,66,65,64,45,42,48,41,55,50,58,54,53,45,63,55,48,52,53,46,42,58,50,46,44,58,53,64,33,37,45,54,32,37,65,89,56,63,45,38,62,79,100,79,63,89,40,38,33,34,30,66,44,45,47,72,40,36,32,37,44,40,53,51,54,61,63,64,64,66,67,65,59,42,38,32,32,70,30,42,29,30,31
18,16,16,17,22,38,46,50,39,43,76,93,92,85,52,16,17,16,15,27,42,43,31,20,22,27,44,54,55,43,37,31,24,33,35,40,27,31,34,33,34,34,32,28,29,37,31,29,26,22,23,28,30,46,60,43,57,49,37,41,53,39,49,47,40,60,44,38,43,47,44,67,58,68,69,67,68,59,33,46,35,58,53,59,52,49,54,55,47,39,43,43,38,44,59,56,44,45,56,57,64,38,39,31,58,45,25,32,66,69,68,60,36,71,79,99,76,43,80,44,37,34,35,33,79,37,43,52,39,40,59,40,47,54,64,62,61,52,62,68,69,72,71,68,63,64,69,47,40,48,75,57,44,37,36,30
17,17,17,17,20,39,48,50,39,47,77,92,93,83,49,17,17,18,15,27,41,46,32,18,21,26,50,57,56,43,30,26,21,23,24,31,23,22,46,32,36,37,32,27,25,36,30,29,32,20,20,25,25,54,67,45,56,39,38,54,48,36,28,39,42,70,40,36,46,47,34,57,59,59,73,68,53,50,28,47,38,60,56,50,47,43,39,55,44,50,51,45,41,37,42,36,37,42,57,57,56,35,33,34,85,46,32,29,52,43,71,58,55,81,48,84,53,69,89,45,30,36,41,56,59,36,33,70,40,24,38,27,48,67,79,82,82,82,77,81,91,79,85,82,70,64,70,49,36,49,46,52,62,72,60,54
17,17,17,17,20,39,48,50,39,48,78,91,93,85,52,18,16,17,17,28,43,47,34,19,23,28,51,59,60,48,27,31,28,32,34,39,21,27,47,32,34,32,27,25,27,37,30,31,32,26,25,25,23,51,44,68,57,53,49,49,48,43,30,41,42,70,40,44,39,37,39,53,49,54,59,66,39,35,42,37,40,47,37,46,51,47,51,52,56,52,48,39,41,42,46,46,52,38,55,59,61,39,29,32,74,29,36,34,59,38,50,52,61,81,68,68,55,72,84,28,32,30,45,78,56,49,40,73,32,27,34,41,58,63,78,90,90,91,99,88,95,103,109,98,74,75,62,31,52,43,52,38,19,49,46,50
17,17,17,17,20,39,48,50,39,50,80,91,93,89,58,19,18,18,17,29,43,48,36,21,22,30,51,57,60,49,34,33,34,45,53,49,27,32,38,32,33,35,35,28,31,35,31,31,30,28,36,31,26,47,57,56,38,50,53,52,54,44,44,51,46,69,36,48,36,36,40,45,29,29,30,44,42,40,33,20,38,56,44,48,45,46,64,60,47,47,52,51,45,46,52,42,47,43,59,59,58,40,33,24,51,22,33,27,56,49,51,32,44,92,88,64,49,80,61,30,21,29,51,85,57,62,63,54,28,35,34,61,81,75,74,81,81,127,117,120,92,59,78,80,60,35,31,44,21,21,33,64,34,32,33,27
17,17,17,17,20,39,48,50,39,52,82,90,93,92,62,21,19,18,16,27,42,45,36,24,30,40,57,60,63,46,29,32,32,41,48,54,52,56,55,57,54,50,48,52,49,44,45,48,47,48,38,41,34,52,53,43,55,60,44,53,56,59,43,51,46,69,41,47,39,37,36,46,30,19,28,45,33,51,40,37,30,72,44,51,42,39,47,42,43,47,50,54,50,44,54,47,44,40,57,60,63,36,31,26,43,56,34,31,50,59,47,34,41,85,97,64,47,66,48,29,38,45,57,47,51,50,80,46,35,24,27,39,67,74,63,57,35,48,52,104,68,57,52,42,48,43,37,22,14,15,26,74,31,37,44,61
17,17,18,19,22,39,45,48,42,55,79,94,93,89,65,19,18,14,20,25,42,41,36,24,33,37,58,60,62,53,37,23,26,52,52,50,37,46,40,33,35,41,34,35,35,36,31,29,27,28,24,26,33,40,35,44,59,38,55,54,49,52,46,57,53,66,49,39,41,40,40,53,33,33,42,35,34,53,85,110,133,179,177,192,163,134,73,55,57,47,54,47,44,55,48,50,45,47,60,65,63,43,31,35,35,73,23,30,44,67,45,38,54,40,103,66,56,70,33,71,37,31,96,47,53,55,89,42,33,36,13,35,71,65,56,38,29,65,33,47,62,69,49,26,29,41,55,41,39,24,26,64,29,30,47,33
20,20,18,16,22,40,47,49,42,49,70,82,75,78,63,21,18,17,21,24,39,39,34,20,22,39,60,61,63,49,31,29,28,45,43,34,30,41,30,20,31,29,27,28,30,35,29,28,29,28,38,36,27,32,29,60,54,44,65,60,48,55,53,47,51,58,47,51,46,48,48,54,24,29,41,44,90,197,222,221,211,193,186,188,197,211,231,205,151,66,49,60,45,54,58,45,43,45,45,59,66,35,34,36,44,74,43,33,43,71,43,34,51,39,101,92,59,81,59,54,33,41,68,55,51,50,77,47,27,31,22,77,56,68,56,46,43,58,50,63,70,75,66,56,35,45,28,33,33,37,54,83,59,55,49,49
16,18,20,21,23,43,50,50,41,42,63,74,75,77,62,21,22,19,22,22,35,41,35,22,26,40,61,61,62,59,39,39,26,33,35,35,27,31,28,31,40,30,26,27,27,37,24,31,34,34,35,34,30,26,51,52,40,44,51,64,58,63,64,45,46,51,37,52,42,46,45,57,22,22,31,52,215,205,151,115,129,131,137,125,123,121,127,147,189,227,173,72,49,58,53,58,53,44,36,54,68,37,36,39,33,51,45,30,35,72,33,29,50,38,88,98,80,63,57,28,62,77,59,63,51,62,67,39,51,53,60,36,49,50,36,22,21,47,58,65,61,70,56,35,34,34,21,27,15,14,20,59,53,33,30,29
17,18,20,22,23,45,53,51,43,41,69,85,87,81,59,20,18,18,21,21,34,36,32,21,29,38,58,58,58,52,39,29,30,39,37,42,37,36,32,30,31,31,30,37,29,41,29,30,27,32,34,34,29,35,52,44,36,45,44,63,55,62,53,49,47,67,44,56,50,51,42,55,19,25,27,146,220,128,111,113,102,80,38,57,68,88,109,122,120,117,162,227,150,46,60,48,45,46,45,52,66,37,36,39,31,43,50,29,32,76,26,27,53,39,70,94,90,53,71,34,54,81,53,49,35,70,45,66,61,55,55,37,63,43,31,53,47,36,49,59,61,61,65,49,38,35,25,18,15,18,37,56,31,24,22,20
19,20,20,23,31,39,53,53,40,45,67,73,84,76,60,24,23,14,15,20,31,37,32,20,22,39,56,58,59,53,24,31,46,35,36,44,45,45,46,46,47,45,39,36,39,34,28,28,27,27,34,29,26,48,60,55,60,51,42,45,50,57,43,49,39,68,41,58,51,32,45,61,14,57,102,167,169,109,107,41,58,68,47,62,46,66,42,54,63,115,117,133,167,181,112,43,49,44,47,56,70,32,49,36,42,28,41,35,30,70,35,35,62,65,49,98,74,35,76,54,58,70,64,43,23,101,57,68,65,67,48,71,61,43,41,74,67,60,56,43,83,61,68,38,34,22,22,19,19,24,23,68,27,20,26,18
86,80,78,64,58,69,84,84,82,78,91,94,102,96,81,77,52,19,17,23,36,43,37,24,23,36,54,56,56,46,23,26,35,27,33,24,25,27,29,32,36,40,41,42,47,46,41,39,36,33,28,27,29,31,30,44,31,45,35,42,48,69,52,59,50,69,48,55,48,38,49,58,41,61,83,132,127,84,84,41,46,68,65,68,52,44,49,56,41,41,86,109,115,133,194,180,66,49,58,58,69,46,56,43,41,37,35,78,31,83,30,22,68,84,56,92,80,33,67,47,66,59,64,59,55,56,54,66,75,73,50,51,54,30,23,44,69,69,75,62,82,66,60,57,34,16,30,13,18,18,34,70,30,41,35,34
124,121,121,108,93,100,112,111,107,100,108,109,111,119,97,73,56,24,18,26,39,43,37,23,24,40,59,61,58,41,23,23,27,23,32,35,32,29,27,21,22,24,27,28,34,36,38,38,37,37,40,33,30,34,26,56,30,45,36,55,48,53,46,54,54,68,51,45,39,40,54,51,49,66,89,109,83,58,73,55,38,61,58,66,81,61,52,59,55,39,56,71,102,125,133,175,133,66,62,56,67,38,42,41,38,37,42,52,58,65,51,40,79,85,50,93,91,41,60,44,73,50,61,56,70,40,63,60,63,66,70,64,30,21,43,31,56,61,75,78,71,67,59,65,37,44,40,31,24,25,41,79,31,37,21,24
104,103,87,84,86,82,84,85,87,80,86,79,80,89,93,87,56,55,21,25,37,43,38,26,25,38,58,59,55,42,24,29,31,27,34,34,27,28,29,35,32,30,32,27,28,26,26,25,24,23,22,29,31,35,40,45,34,46,45,67,48,50,52,53,52,62,57,46,43,48,66,74,44,62,79,88,61,57,49,52,42,68,40,53,83,61,63,57,57,44,61,46,59,115,98,134,194,102,55,51,64,38,36,32,40,29,36,37,74,63,49,36,78,87,51,97,92,48,52,50,73,51,57,47,79,48,54,34,71,67,54,38,22,26,33,49,52,58,60,61,50,36,37,28,66,61,50,36,28,32,42,69,15,33,10,17
54,49,48,52,57,58,54,53,54,56,54,50,49,49,77,85,35,49,44,26,38,39,42,26,26,41,59,64,58,44,23,27,29,31,35,32,28,28,31,29,29,29,29,32,28,26,24,24,24,24,23,27,36,35,27,40,27,45,57,63,51,54,49,33,52,56,48,37,43,46,52,75,47,53,77,78,49,43,44,52,39,69,47,55,56,66,65,51,54,56,66,47,49,77,126,98,137,224,64,58,61,39,39,32,44,25,32,41,77,45,54,29,67,68,50,95,84,52,56,48,70,50,38,44,60,44,54,50,69,52,50,49,46,52,56,53,53,51,56,52,50,28,33,22,57,65,62,62,37,24,22,51,26,36,12,17
22,22,22,22,31,43,48,49,39,37,43,46,42,40,54,74,29,20,39,27,34,34,35,23,25,43,60,63,57,46,28,30,28,27,31,29,29,29,31,31,30,29,28,27,26,25,25,25,25,25,26,26,33,37,40,33,45,52,37,55,50,52,46,50,60,52,59,46,43,42,55,68,55,56,63,70,41,40,34,50,46,66,39,54,50,63,69,72,60,49,59,56,49,45,149,88,116,178,82,43,52,38,34,25,35,23,28,35,64,62,72,53,89,74,41,104,66,42,66,90,37,59,36,61,62,52,81,65,71,59,35,37,49,63,59,58,54,66,71,50,49,30,32,20,46,63,61,64,50,37,31,50,26,32,17,18
18,19,19,18,29,46,55,51,40,32,53,59,65,59,40,26,25,19,22,29,34,33,31,26,25,47,60,61,56,42,28,28,28,31,32,31,32,30,30,31,30,29,27,28,29,29,27,27,27,27,30,27,24,25,35,36,42,42,45,64,49,45,54,59,56,49,68,39,56,47,57,76,50,65,56,65,37,39,37,43,110,72,52,48,55,58,52,54,73,61,66,50,60,45,106,130,112,126,147,46,59,33,30,35,37,30,26,38,57,77,79,59,67,72,52,111,78,58,48,93,75,38,47,76,31,67,70,56,56,22,23,24,35,51,51,44,58,58,68,47,43,69,61,40,38,58,62,65,44,35,45,51,31,35,22,36
23,21,20,22,31,47,54,49,40,31,63,64,64,61,51,23,20,24,20,26,25,29,25,21,27,51,61,59,54,41,31,29,34,36,33,32,34,32,30,29,29,29,28,28,28,28,29,29,29,28,23,29,27,28,24,30,39,44,49,64,45,53,58,53,51,45,76,44,54,62,75,113,89,66,53,56,39,50,107,185,233,169,152,55,58,50,57,39,52,60,72,64,63,48,59,142,109,134,173,59,65,49,47,58,59,65,59,68,80,89,75,67,77,68,49,115,63,32,52,82,91,97,74,70,52,74,49,71,40,38,32,30,39,51,49,47,54,62,61,41,32,63,68,71,64,61,63,78,75,63,55,55,40,39,38,56
21,21,23,26,31,44,53,47,35,38,68,71,70,67,53,26,24,23,23,25,26,25,23,24,33,50,59,61,49,36,33,35,35,34,34,38,40,38,35,37,31,26,28,28,27,27,30,30,26,29,35,26,27,29,10,61,52,49,41,66,53,48,65,45,60,42,67,48,75,167,225,226,216,205,173,90,43,187,253,234,227,232,246,180,114,73,62,50,52,60,71,83,85,80,80,159,111,122,171,69,77,45,49,51,49,44,46,40,60,64,62,59,86,44,27,107,64,53,95,82,85,51,59,52,72,48,62,57,45,30,34,25,30,32,71,50,44,60,45,44,27,48,75,73,69,78,68,65,73,64,62,47,40,32,34,44
26,24,23,23,28,39,46,41,31,35,66,70,74,70,56,28,27,30,32,30,28,28,30,29,35,54,60,60,51,37,34,36,34,35,40,46,38,37,35,34,31,28,30,30,29,29,30,30,30,29,25,30,28,26,34,46,38,59,41,75,56,60,40,49,41,43,83,69,212,222,198,187,179,162,173,228,233,249,201,193,187,193,230,253,255,247,165,71,54,59,60,60,60,72,81,162,119,117,175,98,69,50,22,23,33,26,36,50,42,47,77,82,69,67,27,100,62,26,54,62,80,37,72,63,58,61,64,47,42,25,24,36,52,43,49,31,40,54,22,36,45,39,37,61,73,65,65,58,44,42,54,34,49,45,20,24
29,28,29,32,26,31,35,32,32,37,70,75,78,74,58,30,29,34,36,33,30,30,33,31,34,47,61,64,48,36,33,35,35,32,34,36,36,35,34,33,31,31,32,31,30,30,27,30,31,28,33,32,29,33,40,44,58,42,44,70,46,52,41,55,56,59,69,151,223,217,213,216,198,190,224,246,218,224,196,130,171,209,238,248,251,234,234,182,113,62,51,51,45,52,51,136,132,118,162,141,78,53,44,35,42,24,30,49,22,31,78,82,63,61,35,92,81,47,63,69,82,44,80,42,54,69,93,53,30,34,32,21,99,68,56,26,22,63,40,30,48,33,39,53,60,64,55,52,39,38,59,43,47,36,24,16
29,28,29,31,27,28,29,28,30,36,70,77,78,74,58,29,27,28,29,28,32,32,37,36,37,39,47,49,37,32,29,32,31,35,36,34,34,34,33,33,33,31,29,29,28,30,27,26,25,26,28,24,46,58,60,63,61,61,60,65,58,63,56,54,52,55,126,217,190,251,250,251,250,243,237,228,188,182,138,138,201,212,212,230,238,238,250,226,253,204,146,98,45,56,52,109,135,119,142,138,65,54,50,42,44,36,45,44,25,30,41,83,68,42,73,108,63,23,75,80,62,61,61,56,68,57,77,33,33,45,38,61,59,71,53,25,30,62,49,47,35,25,36,43,50,49,50,54,44,38,33,34,38,39,32,15
27,27,27,27,27,27,27,27,26,36,64,74,80,73,59,29,27,27,28,29,29,35,36,38,40,40,38,34,31,29,29,29,29,33,36,38,35,32,30,29,31,32,27,27,29,29,30,26,25,27,27,29,67,61,56,55,47,43,41,51,34,31,37,39,52,53,217,252,243,251,245,247,235,226,199,193,184,145,144,151,187,160,202,229,239,241,250,245,245,247,230,201,90,50,70,119,156,108,141,152,89,69,54,53,36,40,51,43,21,38,34,77,74,57,108,93,56,39,82,77,46,93,50,70,57,33,42,58,31,66,54,76,57,85,37,22,37,41,60,30,25,24,29,31,29,34,61,55,45,47,33,35,36,42,28,15
27,27,27,27,27,27,27,27,29,38,68,77,83,75,60,30,27,27,33,35,35,35,33,34,36,33,34,35,36,35,35,35,35,34,34,35,36,34,32,33,34,33,28,28,28,28,29,27,25,26,30,32,58,48,51,40,30,40,49,63,48,50,51,50,43,128,228,224,226,233,223,211,214,212,181,153,152,135,132,139,165,184,215,205,220,241,251,252,252,250,229,248,253,220,168,181,180,148,190,158,47,38,68,40,37,26,63,33,26,33,33,53,95,44,92,99,59,62,72,88,73,93,60,47,37,21,29,55,77,62,62,90,58,53,30,33,74,27,44,38,40,40,37,33,22,30,28,31,54,58,43,44,40,44,43,25
28,28,28,28,28,28,28,28,30,40,71,81,87,78,63,32,28,31,32,34,34,34,31,30,31,29,29,30,30,34,34,34,34,37,37,37,34,34,34,33,31,29,28,28,28,28,27,28,27,26,28,23,32,37,34,48,54,53,50,64,39,44,57,58,54,150,217,235,232,228,212,198,186,151,135,136,131,132,140,129,147,161,193,213,222,225,216,236,250,255,255,253,244,223,215,229,237,241,230,240,185,73,53,44,51,16,49,27,36,35,38,34,86,56,84,104,66,62,79,93,52,56,38,39,30,34,65,71,71,54,58,61,56,47,30,42,68,32,36,50,29,36,36,38,39,29,30,30,42,45,53,54,61,56,62,60
29,29,29,29,29,29,29,29,28,39,70,82,90,81,65,34,29,29,30,31,31,30,29,30,30,30,30,31,31,31,31,31,31,33,34,35,30,32,32,29,31,28,27,27,27,27,26,28,28,25,27,26,24,30,40,38,36,44,60,68,35,49,47,53,85,208,230,223,234,199,179,166,129,114,122,132,126,128,134,125,133,152,156,182,215,241,232,246,246,247,255,255,251,248,232,237,241,241,240,230,231,180,59,58,94,94,60,35,34,27,32,33,68,79,71,101,63,65,87,75,53,49,36,43,55,67,64,57,44,36,63,65,51,39,37,47,27,21,32,50,39,32,32,36,34,39,48,61,52,39,50,62,66,66,61,60
29,30,30,31,30,30,30,30,29,38,73,83,88,82,75,32,30,30,29,31,31,30,29,30,31,34,32,31,33,30,30,32,30,30,30,30,30,30,30,30,28,28,26,26,25,25,26,29,26,26,24,23,23,28,25,38,37,45,66,46,54,41,61,85,208,193,223,232,201,172,164,132,118,120,124,120,140,121,120,134,139,128,153,149,170,210,230,247,240,229,228,238,242,243,231,247,253,252,233,209,173,171,92,41,37,44,49,54,80,96,80,55,61,85,78,106,73,77,88,58,63,44,53,69,80,58,44,41,38,25,78,36,67,29,39,33,31,26,34,31,71,40,36,54,47,43,57,56,53,42,40,50,64,48,59,61
29,30,30,31,30,30,30,30,29,40,76,85,87,79,72,32,31,30,30,32,32,31,30,29,32,33,33,33,33,32,32,31,31,31,31,31,32,32,32,29,28,28,28,27,26,26,25,28,26,27,24,26,26,26,28,27,39,47,36,61,49,58,54,178,211,226,242,217,200,182,145,120,108,110,123,119,125,119,112,147,161,170,178,167,167,190,210,172,158,147,157,181,178,187,195,213,210,201,183,160,135,146,107,51,35,51,36,27,23,28,42,49,71,69,88,80,56,66,86,83,81,78,79,73,52,46,35,27,31,52,41,42,67,35,42,44,39,35,41,46,70,74,42,26,37,43,59,60,59,50,44,43,50,58,48,52
29,30,30,31,30,30,30,30,30,43,78,83,83,78,75,37,31,32,32,33,33,33,32,30,30,33,34,35,33,33,32,31,30,31,31,31,33,33,31,29,29,29,29,29,28,27,30,31,25,22,29,34,38,39,30,30,27,48,53,59,40,124,222,221,217,220,217,203,169,143,134,120,109,108,108,115,113,101,116,109,111,114,157,161,205,209,197,125,143,123,109,134,126,129,153,150,164,151,137,135,132,130,111,54,56,50,31,22,28,34,34,32,62,51,103,100,57,47,82,66,65,37,42,45,50,55,50,31,51,77,30,35,53,42,45,51,52,46,43,47,52,67,22,30,21,44,62,63,59,53,56,57,53,56,57,61
29,30,30,31,30,30,30,30,31,43,76,77,69,72,76,36,32,32,33,35,35,34,34,34,34,36,34,37,33,31,31,31,32,32,32,32,31,32,30,30,30,30,31,31,30,29,29,30,25,23,27,27,28,30,38,40,38,47,51,76,179,225,196,189,223,215,205,204,157,121,120,116,108,104,108,114,123,111,96,108,116,96,108,96,131,172,211,221,159,111,119,107,101,110,119,120,127,123,116,114,123,128,109,52,55,50,29,36,35,34,35,32,62,66,93,107,56,33,75,54,54,34,43,35,33,30,43,63,92,53,39,34,43,43,35,27,33,41,45,49,54,50,41,31,33,35,59,65,60,56,57,60,73,68,70,68
30,30,30,30,31,30,29,31,31,38,68,71,69,65,66,38,33,36,33,34,33,36,35,36,36,35,36,33,33,33,33,34,35,35,33,31,32,34,29,31,33,32,34,33,30,28,29,30,31,32,33,30,26,24,21,33,35,34,46,171,212,189,192,214,206,205,162,137,133,118,117,118,108,98,100,91,94,110,115,155,154,136,121,134,157,116,124,153,206,191,103,99,103,90,106,102,83,92,98,117,120,121,111,49,43,48,28,27,28,31,40,42,60,88,90,113,58,24,79,70,43,48,23,42,15,39,37,94,85,50,32,49,45,39,32,52,42,45,43,41,49,36,53,44,34,32,41,63,81,57,32,34,28,32,34,32
31,31,31,31,32,30,30,31,31,39,69,75,73,67,66,38,34,33,38,37,36,38,42,37,36,37,36,36,35,35,35,35,35,33,35,33,33,30,28,30,31,30,32,35,39,43,41,43,42,38,42,43,42,40,44,40,48,47,130,228,200,201,216,222,209,206,148,123,130,122,118,112,107,110,101,97,84,83,85,91,135,168,173,144,105,121,119,95,126,179,183,117,94,104,95,89,81,85,84,94,119,111,88,48,40,45,26,24,29,33,35,38,57,53,85,110,64,36,81,65,24,33,30,28,45,35,64,63,95,37,50,49,30,38,29,55,37,44,41,37,44,50,49,61,37,24,32,36,53,41,35,35,26,25,24,24
31,31,31,31,32,31,30,32,32,38,69,79,77,68,66,40,36,35,37,38,39,40,40,37,38,40,38,39,38,36,35,34,33,34,34,35,33,33,32,33,34,32,30,32,35,38,36,39,42,41,39,41,43,44,44,49,39,110,211,206,226,223,249,228,196,181,168,141,132,118,115,119,93,88,101,103,100,101,111,92,97,122,120,162,148,119,113,104,121,107,153,172,110,98,95,87,81,79,80,106,107,108,59,49,39,38,24,27,35,39,32,31,62,46,82,107,71,52,82,62,29,39,47,31,22,56,79,61,40,26,34,44,30,33,34,41,42,51,55,51,50,63,46,61,46,46,37,27,33,28,39,25,25,24,26,31
32,32,32,32,33,32,31,33,32,36,66,76,78,68,67,44,38,36,35,38,38,40,40,39,39,40,43,42,40,40,40,38,36,35,36,36,39,38,37,38,38,35,33,33,34,34,36,34,35,40,40,36,35,42,44,44,93,200,213,220,240,199,188,193,208,207,155,147,130,127,118,113,108,77,77,85,108,97,104,102,105,101,105,87,119,139,152,97,97,109,112,152,146,95,84,87,79,84,100,108,108,80,46,42,32,30,25,30,35,37,28,35,61,67,81,105,72,60,82,55,36,31,46,40,55,75,31,66,28,37,29,39,40,34,53,34,45,51,54,47,35,38,49,55,57,44,24,25,27,35,40,30,27,28,29,29
34,32,31,32,32,32,32,32,37,37,68,77,78,70,69,46,40,33,35,38,40,45,46,43,38,47,48,47,42,44,43,40,40,38,40,40,38,40,45,43,40,37,36,38,38,35,34,37,36,30,27,27,30,39,51,84,218,220,239,242,210,208,222,189,193,187,172,168,138,136,128,101,109,110,70,61,104,108,112,105,125,128,102,81,93,106,130,144,111,107,119,123,166,128,85,91,67,74,102,104,120,41,42,42,38,24,31,33,37,35,33,19,48,67,86,100,69,92,70,28,45,38,40,50,81,16,39,30,34,35,30,28,57,53,47,22,30,31,36,35,32,16,27,29,57,40,20,23,30,47,38,35,36,40,32,25
33,32,33,33,32,32,32,32,34,35,68,79,77,69,67,42,40,52,42,44,45,51,45,45,48,54,46,45,47,48,44,40,41,40,39,38,37,40,38,38,36,35,38,36,35,35,39,42,44,42,53,45,47,49,49,194,227,233,241,216,190,186,185,173,159,154,176,162,143,147,138,113,107,119,111,111,113,106,88,99,103,133,117,115,95,90,108,129,145,127,87,114,115,132,96,89,71,80,105,115,80,37,28,29,42,34,31,44,50,46,35,35,47,59,86,103,75,79,76,38,20,51,55,53,42,29,77,29,32,34,33,36,40,35,35,26,24,29,35,32,27,20,19,21,34,26,15,21,25,54,48,42,39,34,31,36
32,34,35,33,32,32,32,32,32,34,69,81,78,70,67,39,40,52,43,39,45,46,48,52,54,54,58,58,52,45,46,47,48,47,45,44,41,40,39,40,40,41,47,44,43,46,43,46,50,53,46,49,58,66,142,244,226,252,222,171,168,162,145,167,168,144,151,159,134,128,142,146,109,102,128,116,122,118,111,115,107,112,118,139,124,105,92,94,112,136,136,108,108,120,105,90,94,94,100,121,47,39,41,48,51,35,33,44,39,28,25,24,36,56,83,95,80,70,75,22,33,44,39,52,37,46,53,32,28,27,32,54,39,54,37,33,26,29,34,29,27,36,31,36,56,49,40,36,22,60,44,47,43,36,39,39
35,37,37,31,32,32,32,32,33,35,68,80,81,73,69,38,36,37,34,43,43,49,49,53,59,55,59,54,50,48,47,48,48,47,48,46,45,41,43,43,43,43,37,40,44,46,51,53,58,63,70,66,61,109,213,229,238,212,162,159,133,128,150,132,149,153,144,139,129,116,122,138,145,113,105,91,116,128,129,119,100,102,100,94,111,105,104,93,99,106,121,143,121,140,140,100,106,103,112,130,63,49,54,50,48,35,38,38,33,24,25,26,29,53,89,105,85,70,86,45,35,38,58,41,28,73,28,26,20,22,36,52,28,64,38,43,35,34,34,28,30,42,36,36,46,58,41,36,33,59,36,47,46,41,50,54
34,37,39,37,34,34,35,35,28,42,64,80,77,74,67,39,32,35,33,43,47,47,47,43,51,53,52,52,50,50,50,49,48,46,45,44,44,43,48,40,39,48,54,50,60,65,60,57,62,66,71,67,109,209,224,247,219,172,151,166,140,131,128,137,148,143,149,136,133,120,119,117,139,146,111,112,121,115,112,128,114,102,105,92,99,103,104,108,92,85,105,124,150,138,171,118,106,103,122,114,49,51,42,37,44,42,35,44,28,27,26,24,33,60,82,105,87,49,58,36,22,59,48,35,50,44,35,31,20,15,45,27,34,49,27,25,32,43,42,30,39,38,37,39,47,57,54,46,42,35,36,46,51,30,35,53
37,38,39,37,35,35,35,35,38,41,67,79,79,77,72,45,32,39,48,43,50,58,63,56,48,51,51,50,49,49,52,53,52,52,46,43,42,45,43,49,55,55,60,57,63,60,61,64,67,68,70,84,199,226,227,226,178,150,146,135,135,137,127,122,133,144,149,137,132,113,97,116,123,136,151,128,128,120,101,115,116,105,105,98,87,95,104,117,113,105,96,99,133,149,163,132,111,109,136,103,48,51,38,37,39,45,51,55,34,34,26,23,29,68,88,99,84,62,72,28,57,46,35,32,59,34,24,22,34,22,45,50,41,61,34,42,47,41,39,40,46,41,42,38,39,61,48,44,52,41,37,26,23,29,38,41
41,40,39,39,37,37,36,35,33,35,66,80,78,76,71,45,34,38,44,47,46,57,63,63,48,50,51,50,52,51,52,54,56,54,57,55,54,56,61,59,58,61,59,57,64,59,59,68,70,71,69,148,230,218,230,192,138,124,105,121,135,137,127,117,129,136,151,132,123,111,106,109,113,114,114,154,117,110,118,116,109,98,102,112,88,82,80,104,116,104,102,90,94,156,150,143,114,114,136,80,45,59,48,45,37,49,39,58,53,38,32,36,37,73,85,105,76,58,62,51,62,21,44,44,44,30,28,40,26,25,55,51,51,59,60,52,44,46,48,63,72,53,49,46,50,74,67,43,26,26,22,21,22,31,35,36
46,42,39,40,39,38,36,34,33,43,67,82,82,79,73,46,38,42,42,44,50,50,49,52,51,53,54,50,51,53,54,54,54,50,49,51,53,50,52,62,67,56,60,54,59,57,53,64,64,72,117,216,221,231,214,152,124,99,116,122,127,130,121,108,123,130,139,127,125,111,95,95,102,104,113,131,143,123,118,130,117,102,101,116,102,101,86,90,103,112,106,90,91,125,151,147,118,124,138,77,44,39,38,35,34,50,50,44,47,56,35,45,47,68,80,107,68,54,74,91,31,47,43,72,46,29,38,20,36,56,69,71,57,40,43,38,34,27,35,39,50,53,44,42,32,33,42,46,26,27,30,39,41,44,39,38
41,45,38,40,44,37,40,31,34,47,68,81,86,80,76,43,37,41,44,45,48,46,54,55,51,52,51,53,58,53,56,60,54,55,54,51,50,51,54,66,63,71,60,60,56,58,70,70,68,82,187,227,232,221,153,98,99,77,104,128,124,121,122,96,112,121,132,131,125,114,96,99,98,106,106,116,124,120,101,117,122,120,100,109,94,103,103,93,91,98,105,123,95,109,167,151,128,131,127,69,40,38,30,31,34,46,38,44,41,45,48,56,28,51,93,100,63,73,94,33,34,42,74,21,32,29,36,60,60,26,46,35,26,44,41,42,40,34,44,40,38,38,30,28,29,33,30,45,31,44,47,48,42,45,41,28
44,39,47,43,42,38,42,38,46,49,67,77,84,81,77,49,44,46,41,49,51,53,58,59,51,51,54,57,69,60,54,56,57,52,48,52,53,53,64,67,56,55,61,70,71,67,72,65,68,118,225,235,236,179,134,102,101,92,94,117,117,115,96,81,106,125,133,128,129,115,109,106,98,99,108,120,134,131,119,111,110,121,112,92,102,103,100,113,98,91,92,116,140,134,129,160,118,134,135,56,48,39,42,47,46,59,60,42,43,38,44,46,52,70,83,90,68,85,108,72,31,89,86,28,26,66,61,37,18,37,38,26,40,77,66,52,46,48,44,44,38,31,23,20,28,30,40,37,42,61,36,44,45,26,28,39
49,58,57,55,56,52,49,49,65,50,66,71,81,83,78,61,51,50,44,53,55,50,54,58,58,57,55,52,64,57,53,53,55,57,56,50,53,59,70,64,52,46,60,73,77,72,68,75,74,195,234,241,207,140,110,102,97,100,111,119,108,99,80,68,90,116,106,132,129,112,104,103,100,106,113,121,137,129,122,111,107,129,129,109,99,89,114,115,113,108,105,110,118,140,118,155,124,136,127,38,46,53,57,59,77,59,51,42,33,43,57,56,46,47,85,96,45,88,82,78,66,94,49,51,73,39,21,28,26,75,54,45,30,36,55,63,58,46,37,37,32,19,25,27,30,35,40,45,49,65,28,40,44,38,32,37
58,60,58,58,62,59,54,58,78,49,66,69,79,84,79,71,52,47,46,46,51,48,48,49,61,59,56,50,57,52,53,53,60,66,63,50,53,56,67,59,56,53,67,72,72,74,75,75,137,233,238,248,187,128,84,86,92,106,118,113,99,96,77,61,75,110,107,119,132,127,106,102,98,101,114,120,138,126,112,127,113,122,130,121,102,96,113,118,115,114,93,109,109,139,140,159,139,130,141,64,49,41,49,58,50,53,54,46,43,49,46,55,50,57,77,74,65,101,70,41,67,57,73,43,16,49,25,31,68,52,41,32,24,26,40,45,55,52,44,26,17,18,20,31,33,39,39,43,49,55,40,28,25,27,31,34
57,65,52,59,51,57,63,65,72,52,62,76,85,76,88,74,51,53,50,45,53,51,49,49,49,54,51,50,60,53,47,56,57,65,65,53,50,66,64,69,64,67,79,76,71,75,77,80,215,232,240,228,165,119,84,86,90,102,112,104,95,93,80,70,75,96,99,114,121,127,114,95,104,106,112,126,145,128,98,133,129,123,121,123,101,103,107,119,126,122,119,118,108,139,150,168,141,116,146,95,42,53,49,57,51,48,55,53,49,49,51,53,51,52,60,56,74,68,89,116,90,54,40,35,29,43,46,82,56,32,24,38,37,32,45,50,48,42,59,59,23,15,24,37,38,42,42,43,57,34,52,19,26,16,35,43
52,55,58,65,58,58,56,52,47,53,55,65,67,78,82,59,59,43,48,47,55,53,48,47,48,47,49,52,71,67,63,56,57,59,55,59,55,60,68,71,76,75,73,77,74,72,77,134,241,240,237,205,135,96,85,79,84,102,107,104,98,92,91,72,65,83,97,107,123,132,123,102,104,106,116,118,134,139,126,128,131,128,127,133,116,104,123,108,119,124,133,134,117,128,156,169,140,113,142,122,44,42,36,66,58,64,62,63,59,49,51,53,39,41,61,51,65,61,64,60,60,66,79,69,64,80,63,20,14,23,40,32,40,24,29,30,43,47,47,50,53,27,36,32,42,40,43,45,53,22,26,14,22,19,37,44
63,52,59,63,63,61,57,55,47,48,57,58,67,74,66,54,53,52,51,51,56,55,51,52,50,51,48,58,68,70,71,68,60,67,64,69,75,76,73,72,81,78,74,81,81,79,88,209,233,253,234,180,113,96,86,76,84,103,101,103,101,92,92,79,70,91,99,94,104,130,129,109,101,98,107,121,127,150,109,101,134,132,130,114,130,118,119,124,120,121,140,131,132,132,167,170,141,112,133,125,60,44,59,41,59,66,57,59,51,39,45,52,56,57,57,57,46,51,66,64,60,59,48,48,55,57,68,79,73,66,51,31,30,37,43,35,25,49,34,33,35,40,39,41,43,49,48,49,51,24,28,18,22,15,23,22
62,70,78,68,64,59,54,53,57,61,67,81,82,70,59,47,50,49,49,50,55,57,57,56,64,61,57,58,64,72,71,71,75,76,77,77,75,78,79,74,78,78,77,77,77,87,145,243,242,241,224,156,93,87,87,82,96,104,99,101,99,94,89,88,76,83,92,97,95,124,133,119,104,91,101,112,87,148,107,99,142,136,128,110,124,140,110,123,119,110,130,141,133,141,177,173,145,117,130,112,49,54,44,56,61,56,50,49,25,30,33,51,59,54,91,100,53,42,52,64,66,73,57,57,51,39,30,41,38,43,47,70,84,81,41,37,46,51,18,32,34,45,39,43,47,49,47,39,30,31,40,32,16,26,23,20
62,62,63,64,62,62,63,64,58,60,59,54,55,55,53,59,45,53,57,49,51,56,59,60,66,55,47,67,62,68,67,65,66,77,82,79,82,83,65,80,80,78,75,69,80,77,149,242,243,226,206,129,86,90,89,86,104,103,90,94,98,92,90,89,77,63,90,102,95,112,135,127,104,98,90,112,118,140,114,113,127,132,129,114,117,126,108,116,134,111,126,140,142,139,177,168,148,137,135,100,58,44,40,38,54,28,38,38,21,24,29,51,69,72,98,119,62,43,33,67,37,48,61,48,32,46,38,33,34,31,44,39,35,49,25,25,44,45,27,26,26,26,31,19,43,22,26,29,47,28,18,54,32,27,16,21
61,61,61,61,62,61,61,61,62,65,66,63,61,55,58,62,88,101,97,82,50,61,61,64,62,59,68,70,63,64,63,64,68,70,74,80,78,80,74,69,72,74,76,85,81,88,201,255,211,235,187,106,79,79,99,104,108,105,94,84,92,96,95,89,70,55,82,95,82,87,128,132,111,104,101,97,126,153,121,105,118,132,139,132,119,125,128,135,136,138,119,129,149,149,176,168,150,142,147,75,44,45,64,46,43,34,64,25,31,27,29,21,49,56,108,117,55,36,27,53,33,44,55,66,45,20,31,49,45,46,49,40,35,25,27,35,40,31,30,33,28,36,25,38,37,26,28,36,35,25,34,11,61,34,19,21
66,66,64,64,61,61,60,59,57,60,62,60,59,71,89,90,81,86,84,79,63,63,62,68,66,74,68,65,61,63,63,67,69,65,74,77,84,88,83,80,85,88,85,84,87,107,225,243,194,246,157,88,79,82,96,107,101,97,101,86,91,100,95,91,79,76,86,98,81,76,109,135,119,110,104,103,121,152,132,105,109,124,129,146,131,119,120,133,134,144,125,122,145,152,169,164,150,145,157,65,65,72,59,52,44,46,38,33,37,33,32,31,40,40,108,115,51,37,29,71,47,35,38,36,50,59,41,32,40,55,51,36,31,48,28,35,28,27,42,42,32,28,42,28,36,37,27,50,19,19,20,36,16,59,23,19
67,66,64,62,62,62,62,63,58,60,60,62,67,71,77,73,73,78,70,67,72,71,75,61,66,67,63,76,70,74,66,69,70,67,73,77,74,77,73,73,81,87,84,88,88,123,244,220,223,219,119,81,73,89,98,104,105,102,99,98,90,91,96,90,77,78,81,93,75,73,89,133,120,110,108,114,124,151,137,121,106,111,119,140,134,115,121,125,143,149,138,126,138,163,169,165,155,153,135,47,70,60,60,52,38,40,48,47,30,35,40,39,33,53,105,116,57,54,44,58,63,56,43,42,34,47,50,66,61,49,38,52,50,45,35,25,35,26,44,35,39,31,37,51,47,46,64,46,24,25,23,25,31,17,18,17
68,65,61,57,60,64,62,61,64,64,54,57,69,69,69,71,68,65,69,76,85,78,72,66,69,67,70,68,69,73,80,70,76,83,81,70,73,74,71,63,68,79,79,84,104,135,250,190,240,193,100,75,79,89,103,106,106,103,99,100,92,96,95,91,74,72,77,86,81,75,80,123,117,108,99,110,122,142,136,124,104,108,112,130,143,143,124,116,136,151,145,142,133,166,175,166,164,154,122,69,97,87,68,60,41,43,37,44,35,32,36,66,77,67,103,124,62,61,46,53,54,36,40,36,37,41,43,39,46,39,37,43,44,42,26,25,32,38,37,37,54,50,28,35,40,48,45,37,28,30,32,33,42,32,17,19
69,66,63,64,61,65,62,61,61,60,61,59,61,64,71,72,72,68,74,80,84,78,79,79,83,80,77,76,79,87,90,90,83,81,81,84,87,76,80,85,82,86,88,84,89,150,242,198,229,169,100,71,77,90,105,106,105,101,98,101,97,96,87,88,80,75,80,85,78,76,85,105,126,110,107,99,128,141,129,127,114,105,113,124,134,142,101,123,123,142,151,154,145,165,178,170,170,160,101,95,84,92,64,52,43,48,38,40,40,36,46,60,72,71,112,116,71,60,37,43,65,45,58,62,47,37,34,40,37,38,38,24,42,38,38,49,45,38,42,44,53,44,31,35,34,35,50,55,40,25,38,23,29,51,36,24
68,67,67,69,70,73,69,67,60,64,69,67,65,66,69,73,77,85,92,103,89,85,88,93,95,95,86,81,81,90,88,95,86,79,73,80,94,81,79,83,78,82,90,95,88,187,229,215,213,156,79,55,76,94,104,106,104,99,93,95,96,88,66,73,80,76,62,78,80,74,87,100,137,103,117,80,135,142,132,124,115,108,107,113,123,141,117,126,120,134,155,158,148,163,175,168,168,157,65,83,80,58,77,76,67,52,52,49,45,42,55,65,73,74,113,121,73,48,36,35,66,45,53,60,40,38,45,35,28,36,42,44,41,37,32,49,49,43,36,30,28,32,45,42,39,49,51,45,52,35,37,25,22,49,56,48
74,78,80,78,74,77,72,67,64,63,67,68,72,77,77,83,87,94,88,80,86,87,88,93,95,106,118,108,101,106,112,105,98,87,100,98,79,81,78,87,84,90,96,95,90,207,228,234,190,148,71,52,82,96,102,104,104,100,98,93,93,84,67,68,76,70,68,78,77,76,88,107,127,104,108,102,132,149,131,121,117,113,109,111,115,130,115,133,132,128,144,161,159,163,178,171,169,154,74,73,87,98,95,106,73,70,62,47,49,46,60,66,70,74,112,117,56,36,31,37,55,43,38,69,46,46,51,51,48,44,52,48,37,40,35,36,41,39,40,33,27,30,27,37,42,43,30,33,40,46,37,33,35,13,43,54
83,80,80,83,80,75,76,75,73,71,72,75,83,81,65,70,86,89,98,99,96,98,104,92,106,112,111,110,110,102,103,96,88,85,84,92,85,85,85,89,90,93,94,97,84,202,229,236,186,138,69,67,82,95,94,103,101,105,100,93,87,80,79,72,72,76,73,82,83,78,85,106,130,114,107,113,129,154,124,121,117,121,114,110,117,115,99,141,140,127,135,159,166,169,185,174,171,154,49,59,60,96,68,98,57,84,64,90,62,48,61,65,71,71,117,128,45,42,44,36,38,49,44,77,45,55,62,55,54,55,48,50,47,38,49,58,28,37,33,24,36,34,33,48,47,43,29,37,26,40,37,30,21,39,38,55
82,82,84,87,84,83,83,83,84,86,85,77,79,77,80,78,79,90,99,93,89,103,110,117,123,118,115,115,111,92,88,84,80,78,72,87,83,86,86,87,87,88,90,99,97,216,224,227,180,113,66,69,82,91,95,101,100,101,102,98,91,85,76,72,71,73,76,80,80,82,86,106,128,109,81,121,129,150,127,114,119,124,116,113,120,126,117,127,143,133,127,152,167,174,173,168,166,137,85,88,59,55,98,83,80,66,97,105,79,55,56,54,39,44,118,110,48,22,36,54,51,72,43,65,62,62,62,59,59,60,50,47,41,43,35,59,38,40,43,39,32,33,29,31,36,40,34,44,50,37,52,45,41,40,43,42
91,91,89,86,86,85,86,88,90,81,86,80,76,71,70,79,79,94,91,94,99,111,110,116,108,108,120,112,105,98,94,91,85,79,80,90,86,85,88,96,93,92,96,98,96,200,234,212,187,94,66,74,83,89,90,94,101,101,99,100,90,86,74,76,70,70,79,80,79,85,87,107,132,119,79,116,140,146,128,110,119,127,118,116,116,122,131,143,145,140,133,154,170,176,167,168,163,108,90,67,38,57,45,91,84,100,70,68,52,54,51,48,40,58,118,115,66,47,35,98,47,87,57,65,49,59,69,67,57,51,50,49,40,41,42,61,29,31,53,33,40,40,49,41,37,44,45,44,51,50,58,57,44,44,33,36
95,96,93,88,87,88,89,91,92,86,85,89,86,81,79,77,84,94,105,108,106,107,115,112,109,114,112,104,101,99,96,95,90,83,87,89,86,86,86,98,92,90,92,95,101,175,243,211,164,94,73,80,82,92,91,91,100,95,96,100,89,86,75,82,73,71,80,82,80,83,94,105,125,118,100,121,144,142,126,115,115,125,115,120,117,118,124,150,155,149,131,148,168,173,165,169,157,76,73,91,66,56,63,59,74,72,95,82,75,86,54,60,47,71,123,104,66,78,94,93,55,80,83,61,62,70,69,72,64,58,51,44,44,35,37,55,49,42,43,53,41,36,47,49,34,43,36,52,51,59,41,50,43,50,60,63
97,94,100,95,88,84,91,97,82,80,80,73,81,76,76,84,83,90,102,111,116,118,133,123,112,111,102,103,108,91,98,93,94,91,99,110,106,110,113,89,92,93,91,96,106,174,230,207,148,76,64,85,83,96,100,94,101,96,96,99,92,85,81,83,79,69,75,79,78,82,92,103,123,117,115,129,141,146,120,114,121,126,126,118,118,120,122,148,155,159,135,139,163,169,152,162,162,82,82,65,54,56,69,76,71,75,73,100,69,66,58,60,63,86,119,102,87,75,88,77,78,74,73,63,68,69,58,62,53,48,50,43,41,53,51,51,54,54,54,55,51,43,92,76,56,66,64,64,64,84,68,66,73,75,52,52
103,104,100,103,101,98,98,93,88,83,83,81,69,65,66,81,88,104,106,105,108,116,115,109,104,105,109,103,101,95,99,95,85,89,96,106,108,115,111,97,100,92,98,102,101,208,222,202,129,74,66,82,93,95,102,96,98,93,95,92,93,81,76,83,81,71,74,82,86,87,94,107,127,128,121,132,138,147,128,113,115,124,123,117,116,117,123,145,151,161,132,143,145,170,150,156,158,70,67,64,85,86,70,42,59,62,73,81,80,78,81,73,95,94,126,97,79,85,71,62,76,87,85,100,67,69,60,58,54,47,43,46,44,45,52,57,53,54,51,53,50,72,73,53,34,47,49,58,48,55,49,41,56,48,59,59
101,111,105,107,106,106,105,100,99,95,92,73,85,84,76,83,88,89,94,97,109,112,106,104,103,105,100,93,87,91,92,94,93,97,95,94,95,98,97,96,93,96,96,95,111,244,215,200,112,67,78,79,92,99,102,97,94,91,97,90,96,85,75,85,85,71,80,80,77,85,96,109,122,127,128,139,137,148,126,116,118,119,125,121,121,120,122,143,147,162,129,120,147,177,146,151,135,56,67,81,82,61,55,69,52,65,67,74,66,96,76,60,83,79,127,93,67,64,55,61,63,70,72,65,91,80,81,60,57,61,59,46,48,39,42,54,44,42,43,60,74,50,65,58,52,47,42,54,48,53,55,35,35,34,45,62
115,108,106,107,108,113,104,104,101,99,95,83,89,101,94,89,88,90,101,94,99,96,97,95,93,92,91,96,91,96,102,96,96,96,90,97,97,97,98,98,95,95,95,103,164,240,206,176,89,70,77,85,93,98,100,97,91,91,92,90,88,88,79,88,84,63,71,77,80,84,98,111,122,132,130,147,139,147,126,115,116,118,124,122,123,120,121,144,147,159,124,110,164,167,157,164,112,64,67,68,61,74,74,52,54,56,57,66,87,99,81,78,76,89,122,90,56,67,59,45,46,66,84,90,67,72,63,53,54,68,60,43,54,70,56,47,43,52,59,66,56,72,70,50,45,48,56,54,61,58,54,48,32,37,40,54
113,111,109,107,109,108,109,109,102,102,103,98,99,88,88,84,83,87,88,88,85,86,90,94,90,90,90,92,94,91,95,98,100,98,94,99,96,95,96,101,97,98,104,105,218,215,202,159,79,71,79,88,93,98,101,96,91,91,97,84,95,90,85,92,85,69,72,71,84,89,99,106,123,123,129,149,141,145,128,115,116,119,120,122,118,118,121,138,155,144,110,123,173,165,156,162,109,77,91,88,63,60,46,64,61,59,52,57,54,82,103,73,66,91,121,75,46,56,101,69,70,99,118,94,62,78,88,86,95,44,56,44,62,56,84,66,59,68,56,51,70,52,49,47,48,53,51,58,58,54,58,51,41,47,43,53
117,112,110,115,117,113,102,102,104,106,106,101,102,101,87,82,82,84,93,92,91,89,91,92,93,89,89,90,93,93,92,100,102,101,98,90,92,100,100,102,100,98,106,129,246,207,193,132,72,70,76,88,96,97,94,93,93,96,94,83,92,87,79,90,88,75,68,74,79,88,100,109,124,127,133,153,145,145,129,124,117,120,128,128,122,121,127,137,159,137,107,139,172,168,158,162,106,106,73,73,66,54,89,67,66,52,54,45,62,60,72,93,53,93,122,77,47,40,65,101,128,136,90,65,43,57,69,74,82,70,62,58,56,69,64,52,56,61,54,55,47,57,46,56,66,67,64,57,58,53,64,55,47,58,58,55
120,113,119,124,122,114,110,105,107,109,110,105,106,94,95,99,96,92,90,86,87,90,89,86,88,84,84,85,87,88,89,91,91,95,96,103,102,92,88,89,104,103,101,187,244,199,194,115,76,77,77,90,96,95,93,94,95,95,90,84,89,85,78,88,86,75,69,74,73,85,99,111,124,131,140,153,147,145,125,124,114,119,128,126,119,120,125,132,156,125,115,157,164,173,153,152,80,72,79,73,71,82,111,73,71,52,50,47,75,38,55,43,79,105,115,80,36,36,47,68,56,60,49,35,48,65,69,111,83,81,80,71,75,79,84,76,74,91,69,67,68,76,64,63,64,71,67,63,44,60,55,49,63,55,51,52
119,120,124,127,128,133,134,125,120,112,113,107,107,110,110,112,106,98,91,88,87,89,92,89,83,85,87,89,94,94,96,100,105,107,99,99,101,95,93,98,100,106,122,236,217,215,162,89,69,77,84,91,93,93,92,95,96,94,89,88,90,87,86,90,88,87,77,69,71,82,96,110,121,132,143,148,143,146,127,119,119,124,126,123,116,121,121,134,152,127,134,161,150,177,153,152,97,91,92,89,76,69,101,78,83,57,58,48,95,62,71,49,62,110,95,63,70,67,53,41,65,71,62,47,71,67,76,59,65,65,58,67,78,63,69,76,79,81,76,57,64,62,66,71,71,63,57,59,120,108,123,109,68,55,47,55
120,121,119,123,128,119,128,124,111,120,121,123,108,120,116,110,109,105,101,92,86,83,92,90,82,91,93,89,97,95,102,102,101,95,95,94,95,94,87,103,110,110,162,243,206,206,142,78,75,83,86,92,92,91,82,97,93,96,88,94,87,89,91,81,88,83,76,72,73,83,97,111,118,127,143,153,149,144,129,118,121,123,126,120,122,126,114,139,139,135,147,153,147,164,149,153,92,94,87,88,87,80,81,73,79,65,54,59,100,70,71,69,60,107,69,45,56,39,42,56,36,65,60,72,75,56,53,65,110,57,67,63,77,57,56,57,66,52,55,50,53,65,70,73,70,65,62,67,151,130,140,140,132,55,58,61
121,122,120,119,113,124,128,126,128,129,123,110,109,116,129,133,120,121,99,94,95,92,88,92,92,88,90,90,95,94,98,98,98,93,92,94,96,98,108,106,106,116,223,217,214,186,115,77,73,83,88,93,92,91,89,98,91,91,93,95,90,92,82,79,70,66,67,65,70,82,98,111,118,126,145,154,145,143,131,119,121,122,129,117,128,126,121,132,136,138,149,152,135,151,156,153,83,78,66,76,71,71,77,79,74,70,73,70,104,64,58,51,61,100,102,50,35,42,49,48,63,46,61,53,52,67,64,73,95,54,49,48,58,59,50,48,50,57,56,63,62,59,69,63,61,55,51,72,133,120,126,123,117,61,58,60
118,118,116,119,133,133,125,128,135,140,119,116,119,127,124,128,126,126,125,119,107,96,97,98,106,97,96,94,97,100,99,97,98,99,98,98,104,107,107,110,115,143,235,205,221,164,105,81,69,87,87,90,88,90,92,96,95,98,90,98,102,91,70,85,75,67,69,68,70,77,95,108,115,124,142,155,143,142,133,121,121,122,130,120,136,123,126,128,135,141,155,147,130,142,154,164,97,83,66,82,82,68,74,80,71,68,56,100,72,56,63,48,68,87,105,47,43,48,54,50,43,62,69,80,68,54,86,63,76,65,58,56,55,52,60,56,53,66,63,64,74,71,78,72,66,77,93,126,137,124,131,135,125,67,55,60
126,123,110,101,107,114,121,131,132,131,136,134,131,126,130,126,127,116,116,120,127,128,118,99,100,103,105,103,107,112,107,107,101,102,97,99,109,117,116,105,118,171,225,210,212,143,87,74,72,83,81,83,83,89,94,92,91,95,92,94,101,91,75,79,69,65,61,63,70,78,86,101,110,122,133,156,146,142,131,120,122,125,128,130,138,117,124,136,137,145,149,130,132,140,151,147,66,80,91,95,74,75,64,81,74,68,71,78,74,96,66,53,73,98,98,53,41,45,64,63,66,69,56,61,63,62,79,79,79,88,54,56,59,56,58,52,50,53,77,69,59,60,56,55,52,58,51,108,117,103,95,108,101,48,56,77
114,113,113,113,111,114,122,118,121,127,135,136,138,133,138,138,123,131,123,122,115,124,122,122,114,128,122,115,114,113,109,117,116,112,118,115,124,118,124,131,116,196,223,215,182,124,81,78,78,83,79,85,89,95,96,93,91,90,88,98,82,88,90,78,61,65,61,60,66,71,82,95,103,115,135,158,150,149,129,125,123,128,133,144,131,118,129,143,140,153,127,120,125,143,149,149,59,78,79,95,82,75,75,76,97,82,81,87,94,90,93,86,92,102,91,49,52,62,71,57,39,85,66,62,62,64,67,64,82,84,59,66,67,58,59,57,62,82,86,87,71,71,70,61,53,62,59,119,112,110,113,124,107,66,76,58
124,117,114,121,118,121,126,121,123,125,131,140,138,135,128,120,135,136,137,129,121,121,123,128,117,120,126,133,131,125,127,127,126,119,120,119,120,125,125,132,106,170,212,207,155,99,76,74,74,78,84,89,91,95,93,92,91,92,89,92,91,90,89,73,63,66,64,62,67,72,91,102,106,117,133,159,152,148,131,127,126,131,139,140,123,121,138,135,141,138,110,120,123,136,144,148,52,69,67,72,88,87,102,76,66,59,66,65,61,66,62,66,74,75,71,68,73,75,59,102,95,80,92,104,79,70,67,84,76,77,68,58,59,60,58,62,70,81,56,57,80,58,46,60,57,63,63,137,114,114,124,125,113,72,65,71
119,121,121,120,121,120,115,113,117,136,125,137,131,130,117,122,135,130,128,129,140,136,127,122,139,132,135,139,132,135,131,138,136,129,126,131,134,135,132,133,121,163,227,188,141,91,77,77,78,80,86,91,91,94,96,93,89,87,91,86,99,93,87,66,67,69,69,66,72,80,98,104,104,114,130,160,156,145,134,131,131,137,140,133,116,126,141,133,144,99,111,122,121,138,138,158,74,59,70,65,87,99,81,61,70,62,71,62,50,59,63,52,53,78,89,83,84,78,98,71,95,56,63,68,76,64,50,66,71,99,72,72,72,78,77,70,67,57,62,83,62,55,46,55,59,68,69,165,115,118,130,126,109,71,66,69
120,123,126,126,119,117,123,125,122,127,129,133,134,132,123,120,129,136,139,139,145,130,128,119,132,132,130,133,130,147,138,130,129,123,125,135,127,105,104,109,124,135,215,159,109,79,77,79,81,82,83,88,89,93,93,90,88,88,90,86,98,96,88,61,72,73,74,71,79,92,104,107,105,116,127,160,159,143,137,135,135,142,131,130,118,130,139,140,113,101,115,120,126,137,133,150,69,77,84,80,76,70,72,91,71,54,63,58,56,67,61,67,79,78,75,80,76,74,72,68,72,74,74,75,64,64,69,83,69,79,68,66,74,70,83,79,77,78,87,73,67,66,76,65,70,68,71,186,112,119,125,127,94,58,62,69
122,120,123,131,140,145,125,126,125,133,130,141,139,131,130,126,128,132,135,129,134,131,129,127,129,133,135,125,128,129,129,131,132,121,117,121,126,129,125,131,132,177,193,134,88,73,75,77,82,86,88,91,94,94,91,90,91,87,97,83,97,93,84,70,74,77,75,78,84,102,107,103,108,116,119,155,159,140,139,139,138,141,128,130,119,133,154,115,97,110,113,116,126,131,128,80,115,80,76,82,95,86,78,83,82,66,60,91,80,75,80,105,98,70,56,87,71,73,71,60,71,66,75,83,64,69,73,76,75,75,98,65,77,91,90,92,67,68,79,77,66,77,94,89,72,64,74,192,112,114,130,131,82,58,69,75
115,110,113,119,126,126,125,133,140,134,137,135,136,132,137,142,140,131,128,126,128,133,137,126,127,128,125,130,131,140,129,136,143,138,130,120,129,132,135,130,127,112,155,99,77,78,80,80,82,83,90,91,92,91,90,90,93,91,97,89,95,86,90,77,80,79,73,82,90,100,108,107,110,117,125,157,153,137,134,138,133,142,134,134,128,143,132,93,101,106,108,117,125,125,141,105,70,84,88,102,92,70,71,75,101,84,82,89,75,75,86,80,81,70,76,96,92,76,78,74,79,82,75,72,92,90,84,67,68,63,96,76,72,90,79,67,79,80,89,87,84,81,61,71,83,54,67,178,108,116,130,131,82,58,69,72
108,101,111,118,114,113,126,128,132,134,142,140,138,133,143,142,142,142,137,136,136,126,136,128,126,129,131,134,133,145,142,147,144,129,134,127,124,125,125,120,131,134,169,82,79,71,78,80,85,88,90,91,90,87,83,83,88,87,95,95,91,82,83,82,89,74,59,77,93,103,104,107,108,118,140,162,153,135,121,129,128,139,128,128,127,137,123,99,109,102,110,123,127,124,147,89,59,77,80,100,84,75,60,91,113,70,93,87,85,86,79,78,92,82,72,69,75,84,84,74,78,73,77,69,107,87,71,68,69,69,61,90,73,57,65,76,72,80,81,65,59,63,66,64,67,58,69,178,118,115,129,130,82,59,55,60
121,108,119,125,125,129,135,134,131,130,142,143,141,139,138,139,140,150,147,142,132,119,122,132,134,118,123,124,126,129,124,133,139,134,135,127,121,122,127,127,132,132,143,132,78,76,80,82,86,89,87,88,89,87,82,82,86,84,90,94,84,85,90,83,88,79,54,72,91,102,103,112,113,126,150,155,155,128,118,121,136,142,131,134,133,129,86,108,101,106,113,125,123,127,111,89,64,71,84,90,142,134,87,86,87,67,83,69,97,85,110,104,97,71,84,75,86,82,72,76,64,79,77,72,85,53,83,67,75,86,71,68,64,65,58,73,68,69,63,69,65,69,78,74,79,68,71,169,117,118,128,129,82,60,61,65
128,97,118,119,122,140,133,138,130,133,142,139,136,137,139,142,150,152,148,136,134,148,140,140,125,130,125,130,132,128,134,130,136,138,127,127,130,132,135,130,124,122,132,175,73,76,85,85,84,91,91,88,82,88,86,83,87,89,96,84,84,82,92,87,97,85,80,87,96,101,106,112,123,132,155,151,157,127,121,126,138,143,138,132,102,102,105,111,102,112,119,121,122,127,88,89,131,66,73,121,177,106,75,96,63,121,99,72,60,89,107,107,89,83,77,69,88,92,62,68,91,90,71,77,84,83,67,63,72,81,61,55,57,58,63,57,55,78,88,71,63,67,65,67,79,94,83,155,115,126,135,131,84,68,74,67
131,133,128,115,123,127,129,131,137,145,139,136,136,137,132,139,154,155,151,142,145,147,132,133,148,150,144,140,136,137,136,130,140,141,139,139,139,133,122,123,120,116,118,140,79,74,81,82,81,86,92,88,78,79,81,85,94,92,98,93,84,84,92,93,103,91,98,103,106,102,109,118,132,139,158,147,159,141,130,135,128,127,96,82,106,118,108,116,108,118,123,120,123,123,99,114,156,120,104,126,134,83,91,79,67,87,103,87,108,104,114,121,116,89,103,104,99,86,84,78,75,82,72,78,82,55,59,57,54,53,65,68,64,61,77,67,73,69,77,76,71,69,81,97,103,85,94,155,116,122,125,133,78,82,87,74
176,160,164,151,149,148,140,143,140,140,142,144,145,143,137,137,147,150,147,154,153,148,134,134,140,145,144,140,138,152,155,140,141,146,140,134,127,126,131,115,124,119,107,113,175,74,77,80,79,81,84,83,76,76,66,76,92,95,99,96,84,87,92,90,96,96,101,105,108,105,115,121,132,137,162,142,161,155,142,134,119,138,129,136,132,127,112,121,114,121,123,121,126,130,76,93,133,101,120,187,77,85,86,94,92,93,109,114,164,98,90,103,118,101,87,107,105,102,77,103,110,86,88,75,65,61,50,56,60,58,58,53,66,82,72,64,53,62,85,64,83,97,89,66,75,77,80,148,124,121,128,130,90,94,84,81
172,193,180,171,177,169,184,160,160,164,161,163,162,156,146,148,145,141,140,167,178,175,161,144,133,145,151,150,153,161,153,148,146,140,129,129,126,122,117,120,125,120,115,111,144,78,74,77,79,79,81,83,77,76,70,69,80,91,98,86,83,89,82,89,96,95,105,105,108,113,117,119,129,142,166,141,163,158,145,118,97,106,132,172,122,102,112,122,113,116,120,122,123,144,111,140,127,132,163,139,108,79,86,70,73,100,94,104,145,141,142,137,130,106,119,136,111,96,110,105,79,84,86,77,73,60,68,54,80,72,72,74,70,65,69,73,72,77,94,98,76,67,62,70,75,82,78,108,116,120,129,124,71,74,69,85
187,155,91,62,68,89,134,134,109,113,159,202,199,195,193,193,149,142,144,148,165,161,144,128,118,118,128,143,150,150,155,148,154,144,127,134,132,134,136,121,113,141,140,129,176,158,74,78,76,81,75,80,76,80,78,79,80,90,89,83,85,91,92,104,103,105,98,110,118,122,113,121,127,149,158,145,163,146,154,111,98,107,126,127,182,121,121,107,110,118,125,121,136,140,104,195,143,107,192,129,114,124,108,113,127,74,100,132,147,134,122,120,174,103,107,130,126,128,125,129,110,111,96,107,88,136,81,69,74,85,77,69,77,65,73,98,102,87,62,63,67,75,65,58,69,65,70,132,131,125,133,135,83,107,94,73
169,157,138,117,85,78,120,143,147,159,177,211,212,208,203,200,187,185,183,156,122,127,119,106,102,99,103,144,160,159,157,155,164,149,146,139,139,133,136,155,154,153,118,123,158,128,79,80,80,76,79,77,82,86,80,75,84,91,85,83,90,97,105,114,108,105,102,113,120,125,125,123,129,153,163,142,164,136,152,139,116,122,148,192,171,141,144,123,112,114,123,123,139,165,177,199,136,151,172,130,140,125,141,126,107,118,109,107,139,122,129,134,129,131,117,111,111,111,124,119,127,109,90,99,94,134,78,77,78,81,67,79,92,103,107,89,63,73,76,88,83,97,105,111,98,110,104,141,129,121,124,133,78,73,76,84
150,148,166,166,147,129,120,154,180,185,184,188,207,201,204,205,193,188,181,143,77,78,76,81,94,103,101,122,152,189,212,214,186,169,165,165,156,154,167,174,170,185,192,165,190,138,69,74,77,76,76,71,81,86,83,78,91,92,86,87,98,106,111,117,110,106,108,117,123,131,136,123,132,154,154,136,165,136,117,148,151,178,174,197,162,121,143,136,117,113,125,130,154,146,144,164,172,144,142,134,134,153,133,126,144,101,170,129,138,118,126,129,136,129,124,108,125,138,148,137,112,127,108,119,106,119,98,84,91,95,108,103,99,83,85,107,95,83,84,81,82,81,80,81,75,78,74,144,120,124,125,123,78,89,83,79
153,158,174,172,171,187,179,170,185,171,190,189,198,197,202,196,208,185,171,174,170,158,138,130,135,134,135,147,143,153,205,200,191,176,188,190,212,200,196,181,176,187,186,186,191,106,79,75,78,80,77,77,79,85,87,91,94,91,95,97,108,113,112,114,104,96,113,120,126,135,137,120,134,148,144,137,162,141,131,150,145,150,177,173,161,176,148,162,121,119,132,139,142,154,170,152,162,102,99,145,140,180,125,152,161,156,127,160,131,121,181,159,114,115,121,130,116,136,152,138,149,123,111,129,110,91,104,100,94,82,102,104,108,100,91,103,88,94,85,81,89,73,86,79,77,79,86,155,117,120,119,129,89,72,79,79
180,179,183,182,178,179,169,195,192,194,198,196,208,209,211,210,203,201,179,195,182,170,177,175,164,151,148,148,153,163,182,214,210,215,209,214,197,203,193,185,210,194,190,202,125,93,69,77,82,78,76,77,80,85,94,94,96,89,95,110,110,114,120,119,101,90,113,120,126,133,137,123,130,138,140,147,157,145,144,148,149,155,148,116,139,151,162,156,111,124,127,149,142,150,94,128,132,136,120,109,110,166,150,121,144,140,130,118,148,141,136,139,133,150,122,113,111,110,123,178,155,116,120,111,109,122,110,104,123,83,97,98,87,103,88,103,105,98,73,91,106,72,78,70,70,73,72,160,113,113,117,118,80,70,77,81
191,172,162,168,168,166,169,190,200,202,202,205,200,212,230,240,222,205,209,211,214,199,199,195,173,171,148,148,160,179,202,205,204,209,205,215,212,203,207,195,198,178,200,179,88,69,70,70,83,82,77,75,79,86,84,109,97,102,112,116,112,120,122,116,108,91,101,110,119,128,132,120,129,136,139,141,150,155,149,151,124,151,152,126,131,142,114,142,115,127,130,150,121,148,98,127,84,111,119,109,132,137,135,134,139,131,133,133,111,112,145,122,166,105,117,104,83,103,104,115,107,103,105,114,105,132,94,112,103,95,99,88,67,107,123,91,100,113,83,88,98,102,87,84,76,81,79,157,111,112,116,115,84,78,72,86
197,184,177,177,183,195,185,186,198,198,196,198,197,240,255,236,230,211,208,208,202,205,212,205,198,190,175,170,183,194,201,214,213,226,225,220,212,195,197,201,203,185,201,123,87,74,73,73,78,82,76,80,78,84,83,115,96,108,108,116,121,124,128,123,121,104,92,101,110,120,120,113,127,136,135,131,137,160,161,133,136,156,153,133,134,135,135,155,121,131,136,156,127,142,111,87,94,81,106,170,133,125,112,131,133,134,139,146,158,139,131,99,108,94,130,107,100,96,108,100,109,158,108,103,115,126,127,110,103,108,139,92,104,113,110,89,98,91,82,82,82,93,100,90,82,82,92,154,111,114,116,91,84,74,82,88
195,192,193,189,177,168,170,176,180,185,205,234,253,253,244,222,225,229,217,212,209,208,206,198,201,204,202,210,205,199,205,210,213,219,203,199,193,182,204,185,188,203,174,104,71,67,79,78,78,76,73,82,82,93,110,114,107,108,113,116,122,126,124,127,119,111,95,102,106,112,108,105,125,137,130,123,123,153,151,157,169,159,173,155,182,165,153,155,124,133,141,163,119,144,172,134,127,135,164,167,138,183,101,98,110,172,135,123,131,140,149,114,106,104,78,86,101,123,136,126,123,156,121,141,156,144,137,153,144,110,200,130,130,125,120,89,84,120,107,78,111,84,94,90,80,88,99,154,114,118,109,98,97,85,89,81
195,197,202,194,184,158,144,149,167,170,199,214,247,253,232,222,223,217,209,204,211,203,193,196,202,203,199,198,204,204,217,211,211,208,214,214,210,196,180,177,216,199,120,72,71,69,79,79,72,68,77,83,85,92,116,114,100,105,119,121,120,126,129,134,132,118,115,105,112,105,97,110,123,132,130,118,114,137,143,169,183,166,165,129,145,132,155,135,113,135,150,156,123,134,163,157,157,143,154,142,156,233,171,142,165,126,138,97,126,116,161,135,131,91,120,116,111,135,136,90,81,104,106,140,155,127,136,136,127,124,142,134,145,158,103,110,78,93,95,94,76,70,77,78,96,74,96,159,113,125,100,73,80,84,96,81
189,190,180,178,174,185,188,177,176,186,198,209,222,227,194,175,175,180,195,199,169,198,198,192,206,203,202,196,208,203,201,202,191,202,212,211,210,200,192,222,213,154,81,70,69,74,82,77,72,71,82,79,84,115,112,114,107,119,120,122,122,128,138,137,136,134,117,112,112,86,86,112,122,123,117,123,118,122,174,169,191,182,169,173,159,159,131,144,126,132,150,153,129,126,157,152,151,158,162,142,147,185,145,201,179,155,137,142,136,150,128,154,141,120,130,142,165,133,114,112,89,103,117,95,135,128,98,108,136,145,141,134,137,168,134,151,120,103,98,63,74,51,76,95,82,75,85,101,109,124,100,100,83,83,75,82
178,190,181,175,168,181,185,186,188,187,206,207,214,217,212,205,214,216,209,192,162,175,197,210,210,209,196,206,201,200,200,198,201,207,213,214,214,210,236,200,169,161,76,67,74,78,80,76,73,70,80,81,95,117,112,116,111,122,123,125,126,133,139,141,139,131,130,113,105,86,71,104,117,107,119,105,121,125,147,170,174,159,151,159,147,146,155,148,139,136,157,157,133,122,151,141,136,154,168,142,134,155,167,157,133,142,173,139,144,123,137,136,152,157,130,145,130,102,109,116,116,172,146,107,102,126,109,99,105,113,116,118,128,155,166,156,104,123,104,82,81,91,84,88,90,89,129,147,113,116,132,101,106,84,78,83
180,182,180,174,183,173,179,188,189,190,206,200,199,206,203,204,220,215,201,187,187,181,190,209,197,181,195,207,210,207,211,202,206,207,209,209,212,212,136,169,143,146,118,101,79,80,82,80,74,70,76,82,114,114,114,124,120,123,125,128,129,137,136,135,133,130,126,98,84,80,76,97,121,103,116,109,119,132,146,188,182,172,151,157,149,177,144,143,141,136,160,157,130,129,148,133,146,148,136,157,141,130,153,155,140,154,165,164,164,180,162,178,193,146,162,155,174,171,172,128,155,152,109,112,112,134,116,107,101,118,136,93,80,104,132,176,146,126,112,125,127,123,118,112,124,114,134,145,148,141,127,136,128,114,119,103
193,191,186,189,175,169,181,184,192,183,188,195,187,210,212,201,210,207,205,202,185,192,190,187,194,163,206,209,202,192,196,188,195,192,200,214,214,220,192,108,100,128,145,148,105,87,85,78,67,71,76,102,116,113,116,133,125,125,124,131,133,136,142,132,131,154,142,114,87,89,78,103,124,117,110,121,120,130,166,164,159,167,148,151,164,174,167,146,153,135,149,156,137,125,141,130,120,117,113,141,147,150,152,166,160,165,174,170,179,195,187,166,181,165,175,176,154,135,158,144,155,142,133,188,191,170,157,159,159,142,135,122,106,101,129,147,136,138,129,140,158,147,158,171,153,125,158,169,154,130,131,146,131,174,157,119
196,204,199,186,176,190,194,195,191,204,199,200,196,201,204,207,197,207,206,200,200,209,210,208,193,194,197,190,202,199,185,182,180,195,198,203,205,200,163,102,62,61,76,102,124,115,88,76,70,73,84,106,108,111,124,135,126,129,127,132,124,132,143,139,133,114,174,163,126,84,88,107,123,119,112,117,111,133,126,144,175,150,155,150,160,177,137,164,159,123,138,158,137,150,142,138,118,122,146,128,145,158,163,192,182,177,179,156,159,172,181,164,159,161,156,163,144,157,153,143,163,152,162,167,187,161,183,197,188,193,178,157,153,148,156,139,131,150,144,142,152,150,131,151,146,185,160,115,147,128,133,144,159,168,155,137
204,208,203,197,192,180,193,192,181,196,207,204,200,202,191,198,207,203,211,203,209,217,216,210,179,190,194,206,197,192,211,217,212,199,200,194,192,152,119,74,54,45,52,51,87,105,87,71,76,84,96,107,103,115,133,137,129,131,119,116,130,130,139,151,152,120,130,121,120,76,94,107,118,114,111,111,123,160,154,175,204,148,162,169,151,158,183,194,133,129,129,147,160,151,136,143,147,158,143,160,140,155,159,159,152,155,157,162,157,161,173,162,137,134,149,146,155,164,163,151,156,152,164,157,159,152,157,189,175,152,181,197,199,187,146,150,130,119,146,150,132,152,136,124,167,146,142,134,119,120,128,135,128,128,123,145
160,184,196,187,182,185,179,186,189,186,202,208,197,186,200,201,181,189,196,217,207,217,209,192,195,195,190,203,190,203,184,183,191,196,185,163,167,128,81,67,59,55,53,57,71,104,96,76,76,84,104,102,111,126,135,138,133,128,113,122,126,128,182,185,169,171,167,166,136,84,98,111,119,111,104,112,147,140,150,173,192,182,187,172,170,180,174,217,132,130,131,135,155,169,165,163,148,145,141,132,136,129,136,137,150,146,139,147,153,149,147,153,153,164,143,154,147,158,195,188,197,159,151,163,174,152,188,173,177,208,201,174,177,188,167,159,151,124,144,135,138,129,133,148,153,129,122,143,117,121,132,140,111,103,110,138
141,125,127,157,183,192,198,193,195,196,185,202,174,163,148,193,141,149,187,180,197,204,198,214,188,197,196,188,180,176,198,183,191,206,195,186,151,102,68,62,60,65,66,68,65,107,107,81,69,103,101,103,120,131,138,143,136,130,116,125,117,145,190,194,210,201,197,185,136,96,107,121,118,109,105,118,161,167,179,191,186,194,186,184,197,184,139,190,135,137,130,129,140,161,178,168,178,168,138,117,131,133,146,152,136,148,146,139,153,169,131,147,119,149,141,138,180,160,174,169,166,151,147,172,167,159,187,167,175,177,199,205,194,206,227,214,203,192,191,152,176,144,167,143,130,133,123,159,118,117,123,128,130,153,152,144
124,134,133,131,182,195,198,188,197,200,189,180,185,194,185,187,201,203,197,201,207,206,205,186,197,204,194,180,186,185,183,193,200,213,205,160,121,75,62,61,62,64,66,71,63,51,84,96,98,97,107,108,125,136,142,143,137,129,117,131,113,171,186,158,174,190,195,211,135,100,110,122,118,111,112,139,182,172,165,168,151,155,150,175,171,172,168,194,127,133,122,121,139,210,181,140,166,166,161,165,176,172,176,144,152,160,149,160,144,154,158,191,201,198,200,179,164,163,148,176,183,186,200,193,180,161,149,164,156,165,168,192,196,203,207,221,223,210,215,199,200,192,190,178,148,116,119,151,110,115,123,152,137,121,154,143
157,131,130,149,160,178,185,184,191,182,150,157,148,184,189,198,200,208,211,208,189,131,145,205,211,205,208,203,186,203,194,198,195,187,161,145,105,68,65,66,68,70,69,77,66,51,62,74,79,87,109,111,127,139,146,139,134,123,119,127,121,195,207,204,182,201,219,224,138,102,114,122,117,114,116,163,202,202,197,192,208,199,192,170,177,184,131,191,116,129,116,118,143,191,176,144,185,197,186,179,170,158,166,145,144,164,164,154,168,157,163,184,169,206,181,171,175,177,176,166,167,164,159,139,168,175,174,144,139,139,159,178,186,199,216,212,209,217,219,205,203,203,208,190,171,140,134,156,112,118,125,136,153,160,156,134
181,160,137,124,131,160,185,190,182,186,176,167,160,195,197,195,200,199,196,202,204,80,101,130,194,214,206,216,210,216,201,188,196,162,133,118,75,67,72,68,67,75,75,79,69,64,60,100,90,106,114,115,132,143,149,136,132,118,117,117,163,225,229,220,227,231,219,217,128,105,118,123,117,116,122,187,190,182,218,210,220,228,213,215,211,170,161,167,127,129,120,126,152,169,214,216,209,211,198,201,190,180,152,154,157,155,170,166,169,162,159,175,172,158,158,165,177,203,201,199,196,177,161,159,157,186,190,191,195,185,192,204,210,212,211,212,215,208,208,210,212,210,209,203,205,195,185,179,117,122,128,141,160,154,119,119
180,178,163,140,129,133,155,181,179,171,185,188,194,185,180,187,207,204,203,203,208,121,83,96,135,189,221,202,198,200,206,210,162,131,122,76,68,70,72,67,70,74,77,77,72,68,58,83,82,110,116,121,138,146,145,136,126,110,121,116,205,220,227,231,235,227,222,226,114,111,121,118,119,115,139,219,226,217,209,213,216,226,224,221,229,212,184,132,123,123,128,133,192,211,219,158,152,177,175,177,156,183,186,184,181,144,169,159,139,181,181,169,160,165,162,158,161,178,161,178,165,202,189,208,204,204,168,208,187,210,207,210,201,209,227,207,196,183,200,198,208,204,187,174,188,195,182,176,111,124,128,184,168,169,182,155
165,180,177,145,128,124,122,139,186,182,186,181,186,178,180,184,202,197,209,217,206,192,95,78,91,106,136,214,217,219,222,187,165,136,119,71,74,78,72,69,71,76,79,80,75,72,65,94,89,116,116,121,140,149,142,144,133,109,115,153,243,228,233,221,222,216,203,188,108,114,117,123,118,121,157,223,224,226,218,215,212,220,225,230,218,224,233,132,124,133,120,149,206,219,217,216,203,188,170,172,146,187,195,222,219,214,166,178,170,194,184,183,185,179,175,168,195,197,215,234,214,215,231,207,178,144,170,153,198,196,202,181,195,208,211,200,207,197,212,208,213,212,211,204,191,168,175,182,114,124,131,139,145,171,170,167
145,141,134,127,120,119,119,169,187,195,191,193,190,191,188,194,194,196,204,215,212,209,165,83,81,93,119,170,239,231,206,162,156,160,124,77,79,80,75,74,74,79,83,85,88,81,78,98,93,118,119,121,145,150,130,134,135,116,113,209,226,246,234,221,224,225,224,214,116,107,111,120,115,127,164,231,231,229,244,236,225,226,231,223,221,222,228,123,127,132,120,133,215,232,223,226,227,210,206,210,212,215,196,179,203,213,191,153,154,179,200,216,201,197,213,207,205,204,197,197,202,192,181,177,174,162,160,199,182,189,195,159,179,164,182,193,211,218,204,205,206,209,203,185,180,158,148,171,118,124,136,175,174,141,148,175
118,126,132,129,126,117,133,136,169,175,175,185,192,182,180,195,205,209,196,212,217,159,184,169,88,106,158,225,221,207,166,185,170,141,118,87,83,87,79,80,79,81,86,87,88,74,77,97,95,119,123,123,148,149,142,135,156,139,172,218,217,221,218,229,231,231,209,222,131,112,117,117,122,139,170,238,235,231,229,231,228,231,225,216,229,227,230,143,122,129,131,128,176,219,224,231,235,226,223,219,223,224,227,219,216,204,184,213,196,199,189,181,189,186,198,202,199,172,143,144,128,179,197,191,175,176,199,153,152,163,187,197,186,166,150,176,198,206,198,205,203,192,200,208,197,201,181,171,123,124,140,187,191,185,177,198
124,120,116,116,115,116,130,137,128,178,189,202,207,203,196,191,194,197,206,204,215,219,217,213,190,127,166,216,219,156,167,179,206,162,154,111,101,80,83,81,82,98,89,88,83,68,75,86,98,120,124,128,146,152,142,117,191,216,223,224,219,215,216,229,229,229,230,234,137,113,118,117,126,148,174,229,232,232,231,232,230,227,218,234,225,229,229,169,124,117,135,151,209,206,223,234,230,194,203,234,221,229,234,226,211,212,207,202,203,214,188,176,220,231,233,232,203,208,219,192,178,233,215,226,232,201,187,204,189,192,184,196,219,200,182,179,189,191,174,173,180,172,186,145,181,206,195,168,116,130,132,164,194,172,152,168
101,98,94,90,97,103,109,131,131,147,171,185,195,198,201,195,192,189,191,205,214,210,209,213,211,179,128,207,188,148,186,165,91,121,152,145,122,96,101,87,95,100,94,92,80,70,84,84,98,121,118,129,151,148,110,159,222,221,224,220,217,219,232,225,224,224,229,229,131,113,113,120,131,142,167,221,221,231,231,224,223,215,216,194,227,194,191,168,121,122,140,185,235,228,229,213,218,215,187,189,224,222,234,225,237,234,234,236,218,217,179,213,215,221,226,223,208,223,233,225,219,215,201,187,181,156,167,151,195,194,209,207,205,157,162,159,187,193,196,192,175,189,186,201,214,198,189,165,105,106,121,210,176,170,165,161
85,89,92,90,90,97,94,95,128,121,121,143,169,186,193,192,197,195,188,211,198,194,195,188,189,177,149,211,163,183,218,156,66,63,115,119,126,119,94,96,98,100,93,96,79,81,92,68,87,119,126,131,154,156,173,218,218,218,225,226,232,230,220,218,226,222,221,223,126,111,115,118,124,130,154,211,220,222,225,226,198,182,184,173,172,152,140,133,117,120,142,204,232,225,225,226,218,193,181,191,182,185,203,214,219,222,215,200,205,210,200,173,196,194,207,196,204,178,225,231,239,226,222,207,209,198,190,197,195,191,217,216,221,193,195,173,200,202,209,210,194,203,196,209,216,215,198,155,105,116,130,184,196,192,186,170
87,95,98,92,94,95,91,96,122,115,132,128,130,150,171,179,194,204,202,203,205,196,199,194,199,187,190,172,170,184,201,226,57,49,91,83,89,106,102,103,111,106,94,90,75,90,91,71,73,97,123,130,160,160,219,236,224,233,229,214,211,206,205,211,212,213,226,212,109,114,123,127,129,123,154,196,221,220,232,225,214,201,172,161,195,200,222,133,123,109,155,200,207,205,218,218,238,236,236,244,231,219,214,226,240,243,244,220,202,204,187,190,194,189,208,185,184,196,230,224,228,222,229,225,210,172,174,183,152,160,198,216,214,220,200,174,167,170,179,173,181,194,210,200,191,204,211,167,106,125,139,222,212,212,217,231
81,87,92,93,84,89,98,108,96,109,113,132,130,136,145,148,191,197,203,203,203,207,192,209,223,204,181,166,165,160,187,160,69,62,76,84,71,119,108,104,108,91,79,72,91,98,97,72,58,84,110,128,165,156,183,209,211,215,217,212,221,226,222,223,220,230,239,190,108,113,124,134,131,120,169,216,237,228,232,235,223,227,223,232,223,223,229,119,111,121,162,208,204,194,214,222,222,217,217,210,174,190,194,199,214,208,214,216,209,197,187,180,181,183,190,194,184,193,193,185,199,221,195,182,188,187,180,203,207,208,194,199,207,211,211,221,201,202,176,165,197,205,209,217,223,215,223,146,110,130,148,220,219,215,212,214
95,95,93,91,91,91,95,97,104,98,93,111,119,138,140,140,147,165,172,185,207,206,202,202,199,170,139,154,167,147,138,114,70,63,97,77,75,94,120,118,92,69,69,79,90,98,93,70,59,83,83,120,164,156,208,222,210,211,217,214,219,221,216,211,231,230,245,169,104,111,134,135,120,112,169,218,225,216,232,222,225,226,214,200,176,186,197,122,107,123,186,219,220,215,217,204,207,203,188,189,188,179,179,196,217,197,188,176,205,205,213,188,208,202,211,216,222,229,226,220,213,208,198,197,203,207,201,203,181,144,174,170,191,201,208,209,207,211,199,190,180,192,204,195,215,213,231,146,112,133,154,227,221,222,224,219
90,89,88,88,91,97,97,100,107,111,98,102,99,113,133,145,142,146,144,148,169,190,203,200,174,133,145,175,180,130,118,115,73,67,92,79,80,119,120,123,80,66,76,81,87,107,99,64,57,85,109,82,147,161,214,226,215,225,216,215,209,202,214,213,216,224,240,140,103,110,128,139,120,109,163,227,226,218,207,216,216,223,223,217,205,214,171,112,116,136,209,221,228,201,215,220,212,202,181,175,178,182,177,187,185,193,184,193,196,207,201,192,226,208,212,211,217,228,233,231,232,222,225,229,236,231,228,222,212,174,149,168,174,188,206,221,222,196,178,184,186,167,178,210,204,204,222,138,114,129,151,203,211,206,220,218
98,99,97,92,87,90,101,102,104,101,103,104,104,109,114,125,128,144,142,139,146,158,185,196,138,141,189,187,155,131,144,91,82,85,86,80,88,108,117,128,75,70,73,82,90,107,90,55,57,81,113,107,106,146,222,235,222,232,205,218,223,227,229,228,223,240,211,116,102,107,122,135,111,104,128,222,230,230,224,229,226,227,220,214,211,228,157,119,123,153,216,214,205,229,228,227,224,224,203,211,200,209,197,176,172,202,208,214,218,215,198,182,166,183,207,222,226,221,235,226,228,236,231,220,225,229,230,219,214,176,180,200,215,221,210,221,226,213,188,185,209,225,223,219,212,207,192,115,114,130,157,218,211,218,228,227
97,96,93,88,82,96,95,103,98,97,91,105,111,115,112,103,113,121,125,147,155,162,187,157,156,180,195,168,155,133,128,93,99,92,86,80,79,92,116,133,90,71,76,86,99,107,79,44,43,84,110,115,79,126,215,213,221,234,211,224,226,214,211,216,233,243,187,102,98,112,116,125,102,96,115,233,219,217,205,224,223,232,235,230,209,226,130,120,140,168,224,229,214,206,212,205,199,221,210,183,203,216,205,209,218,209,231,234,224,188,178,176,211,177,190,215,210,222,231,225,227,237,238,234,234,235,231,241,233,227,214,234,227,218,198,203,191,211,210,217,214,210,223,224,230,204,197,113,113,122,167,217,220,234,229,231
107,100,99,87,87,95,96,89,86,67,75,97,97,102,108,113,104,104,145,161,176,198,192,121,192,185,200,153,146,129,109,89,97,98,86,75,73,84,106,137,115,73,77,83,99,108,65,40,62,65,102,115,89,74,122,195,222,211,179,211,218,229,213,204,241,230,156,96,99,108,114,116,94,87,92,239,213,214,216,226,223,225,217,223,221,221,126,128,142,184,228,220,226,226,232,231,230,234,221,208,201,201,214,228,225,225,238,221,218,212,207,183,201,203,186,208,204,203,213,214,229,225,226,224,228,229,228,223,212,208,217,231,217,240,211,204,195,199,204,213,204,204,217,223,220,216,198,115,117,126,169,219,223,224,233,230
118,114,112,98,94,101,96,105,96,94,99,95,97,110,120,119,138,179,199,201,195,200,211,137,176,174,167,133,156,134,109,118,97,91,77,72,71,79,95,104,143,91,81,88,96,104,77,63,66,78,97,90,84,90,91,138,184,208,153,170,197,216,218,236,242,188,123,83,86,108,127,104,81,86,85,223,213,213,219,219,224,223,223,214,212,199,125,135,145,208,230,220,223,225,232,230,234,232,228,229,226,223,224,195,212,220,224,218,207,214,227,224,232,227,218,217,210,214,206,223,225,226,230,220,206,218,223,219,216,220,196,190,159,192,206,220,210,206,191,200,217,234,231,220,206,203,200,115,117,123,169,194,214,213,211,221
145,160,153,144,131,114,112,104,96,90,90,91,96,116,153,172,186,190,196,200,205,209,203,207,171,171,138,134,154,130,113,132,108,91,82,66,66,72,82,93,127,129,95,95,103,114,175,222,203,230,141,87,110,124,103,98,122,192,218,198,187,203,203,234,209,150,99,75,77,107,127,96,79,85,70,169,233,217,222,211,217,212,214,214,214,168,129,133,149,225,218,220,226,221,219,216,213,218,219,219,226,229,224,225,205,219,212,235,230,229,230,229,218,218,222,221,224,221,230,221,219,213,222,227,228,226,220,224,221,212,209,215,216,207,216,219,220,216,214,214,214,209,224,226,209,215,207,116,121,121,174,207,198,207,225,215
184,187,188,179,143,134,127,125,110,97,104,102,120,126,133,154,183,186,193,197,205,206,214,212,135,146,124,137,140,112,107,140,115,96,72,61,61,64,83,90,93,125,104,98,104,127,170,231,209,219,135,86,107,112,147,88,120,148,194,224,208,214,218,219,155,114,89,70,80,97,120,92,83,80,68,98,208,207,216,232,217,226,224,220,230,144,133,124,156,230,227,207,224,222,223,220,221,226,227,226,222,229,218,224,197,220,229,226,234,229,236,233,228,226,233,232,220,227,220,224,230,221,223,216,197,214,201,210,213,224,213,210,222,221,219,217,222,222,226,225,213,189,227,223,213,219,192,112,123,125,165,191,210,200,211,222
183,178,185,189,184,161,146,145,154,151,141,135,136,136,142,135,147,178,195,205,193,211,204,213,226,148,153,165,126,109,123,132,106,91,68,55,61,65,89,99,107,128,85,99,108,138,192,212,225,223,105,73,93,72,126,183,94,143,159,178,207,180,190,168,108,98,70,58,70,95,123,87,84,85,87,87,225,247,216,224,221,226,222,223,208,136,131,125,181,244,220,211,209,217,219,212,229,224,230,231,224,229,222,234,215,231,231,235,238,237,241,248,228,228,226,235,236,233,240,227,225,217,218,217,210,211,209,205,218,228,220,213,221,223,222,220,217,217,211,222,234,228,216,190,218,218,185,111,118,126,186,190,212,226,216,222
197,191,202,208,208,206,211,151,138,156,161,163,150,132,141,155,153,154,205,196,206,197,211,228,219,146,123,144,115,104,136,134,98,98,79,66,72,74,89,107,116,122,91,92,114,162,188,171,183,175,79,67,86,98,74,173,126,94,107,173,221,230,241,142,105,88,56,50,57,91,128,89,85,79,111,75,157,208,212,203,210,231,229,225,180,138,132,129,199,226,199,193,210,218,218,240,232,230,228,231,234,233,197,208,205,221,219,234,226,228,222,217,220,218,214,219,225,225,218,227,207,223,228,225,227,219,232,225,225,201,216,220,224,228,229,234,228,223,219,229,213,210,216,221,211,216,179,103,120,131,213,232,216,221,231,224
198,200,196,198,209,220,211,210,187,138,143,156,154,160,145,141,139,146,169,189,192,203,226,203,187,122,135,130,107,125,158,122,97,89,76,67,71,83,88,101,114,122,122,101,121,253,192,214,226,192,62,52,61,84,106,106,173,123,91,151,210,206,208,136,91,65,48,49,54,97,122,80,83,100,208,144,211,218,220,203,191,204,215,220,175,138,124,139,214,218,218,208,198,193,191,223,226,228,233,239,227,231,226,235,233,232,222,229,216,227,220,218,177,230,222,211,219,216,201,205,214,222,228,219,224,223,223,223,209,214,225,221,228,220,213,216,209,205,213,216,224,220,223,228,205,206,166,104,119,126,212,231,228,219,220,212
206,194,203,207,217,200,203,214,194,155,154,153,152,156,148,131,147,140,131,190,205,202,189,160,185,124,127,144,138,142,158,101,86,95,89,96,76,80,90,102,118,115,130,132,169,217,216,222,207,199,52,48,51,72,115,118,111,175,118,112,171,214,143,190,73,47,42,44,57,105,116,84,74,129,215,220,220,202,216,177,178,201,201,214,169,124,127,136,214,232,222,207,202,213,221,223,224,230,228,233,227,232,233,230,228,230,232,232,235,236,232,233,222,224,218,233,229,225,223,207,217,202,189,199,222,231,216,217,216,200,206,215,210,216,189,194,217,225,226,218,221,219,236,216,222,227,138,104,125,133,213,214,231,226,226,225
193,194,201,205,192,194,192,198,192,201,182,169,158,147,145,152,153,144,136,143,218,199,157,173,210,121,120,126,131,145,135,85,86,91,87,90,93,56,93,90,110,119,115,147,204,164,172,218,213,208,80,58,52,86,110,170,124,93,202,118,108,153,180,164,91,72,51,51,66,118,78,71,82,133,214,221,233,210,215,222,222,223,230,221,146,108,123,132,207,194,219,206,197,196,197,200,208,219,230,224,230,241,231,224,231,212,191,217,211,209,216,221,231,225,221,233,235,228,223,220,215,197,121,89,137,162,218,208,233,210,214,214,224,217,219,222,223,223,220,213,210,205,217,223,223,221,130,105,120,131,219,218,216,223,227,217
200,177,184,189,187,172,179,190,211,198,143,142,132,143,138,118,140,165,170,195,233,202,213,199,204,130,124,139,153,135,115,84,88,81,77,90,90,70,84,103,106,120,123,125,155,160,147,183,185,180,128,67,75,99,126,202,211,111,106,157,108,117,160,185,115,77,59,65,95,129,104,61,75,126,194,197,213,206,199,205,215,210,214,188,110,94,133,133,198,171,228,218,220,233,218,219,209,227,214,217,213,220,218,207,219,213,217,203,209,219,227,235,226,227,212,225,226,221,223,175,195,174,147,125,95,81,171,226,201,211,218,218,217,232,205,206,211,218,220,219,222,222,214,221,230,220,124,115,119,137,223,172,173,209,216,213
179,176,169,169,178,199,178,181,187,205,229,208,161,147,142,151,143,162,174,134,153,205,183,201,201,154,129,144,142,119,84,80,84,88,101,112,109,89,53,67,108,116,127,133,128,163,197,204,204,222,191,68,85,105,142,200,189,205,107,112,159,111,100,137,145,100,74,86,127,115,113,101,97,122,183,209,214,188,201,171,158,202,184,150,90,79,110,130,216,212,224,223,228,230,222,222,221,210,231,217,202,204,213,226,212,205,227,211,220,228,229,241,229,237,238,222,213,209,217,121,83,119,123,114,80,73,106,219,208,211,188,204,203,219,226,225,229,231,229,229,202,199,171,189,202,197,111,118,125,149,216,184,178,150,146,165
182,188,177,183,191,182,196,177,198,202,205,194,192,164,150,154,148,149,153,149,174,149,146,167,185,169,152,171,145,145,114,86,105,120,116,94,66,79,52,46,44,57,92,111,143,138,176,192,188,214,204,104,100,124,151,177,166,187,119,69,68,126,90,83,149,103,88,102,134,111,96,126,87,138,171,214,159,161,189,184,191,191,146,134,72,73,100,122,232,210,217,213,224,215,205,220,220,213,204,214,221,216,209,222,227,229,224,219,229,211,207,165,206,211,215,218,224,211,203,192,127,67,60,84,67,57,107,183,198,188,198,218,208,215,216,218,224,218,218,204,183,196,187,209,207,207,110,110,123,146,204,221,217,222,204,180
197,193,207,203,205,171,148,152,184,165,126,129,153,198,213,196,180,168,152,161,141,158,153,182,190,178,176,179,157,155,133,85,95,55,46,40,41,77,81,54,49,40,57,71,96,124,138,117,129,189,205,102,124,118,165,190,189,152,175,89,71,55,67,96,162,104,95,111,135,123,116,103,125,146,133,126,143,186,186,180,179,161,156,110,75,70,97,117,217,203,200,224,219,203,193,217,221,226,209,219,224,223,210,214,213,214,224,210,214,212,209,208,220,221,217,217,221,221,223,212,217,172,132,115,136,134,164,182,210,226,203,226,212,217,205,216,218,216,214,212,219,229,224,223,212,178,104,112,120,165,225,222,209,213,220,227
216,213,203,197,196,205,203,197,193,197,180,143,183,177,204,199,196,202,181,164,155,145,125,154,196,206,186,188,169,157,120,108,46,34,63,55,59,100,111,86,63,50,64,58,64,88,131,149,172,168,201,108,113,134,178,169,171,167,202,149,89,84,69,79,112,113,104,117,138,107,89,139,153,93,78,111,108,107,128,144,178,172,163,95,84,76,88,125,223,212,199,216,208,216,205,219,215,217,217,216,205,218,224,222,209,192,204,221,208,205,192,215,228,206,202,224,214,217,208,212,221,217,221,220,222,224,225,215,210,216,229,214,210,196,217,209,208,212,215,207,203,216,197,204,218,189,109,114,120,173,221,196,204,202,200,211
168,200,203,192,197,185,178,178,174,179,164,196,188,164,152,151,128,124,112,147,163,169,158,192,208,222,193,177,166,151,108,91,40,44,48,59,93,108,110,134,129,79,70,73,58,68,92,132,214,217,204,128,122,142,194,214,140,155,212,187,138,106,87,97,100,118,92,121,134,160,154,143,172,160,193,154,134,138,121,141,190,182,168,118,108,104,102,123,208,227,218,215,227,209,218,212,211,207,206,198,216,226,224,225,234,222,217,214,201,208,202,182,205,207,212,213,210,217,207,216,220,230,222,226,215,217,218,218,219,193,198,205,205,216,202,215,222,216,219,212,201,210,211,201,215,188,104,112,119,173,217,206,209,225,221,211
190,187,204,189,182,195,197,193,178,196,187,209,181,182,198,194,151,152,162,144,202,166,175,173,184,209,196,156,141,121,91,89,88,116,120,108,113,103,118,138,199,169,111,82,75,78,77,74,138,206,185,117,119,164,205,145,183,207,254,174,189,191,135,92,115,133,119,132,165,180,196,171,162,167,204,175,215,166,159,219,193,179,157,126,113,119,100,105,221,218,208,211,205,201,232,224,217,218,216,218,224,223,231,231,228,210,210,207,199,225,212,213,204,216,207,190,204,208,185,197,199,207,209,207,208,212,230,215,195,187,210,197,200,182,218,214,213,219,205,217,218,202,197,217,214,178,105,112,124,178,200,197,211,201,185,164
180,194,188,193,194,200,206,199,206,178,176,146,137,162,154,159,199,191,131,148,183,188,166,144,161,206,199,154,125,96,92,116,129,128,113,109,108,102,118,182,158,197,218,188,143,101,94,67,78,133,171,109,125,152,213,223,207,202,164,169,175,164,174,113,83,108,108,115,169,169,149,181,219,180,199,219,179,171,156,175,116,126,170,135,118,123,156,153,210,218,220,217,210,204,210,210,215,222,223,219,223,226,221,223,210,214,228,197,207,196,214,219,223,223,213,225,210,212,213,205,203,209,207,218,220,212,221,232,187,161,183,176,196,178,192,205,207,211,227,222,157,197,186,231,222,173,100,110,116,193,211,183,172,191,201,219
192,197,183,196,195,192,189,195,187,167,161,151,128,130,161,158,160,137,103,115,143,182,222,243,148,176,204,148,118,88,91,99,100,110,112,106,103,112,136,191,213,200,197,173,204,168,109,89,68,107,150,106,121,162,195,184,207,193,169,199,179,192,208,142,161,84,88,97,108,137,205,219,208,196,186,185,184,144,199,129,78,127,118,87,112,118,169,188,216,214,187,193,206,207,214,217,223,227,223,220,209,209,209,213,218,202,210,204,199,195,231,216,207,200,217,208,221,227,224,214,212,212,208,209,219,218,212,214,232,201,188,214,202,192,202,219,197,184,156,148,198,186,176,183,202,154,98,106,124,192,194,213,226,216,201,218
208,192,172,168,156,165,162,167,195,193,209,165,139,125,117,141,187,171,116,117,131,145,187,196,227,156,172,188,95,81,101,81,80,89,96,105,107,112,150,166,221,175,192,169,203,202,179,161,70,74,106,121,119,170,182,156,170,194,198,190,185,186,196,179,218,93,92,99,107,90,109,185,187,177,162,171,206,217,203,86,43,117,80,77,103,123,162,139,155,161,184,200,226,224,213,218,220,217,214,217,216,212,211,209,213,198,211,224,198,204,211,214,215,222,215,218,202,211,217,207,210,215,211,216,214,203,205,207,226,227,221,218,226,200,205,185,175,175,183,207,153,105,148,176,205,147,100,111,118,195,207,218,214,214,214,204
181,161,151,148,158,141,182,170,169,187,176,147,151,114,128,161,166,169,143,154,161,159,197,176,194,144,164,181,117,90,82,70,74,84,97,106,108,146,202,207,210,194,200,170,192,220,216,226,140,76,92,119,126,158,172,177,167,190,162,169,191,173,184,188,192,91,99,109,103,104,85,109,161,155,124,108,111,215,152,69,51,157,97,98,96,110,116,134,127,134,138,183,194,179,205,206,216,203,211,217,207,224,214,227,226,217,210,206,213,211,210,216,205,210,219,222,210,217,213,198,202,208,213,208,205,187,196,203,208,224,211,218,217,186,195,209,220,207,208,213,220,218,203,164,157,145,100,103,102,201,219,221,218,220,202,206
170,198,190,189,158,175,177,160,156,143,156,150,123,137,125,123,173,171,160,157,138,152,141,133,134,156,188,181,103,84,79,70,71,93,100,108,121,156,198,200,170,202,195,184,172,206,208,214,209,129,73,124,129,147,188,218,185,207,160,172,208,188,213,206,180,79,108,123,125,100,80,80,85,164,215,175,183,202,83,59,69,124,103,96,112,111,112,120,120,145,132,142,151,135,172,197,207,214,219,212,225,225,221,219,223,202,187,175,188,200,205,214,199,185,196,196,187,209,212,216,212,210,205,203,208,206,202,218,223,213,208,207,219,231,214,214,205,209,212,202,197,208,228,210,199,114,106,108,115,196,206,200,188,185,185,220
164,184,172,144,172,164,165,166,233,183,122,106,140,116,116,120,103,118,114,123,146,144,122,128,169,130,178,168,97,89,80,61,82,94,106,111,134,178,126,204,152,226,183,180,182,163,150,168,177,170,86,120,125,196,162,198,159,194,194,154,186,194,183,223,165,81,88,137,165,140,96,83,99,126,174,171,212,179,85,58,165,106,107,94,79,93,85,102,74,128,155,137,113,94,147,169,199,217,211,213,212,218,207,208,217,209,205,212,213,216,212,219,224,213,206,198,200,199,206,212,214,197,191,204,199,199,202,213,214,223,222,222,223,217,220,222,211,207,203,207,220,213,226,227,230,109,109,121,124,200,193,185,216,199,204,194
133,134,111,152,156,120,126,155,234,155,168,188,83,136,105,91,112,142,149,184,179,165,186,159,165,164,204,150,105,85,85,80,90,104,103,129,156,170,163,163,179,182,176,192,182,168,153,138,197,162,100,117,134,198,182,161,251,195,219,211,158,201,191,227,148,78,91,128,184,182,149,93,78,97,125,142,219,186,184,167,123,123,163,104,91,80,91,80,105,130,109,102,120,118,137,158,167,172,190,209,203,200,214,213,210,211,210,184,193,212,212,215,214,220,224,221,207,209,194,211,213,211,207,194,187,195,208,221,225,218,211,189,177,211,219,216,219,216,201,194,219,224,214,196,203,102,115,125,147,207,173,135,205,214,201,198
184,197,160,157,184,132,110,120,192,165,195,118,188,152,111,78,113,153,160,219,117,120,166,136,132,149,214,137,97,78,78,86,93,94,115,195,198,178,172,147,161,166,157,163,194,163,185,152,190,101,102,118,128,168,141,156,178,238,241,188,163,176,205,207,149,59,72,126,242,200,180,188,136,84,112,114,150,148,170,235,154,147,115,140,130,123,113,130,161,100,119,139,137,138,139,152,133,145,145,182,194,227,213,214,210,191,214,224,211,213,214,208,218,206,214,205,214,214,189,188,213,193,199,205,209,223,210,221,226,222,220,208,203,209,217,208,220,211,207,209,190,206,222,215,196,102,111,119,166,200,187,174,181,201,206,206
145,195,157,219,255,233,190,176,204,204,176,193,135,120,159,100,79,158,139,97,152,103,92,105,124,139,210,118,86,94,86,94,88,114,140,225,164,121,129,127,143,154,177,160,212,198,127,182,170,98,102,112,112,153,178,174,191,174,243,230,204,168,206,220,135,69,78,97,214,219,248,199,201,138,98,73,104,115,109,218,182,142,141,203,168,181,178,207,146,153,147,134,119,133,149,148,147,156,158,145,161,188,206,213,202,204,204,183,182,186,201,208,209,209,205,213,210,205,201,179,203,178,201,209,206,209,209,207,216,223,209,205,211,218,215,195,189,193,214,195,164,151,162,197,190,102,107,116,180,215,215,204,184,180,198,198
151,166,183,255,241,212,175,168,132,162,174,134,141,102,133,133,140,152,144,172,138,103,134,126,113,149,176,99,88,92,89,95,106,115,172,162,115,137,129,133,92,106,148,180,205,154,136,141,124,89,112,115,124,157,162,158,212,240,188,230,220,188,207,200,101,74,56,84,204,192,128,139,151,191,113,68,79,86,141,172,185,154,185,153,198,171,249,178,168,160,201,201,186,177,153,153,139,153,150,147,146,147,144,166,178,190,203,177,169,180,183,191,196,207,202,199,211,210,220,213,188,177,177,192,195,194,202,206,218,212,207,206,215,216,208,207,218,221,218,219,210,192,187,198,194,106,113,116,184,212,215,221,224,218,206,209
151,167,178,168,162,126,98,138,130,75,102,150,128,147,170,194,197,163,176,127,127,104,183,145,90,167,157,100,88,90,99,103,111,105,131,122,134,153,142,136,128,103,109,139,157,175,190,178,121,89,101,108,112,151,148,177,178,217,197,170,177,151,210,144,67,70,70,70,168,217,209,179,155,214,190,150,116,71,80,104,130,138,173,179,170,182,223,176,155,192,165,190,186,197,211,202,172,150,132,140,136,150,150,141,151,164,180,189,217,201,190,187,199,195,203,192,211,211,215,219,232,223,197,176,199,202,207,192,197,198,200,201,224,224,210,215,206,216,219,215,209,205,206,206,198,106,116,124,181,206,204,211,211,205,210,209
133,146,111,138,155,175,115,121,131,96,122,132,125,157,142,174,170,163,167,115,119,130,162,143,137,209,148,100,86,96,103,110,119,128,159,178,139,132,137,161,130,109,114,107,155,157,150,212,100,71,90,101,119,167,166,177,159,169,188,173,157,133,189,90,60,70,57,84,196,170,207,203,150,206,195,182,185,110,92,95,100,133,173,178,187,183,255,135,180,170,197,199,197,209,204,189,183,187,147,128,129,147,146,143,139,146,157,150,167,190,180,184,208,197,192,202,210,202,212,217,217,207,206,211,211,206,205,209,207,190,176,190,220,225,217,224,233,224,210,216,205,195,205,193,188,112,123,115,179,213,194,188,208,191,202,208
143,149,180,233,175,123,122,155,166,66,127,120,108,120,151,182,155,152,119,123,147,166,150,152,125,194,127,95,87,97,109,120,128,153,163,112,147,137,146,132,117,95,136,107,104,147,156,194,83,54,81,100,111,122,143,200,184,142,176,158,168,165,150,60,52,70,55,59,168,178,199,190,174,200,176,186,219,185,153,106,102,103,127,146,168,176,223,142,192,197,214,218,202,208,200,211,212,209,197,154,133,133,139,134,132,139,141,141,120,133,137,139,169,184,182,173,198,202,207,209,215,221,223,217,207,215,219,207,204,193,195,186,210,222,222,221,228,216,219,228,222,204,208,216,164,107,99,107,175,220,212,195,207,204,206,211
121,150,100,73,86,105,125,149,194,129,102,123,125,132,197,157,123,114,129,154,139,128,108,90,164,172,101,87,97,100,107,114,156,162,182,120,125,144,215,214,139,101,107,164,106,171,218,146,91,60,71,94,115,114,159,154,126,136,137,168,196,153,156,86,58,60,53,54,104,126,147,157,189,196,192,194,208,195,196,198,191,122,95,89,100,148,202,160,208,217,196,202,191,202,201,195,205,205,169,156,156,134,150,140,141,146,138,130,126,133,123,123,114,86,91,136,172,190,199,200,207,222,217,211,213,213,210,212,217,204,209,217,191,204,216,209,196,219,221,206,212,218,193,141,178,118,127,120,139,196,224,224,214,212,216,215
124,90,64,64,95,94,89,90,113,121,155,134,153,115,132,149,155,137,153,126,157,112,187,91,159,141,90,87,98,104,110,122,151,187,168,110,142,118,187,157,179,160,141,117,99,217,197,135,83,85,82,90,101,118,132,136,141,146,154,152,194,126,215,134,108,90,72,88,139,135,128,114,175,166,163,178,189,182,209,170,210,185,167,135,90,99,163,184,187,197,172,172,183,201,192,194,188,197,204,200,199,179,154,140,140,142,136,133,130,132,106,96,109,136,130,125,140,137,144,167,180,202,205,201,212,220,224,224,211,195,171,164,192,196,214,212,222,161,140,172,210,136,100,137,185,173,118,110,132,167,206,218,213,216,214,211
103,89,89,110,72,73,89,95,78,102,126,162,203,217,211,189,167,181,151,165,138,83,104,88,171,133,86,87,101,106,127,187,140,175,166,118,144,153,235,157,176,184,146,187,200,217,119,109,112,146,106,90,101,97,116,125,165,180,140,131,166,127,206,127,120,113,106,107,106,115,139,130,228,169,205,196,209,189,178,172,223,176,246,224,197,144,106,133,157,182,182,187,200,205,186,181,190,187,202,188,185,193,141,109,113,118,114,109,122,112,126,142,140,134,135,123,117,135,128,136,137,149,196,214,230,220,215,189,174,169,199,189,180,173,205,189,153,112,124,127,141,145,160,155,133,147,112,106,170,187,185,174,177,186,208,207
103,114,132,93,80,100,136,113,115,146,170,160,194,153,188,195,141,149,149,122,111,69,66,92,198,119,92,100,102,109,159,199,122,127,185,133,142,154,186,181,205,162,195,189,145,209,222,163,153,133,146,139,139,162,139,122,128,133,135,146,167,135,203,197,140,102,101,102,124,144,162,177,191,141,174,165,143,145,142,204,203,167,182,127,183,195,131,85,72,93,153,152,173,208,186,181,190,195,203,199,201,187,185,187,144,146,158,162,149,157,135,129,122,124,138,151,143,149,148,138,153,132,143,176,179,206,212,189,184,202,196,142,128,125,141,137,131,131,127,125,132,109,115,125,99,99,102,125,202,207,195,175,187,182,194,202
161,149,156,140,166,148,193,149,160,178,186,194,140,143,131,169,237,182,145,119,65,80,108,137,176,113,85,104,119,152,148,108,136,152,127,167,156,190,192,134,160,148,164,139,174,97,123,225,136,142,105,119,100,109,101,111,119,113,128,172,138,127,205,153,124,98,86,94,121,124,101,159,162,172,170,158,175,175,220,166,194,182,188,186,199,167,175,170,119,69,94,97,77,100,141,193,192,199,181,183,224,198,214,205,175,162,146,135,144,128,124,131,144,164,162,135,142,132,123,128,123,132,123,147,170,184,192,188,148,136,123,128,130,136,129,109,95,94,94,99,76,75,85,155,86,92,107,141,216,214,218,208,190,198,200,197
144,138,131,165,208,192,157,205,173,165,155,176,159,144,194,186,169,175,132,128,89,66,102,186,186,133,92,121,159,167,130,97,122,119,131,197,203,205,221,221,235,233,205,197,150,79,92,172,153,160,140,121,87,108,112,77,118,125,133,163,108,133,119,72,69,82,74,76,100,140,154,198,138,154,146,136,147,147,217,171,177,167,170,196,182,170,181,177,196,143,99,88,88,93,97,98,139,164,170,157,168,183,192,208,195,181,148,128,129,121,104,116,132,122,146,143,167,153,147,134,115,122,140,129,128,162,163,123,139,126,112,132,122,109,98,97,115,103,81,71,79,78,134,175,81,99,113,152,209,201,203,201,186,195,192,176
167,151,137,126,123,173,192,249,179,116,149,165,114,109,151,164,141,122,138,134,145,117,224,220,169,108,161,135,171,198,207,212,198,255,246,235,205,189,174,165,136,140,128,124,96,111,238,89,83,160,161,110,56,104,102,108,93,91,111,111,68,127,136,124,80,45,74,91,94,120,114,174,166,221,158,161,173,169,178,125,139,153,180,177,197,187,164,195,197,200,241,231,143,102,84,83,93,120,115,111,116,153,176,184,186,185,190,167,129,137,121,131,130,136,136,129,144,162,163,128,106,110,124,133,124,121,110,110,121,108,144,138,122,101,77,72,83,86,70,67,54,131,193,174,68,94,110,149,203,206,212,211,198,190,163,175
153,183,108,149,133,86,97,169,189,81,131,156,184,160,151,118,122,128,154,130,126,214,247,215,174,125,128,236,249,246,226,230,248,168,156,135,170,152,156,136,174,175,138,171,122,181,161,126,121,190,133,135,168,186,189,169,159,154,147,147,102,129,139,171,153,42,66,109,128,150,170,143,167,211,183,130,152,164,192,201,186,180,170,133,169,169,174,165,203,192,186,193,226,197,92,92,96,88,91,89,93,75,101,112,162,173,173,185,197,192,186,172,158,137,115,127,122,117,109,104,89,84,100,100,87,116,155,156,168,218,214,196,120,76,103,95,129,115,144,146,125,146,146,140,69,82,99,151,192,215,223,225,215,211,207,187
137,134,167,107,106,118,98,113,184,143,124,149,178,178,170,132,114,85,124,116,130,232,201,213,192,148,136,124,116,142,191,225,172,152,187,207,173,125,155,184,149,119,174,183,166,185,104,150,156,118,117,128,144,149,123,184,194,138,159,126,97,89,144,172,182,84,69,116,131,132,218,158,187,170,172,213,178,177,180,194,163,118,178,125,156,171,194,208,187,176,207,173,188,200,189,108,90,98,116,95,107,88,95,97,130,106,127,127,129,125,112,108,113,103,85,71,76,84,79,76,81,81,82,83,95,122,121,131,153,174,128,124,94,71,89,56,65,58,75,71,73,98,100,141,72,80,86,144,183,160,191,208,211,190,188,198
199,185,139,142,159,161,150,132,165,171,155,158,128,132,129,175,147,166,135,120,88,168,157,136,116,91,77,60,181,138,164,232,166,145,128,163,165,164,144,113,135,167,125,154,170,123,193,161,179,136,93,118,181,141,114,156,145,153,171,143,91,112,133,141,145,134,80,163,131,141,152,148,152,154,159,162,169,158,207,176,180,175,187,136,177,159,178,209,207,206,169,188,170,189,174,187,142,149,180,145,137,105,112,133,150,158,159,162,111,104,132,123,106,112,96,84,69,72,88,103,109,123,119,131,125,106,84,87,72,76,69,77,78,98,91,87,90,96,93,94,100,93,95,121,88,87,91,104,135,198,195,196,199,190,205,192
142,195,174,164,201,150,132,145,144,166,108,100,100,125,169,153,106,167,165,150,119,91,119,85,80,101,60,61,156,130,123,144,119,125,163,157,227,140,136,128,106,98,140,142,123,84,156,186,102,113,128,176,139,164,197,172,137,177,121,171,192,188,144,166,157,135,133,144,131,127,109,147,138,118,141,110,87,132,164,177,148,148,166,145,192,146,171,182,189,192,212,197,179,211,161,189,174,171,137,140,123,168,193,173,168,194,186,176,171,182,196,184,135,138,114,111,138,139,139,141,136,143,146,125,100,72,50,51,72,81,123,162,160,181,166,120,120,122,130,121,123,123,156,138,142,137,162,146,147,130,141,167,206,197,206,190
156,159,188,197,239,205,181,174,152,163,125,136,123,153,148,144,146,205,187,128,115,64,48,40,69,182,170,125,110,93,119,133,118,96,144,117,173,197,172,143,100,88,83,91,100,86,119,116,162,151,219,191,151,144,179,165,148,182,212,158,129,129,137,117,152,141,131,164,126,120,97,98,149,144,116,125,133,160,175,141,147,164,149,190,165,141,163,174,168,165,186,182,187,176,191,177,169,173,150,219,180,207,170,183,187,201,223,186,192,193,184,191,174,143,132,142,132,127,129,131,127,138,137,112,98,89,84,94,104,107,145,182,186,178,162,148,128,110,109,113,120,144,173,174,155,166,160,150,156,137,136,133,141,206,196,195
118,150,166,214,231,212,169,136,149,143,148,141,133,129,134,149,137,201,190,119,114,57,51,41,69,101,175,163,118,129,125,109,84,88,91,81,146,162,113,121,107,86,78,81,110,99,126,147,192,179,89,143,168,134,227,128,95,122,97,145,140,123,151,129,94,129,135,118,109,90,108,99,160,153,107,123,123,138,152,143,103,107,131,135,157,171,167,163,151,154,187,183,202,193,179,178,172,184,180,185,173,232,163,195,200,195,183,177,177,183,184,193,194,159,142,142,141,133,127,114,129,122,127,129,121,111,105,113,116,122,131,147,160,148,149,141,131,116,113,126,131,143,134,143,125,136,116,132,155,155,133,127,124,147,167,198
156,134,190,220,135,134,182,95,138,146,132,145,115,166,105,163,162,197,173,189,192,103,45,34,75,112,125,127,144,132,139,130,104,92,94,113,78,65,123,99,101,104,110,143,129,125,146,161,148,134,142,119,129,138,208,109,141,122,108,126,132,116,122,116,92,86,124,82,107,106,86,104,147,93,115,118,151,130,104,106,118,110,141,169,142,186,206,213,185,147,142,136,144,179,184,192,177,183,163,185,179,247,154,179,198,198,180,171,187,152,163,176,184,191,147,127,128,121,118,103,119,124,120,115,118,123,119,126,124,124,120,119,123,123,129,124,134,125,132,128,122,122,113,117,116,110,104,109,134,159,164,123,123,139,159,163
79,146,176,127,190,97,112,139,156,132,73,91,170,215,152,139,158,174,134,148,131,132,63,44,94,102,115,124,103,145,144,98,99,72,90,121,114,148,90,56,80,106,107,185,117,140,162,136,166,129,96,98,153,175,141,135,180,147,160,137,177,120,171,128,95,98,108,69,91,87,79,88,124,123,118,103,117,96,99,144,147,119,168,143,186,151,205,171,188,196,189,185,179,184,172,191,195,201,199,184,177,198,161,188,144,190,136,143,147,152,219,190,172,157,127,116,124,99,96,109,104,106,103,105,115,120,121,129,134,128,138,136,136,136,134,130,138,138,133,127,121,122,117,109,105,100,118,106,127,144,133,137,136,127,131,157
166,159,153,152,68,131,148,197,182,132,116,88,139,179,118,216,129,111,120,109,121,138,112,96,98,109,136,144,124,141,224,234,174,118,109,105,147,152,63,68,75,80,136,187,115,135,136,114,128,111,118,55,114,172,121,97,95,127,180,202,130,197,138,87,74,88,94,101,82,85,89,100,100,143,129,129,109,100,126,98,103,132,151,178,182,191,150,187,207,180,191,187,191,172,185,166,173,186,187,174,174,126,134,153,148,165,108,84,98,127,167,157,145,115,116,110,111,119,109,111,115,125,128,125,129,130,129,134,127,155,138,130,137,146,148,144,144,124,132,131,131,127,124,121,131,127,123,118,123,127,155,183,194,167,145,135
153,182,141,78,74,153,134,149,173,150,109,121,164,137,129,172,241,234,227,178,160,159,96,86,90,99,150,174,210,210,150,119,95,127,107,154,172,140,105,126,169,122,109,168,132,147,157,141,95,80,122,111,117,161,75,122,107,156,143,108,133,207,164,124,105,90,86,85,86,99,87,115,109,158,149,139,156,100,111,109,117,104,110,127,149,181,192,169,204,192,178,161,182,191,187,188,187,190,168,160,133,108,97,100,96,120,99,85,100,107,113,114,132,147,151,157,159,149,134,124,130,139,134,127,137,142,141,145,142,141,128,134,145,146,150,145,144,140,139,140,133,124,127,126,132,144,132,130,135,119,128,150,172,175,155,130
174,181,129,110,112,136,137,135,145,139,120,161,148,125,141,108,147,214,233,192,200,137,150,130,151,147,152,109,95,85,78,75,68,135,153,172,219,211,149,132,149,124,121,102,140,153,129,120,95,105,151,192,196,128,117,126,124,163,107,116,145,127,120,126,110,109,104,92,76,81,99,103,137,187,176,162,106,104,109,103,132,120,117,101,125,126,156,154,151,183,179,186,206,188,189,194,193,194,190,157,123,125,110,113,111,114,136,138,131,151,163,160,177,204,181,146,170,184,190,173,157,141,143,141,136,145,143,141,139,137,140,141,147,147,149,143,146,147,142,147,155,145,148,141,137,145,137,142,124,127,123,125,132,144,146,134
